time,Power_lower_kW,Power_upper_kW,Capacity_lower_kWh,Capacity_upper_kWh,Ref_driving_energy_kWh
2026-01-07 20:45:00+01:00,0.0,0.0,0.0,0.0,0.0
2026-01-07 21:00:00+01:00,-50.0,50.0,0.0,0.0,19.864353741496604
2026-01-07 21:15:00+01:00,-50.0,50.0,12.25,12.25,19.864353741496604
2026-01-07 21:30:00+01:00,-50.0,50.0,24.5,24.5,19.864353741496604
2026-01-07 21:45:00+01:00,0.0,0.0,36.75,36.75,0.0
2026-01-07 22:00:00+01:00,0.0,0.0,36.75,36.75,0.0
2026-01-07 22:15:00+01:00,0.0,0.0,36.75,36.75,0.0
2026-01-07 22:30:00+01:00,0.0,0.0,36.75,36.75,0.0
2026-01-07 22:45:00+01:00,0.0,0.0,36.75,36.75,0.0
2026-01-07 23:00:00+01:00,0.0,0.0,36.75,36.75,0.0
2026-01-07 23:15:00+01:00,0.0,0.0,36.75,36.75,0.0
2026-01-07 23:30:00+01:00,-50.0,50.0,36.75,36.75,14.656040816326527
2026-01-07 23:45:00+01:00,-50.0,50.0,49.0,49.0,14.656040816326527
2026-01-08 00:00:00+01:00,-50.0,50.0,61.25,61.25,14.656040816326527
2026-01-08 00:15:00+01:00,-50.0,50.0,73.5,73.5,14.656040816326527
2026-01-08 00:30:00+01:00,-50.0,50.0,85.75,85.75,14.656040816326527
2026-01-08 00:45:00+01:00,-50.0,50.0,98.0,98.0,14.656040816326527
2026-01-08 01:00:00+01:00,-50.0,50.0,110.25,110.25,14.656040816326527
2026-01-08 01:15:00+01:00,-50.0,50.0,122.5,122.5,14.656040816326527
2026-01-08 01:30:00+01:00,-50.0,50.0,134.75,134.75,14.656040816326527
2026-01-08 01:45:00+01:00,-50.0,50.0,147.0,147.0,14.656040816326527
2026-01-08 02:00:00+01:00,0.0,0.0,159.25,159.25,0.0
2026-01-08 02:15:00+01:00,-50.0,50.0,159.25,159.25,32.16689342403628
2026-01-08 02:30:00+01:00,-50.0,50.0,171.5,171.5,32.16689342403628
2026-01-08 02:45:00+01:00,-100.0,100.0,183.75,183.75,76.60779138321996
2026-01-08 03:00:00+01:00,-100.0,100.0,208.25,208.25,76.60779138321996
2026-01-08 03:15:00+01:00,-100.0,100.0,232.75,232.75,76.60779138321996
2026-01-08 03:30:00+01:00,-100.0,100.0,257.25,257.25,76.60779138321996
2026-01-08 03:45:00+01:00,-100.0,100.0,281.75,281.75,76.60779138321996
2026-01-08 04:00:00+01:00,-100.0,100.0,306.25,306.25,207.73587301587304
2026-01-08 04:15:00+01:00,-100.0,100.0,330.75,330.75,207.73587301587304
2026-01-08 04:30:00+01:00,0.0,0.0,355.25,355.25,0.0
2026-01-08 04:45:00+01:00,0.0,0.0,355.25,355.25,0.0
2026-01-08 05:00:00+01:00,0.0,0.0,355.25,355.25,0.0
2026-01-08 05:15:00+01:00,0.0,0.0,355.25,355.25,0.0
2026-01-08 05:30:00+01:00,0.0,0.0,355.25,355.25,0.0
2026-01-08 05:45:00+01:00,0.0,0.0,355.25,355.25,0.0
2026-01-08 06:00:00+01:00,0.0,0.0,355.25,355.25,0.0
2026-01-08 06:15:00+01:00,0.0,0.0,355.25,355.25,0.0
2026-01-08 06:30:00+01:00,0.0,0.0,355.25,355.25,0.0
2026-01-08 06:45:00+01:00,0.0,0.0,355.25,355.25,0.0
2026-01-08 07:00:00+01:00,0.0,0.0,355.25,355.25,0.0
2026-01-08 07:15:00+01:00,-50.0,50.0,355.25,355.25,6.636469745793055
2026-01-08 07:30:00+01:00,-50.0,50.0,342.4948979591837,367.5,6.636469745793055
2026-01-08 07:45:00+01:00,-50.0,50.0,354.7448979591837,354.7448979591837,6.636469745793055
2026-01-08 08:00:00+01:00,-100.0,100.0,341.98979591836735,366.9948979591837,32.92771691132594
2026-01-08 08:15:00+01:00,-100.0,100.0,366.48979591836735,366.48979591836735,32.92771691132594
2026-01-08 08:30:00+01:00,-100.0,100.0,365.984693877551,390.98979591836735,32.92771691132594
2026-01-08 08:45:00+01:00,-100.0,100.0,390.484693877551,390.484693877551,32.92771691132594
2026-01-08 09:00:00+01:00,-100.0,100.0,389.9795918367347,414.984693877551,32.92771691132594
2026-01-08 09:15:00+01:00,-200.0,200.0,414.4795918367347,414.4795918367347,42.53575961283188
2026-01-08 09:30:00+01:00,-200.0,200.0,388.4642857142857,463.4795918367347,42.53575961283188
2026-01-08 09:45:00+01:00,-250.0,250.0,437.4642857142857,437.4642857142857,47.849390725654374
2026-01-08 10:00:00+01:00,-250.0,250.0,398.6938775510204,498.7142857142857,47.849390725654374
2026-01-08 10:15:00+01:00,-200.0,200.0,459.9438775510204,459.9438775510204,21.558143560121493
2026-01-08 10:30:00+01:00,-200.0,200.0,408.9234693877551,508.9438775510204,21.558143560121493
2026-01-08 10:45:00+01:00,-200.0,200.0,457.9234693877551,457.9234693877551,21.558143560121493
2026-01-08 11:00:00+01:00,-200.0,200.0,406.9030612244898,506.9234693877551,21.558143560121493
2026-01-08 11:15:00+01:00,-200.0,200.0,455.9030612244898,455.9030612244898,21.558143560121493
2026-01-08 11:30:00+01:00,-200.0,200.0,404.8826530612245,504.9030612244898,21.558143560121493
2026-01-08 11:45:00+01:00,-200.0,200.0,453.8826530612245,453.8826530612245,21.558143560121493
2026-01-08 12:00:00+01:00,-200.0,200.0,411.83445714285716,502.8826530612245,21.558143560121493
2026-01-08 12:15:00+01:00,-200.0,200.0,460.83445714285716,460.83445714285716,21.558143560121493
2026-01-08 12:30:00+01:00,-200.0,200.0,434.8191510204082,509.83445714285716,21.558143560121493
2026-01-08 12:45:00+01:00,-200.0,200.0,483.8191510204082,483.8191510204082,21.558143560121493
2026-01-08 13:00:00+01:00,-200.0,200.0,457.8038448979592,532.8191510204082,21.558143560121493
2026-01-08 13:15:00+01:00,-250.0,250.0,506.80384489795915,506.8038448979592,56.98712315195822
2026-01-08 13:30:00+01:00,-250.0,250.0,493.03853877551023,568.0538448979592,56.98712315195822
2026-01-08 13:45:00+01:00,-250.0,250.0,554.2885387755102,554.2885387755102,56.98712315195822
2026-01-08 14:00:00+01:00,-200.0,200.0,563.0578612244899,615.5385387755102,52.06276224970259
2026-01-08 14:15:00+01:00,-200.0,200.0,612.0578612244899,612.0578612244899,52.06276224970259
2026-01-08 14:30:00+01:00,-150.0,150.0,611.0476571428571,661.0578612244899,16.633782657865854
2026-01-08 14:45:00+01:00,-150.0,150.0,647.7976571428571,647.7976571428571,16.633782657865854
2026-01-08 15:00:00+01:00,-150.0,150.0,634.5374530612246,684.5476571428571,16.633782657865854
2026-01-08 15:15:00+01:00,-150.0,150.0,671.2874530612246,671.2874530612246,16.633782657865854
2026-01-08 15:30:00+01:00,-150.0,150.0,658.0272489795918,708.0374530612246,16.633782657865854
2026-01-08 15:45:00+01:00,-150.0,150.0,694.7772489795918,694.7772489795918,16.633782657865854
2026-01-08 16:00:00+01:00,-150.0,150.0,681.5170448979593,731.5272489795918,16.633782657865854
2026-01-08 16:15:00+01:00,-150.0,150.0,718.2670448979593,718.2670448979593,16.633782657865854
2026-01-08 16:30:00+01:00,-150.0,150.0,705.0068408163265,755.0170448979592,16.633782657865854
2026-01-08 16:45:00+01:00,-150.0,150.0,741.7568408163266,741.7568408163266,16.633782657865854
2026-01-08 17:00:00+01:00,-150.0,150.0,755.0552,778.5068408163266,16.633782657865854
2026-01-08 17:15:00+01:00,-150.0,150.0,791.8052,791.8052,16.633782657865854
2026-01-08 17:30:00+01:00,-150.0,150.0,828.5552,828.5552,16.633782657865854
2026-01-08 17:45:00+01:00,-150.0,150.0,865.3052,865.3052,16.633782657865854
2026-01-08 18:00:00+01:00,-200.0,200.0,902.0552,902.0552,36.55296633133524
2026-01-08 18:15:00+01:00,-200.0,200.0,951.0552,951.0552,36.55296633133524
2026-01-08 18:30:00+01:00,-200.0,200.0,1000.0552,1000.0552,36.55296633133524
2026-01-08 18:45:00+01:00,-200.0,200.0,1049.0552,1049.0552,36.55296633133524
2026-01-08 19:00:00+01:00,-250.0,250.0,1098.0552,1098.0552,79.85180986875022
2026-01-08 19:15:00+01:00,-250.0,250.0,1159.3052,1159.3052,79.85180986875022
2026-01-08 19:30:00+01:00,-250.0,250.0,1220.5552,1220.5552,79.85180986875022
2026-01-08 19:45:00+01:00,-250.0,250.0,1281.8052,1281.8052,79.85180986875022
2026-01-08 20:00:00+01:00,-250.0,250.0,1343.0552,1343.0552,79.85180986875022
2026-01-08 20:15:00+01:00,-250.0,250.0,1404.3052,1404.3052,79.85180986875022
2026-01-08 20:30:00+01:00,-200.0,200.0,1465.5552,1465.5552,36.55296633133524
2026-01-08 20:45:00+01:00,-150.0,150.0,1514.5552,1514.5552,16.633782657865854
2026-01-08 21:00:00+01:00,-200.0,200.0,1551.3052,1551.3052,100.2158234741924
2026-01-08 21:15:00+01:00,-200.0,200.0,1600.3052,1600.3052,100.2158234741924
2026-01-08 21:30:00+01:00,-50.0,50.0,1649.3052,1649.3052,5.313631112822488
2026-01-08 21:45:00+01:00,-50.0,50.0,1661.5552,1661.5552,5.313631112822488
2026-01-08 22:00:00+01:00,-100.0,100.0,1673.8052,1673.8052,37.85342703118985
2026-01-08 22:15:00+01:00,-100.0,100.0,1698.3052,1698.3052,37.85342703118985
2026-01-08 22:30:00+01:00,-100.0,100.0,1722.8052,1722.8052,17.94432499037351
2026-01-08 22:45:00+01:00,-100.0,100.0,1747.3052,1747.3052,17.94432499037351
2026-01-08 23:00:00+01:00,-50.0,50.0,1771.8052,1771.8052,12.630693877551021
2026-01-08 23:15:00+01:00,-50.0,50.0,1784.0552,1784.0552,12.630693877551021
2026-01-08 23:30:00+01:00,-100.0,100.0,1796.3052,1796.3052,25.145881847475835
2026-01-08 23:45:00+01:00,-100.0,100.0,1820.8052,1820.8052,25.145881847475835
2026-01-09 00:00:00+01:00,-100.0,100.0,1845.3052,1845.3052,25.145881847475835
2026-01-09 00:15:00+01:00,-100.0,100.0,1869.8052,1869.8052,25.145881847475835
2026-01-09 00:30:00+01:00,-100.0,100.0,1894.3052,1894.3052,25.145881847475835
2026-01-09 00:45:00+01:00,-100.0,100.0,1918.8052,1918.8052,25.145881847475835
2026-01-09 01:00:00+01:00,-50.0,50.0,1943.3052,1943.3052,12.515187969924812
2026-01-09 01:15:00+01:00,-50.0,50.0,1955.5552,1955.5552,12.515187969924812
2026-01-09 01:30:00+01:00,-50.0,50.0,1967.8052,1967.8052,12.515187969924812
2026-01-09 01:45:00+01:00,-50.0,50.0,1980.0552,1980.0552,12.515187969924812
2026-01-09 02:00:00+01:00,-100.0,100.0,1992.3052,1992.3052,39.878861439312566
2026-01-09 02:15:00+01:00,-100.0,100.0,2016.8052,2016.8052,39.878861439312566
2026-01-09 02:30:00+01:00,-150.0,150.0,2041.3052,2041.3052,98.38629001074113
2026-01-09 02:45:00+01:00,-150.0,150.0,2078.0552,2078.0552,98.38629001074113
2026-01-09 03:00:00+01:00,-150.0,150.0,2114.8052,2114.8052,98.38629001074113
2026-01-09 03:15:00+01:00,-150.0,150.0,2151.5552,2151.5552,98.38629001074113
2026-01-09 03:30:00+01:00,-150.0,150.0,2188.3052,2188.3052,98.38629001074113
2026-01-09 03:45:00+01:00,-150.0,150.0,2225.0552,2225.0552,110.66386143931257
2026-01-09 04:00:00+01:00,-150.0,150.0,2261.8052,2261.8052,110.66386143931257
2026-01-09 04:15:00+01:00,-150.0,150.0,2298.5552,2298.5552,98.51142558000397
2026-01-09 04:30:00+01:00,-150.0,150.0,2310.3000979591834,2335.3052,98.51142558000397
2026-01-09 04:45:00+01:00,-50.0,50.0,2347.0500979591834,2347.0500979591834,0.36275211061623336
2026-01-09 05:00:00+01:00,-50.0,50.0,2334.294995918367,2359.3000979591834,0.36275211061623336
2026-01-09 05:15:00+01:00,-50.0,50.0,2346.544995918367,2346.544995918367,0.36275211061623336
2026-01-09 05:30:00+01:00,-50.0,50.0,2333.7898938775506,2358.794995918367,0.36275211061623336
2026-01-09 05:45:00+01:00,-50.0,50.0,2346.0398938775506,2346.0398938775506,0.36275211061623336
2026-01-09 06:00:00+01:00,-50.0,50.0,2333.2847918367343,2358.2898938775506,0.36275211061623336
2026-01-09 06:15:00+01:00,-50.0,50.0,2345.5347918367343,2345.5347918367343,0.36275211061623336
2026-01-09 06:30:00+01:00,-50.0,50.0,2332.7796897959183,2357.7847918367343,0.36275211061623336
2026-01-09 06:45:00+01:00,-50.0,50.0,2345.0296897959183,2345.0296897959183,0.36275211061623336
2026-01-09 07:00:00+01:00,-50.0,50.0,2332.274587755102,2357.2796897959183,0.36275211061623336
2026-01-09 07:15:00+01:00,-50.0,50.0,2344.524587755102,2344.524587755102,0.36275211061623336
2026-01-09 07:30:00+01:00,-50.0,50.0,2331.7694857142856,2356.774587755102,0.36275211061623336
2026-01-09 07:45:00+01:00,-50.0,50.0,2344.0194857142856,2344.0194857142856,0.36275211061623336
2026-01-09 08:00:00+01:00,-100.0,100.0,2331.264383673469,2356.2694857142856,6.255422178643444
2026-01-09 08:15:00+01:00,-100.0,100.0,2330.759281632653,2355.764383673469,6.255422178643444
2026-01-09 08:30:00+01:00,-150.0,150.0,2330.2541795918364,2355.259281632653,8.24651959874356
2026-01-09 08:45:00+01:00,-150.0,150.0,2316.9939755102037,2367.0041795918364,8.24651959874356
2026-01-09 09:00:00+01:00,-200.0,200.0,2328.7388734693873,2353.7439755102037,54.36839714976397
2026-01-09 09:15:00+01:00,-200.0,200.0,2327.7286693877545,2377.7388734693873,54.36839714976397
2026-01-09 09:30:00+01:00,-250.0,250.0,2351.723567346938,2376.7286693877545,54.438665136657974
2026-01-09 09:45:00+01:00,-250.0,250.0,2337.9582612244894,2412.973567346938,54.438665136657974
2026-01-09 10:00:00+01:00,-250.0,250.0,2374.203159183673,2399.2082612244894,54.438665136657974
2026-01-09 10:15:00+01:00,-200.0,200.0,2360.437853061224,2435.453159183673,8.316787585637567
2026-01-09 10:30:00+01:00,-200.0,200.0,2384.432751020408,2409.437853061224,8.316787585637567
2026-01-09 10:45:00+01:00,-200.0,200.0,2358.4174448979593,2433.432751020408,8.316787585637567
2026-01-09 11:00:00+01:00,-200.0,200.0,2382.412342857143,2407.4174448979593,8.316787585637567
2026-01-09 11:15:00+01:00,-200.0,200.0,2356.3970367346938,2431.412342857143,8.316787585637567
2026-01-09 11:30:00+01:00,-200.0,200.0,2380.3919346938774,2405.3970367346938,8.316787585637567
2026-01-09 11:45:00+01:00,-200.0,200.0,2354.3766285714287,2429.3919346938774,8.316787585637567
2026-01-09 12:00:00+01:00,-200.0,200.0,2378.3715265306123,2403.3766285714287,8.316787585637567
2026-01-09 12:15:00+01:00,-200.0,200.0,2352.356220408163,2427.3715265306123,8.316787585637567
2026-01-09 12:30:00+01:00,-200.0,200.0,2376.3511183673468,2401.356220408163,8.316787585637567
2026-01-09 12:45:00+01:00,-200.0,200.0,2350.335812244898,2425.3511183673468,8.316787585637567
2026-01-09 13:00:00+01:00,-250.0,250.0,2374.3307102040817,2399.335812244898,26.32311411624981
2026-01-09 13:15:00+01:00,-250.0,250.0,2360.5654040816326,2435.5807102040817,26.32311411624981
2026-01-09 13:30:00+01:00,-250.0,250.0,2396.810302040816,2421.8154040816326,26.32311411624981
2026-01-09 13:45:00+01:00,-250.0,250.0,2383.044995918367,2458.060302040816,26.32311411624981
2026-01-09 14:00:00+01:00,-250.0,250.0,2419.2898938775506,2444.294995918367,26.32311411624981
2026-01-09 14:15:00+01:00,-250.0,250.0,2419.7821142857138,2480.5398938775506,26.32311411624981
2026-01-09 14:30:00+01:00,-300.0,300.0,2456.027012244898,2481.0321142857138,255.00637942237225
2026-01-09 14:45:00+01:00,-250.0,250.0,2479.516808163265,2529.527012244898,26.32311411624981
2026-01-09 15:00:00+01:00,-250.0,250.0,2515.7617061224487,2540.766808163265,26.32311411624981
2026-01-09 15:15:00+01:00,-250.0,250.0,2527.001502040816,2577.0117061224487,26.32311411624981
2026-01-09 15:30:00+01:00,-250.0,250.0,2563.2463999999995,2588.251502040816,26.32311411624981
2026-01-09 15:45:00+01:00,-250.0,250.0,2574.4861959183672,2624.4963999999995,26.32311411624981
2026-01-09 16:00:00+01:00,-250.0,250.0,2610.731093877551,2635.7361959183672,26.32311411624981
2026-01-09 16:15:00+01:00,-250.0,250.0,2621.970889795918,2671.9810938775513,26.32311411624981
2026-01-09 16:30:00+01:00,-200.0,200.0,2658.215787755102,2683.2208897959185,8.316787585637567
2026-01-09 16:45:00+01:00,-200.0,200.0,2657.2055836734694,2707.215787755102,8.316787585637567
2026-01-09 17:00:00+01:00,-200.0,200.0,2681.200481632653,2706.2055836734694,8.316787585637567
2026-01-09 17:15:00+01:00,-200.0,200.0,2680.1902775510202,2730.200481632653,8.316787585637567
2026-01-09 17:30:00+01:00,-200.0,200.0,2704.185175510204,2729.1902775510202,8.316787585637567
2026-01-09 17:45:00+01:00,-200.0,200.0,2703.174971428571,2753.185175510204,8.316787585637567
2026-01-09 18:00:00+01:00,-200.0,200.0,2727.1698693877547,2752.174971428571,8.316787585637567
2026-01-09 18:15:00+01:00,-200.0,200.0,2726.159665306122,2776.1698693877547,8.316787585637567
2026-01-09 18:30:00+01:00,-200.0,200.0,2750.154563265306,2775.159665306122,8.316787585637567
2026-01-09 18:45:00+01:00,-200.0,200.0,2749.1443591836733,2799.154563265306,8.316787585637567
2026-01-09 19:00:00+01:00,-250.0,250.0,2773.139257142857,2798.1443591836733,29.92243384414097
2026-01-09 19:15:00+01:00,-250.0,250.0,2788.6588979591834,2834.389257142857,29.92243384414097
2026-01-09 19:30:00+01:00,-250.0,250.0,2824.903795918367,2849.9088979591834,29.92243384414097
2026-01-09 19:45:00+01:00,-250.0,250.0,2861.148693877551,2886.153795918367,29.92243384414097
2026-01-09 20:00:00+01:00,-250.0,250.0,2897.3935918367347,2922.398693877551,212.32282500060356
2026-01-09 20:15:00+01:00,-250.0,250.0,2933.6384897959183,2958.6435918367347,33.96194064686206
2026-01-09 20:30:00+01:00,-250.0,250.0,2954.784587755102,2994.8884897959183,33.96194064686206
2026-01-09 20:45:00+01:00,-250.0,250.0,2991.029485714286,3016.034587755102,33.96194064686206
2026-01-09 21:00:00+01:00,-300.0,300.0,3027.2743836734694,3052.279485714286,115.99724676931102
2026-01-09 21:15:00+01:00,-300.0,300.0,3075.769281632653,3100.7743836734694,115.99724676931102
2026-01-09 21:30:00+01:00,-250.0,250.0,3124.2641795918366,3149.269281632653,33.96194064686206
2026-01-09 21:45:00+01:00,-150.0,150.0,3160.5090775510203,3185.5141795918366,22.038666356013643
2026-01-09 22:00:00+01:00,-100.0,100.0,3172.253975510204,3197.2590775510203,0.43302009751023907
2026-01-09 22:15:00+01:00,-100.0,100.0,3171.7488734693875,3196.753975510204,0.43302009751023907
2026-01-09 22:30:00+01:00,-100.0,100.0,3171.2437714285716,3196.2488734693875,0.43302009751023907
2026-01-09 22:45:00+01:00,-150.0,150.0,3170.738669387755,3195.7437714285716,21.591183362816366
2026-01-09 23:00:00+01:00,-150.0,150.0,3182.483567346939,3207.488669387755,21.591183362816366
2026-01-09 23:15:00+01:00,-150.0,150.0,3194.2284653061224,3219.233567346939,21.591183362816366
2026-01-09 23:30:00+01:00,-200.0,200.0,3205.973363265306,3230.9784653061224,30.465938464857185
2026-01-09 23:45:00+01:00,-200.0,200.0,3204.9631591836737,3254.973363265306,30.465938464857185
2026-01-10 00:00:00+01:00,-200.0,200.0,3228.9580571428573,3253.9631591836737,30.465938464857185
2026-01-10 00:15:00+01:00,-150.0,150.0,3227.9478530612246,3277.9580571428573,9.307775199551056
2026-01-10 00:30:00+01:00,-150.0,150.0,3239.692751020408,3264.6978530612246,9.307775199551056
2026-01-10 00:45:00+01:00,-200.0,200.0,3230.3930530612247,3276.442751020408,68.95920377097961
2026-01-10 01:00:00+01:00,-150.0,150.0,3254.3879510204083,3279.3930530612247,9.307775199551056
2026-01-10 01:15:00+01:00,-150.0,150.0,3266.132848979592,3291.1379510204083,9.307775199551056
2026-01-10 01:30:00+01:00,-150.0,150.0,3277.8777469387755,3302.882848979592,9.307775199551056
2026-01-10 01:45:00+01:00,-150.0,150.0,3289.622644897959,3314.6277469387755,9.307775199551056
2026-01-10 02:00:00+01:00,-150.0,150.0,3301.367542857143,3326.372644897959,9.307775199551056
2026-01-10 02:15:00+01:00,-150.0,150.0,3313.1124408163264,3338.117542857143,9.307775199551056
2026-01-10 02:30:00+01:00,-200.0,200.0,3324.8573387755105,3349.8624408163264,33.26083642404085
2026-01-10 02:45:00+01:00,-200.0,200.0,3348.852236734694,3373.8573387755105,33.26083642404085
2026-01-10 03:00:00+01:00,-200.0,200.0,3372.8471346938777,3397.852236734694,33.26083642404085
2026-01-10 03:15:00+01:00,-200.0,200.0,3396.8420326530613,3421.8471346938777,33.26083642404085
2026-01-10 03:30:00+01:00,-200.0,200.0,3420.836930612245,3445.8420326530613,33.26083642404085
2026-01-10 03:45:00+01:00,-200.0,200.0,3444.831828571429,3469.836930612245,33.26083642404085
2026-01-10 04:00:00+01:00,-250.0,250.0,3468.826726530612,3493.831828571429,408.32940785261223
2026-01-10 04:15:00+01:00,-200.0,200.0,3505.0716244897962,3530.076726530612,33.26083642404085
2026-01-10 04:30:00+01:00,-150.0,150.0,3529.06652244898,3554.0716244897962,24.386081322000035
2026-01-10 04:45:00+01:00,-150.0,150.0,3540.8114204081635,3565.81652244898,24.386081322000035
2026-01-10 05:00:00+01:00,-150.0,150.0,3552.556318367347,3577.5614204081635,24.386081322000035
2026-01-10 05:15:00+01:00,-150.0,150.0,3564.3012163265307,3589.306318367347,24.386081322000035
2026-01-10 05:30:00+01:00,-150.0,150.0,3576.0461142857143,3601.0512163265307,24.386081322000035
2026-01-10 05:45:00+01:00,-100.0,100.0,3587.791012244898,3612.7961142857143,0.43302009751023907
2026-01-10 06:00:00+01:00,-100.0,100.0,3587.2859102040816,3612.291012244898,0.43302009751023907
2026-01-10 06:15:00+01:00,-150.0,150.0,3586.780808163265,3611.7859102040816,15.532652750571465
2026-01-10 06:30:00+01:00,-150.0,150.0,3598.5257061224493,3623.530808163265,15.532652750571465
2026-01-10 06:45:00+01:00,-150.0,150.0,3610.270604081633,3635.2757061224493,15.532652750571465
2026-01-10 07:00:00+01:00,-150.0,150.0,3622.0155020408165,3647.020604081633,15.532652750571465
2026-01-10 07:15:00+01:00,-150.0,150.0,3633.7604,3658.7655020408165,15.532652750571465
2026-01-10 07:30:00+01:00,-200.0,200.0,3645.5052979591837,3670.5104,41.89645377097963
2026-01-10 07:45:00+01:00,-200.0,200.0,3669.500195918368,3694.5052979591837,41.89645377097963
2026-01-10 08:00:00+01:00,-200.0,200.0,3693.4950938775514,3718.500195918368,41.89645377097963
2026-01-10 08:15:00+01:00,-250.0,250.0,3717.489991836735,3742.4950938775514,55.70829050567351
2026-01-10 08:30:00+01:00,-250.0,250.0,3753.7348897959187,3778.739991836735,55.70829050567351
2026-01-10 08:45:00+01:00,-200.0,200.0,3789.9797877551023,3814.9848897959187,40.60865785261228
2026-01-10 09:00:00+01:00,-200.0,200.0,3813.974685714286,3838.9797877551023,40.60865785261228
2026-01-10 09:15:00+01:00,-250.0,250.0,3837.9695836734695,3862.974685714286,55.711208873020446
2026-01-10 09:30:00+01:00,-250.0,250.0,3874.214481632653,3899.2195836734695,55.711208873020446
2026-01-10 09:45:00+01:00,-250.0,250.0,3910.4593795918368,3935.464481632653,55.711208873020446
2026-01-10 10:00:00+01:00,-300.0,300.0,3946.7042775510204,3971.7093795918368,56.19152349887079
2026-01-10 10:15:00+01:00,-250.0,250.0,3970.1940734693876,4020.2042775510204,41.08897247846262
2026-01-10 10:30:00+01:00,-300.0,300.0,4006.4389714285717,4031.4440734693876,43.68758827260637
2026-01-10 10:45:00+01:00,-300.0,300.0,4004.9236653061225,4079.9389714285717,43.68758827260637
2026-01-10 11:00:00+01:00,-250.0,250.0,4053.418563265306,4078.4236653061225,29.875751537912492
2026-01-10 11:15:00+01:00,-250.0,250.0,4039.653257142857,4114.668563265306,29.875751537912492
2026-01-10 11:30:00+01:00,-200.0,200.0,4075.8981551020406,4100.903257142857,3.5119505175043253
2026-01-10 11:45:00+01:00,-200.0,200.0,4049.882848979592,4124.898155102041,3.5119505175043253
2026-01-10 12:00:00+01:00,-200.0,200.0,4073.877746938775,4098.882848979592,3.5119505175043253
2026-01-10 12:15:00+01:00,-200.0,200.0,4047.8624408163264,4122.877746938775,3.5119505175043253
2026-01-10 12:30:00+01:00,-200.0,200.0,4071.8573387755105,4096.862440816327,3.5119505175043253
2026-01-10 12:45:00+01:00,-200.0,200.0,4045.8420326530613,4120.8573387755105,3.5119505175043253
2026-01-10 13:00:00+01:00,-200.0,200.0,4069.836930612245,4094.8420326530613,3.5119505175043253
2026-01-10 13:15:00+01:00,-200.0,200.0,4043.821624489796,4118.836930612245,3.5119505175043253
2026-01-10 13:30:00+01:00,-200.0,200.0,4067.8165224489794,4092.821624489796,3.5119505175043253
2026-01-10 13:45:00+01:00,-200.0,200.0,4041.8012163265303,4116.816522448979,3.5119505175043253
2026-01-10 14:00:00+01:00,-200.0,200.0,4065.796114285714,4090.8012163265303,3.5119505175043253
2026-01-10 14:15:00+01:00,-200.0,200.0,4039.7808081632647,4114.796114285714,3.5119505175043253
2026-01-10 14:30:00+01:00,-200.0,200.0,4063.775706122449,4088.7808081632647,3.5119505175043253
2026-01-10 14:45:00+01:00,-200.0,200.0,4039.6291183673466,4112.775706122448,3.5119505175043253
2026-01-10 15:00:00+01:00,-200.0,200.0,4063.6240163265306,4088.6291183673466,3.5119505175043253
2026-01-10 15:15:00+01:00,-200.0,200.0,4062.613812244899,4112.62401632653,3.5119505175043253
2026-01-10 15:30:00+01:00,-250.0,250.0,4086.6087102040815,4111.613812244897,26.89293691206215
2026-01-10 15:45:00+01:00,-250.0,250.0,4097.848506122449,4147.858710204081,26.89293691206215
2026-01-10 16:00:00+01:00,-250.0,250.0,4134.093404081633,4159.098506122449,26.89293691206215
2026-01-10 16:15:00+01:00,-200.0,200.0,4145.3332,4195.343404081633,24.294321117918404
2026-01-10 16:30:00+01:00,-250.0,250.0,4169.328097959185,4194.3332,58.28357281859868
2026-01-10 16:45:00+01:00,-250.0,250.0,4180.567893877551,4230.578097959185,58.28357281859868
2026-01-10 17:00:00+01:00,-250.0,250.0,4216.812791836735,4241.817893877551,58.28357281859868
2026-01-10 17:15:00+01:00,-250.0,250.0,4228.052587755103,4278.062791836735,58.28357281859868
2026-01-10 17:30:00+01:00,-250.0,250.0,4264.297485714286,4289.302587755103,58.28357281859868
2026-01-10 17:45:00+01:00,-250.0,250.0,4275.5372816326535,4325.547485714286,58.28357281859868
2026-01-10 18:00:00+01:00,-250.0,250.0,4311.782179591837,4336.7872816326535,58.28357281859868
2026-01-10 18:15:00+01:00,-250.0,250.0,4323.021975510204,4373.032179591837,58.28357281859868
2026-01-10 18:30:00+01:00,-200.0,200.0,4359.266873469388,4384.271975510204,34.902586424040855
2026-01-10 18:45:00+01:00,-150.0,150.0,4358.256669387755,4408.266873469388,0.9133347233605795
2026-01-10 19:00:00+01:00,-150.0,150.0,4370.001567346939,4395.006669387755,0.9133347233605795
2026-01-10 19:15:00+01:00,-150.0,150.0,4356.741363265306,4406.751567346939,0.9133347233605795
2026-01-10 19:30:00+01:00,-150.0,150.0,4368.48626122449,4393.491363265306,0.9133347233605795
2026-01-10 19:45:00+01:00,-150.0,150.0,4355.226057142858,4405.23626122449,0.9133347233605795
2026-01-10 20:00:00+01:00,-200.0,200.0,4366.9709551020405,4391.976057142858,2.9651256438103926
2026-01-10 20:15:00+01:00,-200.0,200.0,4340.955648979592,4415.9709551020405,2.9651256438103926
2026-01-10 20:30:00+01:00,-250.0,250.0,4364.950546938776,4389.955648979592,5.46633812880439
2026-01-10 20:45:00+01:00,-250.0,250.0,4326.1801387755095,4426.200546938776,5.46633812880439
2026-01-10 21:00:00+01:00,-250.0,250.0,4362.425036734693,4387.4301387755095,5.46633812880439
2026-01-10 21:15:00+01:00,-300.0,300.0,4323.6546285714285,4423.675036734693,7.265644251253369
2026-01-10 21:30:00+01:00,-300.0,300.0,4347.144424489795,4397.1546285714285,7.265644251253369
2026-01-10 21:45:00+01:00,-300.0,300.0,4320.62401632653,4420.644424489795,7.265644251253369
2026-01-10 22:00:00+01:00,-300.0,300.0,4344.1138122448965,4394.12401632653,7.265644251253369
2026-01-10 22:15:00+01:00,-300.0,300.0,4317.593404081632,4417.6138122448965,7.265644251253369
2026-01-10 22:30:00+01:00,-300.0,300.0,4341.0832,4391.093404081632,7.265644251253369
2026-01-10 22:45:00+01:00,-300.0,300.0,4314.562791836735,4414.5832,7.265644251253369
2026-01-10 23:00:00+01:00,-300.0,300.0,4338.052587755102,4388.062791836735,7.265644251253369
2026-01-10 23:15:00+01:00,-300.0,300.0,4311.532179591837,4411.552587755102,7.265644251253369
2026-01-10 23:30:00+01:00,-300.0,300.0,4335.021975510203,4385.032179591837,7.265644251253369
2026-01-10 23:45:00+01:00,-300.0,300.0,4308.501567346939,4408.521975510203,7.265644251253369
2026-01-11 00:00:00+01:00,-300.0,300.0,4331.991363265306,4382.001567346939,7.265644251253369
2026-01-11 00:15:00+01:00,-300.0,300.0,4305.470955102041,4405.491363265306,7.265644251253369
2026-01-11 00:30:00+01:00,-300.0,300.0,4328.96075102041,4378.970955102041,7.265644251253369
2026-01-11 00:45:00+01:00,-300.0,300.0,4302.440342857144,4402.46075102041,7.265644251253369
2026-01-11 01:00:00+01:00,-300.0,300.0,4325.930138775511,4375.940342857144,7.265644251253369
2026-01-11 01:15:00+01:00,-300.0,300.0,4299.409730612246,4399.430138775511,7.265644251253369
2026-01-11 01:30:00+01:00,-300.0,300.0,4322.899526530613,4372.909730612246,7.265644251253369
2026-01-11 01:45:00+01:00,-300.0,300.0,4296.3791183673475,4396.399526530613,7.265644251253369
2026-01-11 02:00:00+01:00,-300.0,300.0,4319.868914285715,4369.8791183673475,7.265644251253369
2026-01-11 02:15:00+01:00,-300.0,300.0,4293.348506122449,4393.368914285715,7.265644251253369
2026-01-11 02:30:00+01:00,-300.0,300.0,4316.838302040817,4366.848506122449,7.265644251253369
2026-01-11 02:45:00+01:00,-300.0,300.0,4290.317893877552,4390.338302040817,7.265644251253369
2026-01-11 03:00:00+01:00,-300.0,300.0,4313.807689795919,4363.817893877552,7.265644251253369
2026-01-11 03:15:00+01:00,-300.0,300.0,4287.2872816326535,4387.307689795919,7.265644251253369
2026-01-11 03:30:00+01:00,-300.0,300.0,4310.777077551021,4360.7872816326535,7.265644251253369
2026-01-11 03:45:00+01:00,-300.0,300.0,4284.256669387756,4384.277077551021,7.265644251253369
2026-01-11 04:00:00+01:00,-300.0,300.0,4307.746465306122,4357.756669387756,7.265644251253369
2026-01-11 04:15:00+01:00,-300.0,300.0,4281.226057142858,4381.246465306122,7.265644251253369
2026-01-11 04:30:00+01:00,-300.0,300.0,4304.715853061224,4354.726057142858,7.265644251253369
2026-01-11 04:45:00+01:00,-300.0,300.0,4278.1954448979595,4378.215853061224,7.265644251253369
2026-01-11 05:00:00+01:00,-300.0,300.0,4301.685240816326,4351.6954448979595,7.265644251253369
2026-01-11 05:15:00+01:00,-300.0,300.0,4275.164832653061,4375.185240816326,7.265644251253369
2026-01-11 05:30:00+01:00,-300.0,300.0,4298.654628571428,4348.664832653061,7.265644251253369
2026-01-11 05:45:00+01:00,-300.0,300.0,4272.134220408163,4372.154628571428,7.265644251253369
2026-01-11 06:00:00+01:00,-300.0,300.0,4295.624016326529,4345.634220408163,7.265644251253369
2026-01-11 06:15:00+01:00,-300.0,300.0,4269.103608163265,4369.124016326529,7.265644251253369
2026-01-11 06:30:00+01:00,-300.0,300.0,4292.593404081633,4342.603608163265,7.265644251253369
2026-01-11 06:45:00+01:00,-300.0,300.0,4266.072995918368,4366.093404081633,7.265644251253369
2026-01-11 07:00:00+01:00,-300.0,300.0,4289.5627918367345,4339.572995918368,7.265644251253369
2026-01-11 07:15:00+01:00,-300.0,300.0,4263.04238367347,4363.0627918367345,7.265644251253369
2026-01-11 07:30:00+01:00,-300.0,300.0,4286.532179591836,4336.54238367347,7.265644251253369
2026-01-11 07:45:00+01:00,-300.0,300.0,4260.011771428572,4360.032179591836,7.265644251253369
2026-01-11 08:00:00+01:00,-300.0,300.0,4283.501567346939,4333.511771428572,7.265644251253369
2026-01-11 08:15:00+01:00,-300.0,300.0,4256.981159183674,4357.001567346939,7.265644251253369
2026-01-11 08:30:00+01:00,-300.0,300.0,4280.470955102042,4330.481159183674,7.265644251253369
2026-01-11 08:45:00+01:00,-300.0,300.0,4253.950546938777,4353.970955102042,7.265644251253369
2026-01-11 09:00:00+01:00,-300.0,300.0,4277.440342857144,4327.450546938777,7.265644251253369
2026-01-11 09:15:00+01:00,-300.0,300.0,4250.9199346938785,4350.940342857144,7.265644251253369
2026-01-11 09:30:00+01:00,-300.0,300.0,4274.409730612246,4324.4199346938785,7.265644251253369
2026-01-11 09:45:00+01:00,-300.0,300.0,4247.88932244898,4347.909730612246,7.265644251253369
2026-01-11 10:00:00+01:00,-300.0,300.0,4271.3791183673475,4321.38932244898,7.265644251253369
2026-01-11 10:15:00+01:00,-300.0,300.0,4244.858710204082,4344.8791183673475,7.265644251253369
2026-01-11 10:30:00+01:00,-300.0,300.0,4268.34850612245,4318.358710204082,7.265644251253369
2026-01-11 10:45:00+01:00,-300.0,300.0,4241.828097959185,4341.84850612245,7.265644251253369
2026-01-11 11:00:00+01:00,-300.0,300.0,4265.317893877552,4315.328097959185,7.265644251253369
2026-01-11 11:15:00+01:00,-300.0,300.0,4238.797485714286,4338.817893877552,7.265644251253369
2026-01-11 11:30:00+01:00,-300.0,300.0,4262.2872816326535,4312.297485714286,7.265644251253369
2026-01-11 11:45:00+01:00,-300.0,300.0,4235.766873469389,4335.7872816326535,7.265644251253369
2026-01-11 12:00:00+01:00,-300.0,300.0,4259.256669387755,4309.266873469389,7.265644251253369
2026-01-11 12:15:00+01:00,-300.0,300.0,4232.736261224491,4332.756669387755,7.265644251253369
2026-01-11 12:30:00+01:00,-300.0,300.0,4256.226057142857,4306.236261224491,7.265644251253369
2026-01-11 12:45:00+01:00,-300.0,300.0,4229.705648979592,4329.726057142857,7.265644251253369
2026-01-11 13:00:00+01:00,-300.0,300.0,4253.195444897959,4303.205648979592,7.265644251253369
2026-01-11 13:15:00+01:00,-300.0,300.0,4226.675036734694,4326.695444897959,7.265644251253369
2026-01-11 13:30:00+01:00,-300.0,300.0,4250.16483265306,4300.175036734694,7.265644251253369
2026-01-11 13:45:00+01:00,-300.0,300.0,4223.644424489796,4323.66483265306,7.265644251253369
2026-01-11 14:00:00+01:00,-300.0,300.0,4247.134220408162,4297.144424489796,7.265644251253369
2026-01-11 14:15:00+01:00,-300.0,300.0,4220.613812244897,4320.634220408162,7.265644251253369
2026-01-11 14:30:00+01:00,-300.0,300.0,4244.103608163266,4294.113812244897,7.265644251253369
2026-01-11 14:45:00+01:00,-300.0,300.0,4217.583199999999,4317.603608163266,7.265644251253369
2026-01-11 15:00:00+01:00,-300.0,300.0,4241.072995918367,4291.083199999999,7.265644251253369
2026-01-11 15:15:00+01:00,-300.0,300.0,4214.552587755103,4314.572995918367,7.265644251253369
2026-01-11 15:30:00+01:00,-300.0,300.0,4238.042383673469,4288.052587755103,7.265644251253369
2026-01-11 15:45:00+01:00,-300.0,300.0,4211.521975510204,4311.542383673469,7.265644251253369
2026-01-11 16:00:00+01:00,-300.0,300.0,4235.011771428572,4285.021975510204,7.265644251253369
2026-01-11 16:15:00+01:00,-300.0,300.0,4230.979828571429,4308.511771428572,7.265644251253369
2026-01-11 16:30:00+01:00,-300.0,300.0,4254.469624489797,4304.479828571429,7.265644251253369
2026-01-11 16:45:00+01:00,-300.0,300.0,4277.959420408164,4327.969624489797,7.265644251253369
2026-01-11 17:00:00+01:00,-300.0,300.0,4301.449216326531,4351.459420408164,7.265644251253369
2026-01-11 17:15:00+01:00,-300.0,300.0,4324.939012244899,4374.949216326531,7.265644251253369
2026-01-11 17:30:00+01:00,-300.0,300.0,4348.428808163266,4398.439012244899,7.265644251253369
2026-01-11 17:45:00+01:00,-300.0,300.0,4371.918604081633,4421.928808163266,7.265644251253369
2026-01-11 18:00:00+01:00,-300.0,300.0,4395.4084,4445.418604081633,7.265644251253369
2026-01-11 18:15:00+01:00,-300.0,300.0,4418.8981959183675,4468.9084,7.265644251253369
2026-01-11 18:30:00+01:00,-300.0,300.0,4442.387991836736,4492.3981959183675,7.265644251253369
2026-01-11 18:45:00+01:00,-300.0,300.0,4465.877787755102,4515.887991836736,7.265644251253369
2026-01-11 19:00:00+01:00,-300.0,300.0,4489.36758367347,4539.377787755102,7.265644251253369
2026-01-11 19:15:00+01:00,-300.0,300.0,4512.857379591837,4562.86758367347,7.265644251253369
2026-01-11 19:30:00+01:00,-300.0,300.0,4536.347175510205,4586.357379591837,7.265644251253369
2026-01-11 19:45:00+01:00,-300.0,300.0,4563.965910204083,4609.847175510205,7.265644251253369
2026-01-11 20:00:00+01:00,-300.0,300.0,4587.45570612245,4637.465910204083,7.265644251253369
2026-01-11 20:15:00+01:00,-300.0,300.0,4635.950604081634,4660.95570612245,7.265644251253369
2026-01-11 20:30:00+01:00,-250.0,250.0,4681.145395918368,4709.450604081634,5.213853330803556
2026-01-11 20:45:00+01:00,-250.0,250.0,4717.390293877551,4742.395395918368,5.213853330803556
2026-01-11 21:00:00+01:00,-250.0,250.0,4753.6351918367345,4778.640293877551,5.213853330803556
2026-01-11 21:15:00+01:00,-300.0,300.0,4789.880089795919,4814.8851918367345,20.214261494068868
2026-01-11 21:30:00+01:00,-300.0,300.0,4838.374987755103,4863.380089795919,20.214261494068868
2026-01-11 21:45:00+01:00,-300.0,300.0,4886.869885714285,4911.874987755103,20.214261494068868
2026-01-11 22:00:00+01:00,-200.0,200.0,4935.364783673469,4960.369885714285,17.23273438322453
2026-01-11 22:15:00+01:00,-150.0,150.0,4959.3596816326535,4984.364783673469,2.2323262199592184
2026-01-11 22:30:00+01:00,-150.0,150.0,4971.104579591837,4996.1096816326535,2.2323262199592184
2026-01-11 22:45:00+01:00,-150.0,150.0,4982.84947755102,5007.854579591837,2.2323262199592184
2026-01-11 23:00:00+01:00,-150.0,150.0,4994.5943755102035,5019.59947755102,2.2323262199592184
2026-01-11 23:15:00+01:00,-150.0,150.0,5006.339273469388,5031.3443755102035,2.2323262199592184
2026-01-11 23:30:00+01:00,-150.0,150.0,5018.084171428572,5043.089273469388,2.2323262199592184
2026-01-11 23:45:00+01:00,-150.0,150.0,5029.829069387755,5054.834171428572,2.2323262199592184
2026-01-12 00:00:00+01:00,-150.0,150.0,5041.573967346939,5066.579069387755,2.2323262199592184
2026-01-12 00:15:00+01:00,-150.0,150.0,5053.3188653061225,5078.323967346939,2.2323262199592184
2026-01-12 00:30:00+01:00,-150.0,150.0,5065.063763265307,5090.0688653061225,2.2323262199592184
2026-01-12 00:45:00+01:00,-100.0,100.0,5076.80866122449,5101.813763265307,0.43302009751023907
2026-01-12 01:00:00+01:00,-150.0,150.0,5076.303559183674,5101.30866122449,45.85740785261228
2026-01-12 01:15:00+01:00,-150.0,150.0,5088.048457142858,5113.053559183674,45.85740785261228
2026-01-12 01:30:00+01:00,-150.0,150.0,5099.7933551020415,5124.798457142858,45.85740785261228
2026-01-12 01:45:00+01:00,-150.0,150.0,5111.538253061225,5136.5433551020415,45.85740785261228
2026-01-12 02:00:00+01:00,-100.0,100.0,5123.283151020409,5148.288253061225,0.43302009751023907
2026-01-12 02:15:00+01:00,-100.0,100.0,5122.778048979592,5147.783151020409,0.43302009751023907
2026-01-12 02:30:00+01:00,-100.0,100.0,5122.272946938776,5147.278048979592,0.43302009751023907
2026-01-12 02:45:00+01:00,-100.0,100.0,5121.76784489796,5146.772946938776,0.43302009751023907
2026-01-12 03:00:00+01:00,-100.0,100.0,5121.262742857143,5146.26784489796,0.43302009751023907
2026-01-12 03:15:00+01:00,-150.0,150.0,5120.757640816327,5145.762742857143,36.162174616460675
2026-01-12 03:30:00+01:00,-150.0,150.0,5132.50253877551,5157.507640816327,36.162174616460675
2026-01-12 03:45:00+01:00,-250.0,250.0,5144.247436734695,5169.25253877551,135.3185691742838
2026-01-12 04:00:00+01:00,-250.0,250.0,5180.492334693878,5205.497436734695,135.3185691742838
2026-01-12 04:15:00+01:00,-200.0,200.0,5216.737232653061,5241.742334693878,86.81530386816134
2026-01-12 04:30:00+01:00,-200.0,200.0,5240.732130612245,5265.737232653061,86.81530386816134
2026-01-12 04:45:00+01:00,-200.0,200.0,5264.727028571429,5289.732130612245,86.81530386816134
2026-01-12 05:00:00+01:00,-150.0,150.0,5288.721926530613,5313.727028571429,51.08614934921091
2026-01-12 05:15:00+01:00,-100.0,100.0,5300.466824489796,5325.471926530613,0.43302009751023907
2026-01-12 05:30:00+01:00,-100.0,100.0,5324.099322448979,5324.966824489796,0.43302009751023907
2026-01-12 05:45:00+01:00,-100.0,100.0,5323.594220408164,5348.599322448979,0.43302009751023907
2026-01-12 06:00:00+01:00,-100.0,100.0,5348.094220408164,5348.094220408164,0.43302009751023907
2026-01-12 06:15:00+01:00,-150.0,150.0,5347.589118367347,5372.594220408164,27.30534662812249
2026-01-12 06:30:00+01:00,-150.0,150.0,5384.339118367347,5384.339118367347,27.30534662812249
2026-01-12 06:45:00+01:00,-150.0,150.0,5396.084016326531,5421.089118367347,27.30534662812249
2026-01-12 07:00:00+01:00,-150.0,150.0,5432.834016326531,5432.834016326531,27.30534662812249
2026-01-12 07:15:00+01:00,-200.0,200.0,5444.578914285714,5469.584016326531,42.49382735374607
2026-01-12 07:30:00+01:00,-200.0,200.0,5493.578914285714,5493.578914285714,42.49382735374607
2026-01-12 07:45:00+01:00,-200.0,200.0,5517.573812244898,5542.578914285715,42.49382735374607
2026-01-12 08:00:00+01:00,-200.0,200.0,5566.573812244898,5566.573812244898,42.49382735374607
2026-01-12 08:15:00+01:00,-250.0,250.0,5590.568710204082,5615.573812244898,46.225014050647054
2026-01-12 08:30:00+01:00,-250.0,250.0,5626.813608163266,5651.818710204082,46.225014050647054
2026-01-12 08:45:00+01:00,-250.0,250.0,5663.058506122449,5688.063608163266,187.12962629554502
2026-01-12 09:00:00+01:00,-200.0,200.0,5699.303404081633,5724.308506122449,186.76687418492878
2026-01-12 09:15:00+01:00,-200.0,200.0,5723.298302040816,5748.303404081633,82.66871091962264
2026-01-12 09:30:00+01:00,-150.0,150.0,5747.2932,5772.298302040816,67.48023019399905
2026-01-12 09:45:00+01:00,-150.0,150.0,5759.038097959184,5784.0432,301.241454683795
2026-01-12 10:00:00+01:00,-100.0,100.0,5770.782995918367,5795.788097959184,3.801454683794988
2026-01-12 10:15:00+01:00,-100.0,100.0,5770.277893877551,5795.282995918367,3.801454683794988
2026-01-12 10:30:00+01:00,-100.0,100.0,5769.7727918367345,5794.777893877551,3.801454683794988
2026-01-12 10:45:00+01:00,-100.0,100.0,5769.267689795918,5794.2727918367345,3.801454683794988
2026-01-12 11:00:00+01:00,-100.0,100.0,5768.762587755102,5793.767689795918,3.801454683794988
2026-01-12 11:15:00+01:00,-100.0,100.0,5768.257485714285,5793.262587755102,3.801454683794988
2026-01-12 11:30:00+01:00,-100.0,100.0,5767.752383673469,5792.757485714285,3.801454683794988
2026-01-12 11:45:00+01:00,-100.0,100.0,5767.247281632653,5792.252383673469,3.801454683794988
2026-01-12 12:00:00+01:00,-100.0,100.0,5766.742179591836,5791.747281632653,3.801454683794988
2026-01-12 12:15:00+01:00,-150.0,150.0,5766.23707755102,5791.242179591836,112.28689686066572
2026-01-12 12:30:00+01:00,-200.0,200.0,5777.981975510204,5802.98707755102,198.23281522801267
2026-01-12 12:45:00+01:00,-200.0,200.0,5801.976873469388,5826.981975510204,198.23281522801267
2026-01-12 13:00:00+01:00,-100.0,100.0,5825.971771428572,5850.976873469388,3.801454683794988
2026-01-12 13:15:00+01:00,-100.0,100.0,5825.466669387755,5850.471771428572,3.801454683794988
2026-01-12 13:30:00+01:00,-150.0,150.0,5824.961567346939,5849.966669387755,83.29778121440722
2026-01-12 13:45:00+01:00,-150.0,150.0,5836.706465306123,5861.711567346939,83.29778121440722
2026-01-12 14:00:00+01:00,-100.0,100.0,5848.451363265306,5873.456465306123,3.801454683794988
2026-01-12 14:15:00+01:00,-100.0,100.0,5847.946261224491,5872.951363265306,3.801454683794988
2026-01-12 14:30:00+01:00,-100.0,100.0,5847.441159183674,5872.446261224491,3.801454683794988
2026-01-12 14:45:00+01:00,-100.0,100.0,5846.936057142858,5871.941159183674,3.801454683794988
2026-01-12 15:00:00+01:00,-100.0,100.0,5846.4309551020415,5871.436057142858,3.801454683794988
2026-01-12 15:15:00+01:00,-100.0,100.0,5845.925853061225,5870.9309551020415,3.801454683794988
2026-01-12 15:30:00+01:00,-100.0,100.0,5845.420751020409,5870.425853061225,3.801454683794988
2026-01-12 15:45:00+01:00,-100.0,100.0,5844.915648979592,5869.920751020409,3.801454683794988
2026-01-12 16:00:00+01:00,-100.0,100.0,5844.410546938776,5869.415648979592,3.801454683794988
2026-01-12 16:15:00+01:00,-100.0,100.0,5843.90544489796,5868.910546938776,3.801454683794988
2026-01-12 16:30:00+01:00,-100.0,100.0,5843.400342857143,5868.40544489796,3.801454683794988
2026-01-12 16:45:00+01:00,-100.0,100.0,5842.895240816327,5867.900342857143,3.801454683794988
2026-01-12 17:00:00+01:00,-100.0,100.0,5842.39013877551,5867.395240816327,3.801454683794988
2026-01-12 17:15:00+01:00,-100.0,100.0,5841.885036734694,5866.89013877551,3.801454683794988
2026-01-12 17:30:00+01:00,-150.0,150.0,5852.431273469388,5866.385036734694,26.2884478810739
2026-01-12 17:45:00+01:00,-150.0,150.0,5864.176171428571,5889.181273469388,26.2884478810739
2026-01-12 18:00:00+01:00,-150.0,150.0,5900.926171428571,5900.926171428571,26.2884478810739
2026-01-12 18:15:00+01:00,-150.0,150.0,5912.671069387755,5937.676171428571,26.2884478810739
2026-01-12 18:30:00+01:00,-200.0,200.0,5949.421069387755,5949.421069387755,66.62477441168615
2026-01-12 18:45:00+01:00,-200.0,200.0,5973.4159673469385,5998.421069387755,66.62477441168615
2026-01-12 19:00:00+01:00,-250.0,250.0,6022.4159673469385,6022.4159673469385,74.70540933232107
2026-01-12 19:15:00+01:00,-250.0,250.0,6033.655763265306,6083.6659673469385,74.70540933232107
2026-01-12 19:30:00+01:00,-250.0,250.0,6094.905763265306,6094.905763265306,74.70540933232107
2026-01-12 19:45:00+01:00,-250.0,250.0,6117.176963265306,6156.155763265306,74.70540933232107
2026-01-12 20:00:00+01:00,-250.0,250.0,6178.426963265306,6178.426963265306,74.70540933232107
2026-01-12 20:15:00+01:00,-250.0,250.0,6214.6718612244895,6239.676963265306,74.70540933232107
2026-01-12 20:30:00+01:00,-250.0,250.0,6275.9218612244895,6275.9218612244895,74.70540933232107
2026-01-12 20:45:00+01:00,-250.0,250.0,6312.166759183673,6337.1718612244895,74.70540933232107
2026-01-12 21:00:00+01:00,-250.0,250.0,6373.416759183673,6373.416759183673,74.70540933232107
2026-01-12 21:15:00+01:00,-150.0,150.0,6409.661657142857,6434.666759183673,44.13778121440724
2026-01-12 21:30:00+01:00,-150.0,150.0,6446.411657142857,6446.411657142857,44.13778121440724
2026-01-12 21:45:00+01:00,-50.0,50.0,6458.156555102041,6483.161657142857,0.07026798689400572
2026-01-12 22:00:00+01:00,-50.0,50.0,6470.40655510204,6470.406555102041,0.07026798689400572
2026-01-12 22:15:00+01:00,-100.0,100.0,6457.651453061225,6482.65655510204,14.101778190975633
2026-01-12 22:30:00+01:00,-150.0,150.0,6482.151453061225,6482.151453061225,30.44463533383278
2026-01-12 22:45:00+01:00,-150.0,150.0,6493.8963510204085,6518.901453061225,30.44463533383278
2026-01-12 23:00:00+01:00,-150.0,150.0,6530.6463510204085,6530.6463510204085,30.44463533383278
2026-01-12 23:15:00+01:00,-150.0,150.0,6542.391248979592,6567.3963510204085,30.44463533383278
2026-01-12 23:30:00+01:00,-100.0,100.0,6579.141248979592,6579.141248979592,14.840640135753553
2026-01-12 23:45:00+01:00,-100.0,100.0,6578.636146938776,6603.641248979592,14.840640135753553
2026-01-13 00:00:00+01:00,-100.0,100.0,6603.136146938776,6603.136146938776,14.840640135753553
2026-01-13 00:15:00+01:00,-100.0,100.0,6602.631044897959,6627.636146938776,14.840640135753553
2026-01-13 00:30:00+01:00,-100.0,100.0,6627.131044897959,6627.131044897959,14.840640135753553
2026-01-13 00:45:00+01:00,-150.0,150.0,6626.625942857143,6651.631044897959,131.92553809493722
2026-01-13 01:00:00+01:00,-150.0,150.0,6663.375942857143,6663.375942857143,131.92553809493722
2026-01-13 01:15:00+01:00,-150.0,150.0,6675.120840816327,6700.125942857143,131.92553809493722
2026-01-13 01:30:00+01:00,-150.0,150.0,6711.870840816327,6711.870840816327,131.92553809493722
2026-01-13 01:45:00+01:00,-100.0,100.0,6723.61573877551,6748.620840816327,14.840640135753553
2026-01-13 02:00:00+01:00,-100.0,100.0,6748.11573877551,6748.11573877551,14.840640135753553
2026-01-13 02:15:00+01:00,-100.0,100.0,6747.610636734694,6772.61573877551,14.840640135753553
2026-01-13 02:30:00+01:00,-100.0,100.0,6772.110636734694,6772.110636734694,14.840640135753553
2026-01-13 02:45:00+01:00,-100.0,100.0,6771.605534693877,6796.610636734694,14.840640135753553
2026-01-13 03:00:00+01:00,-100.0,100.0,6796.105534693877,6796.105534693877,14.840640135753553
2026-01-13 03:15:00+01:00,-150.0,150.0,6795.600432653061,6820.605534693877,37.385027890855596
2026-01-13 03:30:00+01:00,-150.0,150.0,6832.350432653061,6832.350432653061,37.385027890855596
2026-01-13 03:45:00+01:00,-150.0,150.0,6844.095330612245,6869.100432653061,239.74118635424094
2026-01-13 04:00:00+01:00,-100.0,100.0,6880.845330612245,6880.845330612245,22.614655741996046
2026-01-13 04:15:00+01:00,-100.0,100.0,6880.340228571428,6905.345330612245,22.614655741996046
2026-01-13 04:30:00+01:00,-100.0,100.0,6904.840228571428,6904.840228571428,22.614655741996046
2026-01-13 04:45:00+01:00,-100.0,100.0,6904.335126530612,6929.340228571428,22.614655741996046
2026-01-13 05:00:00+01:00,-100.0,100.0,6928.835126530612,6928.835126530612,22.614655741996046
2026-01-13 05:15:00+01:00,-100.0,100.0,6928.3300244897955,6953.335126530612,22.614655741996046
2026-01-13 05:30:00+01:00,-100.0,100.0,6952.8300244897955,6952.8300244897955,22.614655741996046
2026-01-13 05:45:00+01:00,-100.0,100.0,6952.32492244898,6977.3300244897955,22.614655741996046
2026-01-13 06:00:00+01:00,-100.0,100.0,6976.82492244898,6976.82492244898,22.614655741996046
2026-01-13 06:15:00+01:00,-50.0,50.0,6976.319820408164,7001.32492244898,0.07026798689400572
2026-01-13 06:30:00+01:00,-50.0,50.0,6988.569820408164,6988.569820408164,0.07026798689400572
2026-01-13 06:45:00+01:00,-50.0,50.0,6975.814718367347,7000.819820408164,0.07026798689400572
2026-01-13 07:00:00+01:00,-50.0,50.0,6988.064718367347,6988.064718367347,0.07026798689400572
2026-01-13 07:15:00+01:00,-100.0,100.0,6975.309616326531,7000.314718367347,46.2485673066219
2026-01-13 07:30:00+01:00,-100.0,100.0,6999.809616326531,6999.809616326531,46.2485673066219
2026-01-13 07:45:00+01:00,-100.0,100.0,6999.3045142857145,7024.309616326531,46.2485673066219
2026-01-13 08:00:00+01:00,-100.0,100.0,7023.804514285715,7023.804514285715,46.2485673066219
2026-01-13 08:15:00+01:00,-150.0,150.0,7023.299412244899,7048.304514285715,50.37943369091147
2026-01-13 08:30:00+01:00,-200.0,200.0,7035.044310204083,7060.049412244899,54.47632470263531
2026-01-13 08:45:00+01:00,-200.0,200.0,7034.03410612245,7084.044310204083,11.439711274655412
2026-01-13 09:00:00+01:00,-200.0,200.0,7033.023902040817,7083.03410612245,11.439711274655412
2026-01-13 09:15:00+01:00,-250.0,250.0,7032.013697959184,7082.023902040817,294.4629765807778
2026-01-13 09:30:00+01:00,-200.0,200.0,7043.253493877552,7093.263697959184,11.439711274655412
2026-01-13 09:45:00+01:00,-250.0,250.0,7042.243289795919,7092.253493877552,25.675649552405535
2026-01-13 10:00:00+01:00,-300.0,300.0,7053.483085714286,7103.493289795919,26.016544755655637
2026-01-13 10:15:00+01:00,-300.0,300.0,7051.967779591837,7126.983085714286,26.016544755655637
2026-01-13 10:30:00+01:00,-300.0,300.0,7075.457575510204,7125.467779591837,26.016544755655637
2026-01-13 10:45:00+01:00,-300.0,300.0,7073.942269387755,7148.957575510204,26.016544755655637
2026-01-13 11:00:00+01:00,-350.0,350.0,7097.432065306122,7147.442269387755,47.60273523184611
2026-01-13 11:15:00+01:00,-400.0,400.0,7108.166759183673,7183.182065306122,73.88101187583705
2026-01-13 11:30:00+01:00,-400.0,400.0,7156.15655510204,7206.166759183673,73.88101187583705
2026-01-13 11:45:00+01:00,-400.0,400.0,7179.141248979591,7254.15655510204,73.88101187583705
2026-01-13 12:00:00+01:00,-400.0,400.0,7227.131044897958,7277.141248979591,73.88101187583705
2026-01-13 12:15:00+01:00,-400.0,400.0,7250.115738775509,7325.131044897958,73.88101187583705
2026-01-13 12:30:00+01:00,-400.0,400.0,7298.105534693877,7348.115738775509,73.88101187583705
2026-01-13 12:45:00+01:00,-400.0,400.0,7321.090228571429,7396.105534693877,73.88101187583705
2026-01-13 13:00:00+01:00,-400.0,400.0,7369.080024489797,7419.090228571429,73.88101187583705
2026-01-13 13:15:00+01:00,-400.0,400.0,7392.064718367348,7467.080024489797,73.88101187583705
2026-01-13 13:30:00+01:00,-350.0,350.0,7440.054514285715,7490.064718367348,47.60273523184611
2026-01-13 13:45:00+01:00,-350.0,350.0,7450.789208163267,7525.804514285715,47.60273523184611
2026-01-13 14:00:00+01:00,-300.0,300.0,7486.529004081634,7536.539208163267,26.016544755655637
2026-01-13 14:15:00+01:00,-300.0,300.0,7485.013697959186,7560.029004081634,26.016544755655637
2026-01-13 14:30:00+01:00,-300.0,300.0,7508.503493877553,7558.513697959186,26.016544755655637
2026-01-13 14:45:00+01:00,-300.0,300.0,7506.988187755104,7582.003493877553,26.016544755655637
2026-01-13 15:00:00+01:00,-300.0,300.0,7530.4779836734715,7580.488187755104,26.016544755655637
2026-01-13 15:15:00+01:00,-300.0,300.0,7528.962677551022,7603.9779836734715,26.016544755655637
2026-01-13 15:30:00+01:00,-300.0,300.0,7552.45247346939,7602.462677551022,26.016544755655637
2026-01-13 15:45:00+01:00,-300.0,300.0,7550.93716734694,7625.95247346939,26.016544755655637
2026-01-13 16:00:00+01:00,-300.0,300.0,7574.426963265308,7624.43716734694,26.016544755655637
2026-01-13 16:15:00+01:00,-300.0,300.0,7585.94608979592,7647.926963265308,26.016544755655637
2026-01-13 16:30:00+01:00,-300.0,300.0,7609.435885714287,7659.44608979592,26.016544755655637
2026-01-13 16:45:00+01:00,-300.0,300.0,7632.925681632654,7682.935885714287,26.016544755655637
2026-01-13 17:00:00+01:00,-300.0,300.0,7675.028448979593,7706.425681632654,26.016544755655637
2026-01-13 17:15:00+01:00,-300.0,300.0,7698.51824489796,7748.528448979593,26.016544755655637
2026-01-13 17:30:00+01:00,-300.0,300.0,7772.01824489796,7772.01824489796,26.016544755655637
2026-01-13 17:45:00+01:00,-300.0,300.0,7795.508040816328,7845.51824489796,26.016544755655637
2026-01-13 18:00:00+01:00,-300.0,300.0,7869.008040816328,7869.008040816328,26.016544755655637
2026-01-13 18:15:00+01:00,-300.0,300.0,7892.497836734695,7942.508040816328,26.016544755655637
2026-01-13 18:30:00+01:00,-300.0,300.0,7965.997836734695,7965.997836734695,26.016544755655637
2026-01-13 18:45:00+01:00,-300.0,300.0,7989.487632653062,8039.497836734695,26.016544755655637
2026-01-13 19:00:00+01:00,-300.0,300.0,8062.987632653062,8062.987632653062,26.016544755655637
2026-01-13 19:15:00+01:00,-400.0,400.0,8086.477428571429,8136.487632653062,341.949265844091
2026-01-13 19:30:00+01:00,-350.0,350.0,8159.472326530613,8184.477428571429,31.960286252254278
2026-01-13 19:45:00+01:00,-350.0,350.0,8195.21212244898,8245.222326530613,31.960286252254278
2026-01-13 20:00:00+01:00,-300.0,300.0,8255.957020408163,8280.96212244898,17.724347974504152
2026-01-13 20:15:00+01:00,-200.0,200.0,8279.44681632653,8329.457020408165,10.485771071032309
2026-01-13 20:30:00+01:00,-250.0,250.0,8303.441714285715,8328.44681632653,25.45699556082822
2026-01-13 20:45:00+01:00,-250.0,250.0,8314.681510204084,8364.691714285715,25.45699556082822
2026-01-13 21:00:00+01:00,-350.0,350.0,8373.845216326532,8375.931510204082,46.4108731118486
2026-01-13 21:15:00+01:00,-350.0,350.0,8384.579910204082,8459.595216326532,46.4108731118486
2026-01-13 21:30:00+01:00,-250.0,250.0,8470.329910204082,8470.329910204082,27.308782237763143
2026-01-13 21:45:00+01:00,-250.0,250.0,8456.564604081634,8531.579910204082,27.308782237763143
2026-01-13 22:00:00+01:00,-250.0,250.0,8517.814604081634,8517.814604081634,12.844313008210866
2026-01-13 22:15:00+01:00,-200.0,200.0,8490.189502040817,8579.064604081634,6.900571511612229
2026-01-13 22:30:00+01:00,-200.0,200.0,8539.189502040817,8539.189502040817,6.900571511612229
2026-01-13 22:45:00+01:00,-250.0,250.0,8513.17419591837,8588.189502040817,80.20995926671428
2026-01-13 23:00:00+01:00,-250.0,250.0,8574.42419591837,8574.42419591837,80.20995926671428
2026-01-13 23:15:00+01:00,-250.0,250.0,8560.65888979592,8635.674195918367,80.20995926671428
2026-01-13 23:30:00+01:00,-200.0,200.0,8621.90888979592,8621.90888979592,74.22730620548978
2026-01-13 23:45:00+01:00,-150.0,150.0,8595.893583673469,8670.908889795917,0.9179184503877391
2026-01-14 00:00:00+01:00,-200.0,200.0,8632.643583673469,8632.643583673469,36.00836742997957
2026-01-14 00:15:00+01:00,-200.0,200.0,8606.628277551019,8681.643583673469,36.00836742997957
2026-01-14 00:30:00+01:00,-200.0,200.0,8655.628277551019,8655.628277551019,36.00836742997957
2026-01-14 00:45:00+01:00,-200.0,200.0,8629.61297142857,8704.628277551019,36.00836742997957
2026-01-14 01:00:00+01:00,-200.0,200.0,8678.61297142857,8678.61297142857,36.00836742997957
2026-01-14 01:15:00+01:00,-150.0,150.0,8652.59766530612,8727.61297142857,0.9179184503877391
2026-01-14 01:30:00+01:00,-150.0,150.0,8689.34766530612,8689.34766530612,0.9179184503877391
2026-01-14 01:45:00+01:00,-150.0,150.0,8651.082359183672,8726.09766530612,0.9179184503877391
2026-01-14 02:00:00+01:00,-200.0,200.0,8687.832359183672,8687.832359183672,17.173224572836723
2026-01-14 02:15:00+01:00,-200.0,200.0,8661.817053061224,8736.832359183672,17.173224572836723
2026-01-14 02:30:00+01:00,-250.0,250.0,8710.817053061224,8710.817053061224,76.36938783814284
2026-01-14 02:45:00+01:00,-250.0,250.0,8697.051746938774,8772.067053061224,76.36938783814284
2026-01-14 03:00:00+01:00,-250.0,250.0,8758.301746938774,8758.301746938774,76.36938783814284
2026-01-14 03:15:00+01:00,-250.0,250.0,8744.536440816326,8819.551746938774,76.36938783814284
2026-01-14 03:30:00+01:00,-250.0,250.0,8805.786440816326,8805.786440816326,76.36938783814284
2026-01-14 03:45:00+01:00,-200.0,200.0,8792.021134693876,8867.036440816326,17.173224572836723
2026-01-14 04:00:00+01:00,-250.0,250.0,8841.021134693876,8841.021134693876,133.96628579732655
2026-01-14 04:15:00+01:00,-250.0,250.0,8827.255828571428,8902.271134693876,133.96628579732655
2026-01-14 04:30:00+01:00,-250.0,250.0,8888.505828571428,8888.505828571428,133.96628579732655
2026-01-14 04:45:00+01:00,-200.0,200.0,8874.740522448978,8949.755828571428,17.173224572836723
2026-01-14 05:00:00+01:00,-150.0,150.0,8923.740522448978,8923.740522448978,0.9179184503877391
2026-01-14 05:15:00+01:00,-150.0,150.0,8885.47521632653,8960.490522448978,0.9179184503877391
2026-01-14 05:30:00+01:00,-150.0,150.0,8922.22521632653,8922.22521632653,0.9179184503877391
2026-01-14 05:45:00+01:00,-150.0,150.0,8883.95991020408,8958.97521632653,0.9179184503877391
2026-01-14 06:00:00+01:00,-150.0,150.0,8920.70991020408,8920.70991020408,0.9179184503877391
2026-01-14 06:15:00+01:00,-150.0,150.0,8882.444604081633,8957.45991020408,0.9179184503877391
2026-01-14 06:30:00+01:00,-150.0,150.0,8919.194604081633,8919.194604081633,0.9179184503877391
2026-01-14 06:45:00+01:00,-150.0,150.0,8880.929297959183,8955.944604081633,0.9179184503877391
2026-01-14 07:00:00+01:00,-150.0,150.0,8917.679297959183,8917.679297959183,0.9179184503877391
2026-01-14 07:15:00+01:00,-150.0,150.0,8879.413991836735,8954.429297959183,0.9179184503877391
2026-01-14 07:30:00+01:00,-150.0,150.0,8916.163991836735,8916.163991836735,0.9179184503877391
2026-01-14 07:45:00+01:00,-200.0,200.0,8877.898685714285,8952.913991836735,48.83021436875507
2026-01-14 08:00:00+01:00,-200.0,200.0,8926.898685714285,8926.898685714285,48.83021436875507
2026-01-14 08:15:00+01:00,-200.0,200.0,8900.883379591836,8975.898685714285,48.83021436875507
2026-01-14 08:30:00+01:00,-250.0,250.0,8949.883379591836,8949.883379591836,54.88500066063031
2026-01-14 08:45:00+01:00,-250.0,250.0,8911.11297142857,9011.133379591834,54.88500066063031
2026-01-14 09:00:00+01:00,-350.0,350.0,8972.36297142857,8972.36297142857,64.77357662434913
2026-01-14 09:15:00+01:00,-350.0,350.0,8908.082359183672,9058.11297142857,64.77357662434913
2026-01-14 09:30:00+01:00,-350.0,350.0,8993.832359183672,8993.832359183672,64.77357662434913
2026-01-14 09:45:00+01:00,-300.0,300.0,8929.551746938772,9079.582359183672,16.8612807059818
2026-01-14 10:00:00+01:00,-300.0,300.0,9003.051746938772,9003.051746938772,16.8612807059818
2026-01-14 10:15:00+01:00,-300.0,300.0,8926.521134693876,9076.551746938772,16.8612807059818
2026-01-14 10:30:00+01:00,-300.0,300.0,9000.021134693876,9000.021134693876,16.8612807059818
2026-01-14 10:45:00+01:00,-300.0,300.0,8923.49052244898,9073.521134693876,16.8612807059818
2026-01-14 11:00:00+01:00,-300.0,300.0,8996.99052244898,8996.99052244898,16.8612807059818
2026-01-14 11:15:00+01:00,-350.0,350.0,8920.459910204081,9070.49052244898,52.19541335904301
2026-01-14 11:30:00+01:00,-350.0,350.0,9006.20991020408,9006.20991020408,52.19541335904301
2026-01-14 11:45:00+01:00,-350.0,350.0,8941.929297959181,9091.95991020408,52.19541335904301
2026-01-14 12:00:00+01:00,-350.0,350.0,9027.679297959181,9027.679297959181,52.19541335904301
2026-01-14 12:15:00+01:00,-350.0,350.0,8963.398685714283,9113.429297959181,52.19541335904301
2026-01-14 12:30:00+01:00,-350.0,350.0,9049.148685714283,9049.148685714283,52.19541335904301
2026-01-14 12:45:00+01:00,-350.0,350.0,8984.868073469386,9134.898685714283,52.19541335904301
2026-01-14 13:00:00+01:00,-350.0,350.0,9070.618073469386,9070.618073469386,52.19541335904301
2026-01-14 13:15:00+01:00,-300.0,300.0,9006.337461224488,9156.368073469386,16.8612807059818
2026-01-14 13:30:00+01:00,-350.0,350.0,9079.837461224488,9079.837461224488,52.1151582570022
2026-01-14 13:45:00+01:00,-350.0,350.0,9015.556848979591,9165.587461224488,52.1151582570022
2026-01-14 14:00:00+01:00,-350.0,350.0,9101.306848979591,9101.306848979591,52.1151582570022
2026-01-14 14:15:00+01:00,-350.0,350.0,9061.189559183673,9187.056848979591,52.1151582570022
2026-01-14 14:30:00+01:00,-350.0,350.0,9146.939559183671,9146.939559183673,52.1151582570022
2026-01-14 14:45:00+01:00,-350.0,350.0,9107.664048979592,9232.689559183675,52.1151582570022
2026-01-14 15:00:00+01:00,-350.0,350.0,9193.414048979592,9193.414048979592,52.1151582570022
2026-01-14 15:15:00+01:00,-350.0,350.0,9169.445567346938,9279.164048979592,52.1151582570022
2026-01-14 15:30:00+01:00,-350.0,350.0,9255.195567346938,9255.195567346938,52.1151582570022
2026-01-14 15:45:00+01:00,-350.0,350.0,9240.925159183673,9340.945567346938,52.1151582570022
2026-01-14 16:00:00+01:00,-350.0,350.0,9326.675159183673,9326.675159183673,52.1151582570022
2026-01-14 16:15:00+01:00,-350.0,350.0,9312.40475102041,9412.425159183673,52.1151582570022
2026-01-14 16:30:00+01:00,-300.0,300.0,9398.15475102041,9398.15475102041,16.8612807059818
2026-01-14 16:45:00+01:00,-300.0,300.0,9371.634342857142,9471.654751020407,16.8612807059818
2026-01-14 17:00:00+01:00,-300.0,300.0,9445.134342857142,9445.134342857142,16.8612807059818
2026-01-14 17:15:00+01:00,-300.0,300.0,9418.613934693876,9518.634342857142,16.8612807059818
2026-01-14 17:30:00+01:00,-300.0,300.0,9492.113934693876,9492.113934693876,16.8612807059818
2026-01-14 17:45:00+01:00,-300.0,300.0,9465.593526530613,9565.613934693876,16.8612807059818
2026-01-14 18:00:00+01:00,-300.0,300.0,9539.093526530613,9539.093526530613,16.8612807059818
2026-01-14 18:15:00+01:00,-300.0,300.0,9512.573118367347,9612.593526530613,16.8612807059818
2026-01-14 18:30:00+01:00,-300.0,300.0,9586.073118367347,9586.073118367347,16.8612807059818
2026-01-14 18:45:00+01:00,-300.0,300.0,9579.497151020407,9659.573118367347,16.8612807059818
2026-01-14 19:00:00+01:00,-300.0,300.0,9652.997151020407,9652.997151020407,16.8612807059818
2026-01-14 19:15:00+01:00,-350.0,350.0,9651.48184489796,9726.497151020407,52.010097032512405
2026-01-14 19:30:00+01:00,-350.0,350.0,9737.23184489796,9737.23184489796,52.010097032512405
2026-01-14 19:45:00+01:00,-350.0,350.0,9747.966538775509,9822.98184489796,52.010097032512405
2026-01-14 20:00:00+01:00,-350.0,350.0,9833.716538775509,9833.716538775509,52.010097032512405
2026-01-14 20:15:00+01:00,-300.0,300.0,9844.45123265306,9919.466538775509,45.1992761708344
2026-01-14 20:30:00+01:00,-350.0,350.0,9917.95123265306,9917.95123265306,60.097541476956856
2026-01-14 20:45:00+01:00,-350.0,350.0,9928.68592653061,10003.70123265306,60.097541476956856
2026-01-14 21:00:00+01:00,-400.0,400.0,10014.43592653061,10014.43592653061,550.9669292320589
2026-01-14 21:15:00+01:00,-350.0,350.0,10037.420620408164,10112.43592653061,60.097541476956856
2026-01-14 21:30:00+01:00,-300.0,300.0,10123.170620408164,10123.170620408164,45.1992761708344
2026-01-14 21:45:00+01:00,-200.0,200.0,10121.655314285712,10196.670620408164,3.9956735524285554
2026-01-14 22:00:00+01:00,-150.0,150.0,10170.655314285712,10170.655314285712,0.9179184503877391
2026-01-14 22:15:00+01:00,-150.0,150.0,10132.390008163266,10207.405314285712,0.9179184503877391
2026-01-14 22:30:00+01:00,-150.0,150.0,10169.140008163266,10169.140008163266,0.9179184503877391
2026-01-14 22:45:00+01:00,-200.0,200.0,10130.874702040817,10205.890008163266,121.884244981
2026-01-14 23:00:00+01:00,-200.0,200.0,10179.874702040817,10179.874702040817,121.884244981
2026-01-14 23:15:00+01:00,-200.0,200.0,10153.859395918367,10228.874702040817,121.884244981
2026-01-14 23:30:00+01:00,-200.0,200.0,10202.859395918367,10202.859395918367,121.884244981
2026-01-14 23:45:00+01:00,-150.0,150.0,10176.844089795917,10251.859395918367,0.9179184503877391
2026-01-15 00:00:00+01:00,-150.0,150.0,10213.594089795917,10213.594089795917,0.9179184503877391
2026-01-15 00:15:00+01:00,-200.0,200.0,10175.328783673469,10250.344089795917,19.55655790617005
2026-01-15 00:30:00+01:00,-200.0,200.0,10224.328783673469,10224.328783673469,19.55655790617005
2026-01-15 00:45:00+01:00,-200.0,200.0,10198.31347755102,10273.328783673469,19.55655790617005
2026-01-15 01:00:00+01:00,-200.0,200.0,10247.31347755102,10247.31347755102,19.55655790617005
2026-01-15 01:15:00+01:00,-200.0,200.0,10221.29817142857,10296.31347755102,19.55655790617005
2026-01-15 01:30:00+01:00,-200.0,200.0,10270.29817142857,10270.29817142857,19.55655790617005
2026-01-15 01:45:00+01:00,-200.0,200.0,10244.28286530612,10319.29817142857,19.55655790617005
2026-01-15 02:00:00+01:00,-250.0,250.0,10293.28286530612,10293.28286530612,48.40170076331289
2026-01-15 02:15:00+01:00,-250.0,250.0,10279.517559183672,10354.53286530612,48.40170076331289
2026-01-15 02:30:00+01:00,-200.0,200.0,10340.767559183672,10340.767559183672,29.763061307530595
2026-01-15 02:45:00+01:00,-200.0,200.0,10314.752253061226,10389.767559183672,29.763061307530595
2026-01-15 03:00:00+01:00,-200.0,200.0,10363.752253061226,10363.752253061226,29.763061307530595
2026-01-15 03:15:00+01:00,-200.0,200.0,10337.736946938774,10412.752253061226,29.763061307530595
2026-01-15 03:30:00+01:00,-250.0,250.0,10386.736946938774,10386.736946938774,161.35224498099998
2026-01-15 03:45:00+01:00,-300.0,300.0,10372.971640816326,10447.986946938774,262.04759191977547
2026-01-15 04:00:00+01:00,-250.0,250.0,10446.471640816326,10446.471640816326,130.45840824630613
2026-01-15 04:15:00+01:00,-250.0,250.0,10441.831559183673,10507.721640816326,130.45840824630613
2026-01-15 04:30:00+01:00,-200.0,200.0,10503.081559183673,10503.081559183673,101.61326538916326
2026-01-15 04:45:00+01:00,-200.0,200.0,10502.071355102042,10552.081559183673,101.61326538916326
2026-01-15 05:00:00+01:00,-150.0,150.0,10551.071355102042,10551.071355102042,0.9179184503877391
2026-01-15 05:15:00+01:00,-150.0,150.0,10537.811151020407,10587.821355102042,0.9179184503877391
2026-01-15 05:30:00+01:00,-150.0,150.0,10574.561151020407,10574.561151020407,0.9179184503877391
2026-01-15 05:45:00+01:00,-150.0,150.0,10561.300946938776,10611.311151020407,0.9179184503877391
2026-01-15 06:00:00+01:00,-150.0,150.0,10598.050946938776,10598.050946938776,0.9179184503877391
2026-01-15 06:15:00+01:00,-100.0,100.0,10584.790742857143,10634.800946938776,0.4111631901441067
2026-01-15 06:30:00+01:00,-100.0,100.0,10609.290742857143,10609.290742857143,0.4111631901441067
2026-01-15 06:45:00+01:00,-100.0,100.0,10583.78053877551,10633.790742857143,0.4111631901441067
2026-01-15 07:00:00+01:00,-100.0,100.0,10608.28053877551,10608.28053877551,0.4111631901441067
2026-01-15 07:15:00+01:00,-100.0,100.0,10582.770334693876,10632.78053877551,0.4111631901441067
2026-01-15 07:30:00+01:00,-100.0,100.0,10607.270334693876,10607.270334693876,0.4111631901441067
2026-01-15 07:45:00+01:00,-100.0,100.0,10581.760130612245,10631.770334693876,0.4111631901441067
2026-01-15 08:00:00+01:00,-150.0,150.0,10606.260130612245,10606.260130612245,87.00885026497404
2026-01-15 08:15:00+01:00,-150.0,150.0,10592.999926530612,10643.010130612245,87.00885026497404
2026-01-15 08:30:00+01:00,-200.0,200.0,10629.749926530612,10629.749926530612,105.83702669683711
2026-01-15 08:45:00+01:00,-300.0,300.0,10628.73972244898,10678.749926530612,113.5344616569081
2026-01-15 09:00:00+01:00,-300.0,300.0,10652.229518367347,10702.23972244898,113.5344616569081
2026-01-15 09:15:00+01:00,-300.0,300.0,10675.719314285714,10725.729518367347,113.5344616569081
2026-01-15 09:30:00+01:00,-250.0,250.0,10699.20911020408,10749.219314285714,26.936774582078158
2026-01-15 09:45:00+01:00,-250.0,250.0,10710.448906122449,10760.45911020408,26.936774582078158
2026-01-15 10:00:00+01:00,-250.0,250.0,10721.688702040816,10771.69890612245,26.936774582078158
2026-01-15 10:15:00+01:00,-250.0,250.0,10732.928497959183,10782.938702040816,26.936774582078158
2026-01-15 10:30:00+01:00,-250.0,250.0,10744.16829387755,10794.178497959183,26.936774582078158
2026-01-15 10:45:00+01:00,-250.0,250.0,10755.408089795917,10805.41829387755,26.936774582078158
2026-01-15 11:00:00+01:00,-250.0,250.0,10766.647885714283,10816.658089795917,26.936774582078158
2026-01-15 11:15:00+01:00,-250.0,250.0,10777.887681632652,10827.897885714283,26.936774582078158
2026-01-15 11:30:00+01:00,-250.0,250.0,10789.127477551021,10839.137681632654,26.936774582078158
2026-01-15 11:45:00+01:00,-250.0,250.0,10800.367273469388,10850.377477551021,26.936774582078158
2026-01-15 12:00:00+01:00,-250.0,250.0,10811.607069387754,10861.617273469388,26.936774582078158
2026-01-15 12:15:00+01:00,-250.0,250.0,10822.846865306123,10872.857069387754,26.936774582078158
2026-01-15 12:30:00+01:00,-250.0,250.0,10834.08666122449,10884.096865306123,26.936774582078158
2026-01-15 12:45:00+01:00,-250.0,250.0,10845.326457142855,10895.33666122449,26.936774582078158
2026-01-15 13:00:00+01:00,-250.0,250.0,10856.566253061224,10906.576457142857,26.936774582078158
2026-01-15 13:15:00+01:00,-250.0,250.0,10867.806048979593,10917.816253061226,26.936774582078158
2026-01-15 13:30:00+01:00,-250.0,250.0,10879.04584489796,10929.056048979593,26.936774582078158
2026-01-15 13:45:00+01:00,-250.0,250.0,10890.285640816328,10940.29584489796,26.936774582078158
2026-01-15 14:00:00+01:00,-300.0,300.0,10901.525436734695,10951.535640816328,167.1740534936428
2026-01-15 14:15:00+01:00,-300.0,300.0,10925.015232653062,10975.025436734695,167.1740534936428
2026-01-15 14:30:00+01:00,-300.0,300.0,10948.50502857143,10998.515232653062,167.1740534936428
2026-01-15 14:45:00+01:00,-250.0,250.0,10971.994824489797,11022.00502857143,26.936774582078158
2026-01-15 15:00:00+01:00,-250.0,250.0,10983.234620408164,11033.244824489797,26.936774582078158
2026-01-15 15:15:00+01:00,-250.0,250.0,10994.474416326531,11044.484620408164,26.936774582078158
2026-01-15 15:30:00+01:00,-250.0,250.0,11008.236040816326,11055.724416326531,26.936774582078158
2026-01-15 15:45:00+01:00,-250.0,250.0,11019.475836734693,11069.486040816326,26.936774582078158
2026-01-15 16:00:00+01:00,-250.0,250.0,11055.720734693878,11080.725836734693,26.936774582078158
2026-01-15 16:15:00+01:00,-200.0,200.0,11066.960530612245,11116.970734693878,8.10859815021509
2026-01-15 16:30:00+01:00,-200.0,200.0,11090.955428571428,11115.960530612245,8.10859815021509
2026-01-15 16:45:00+01:00,-200.0,200.0,11089.945224489795,11139.955428571428,8.10859815021509
2026-01-15 17:00:00+01:00,-200.0,200.0,11113.940122448977,11138.945224489795,8.10859815021509
2026-01-15 17:15:00+01:00,-200.0,200.0,11112.929918367345,11162.940122448977,8.10859815021509
2026-01-15 17:30:00+01:00,-200.0,200.0,11136.92481632653,11161.929918367345,8.10859815021509
2026-01-15 17:45:00+01:00,-200.0,200.0,11135.914612244896,11185.92481632653,8.10859815021509
2026-01-15 18:00:00+01:00,-200.0,200.0,11174.75244897959,11184.914612244896,8.10859815021509
2026-01-15 18:15:00+01:00,-200.0,200.0,11173.74224489796,11223.75244897959,8.10859815021509
2026-01-15 18:30:00+01:00,-200.0,200.0,11222.74224489796,11222.74224489796,8.10859815021509
2026-01-15 18:45:00+01:00,-200.0,200.0,11221.732040816327,11271.74224489796,8.10859815021509
2026-01-15 19:00:00+01:00,-250.0,250.0,11270.732040816327,11270.732040816327,66.891001778333
2026-01-15 19:15:00+01:00,-250.0,250.0,11281.971836734694,11331.982040816327,66.891001778333
2026-01-15 19:30:00+01:00,-250.0,250.0,11343.221836734694,11343.221836734694,66.891001778333
2026-01-15 19:45:00+01:00,-300.0,300.0,11354.461632653061,11404.471836734694,202.6729065402378
2026-01-15 20:00:00+01:00,-300.0,300.0,11427.961632653061,11427.961632653061,202.6729065402378
2026-01-15 20:15:00+01:00,-250.0,250.0,11451.451428571429,11501.461632653061,200.38262260057496
2026-01-15 20:30:00+01:00,-200.0,200.0,11512.701428571429,11512.701428571429,64.60071783867018
2026-01-15 20:45:00+01:00,-250.0,250.0,11511.691224489796,11561.701428571429,89.19282668220758
2026-01-15 21:00:00+01:00,-300.0,300.0,11572.941224489796,11572.941224489796,109.09609198833002
2026-01-15 21:15:00+01:00,-200.0,200.0,11596.431020408163,11646.441224489796,44.90653733980395
2026-01-15 21:30:00+01:00,-150.0,150.0,11645.431020408163,11645.431020408163,20.31442849626654
2026-01-15 21:45:00+01:00,-100.0,100.0,11632.17081632653,11682.181020408163,0.4111631901441067
2026-01-15 22:00:00+01:00,-100.0,100.0,11656.67081632653,11656.67081632653,0.4111631901441067
2026-01-15 22:15:00+01:00,-100.0,100.0,11631.160612244897,11681.17081632653,0.4111631901441067
2026-01-15 22:30:00+01:00,-100.0,100.0,11655.660612244897,11655.660612244897,0.4111631901441067
2026-01-15 22:45:00+01:00,-100.0,100.0,11630.150408163265,11680.160612244897,0.4111631901441067
2026-01-15 23:00:00+01:00,-100.0,100.0,11654.650408163265,11654.650408163265,0.4111631901441067
2026-01-15 23:15:00+01:00,-150.0,150.0,11629.140204081632,11679.150408163265,96.4838162513686
2026-01-15 23:30:00+01:00,-150.0,150.0,11665.890204081632,11665.890204081632,96.4838162513686
2026-01-15 23:45:00+01:00,-200.0,200.0,11652.63,11702.640204081632,131.63263257789922
2026-01-16 00:00:00+01:00,-200.0,200.0,11701.63,11701.63,131.63263257789922
2026-01-16 00:15:00+01:00,-150.0,150.0,11700.619795918366,11750.63,35.559979516674716
2026-01-16 00:30:00+01:00,-150.0,150.0,11737.369795918366,11737.369795918366,35.559979516674716
2026-01-16 00:45:00+01:00,-150.0,150.0,11724.109591836734,11774.119795918366,35.559979516674716
2026-01-16 01:00:00+01:00,-100.0,100.0,11760.859591836734,11760.859591836734,0.4111631901441067
2026-01-16 01:15:00+01:00,-100.0,100.0,11735.3493877551,11785.359591836734,0.4111631901441067
2026-01-16 01:30:00+01:00,-100.0,100.0,11759.8493877551,11759.8493877551,0.4111631901441067
2026-01-16 01:45:00+01:00,-150.0,150.0,11734.33918367347,11784.3493877551,41.36002616390503
2026-01-16 02:00:00+01:00,-150.0,150.0,11771.08918367347,11771.08918367347,41.36002616390503
2026-01-16 02:15:00+01:00,-150.0,150.0,11757.828979591837,11807.83918367347,41.36002616390503
2026-01-16 02:30:00+01:00,-150.0,150.0,11794.578979591837,11794.578979591837,41.36002616390503
2026-01-16 02:45:00+01:00,-150.0,150.0,11781.318775510204,11831.328979591837,41.36002616390503
2026-01-16 03:00:00+01:00,-150.0,150.0,11818.068775510204,11818.068775510204,41.36002616390503
2026-01-16 03:15:00+01:00,-150.0,150.0,11804.808571428572,11854.818775510204,41.36002616390503
2026-01-16 03:30:00+01:00,-100.0,100.0,11841.558571428572,11841.558571428572,0.4111631901441067
2026-01-16 03:45:00+01:00,-100.0,100.0,11816.048367346939,11866.058571428572,0.4111631901441067
2026-01-16 04:00:00+01:00,-150.0,150.0,11840.548367346939,11840.548367346939,584.0846325778991
2026-01-16 04:15:00+01:00,-100.0,100.0,11827.288163265306,11877.298367346939,0.4111631901441067
2026-01-16 04:30:00+01:00,-100.0,100.0,11851.788163265306,11851.788163265306,0.4111631901441067
2026-01-16 04:45:00+01:00,-100.0,100.0,11826.277959183673,11876.288163265306,0.4111631901441067
2026-01-16 05:00:00+01:00,-100.0,100.0,11850.777959183673,11850.777959183673,0.4111631901441067
2026-01-16 05:15:00+01:00,-150.0,150.0,11825.26775510204,11875.277959183673,18.859135979259754
2026-01-16 05:30:00+01:00,-150.0,150.0,11862.01775510204,11862.01775510204,18.859135979259754
2026-01-16 05:45:00+01:00,-150.0,150.0,11848.757551020408,11898.76775510204,18.859135979259754
2026-01-16 06:00:00+01:00,-150.0,150.0,11885.507551020408,11885.507551020408,18.859135979259754
2026-01-16 06:15:00+01:00,-150.0,150.0,11872.247346938775,11922.257551020408,18.859135979259754
2026-01-16 06:30:00+01:00,-150.0,150.0,11908.997346938775,11908.997346938775,18.859135979259754
2026-01-16 06:45:00+01:00,-150.0,150.0,11895.737142857142,11945.747346938775,18.859135979259754
2026-01-16 07:00:00+01:00,-200.0,200.0,11932.487142857142,11932.487142857142,21.184528287577503
2026-01-16 07:15:00+01:00,-200.0,200.0,11919.22693877551,11981.487142857142,21.184528287577503
2026-01-16 07:30:00+01:00,-200.0,200.0,11955.97693877551,11968.22693877551,21.184528287577503
2026-01-16 07:45:00+01:00,-200.0,200.0,11942.716734693877,12004.97693877551,21.184528287577503
2026-01-16 08:00:00+01:00,-200.0,200.0,11979.466734693877,11991.716734693877,21.184528287577503
2026-01-16 08:15:00+01:00,-300.0,300.0,11966.206530612244,12028.466734693877,22.90732907291627
2026-01-16 08:30:00+01:00,-400.0,400.0,11977.446326530611,12039.706530612244,26.606432142715615
2026-01-16 08:45:00+01:00,-400.0,400.0,11963.175918367348,12075.446326530611,26.606432142715615
2026-01-16 09:00:00+01:00,-350.0,350.0,11998.915714285715,12061.175918367348,8.158459353599971
2026-01-16 09:15:00+01:00,-350.0,350.0,11972.395306122447,12084.665714285715,8.158459353599971
2026-01-16 09:30:00+01:00,-400.0,400.0,11995.885102040815,12058.145306122447,8.44961209594691
2026-01-16 09:45:00+01:00,-400.0,400.0,11956.609591836735,12093.885102040815,8.44961209594691
2026-01-16 10:00:00+01:00,-400.0,400.0,11992.349387755103,12054.609591836735,8.44961209594691
2026-01-16 10:15:00+01:00,-400.0,400.0,11953.07387755102,12090.349387755103,8.44961209594691
2026-01-16 10:30:00+01:00,-400.0,400.0,11988.813673469387,12051.07387755102,8.44961209594691
2026-01-16 10:45:00+01:00,-400.0,400.0,11949.538163265308,12086.813673469387,8.44961209594691
2026-01-16 11:00:00+01:00,-400.0,400.0,11985.277959183675,12047.538163265308,8.44961209594691
2026-01-16 11:15:00+01:00,-400.0,400.0,11946.00244897959,12083.277959183675,8.44961209594691
2026-01-16 11:30:00+01:00,-400.0,400.0,11981.742244897958,12044.00244897959,8.44961209594691
2026-01-16 11:45:00+01:00,-400.0,400.0,11942.466734693879,12079.742244897958,8.44961209594691
2026-01-16 12:00:00+01:00,-400.0,400.0,11978.206530612246,12040.466734693879,8.44961209594691
2026-01-16 12:15:00+01:00,-400.0,400.0,11938.931020408161,12076.206530612246,8.44961209594691
2026-01-16 12:30:00+01:00,-400.0,400.0,11974.67081632653,12036.931020408161,8.44961209594691
2026-01-16 12:45:00+01:00,-400.0,400.0,11935.395306122451,12072.67081632653,8.44961209594691
2026-01-16 13:00:00+01:00,-400.0,400.0,11971.135102040816,12033.395306122451,8.44961209594691
2026-01-16 13:15:00+01:00,-400.0,400.0,11931.859591836734,12069.135102040816,8.44961209594691
2026-01-16 13:30:00+01:00,-400.0,400.0,11967.599387755103,12029.859591836734,8.44961209594691
2026-01-16 13:45:00+01:00,-400.0,400.0,11928.323877551022,12065.599387755103,8.44961209594691
2026-01-16 14:00:00+01:00,-400.0,400.0,11964.063673469387,12026.323877551022,8.44961209594691
2026-01-16 14:15:00+01:00,-400.0,400.0,11924.788163265304,12062.063673469387,8.44961209594691
2026-01-16 14:30:00+01:00,-400.0,400.0,11960.527959183673,12022.788163265304,8.44961209594691
2026-01-16 14:45:00+01:00,-400.0,400.0,11921.252448979592,12058.527959183673,8.44961209594691
2026-01-16 15:00:00+01:00,-400.0,400.0,11956.992244897958,12019.252448979592,8.44961209594691
2026-01-16 15:15:00+01:00,-400.0,400.0,11917.716734693875,12054.992244897958,8.44961209594691
2026-01-16 15:30:00+01:00,-400.0,400.0,11953.456530612244,12015.716734693875,8.44961209594691
2026-01-16 15:45:00+01:00,-400.0,400.0,11914.181020408163,12051.456530612244,8.44961209594691
2026-01-16 16:00:00+01:00,-400.0,400.0,11949.920816326528,12012.181020408163,8.44961209594691
2026-01-16 16:15:00+01:00,-400.0,400.0,11910.645306122446,12047.920816326528,8.44961209594691
2026-01-16 16:30:00+01:00,-400.0,400.0,11946.385102040815,12008.645306122446,8.44961209594691
2026-01-16 16:45:00+01:00,-400.0,400.0,11907.109591836734,12044.385102040815,8.44961209594691
2026-01-16 17:00:00+01:00,-400.0,400.0,11942.8493877551,12005.109591836734,8.44961209594691
2026-01-16 17:15:00+01:00,-400.0,400.0,11903.57387755102,12040.8493877551,8.44961209594691
2026-01-16 17:30:00+01:00,-400.0,400.0,11939.313673469387,12001.57387755102,8.44961209594691
2026-01-16 17:45:00+01:00,-400.0,400.0,11900.038163265306,12037.313673469387,8.44961209594691
2026-01-16 18:00:00+01:00,-400.0,400.0,11935.777959183673,11998.038163265306,8.44961209594691
2026-01-16 18:15:00+01:00,-400.0,400.0,11896.502448979594,12033.777959183673,8.44961209594691
2026-01-16 18:30:00+01:00,-400.0,400.0,11932.242244897961,11994.502448979594,8.44961209594691
2026-01-16 18:45:00+01:00,-400.0,400.0,11892.966734693877,12030.242244897961,8.44961209594691
2026-01-16 19:00:00+01:00,-400.0,400.0,11928.706530612244,11990.966734693877,8.44961209594691
2026-01-16 19:15:00+01:00,-400.0,400.0,11889.431020408165,12026.706530612244,8.44961209594691
2026-01-16 19:30:00+01:00,-400.0,400.0,11925.170816326532,11987.431020408165,8.44961209594691
2026-01-16 19:45:00+01:00,-400.0,400.0,11885.895306122447,12023.170816326532,8.44961209594691
2026-01-16 20:00:00+01:00,-400.0,400.0,11921.635102040815,11983.895306122447,8.44961209594691
2026-01-16 20:15:00+01:00,-400.0,400.0,11882.359591836735,12019.635102040815,8.44961209594691
2026-01-16 20:30:00+01:00,-400.0,400.0,11918.099387755103,11980.359591836735,8.44961209594691
2026-01-16 20:45:00+01:00,-400.0,400.0,11878.82387755102,12016.099387755103,8.44961209594691
2026-01-16 21:00:00+01:00,-400.0,400.0,11914.563673469389,11976.82387755102,8.44961209594691
2026-01-16 21:15:00+01:00,-400.0,400.0,11875.288163265308,12012.563673469389,8.44961209594691
2026-01-16 21:30:00+01:00,-400.0,400.0,11911.027959183673,11973.288163265308,8.44961209594691
2026-01-16 21:45:00+01:00,-400.0,400.0,11871.75244897959,12009.027959183673,8.44961209594691
2026-01-16 22:00:00+01:00,-400.0,400.0,11907.49224489796,11969.75244897959,8.44961209594691
2026-01-16 22:15:00+01:00,-400.0,400.0,11868.216734693879,12005.49224489796,8.44961209594691
2026-01-16 22:30:00+01:00,-400.0,400.0,11903.956530612244,11966.216734693879,8.44961209594691
2026-01-16 22:45:00+01:00,-400.0,400.0,11864.681020408161,12001.956530612244,8.44961209594691
2026-01-16 23:00:00+01:00,-400.0,400.0,11900.42081632653,11962.681020408161,8.44961209594691
2026-01-16 23:15:00+01:00,-400.0,400.0,11861.14530612245,11998.42081632653,8.44961209594691
2026-01-16 23:30:00+01:00,-400.0,400.0,11896.885102040815,11959.14530612245,8.44961209594691
2026-01-16 23:45:00+01:00,-400.0,400.0,11857.609591836732,11994.885102040815,8.44961209594691
2026-01-17 00:00:00+01:00,-400.0,400.0,11893.3493877551,11955.609591836732,8.44961209594691
2026-01-17 00:15:00+01:00,-400.0,400.0,11854.07387755102,11991.3493877551,8.44961209594691
2026-01-17 00:30:00+01:00,-400.0,400.0,11889.813673469387,11952.07387755102,8.44961209594691
2026-01-17 00:45:00+01:00,-400.0,400.0,11850.538163265306,11987.813673469387,8.44961209594691
2026-01-17 01:00:00+01:00,-400.0,400.0,11886.277959183673,11948.538163265306,8.44961209594691
2026-01-17 01:15:00+01:00,-400.0,400.0,11847.00244897959,11984.277959183673,8.44961209594691
2026-01-17 01:30:00+01:00,-400.0,400.0,11882.742244897958,11945.00244897959,8.44961209594691
2026-01-17 01:45:00+01:00,-400.0,400.0,11843.466734693879,11980.742244897958,8.44961209594691
2026-01-17 02:00:00+01:00,-400.0,400.0,11879.206530612246,11941.466734693879,8.44961209594691
2026-01-17 02:15:00+01:00,-400.0,400.0,11839.931020408163,11977.206530612246,8.44961209594691
2026-01-17 02:30:00+01:00,-400.0,400.0,11875.67081632653,11937.931020408163,8.44961209594691
2026-01-17 02:45:00+01:00,-400.0,400.0,11836.395306122451,11973.67081632653,8.44961209594691
2026-01-17 03:00:00+01:00,-400.0,400.0,11872.135102040818,11934.395306122451,8.44961209594691
2026-01-17 03:15:00+01:00,-400.0,400.0,11832.859591836734,11970.135102040818,8.44961209594691
2026-01-17 03:30:00+01:00,-400.0,400.0,11868.5993877551,11930.859591836734,8.44961209594691
2026-01-17 03:45:00+01:00,-400.0,400.0,11829.323877551022,11966.5993877551,8.44961209594691
2026-01-17 04:00:00+01:00,-400.0,400.0,11865.063673469389,11927.323877551022,8.44961209594691
2026-01-17 04:15:00+01:00,-400.0,400.0,11825.788163265304,11963.063673469389,8.44961209594691
2026-01-17 04:30:00+01:00,-400.0,400.0,11861.527959183673,11923.788163265304,8.44961209594691
2026-01-17 04:45:00+01:00,-400.0,400.0,11822.252448979594,11959.527959183673,8.44961209594691
2026-01-17 05:00:00+01:00,-400.0,400.0,11857.99224489796,11920.252448979594,8.44961209594691
2026-01-17 05:15:00+01:00,-400.0,400.0,11818.716734693877,11955.99224489796,8.44961209594691
2026-01-17 05:30:00+01:00,-400.0,400.0,11854.456530612246,11916.716734693877,8.44961209594691
2026-01-17 05:45:00+01:00,-400.0,400.0,11815.181020408165,11952.456530612246,8.44961209594691
2026-01-17 06:00:00+01:00,-400.0,400.0,11850.92081632653,11913.181020408165,8.44961209594691
2026-01-17 06:15:00+01:00,-400.0,400.0,11811.645306122447,11948.92081632653,8.44961209594691
2026-01-17 06:30:00+01:00,-400.0,400.0,11847.385102040816,11909.645306122447,8.44961209594691
2026-01-17 06:45:00+01:00,-400.0,400.0,11808.109591836735,11945.385102040816,8.44961209594691
2026-01-17 07:00:00+01:00,-400.0,400.0,11843.8493877551,11906.109591836735,8.44961209594691
2026-01-17 07:15:00+01:00,-400.0,400.0,11804.573877551018,11941.8493877551,8.44961209594691
2026-01-17 07:30:00+01:00,-400.0,400.0,11840.313673469387,11902.573877551018,8.44961209594691
2026-01-17 07:45:00+01:00,-400.0,400.0,11801.038163265306,11938.313673469387,8.44961209594691
2026-01-17 08:00:00+01:00,-400.0,400.0,11836.777959183672,11899.038163265306,8.44961209594691
2026-01-17 08:15:00+01:00,-400.0,400.0,11797.502448979589,11934.777959183672,8.44961209594691
2026-01-17 08:30:00+01:00,-400.0,400.0,11833.242244897958,11895.502448979589,8.44961209594691
2026-01-17 08:45:00+01:00,-400.0,400.0,11793.966734693877,11931.242244897958,8.44961209594691
2026-01-17 09:00:00+01:00,-400.0,400.0,11829.706530612244,11891.966734693877,8.44961209594691
2026-01-17 09:15:00+01:00,-400.0,400.0,11790.431020408163,11927.706530612244,8.44961209594691
2026-01-17 09:30:00+01:00,-400.0,400.0,11826.17081632653,11888.431020408163,8.44961209594691
2026-01-17 09:45:00+01:00,-400.0,400.0,11786.89530612245,11924.17081632653,8.44961209594691
2026-01-17 10:00:00+01:00,-400.0,400.0,11822.635102040816,11884.89530612245,8.44961209594691
2026-01-17 10:15:00+01:00,-400.0,400.0,11783.359591836737,11920.635102040816,8.44961209594691
2026-01-17 10:30:00+01:00,-400.0,400.0,11819.099387755103,11881.359591836737,8.44961209594691
2026-01-17 10:45:00+01:00,-400.0,400.0,11779.82387755102,11917.099387755103,8.44961209594691
2026-01-17 11:00:00+01:00,-400.0,400.0,11815.563673469387,11877.82387755102,8.44961209594691
2026-01-17 11:15:00+01:00,-400.0,400.0,11776.288163265308,11913.563673469387,8.44961209594691
2026-01-17 11:30:00+01:00,-400.0,400.0,11812.027959183675,11874.288163265308,8.44961209594691
2026-01-17 11:45:00+01:00,-400.0,400.0,11772.75244897959,11910.027959183675,8.44961209594691
2026-01-17 12:00:00+01:00,-400.0,400.0,11808.492244897958,11870.75244897959,8.44961209594691
2026-01-17 12:15:00+01:00,-400.0,400.0,11769.216734693879,11906.492244897958,8.44961209594691
2026-01-17 12:30:00+01:00,-400.0,400.0,11804.956530612246,11867.216734693879,8.44961209594691
2026-01-17 12:45:00+01:00,-400.0,400.0,11765.681020408163,11902.956530612246,8.44961209594691
2026-01-17 13:00:00+01:00,-400.0,400.0,11801.42081632653,11863.681020408163,8.44961209594691
2026-01-17 13:15:00+01:00,-400.0,400.0,11762.145306122451,11899.42081632653,8.44961209594691
2026-01-17 13:30:00+01:00,-400.0,400.0,11797.885102040816,11860.145306122451,8.44961209594691
2026-01-17 13:45:00+01:00,-400.0,400.0,11758.609591836734,11895.885102040816,8.44961209594691
2026-01-17 14:00:00+01:00,-400.0,400.0,11794.349387755103,11856.609591836734,8.44961209594691
2026-01-17 14:15:00+01:00,-400.0,400.0,11755.073877551022,11892.349387755103,8.44961209594691
2026-01-17 14:30:00+01:00,-400.0,400.0,11790.813673469387,11853.073877551022,8.44961209594691
2026-01-17 14:45:00+01:00,-400.0,400.0,11751.538163265304,11888.813673469387,8.44961209594691
2026-01-17 15:00:00+01:00,-400.0,400.0,11787.277959183673,11849.538163265304,8.44961209594691
2026-01-17 15:15:00+01:00,-400.0,400.0,11756.048375510205,11885.277959183673,8.44961209594691
2026-01-17 15:30:00+01:00,-400.0,400.0,11791.78817142857,11854.048375510205,8.44961209594691
2026-01-17 15:45:00+01:00,-400.0,400.0,11777.517763265305,11889.78817142857,8.44961209594691
2026-01-17 16:00:00+01:00,-400.0,400.0,11813.257559183674,11875.517763265305,8.44961209594691
2026-01-17 16:15:00+01:00,-400.0,400.0,11798.987151020408,11911.257559183674,8.44961209594691
2026-01-17 16:30:00+01:00,-400.0,400.0,11834.726946938776,11896.987151020408,8.44961209594691
2026-01-17 16:45:00+01:00,-400.0,400.0,11820.45653877551,11932.726946938776,8.44961209594691
2026-01-17 17:00:00+01:00,-400.0,400.0,11856.196334693877,11918.45653877551,8.44961209594691
2026-01-17 17:15:00+01:00,-400.0,400.0,11841.925926530612,11954.196334693877,8.44961209594691
2026-01-17 17:30:00+01:00,-400.0,400.0,11877.665722448979,11939.925926530612,8.44961209594691
2026-01-17 17:45:00+01:00,-400.0,400.0,11863.395314285715,11975.665722448979,8.44961209594691
2026-01-17 18:00:00+01:00,-400.0,400.0,11899.13511020408,11961.395314285715,8.44961209594691
2026-01-17 18:15:00+01:00,-400.0,400.0,11884.864702040817,11997.13511020408,8.44961209594691
2026-01-17 18:30:00+01:00,-400.0,400.0,11920.604497959184,11982.864702040817,8.44961209594691
2026-01-17 18:45:00+01:00,-400.0,400.0,11906.33408979592,12018.604497959184,8.44961209594691
2026-01-17 19:00:00+01:00,-400.0,400.0,11942.073885714288,12004.33408979592,8.44961209594691
2026-01-17 19:15:00+01:00,-400.0,400.0,11927.80347755102,12040.073885714288,8.44961209594691
2026-01-17 19:30:00+01:00,-400.0,400.0,11963.543273469388,12025.80347755102,8.44961209594691
2026-01-17 19:45:00+01:00,-400.0,400.0,11949.272865306124,12061.543273469388,8.44961209594691
2026-01-17 20:00:00+01:00,-400.0,400.0,11985.012661224491,12047.272865306124,8.44961209594691
2026-01-17 20:15:00+01:00,-400.0,400.0,11970.742253061224,12083.012661224491,8.44961209594691
2026-01-17 20:30:00+01:00,-400.0,400.0,12006.482048979593,12068.742253061224,8.44961209594691
2026-01-17 20:45:00+01:00,-400.0,400.0,11992.21164081633,12104.482048979593,8.44961209594691
2026-01-17 21:00:00+01:00,-400.0,400.0,12027.951436734695,12090.21164081633,8.44961209594691
2026-01-17 21:15:00+01:00,-400.0,400.0,12013.68102857143,12125.951436734695,8.44961209594691
2026-01-17 21:30:00+01:00,-400.0,400.0,12049.420824489798,12111.68102857143,8.44961209594691
2026-01-17 21:45:00+01:00,-400.0,400.0,12035.150416326533,12147.420824489798,8.44961209594691
2026-01-17 22:00:00+01:00,-400.0,400.0,12070.890212244898,12133.150416326533,8.44961209594691
2026-01-17 22:15:00+01:00,-400.0,400.0,12056.619804081633,12168.890212244898,8.44961209594691
2026-01-17 22:30:00+01:00,-400.0,400.0,12092.359600000002,12154.619804081633,8.44961209594691
2026-01-17 22:45:00+01:00,-400.0,400.0,12078.089191836736,12190.359600000002,8.44961209594691
2026-01-17 23:00:00+01:00,-350.0,350.0,12113.828987755101,12176.089191836736,6.168737460378396
2026-01-17 23:15:00+01:00,-350.0,350.0,12087.308579591836,12199.578987755101,6.168737460378396
2026-01-17 23:30:00+01:00,-350.0,350.0,12110.798375510205,12173.058579591836,6.168737460378396
2026-01-17 23:45:00+01:00,-350.0,350.0,12084.27796734694,12196.548375510205,6.168737460378396
2026-01-18 00:00:00+01:00,-350.0,350.0,12107.767763265305,12170.02796734694,6.168737460378396
2026-01-18 00:15:00+01:00,-350.0,350.0,12081.24735510204,12193.517763265305,6.168737460378396
2026-01-18 00:30:00+01:00,-350.0,350.0,12104.737151020408,12166.99735510204,6.168737460378396
2026-01-18 00:45:00+01:00,-350.0,350.0,12078.216742857143,12190.487151020408,6.168737460378396
2026-01-18 01:00:00+01:00,-350.0,350.0,12101.70653877551,12163.966742857143,6.168737460378396
2026-01-18 01:15:00+01:00,-350.0,350.0,12075.186130612245,12187.45653877551,6.168737460378396
2026-01-18 01:30:00+01:00,-350.0,350.0,12098.675926530612,12160.936130612245,6.168737460378396
2026-01-18 01:45:00+01:00,-350.0,350.0,12072.155518367348,12184.425926530612,6.168737460378396
2026-01-18 02:00:00+01:00,-350.0,350.0,12095.645314285715,12157.905518367348,6.168737460378396
2026-01-18 02:15:00+01:00,-350.0,350.0,12069.124906122452,12181.395314285715,6.168737460378396
2026-01-18 02:30:00+01:00,-350.0,350.0,12092.614702040819,12154.874906122452,6.168737460378396
2026-01-18 02:45:00+01:00,-350.0,350.0,12066.094293877552,12178.364702040819,6.168737460378396
2026-01-18 03:00:00+01:00,-400.0,400.0,12089.584089795919,12151.844293877552,8.335625215480437
2026-01-18 03:15:00+01:00,-400.0,400.0,12050.30857959184,12187.584089795919,8.335625215480437
2026-01-18 03:30:00+01:00,-400.0,400.0,12086.048375510207,12148.30857959184,8.335625215480437
2026-01-18 03:45:00+01:00,-400.0,400.0,12046.772865306122,12184.048375510207,8.335625215480437
2026-01-18 04:00:00+01:00,-400.0,400.0,12082.51266122449,12144.772865306122,8.335625215480437
2026-01-18 04:15:00+01:00,-400.0,400.0,12043.23715102041,12180.51266122449,8.335625215480437
2026-01-18 04:30:00+01:00,-400.0,400.0,12078.976946938777,12141.23715102041,8.335625215480437
2026-01-18 04:45:00+01:00,-400.0,400.0,12039.701436734695,12176.976946938777,8.335625215480437
2026-01-18 05:00:00+01:00,-400.0,400.0,12075.441232653062,12137.701436734695,8.335625215480437
2026-01-18 05:15:00+01:00,-400.0,400.0,12036.165722448983,12173.441232653062,8.335625215480437
2026-01-18 05:30:00+01:00,-400.0,400.0,12071.905518367348,12134.165722448983,8.335625215480437
2026-01-18 05:45:00+01:00,-400.0,400.0,12032.630008163265,12169.905518367348,8.335625215480437
2026-01-18 06:00:00+01:00,-400.0,400.0,12068.369804081634,12130.630008163265,8.335625215480437
2026-01-18 06:15:00+01:00,-400.0,400.0,12029.094293877553,12166.369804081634,8.335625215480437
2026-01-18 06:30:00+01:00,-400.0,400.0,12064.834089795919,12127.094293877553,8.335625215480437
2026-01-18 06:45:00+01:00,-400.0,400.0,12025.558579591836,12162.834089795919,8.335625215480437
2026-01-18 07:00:00+01:00,-400.0,400.0,12061.298375510205,12123.558579591836,8.335625215480437
2026-01-18 07:15:00+01:00,-400.0,400.0,12022.022865306124,12159.298375510205,8.335625215480437
2026-01-18 07:30:00+01:00,-400.0,400.0,12057.76266122449,12120.022865306124,8.335625215480437
2026-01-18 07:45:00+01:00,-400.0,400.0,12018.487151020407,12155.76266122449,8.335625215480437
2026-01-18 08:00:00+01:00,-400.0,400.0,12054.226946938776,12116.487151020407,8.335625215480437
2026-01-18 08:15:00+01:00,-400.0,400.0,12014.951436734695,12152.226946938776,8.335625215480437
2026-01-18 08:30:00+01:00,-400.0,400.0,12050.691232653062,12112.951436734695,8.335625215480437
2026-01-18 08:45:00+01:00,-400.0,400.0,12011.415722448977,12148.691232653062,8.335625215480437
2026-01-18 09:00:00+01:00,-400.0,400.0,12047.155518367346,12109.415722448977,8.335625215480437
2026-01-18 09:15:00+01:00,-400.0,400.0,12007.880008163265,12145.155518367346,8.335625215480437
2026-01-18 09:30:00+01:00,-400.0,400.0,12043.619804081633,12105.880008163265,8.335625215480437
2026-01-18 09:45:00+01:00,-400.0,400.0,12004.344293877552,12141.619804081633,8.335625215480437
2026-01-18 10:00:00+01:00,-400.0,400.0,12040.084089795919,12102.344293877552,8.335625215480437
2026-01-18 10:15:00+01:00,-400.0,400.0,12009.308579591838,12138.084089795919,8.335625215480437
2026-01-18 10:30:00+01:00,-400.0,400.0,12057.298375510205,12107.308579591838,8.335625215480437
2026-01-18 10:45:00+01:00,-400.0,400.0,12030.272865306124,12155.298375510205,8.335625215480437
2026-01-18 11:00:00+01:00,-400.0,400.0,12078.262661224491,12128.272865306124,8.335625215480437
2026-01-18 11:15:00+01:00,-400.0,400.0,12051.237151020408,12176.262661224491,8.335625215480437
2026-01-18 11:30:00+01:00,-400.0,400.0,12099.226946938776,12149.237151020408,8.335625215480437
2026-01-18 11:45:00+01:00,-400.0,400.0,12072.201436734696,12197.226946938776,8.335625215480437
2026-01-18 12:00:00+01:00,-400.0,400.0,12120.191232653064,12170.201436734696,8.335625215480437
2026-01-18 12:15:00+01:00,-400.0,400.0,12108.983934693877,12218.191232653064,8.335625215480437
2026-01-18 12:30:00+01:00,-400.0,400.0,12156.973730612246,12206.983934693877,8.335625215480437
2026-01-18 12:45:00+01:00,-400.0,400.0,12154.953322448982,12254.973730612246,8.335625215480437
2026-01-18 13:00:00+01:00,-400.0,400.0,12213.230334693879,12252.953322448982,8.335625215480437
2026-01-18 13:15:00+01:00,-400.0,400.0,12211.209926530611,12311.230334693879,8.335625215480437
2026-01-18 13:30:00+01:00,-400.0,400.0,12284.204824489796,12309.209926530611,8.335625215480437
2026-01-18 13:45:00+01:00,-400.0,400.0,12282.184416326532,12382.204824489796,8.335625215480437
2026-01-18 14:00:00+01:00,-400.0,400.0,12355.179314285715,12380.184416326532,8.335625215480437
2026-01-18 14:15:00+01:00,-400.0,400.0,12353.158906122448,12453.179314285715,8.335625215480437
2026-01-18 14:30:00+01:00,-400.0,400.0,12426.153804081632,12451.158906122448,8.335625215480437
2026-01-18 14:45:00+01:00,-400.0,400.0,12424.133395918368,12524.153804081632,8.335625215480437
2026-01-18 15:00:00+01:00,-400.0,400.0,12497.128293877551,12522.133395918368,8.335625215480437
2026-01-18 15:15:00+01:00,-400.0,400.0,12495.107885714284,12595.128293877551,8.335625215480437
2026-01-18 15:30:00+01:00,-400.0,400.0,12568.102783673468,12593.107885714284,8.335625215480437
2026-01-18 15:45:00+01:00,-400.0,400.0,12566.082375510205,12666.102783673468,8.335625215480437
2026-01-18 16:00:00+01:00,-400.0,400.0,12639.077273469387,12664.082375510205,8.335625215480437
2026-01-18 16:15:00+01:00,-400.0,400.0,12637.05686530612,12737.077273469387,8.335625215480437
2026-01-18 16:30:00+01:00,-400.0,400.0,12710.051763265305,12735.05686530612,8.335625215480437
2026-01-18 16:45:00+01:00,-400.0,400.0,12708.03135510204,12808.051763265305,8.335625215480437
2026-01-18 17:00:00+01:00,-400.0,400.0,12781.026253061225,12806.03135510204,8.335625215480437
2026-01-18 17:15:00+01:00,-400.0,400.0,12779.005844897958,12879.026253061225,8.335625215480437
2026-01-18 17:30:00+01:00,-400.0,400.0,12852.00074285714,12877.005844897958,8.335625215480437
2026-01-18 17:45:00+01:00,-400.0,400.0,12871.028995918368,12950.00074285714,8.335625215480437
2026-01-18 18:00:00+01:00,-400.0,400.0,12944.023893877553,12969.028995918368,8.335625215480437
2026-01-18 18:15:00+01:00,-400.0,400.0,12967.008587755105,13042.023893877553,8.335625215480437
2026-01-18 18:30:00+01:00,-400.0,400.0,13040.003485714287,13065.008587755105,8.335625215480437
2026-01-18 18:45:00+01:00,-400.0,400.0,13062.988179591837,13138.003485714287,8.335625215480437
2026-01-18 19:00:00+01:00,-400.0,400.0,13135.983077551022,13160.988179591837,8.335625215480437
2026-01-18 19:15:00+01:00,-400.0,400.0,13158.967771428574,13233.983077551022,8.335625215480437
2026-01-18 19:30:00+01:00,-400.0,400.0,13231.962669387756,13256.967771428574,8.335625215480437
2026-01-18 19:45:00+01:00,-350.0,350.0,13254.947363265306,13329.962669387756,7.155525747121665
2026-01-18 20:00:00+01:00,-300.0,300.0,13315.69226122449,13340.697363265306,5.73729731289083
2026-01-18 20:15:00+01:00,-350.0,350.0,13314.176955102042,13389.19226122449,15.659746292482653
2026-01-18 20:30:00+01:00,-350.0,350.0,13359.765853061224,13399.926955102042,15.659746292482653
2026-01-18 20:45:00+01:00,-350.0,350.0,13370.500546938774,13445.515853061224,15.659746292482653
2026-01-18 21:00:00+01:00,-350.0,350.0,13431.245444897959,13456.250546938774,28.493266700645925
2026-01-18 21:15:00+01:00,-350.0,350.0,13441.98013877551,13516.995444897959,28.493266700645925
2026-01-18 21:30:00+01:00,-350.0,350.0,13502.725036734693,13527.73013877551,28.493266700645925
2026-01-18 21:45:00+01:00,-300.0,300.0,13513.459730612243,13588.475036734693,46.10032337191999
2026-01-18 22:00:00+01:00,-250.0,250.0,13561.954628571428,13586.959730612243,31.09991520865469
2026-01-18 22:15:00+01:00,-200.0,200.0,13548.18932244898,13623.204628571428,1.2450172494710392
2026-01-18 22:30:00+01:00,-200.0,200.0,13572.184220408162,13597.18932244898,1.2450172494710392
2026-01-18 22:45:00+01:00,-200.0,200.0,13558.840865306121,13621.184220408162,1.2450172494710392
2026-01-18 23:00:00+01:00,-200.0,200.0,13582.835763265306,13607.840865306121,1.2450172494710392
2026-01-18 23:15:00+01:00,-200.0,200.0,13581.825559183673,13631.835763265306,1.2450172494710392
2026-01-18 23:30:00+01:00,-200.0,200.0,13605.820457142856,13630.825559183673,1.2450172494710392
2026-01-18 23:45:00+01:00,-200.0,200.0,13604.810253061223,13654.820457142856,1.2450172494710392
2026-01-19 00:00:00+01:00,-200.0,200.0,13628.805151020408,13653.810253061223,1.2450172494710392
2026-01-19 00:15:00+01:00,-200.0,200.0,13627.794946938775,13677.805151020408,1.2450172494710392
2026-01-19 00:30:00+01:00,-200.0,200.0,13651.78984489796,13676.794946938775,1.2450172494710392
2026-01-19 00:45:00+01:00,-200.0,200.0,13650.779640816327,13700.78984489796,1.2450172494710392
2026-01-19 01:00:00+01:00,-250.0,250.0,13674.77453877551,13699.779640816327,71.3831124875663
2026-01-19 01:15:00+01:00,-250.0,250.0,13686.014334693877,13736.02453877551,71.3831124875663
2026-01-19 01:30:00+01:00,-200.0,200.0,13722.259232653061,13747.264334693877,71.09195974521936
2026-01-19 01:45:00+01:00,-150.0,150.0,13721.249028571428,13771.259232653061,0.9538645071241005
2026-01-19 02:00:00+01:00,-200.0,200.0,13732.993926530611,13757.999028571428,53.815225051341805
2026-01-19 02:15:00+01:00,-200.0,200.0,13731.98372244898,13781.993926530611,53.815225051341805
2026-01-19 02:30:00+01:00,-200.0,200.0,13755.978620408165,13780.98372244898,53.815225051341805
2026-01-19 02:45:00+01:00,-200.0,200.0,13754.968416326532,13804.978620408165,48.36760600372274
2026-01-19 03:00:00+01:00,-200.0,200.0,13778.963314285715,13803.968416326532,48.36760600372274
2026-01-19 03:15:00+01:00,-250.0,250.0,13777.953110204082,13827.963314285715,98.01876246630779
2026-01-19 03:30:00+01:00,-250.0,250.0,13814.198008163266,13839.203110204082,98.01876246630779
2026-01-19 03:45:00+01:00,-250.0,250.0,13825.437804081634,13875.448008163266,98.01876246630779
2026-01-19 04:00:00+01:00,-250.0,250.0,13861.682702040816,13886.687804081634,98.01876246630779
2026-01-19 04:15:00+01:00,-200.0,200.0,13872.922497959184,13922.932702040816,50.60502096970914
2026-01-19 04:30:00+01:00,-200.0,200.0,13896.917395918368,13921.922497959184,50.60502096970914
2026-01-19 04:45:00+01:00,-200.0,200.0,13895.907191836735,13945.917395918368,8.94654307855267
2026-01-19 05:00:00+01:00,-200.0,200.0,13894.896987755103,13944.907191836735,8.94654307855267
2026-01-19 05:15:00+01:00,-200.0,200.0,13893.88678367347,13943.896987755103,8.94654307855267
2026-01-19 05:30:00+01:00,-200.0,200.0,13892.876579591837,13942.88678367347,8.94654307855267
2026-01-19 05:45:00+01:00,-200.0,200.0,13891.866375510204,13941.876579591837,8.94654307855267
2026-01-19 06:00:00+01:00,-200.0,200.0,13895.19667755102,13940.866375510204,8.94654307855267
2026-01-19 06:15:00+01:00,-200.0,200.0,13894.186473469386,13944.19667755102,8.94654307855267
2026-01-19 06:30:00+01:00,-200.0,200.0,13918.18137142857,13943.186473469386,8.94654307855267
2026-01-19 06:45:00+01:00,-200.0,200.0,13917.171167346938,13967.18137142857,8.94654307855267
2026-01-19 07:00:00+01:00,-200.0,200.0,13941.16606530612,13966.171167346938,8.94654307855267
2026-01-19 07:15:00+01:00,-250.0,250.0,13940.155861224488,13990.16606530612,21.232869609164915
2026-01-19 07:30:00+01:00,-250.0,250.0,13974.725559183673,14001.405861224488,21.232869609164915
2026-01-19 07:45:00+01:00,-250.0,250.0,13985.96535510204,14035.975559183673,21.232869609164915
2026-01-19 08:00:00+01:00,-250.0,250.0,14022.210253061223,14047.21535510204,21.232869609164915
2026-01-19 08:15:00+01:00,-300.0,300.0,14033.45004897959,14083.460253061223,26.429685935695527
2026-01-19 08:30:00+01:00,-300.0,300.0,14056.93984489796,14106.95004897959,26.429685935695527
2026-01-19 08:45:00+01:00,-350.0,350.0,14080.429640816326,14130.43984489796,32.01751756834859
2026-01-19 09:00:00+01:00,-350.0,350.0,14066.159232653063,14166.179640816326,32.01751756834859
2026-01-19 09:15:00+01:00,-300.0,300.0,14101.89902857143,14151.909232653063,19.731191037736348
2026-01-19 09:30:00+01:00,-300.0,300.0,14075.378620408163,14175.39902857143,19.731191037736348
2026-01-19 09:45:00+01:00,-300.0,300.0,14098.868416326532,14148.878620408163,19.731191037736348
2026-01-19 10:00:00+01:00,-300.0,300.0,14072.348008163264,14172.368416326532,19.731191037736348
2026-01-19 10:15:00+01:00,-300.0,300.0,14095.837804081633,14145.848008163264,19.731191037736348
2026-01-19 10:30:00+01:00,-300.0,300.0,14069.317395918368,14169.337804081633,19.731191037736348
2026-01-19 10:45:00+01:00,-300.0,300.0,14092.807191836735,14142.817395918368,19.731191037736348
2026-01-19 11:00:00+01:00,-300.0,300.0,14066.286783673471,14166.307191836735,19.731191037736348
2026-01-19 11:15:00+01:00,-300.0,300.0,14089.776579591839,14139.786783673471,19.731191037736348
2026-01-19 11:30:00+01:00,-300.0,300.0,14063.256171428571,14163.276579591839,19.731191037736348
2026-01-19 11:45:00+01:00,-300.0,300.0,14086.745967346938,14136.756171428571,19.731191037736348
2026-01-19 12:00:00+01:00,-300.0,300.0,14060.225559183673,14160.245967346938,19.731191037736348
2026-01-19 12:15:00+01:00,-350.0,350.0,14083.71535510204,14133.725559183673,70.74425226222613
2026-01-19 12:30:00+01:00,-350.0,350.0,14069.444946938775,14169.46535510204,70.74425226222613
2026-01-19 12:45:00+01:00,-350.0,350.0,14105.184742857142,14155.194946938775,70.74425226222613
2026-01-19 13:00:00+01:00,-300.0,300.0,14090.914334693878,14190.934742857142,19.731191037736348
2026-01-19 13:15:00+01:00,-300.0,300.0,14114.404130612245,14164.414334693878,19.731191037736348
2026-01-19 13:30:00+01:00,-300.0,300.0,14087.883722448978,14187.904130612245,19.731191037736348
2026-01-19 13:45:00+01:00,-300.0,300.0,14111.373518367345,14161.383722448978,19.731191037736348
2026-01-19 14:00:00+01:00,-300.0,300.0,14088.604555102042,14184.873518367345,19.731191037736348
2026-01-19 14:15:00+01:00,-300.0,300.0,14112.094351020409,14162.104555102042,19.731191037736348
2026-01-19 14:30:00+01:00,-300.0,300.0,14135.584146938776,14185.594351020409,19.731191037736348
2026-01-19 14:45:00+01:00,-300.0,300.0,14159.073942857143,14209.084146938776,19.731191037736348
2026-01-19 15:00:00+01:00,-300.0,300.0,14182.56373877551,14232.573942857143,19.731191037736348
2026-01-19 15:15:00+01:00,-300.0,300.0,14206.053534693878,14256.06373877551,19.731191037736348
2026-01-19 15:30:00+01:00,-300.0,300.0,14229.543330612245,14279.553534693878,19.731191037736348
2026-01-19 15:45:00+01:00,-300.0,300.0,14253.033126530612,14303.043330612245,19.731191037736348
2026-01-19 16:00:00+01:00,-300.0,300.0,14282.96295510204,14326.533126530612,19.731191037736348
2026-01-19 16:15:00+01:00,-300.0,300.0,14306.452751020408,14356.46295510204,19.731191037736348
2026-01-19 16:30:00+01:00,-300.0,300.0,14354.947648979592,14379.952751020408,19.731191037736348
2026-01-19 16:45:00+01:00,-300.0,300.0,14378.43744489796,14428.447648979592,19.731191037736348
2026-01-19 17:00:00+01:00,-350.0,350.0,14426.932342857142,14451.93744489796,36.923617341591225
2026-01-19 17:15:00+01:00,-350.0,350.0,14462.67213877551,14512.682342857142,36.923617341591225
2026-01-19 17:30:00+01:00,-350.0,350.0,14523.417036734694,14548.42213877551,36.923617341591225
2026-01-19 17:45:00+01:00,-350.0,350.0,14559.156832653061,14609.167036734694,36.923617341591225
2026-01-19 18:00:00+01:00,-350.0,350.0,14619.901730612244,14644.906832653061,36.923617341591225
2026-01-19 18:15:00+01:00,-350.0,350.0,14655.641526530613,14705.651730612244,36.923617341591225
2026-01-19 18:30:00+01:00,-350.0,350.0,14716.386424489798,14741.391526530613,36.923617341591225
2026-01-19 18:45:00+01:00,-350.0,350.0,14752.126220408165,14802.136424489798,36.923617341591225
2026-01-19 19:00:00+01:00,-350.0,350.0,14812.871118367348,14837.876220408165,36.923617341591225
2026-01-19 19:15:00+01:00,-350.0,350.0,14848.610914285715,14898.621118367348,36.923617341591225
2026-01-19 19:30:00+01:00,-350.0,350.0,14909.3558122449,14934.360914285715,36.923617341591225
2026-01-19 19:45:00+01:00,-350.0,350.0,14945.095608163267,14995.1058122449,36.923617341591225
2026-01-19 20:00:00+01:00,-350.0,350.0,15005.84050612245,15030.845608163267,36.923617341591225
2026-01-19 20:15:00+01:00,-300.0,300.0,15041.580302040817,15091.59050612245,30.47402550485653
2026-01-19 20:30:00+01:00,-300.0,300.0,15090.0752,15115.080302040815,30.47402550485653
2026-01-19 20:45:00+01:00,-300.0,300.0,15113.564995918367,15163.5752,30.47402550485653
2026-01-19 21:00:00+01:00,-350.0,350.0,15162.05989387755,15187.064995918367,50.357835028666045
2026-01-19 21:15:00+01:00,-350.0,350.0,15197.799689795916,15247.80989387755,50.357835028666045
2026-01-19 21:30:00+01:00,-300.0,300.0,15258.544587755101,15283.549689795916,33.165408724811165
2026-01-19 21:45:00+01:00,-200.0,200.0,15282.034383673468,15332.044587755101,6.150680833654714
2026-01-19 22:00:00+01:00,-150.0,150.0,15306.029281632651,15331.034383673468,0.9538645071241005
2026-01-19 22:15:00+01:00,-150.0,150.0,15292.769077551018,15342.779281632651,0.9538645071241005
2026-01-19 22:30:00+01:00,-150.0,150.0,15304.513975510203,15329.519077551018,0.9538645071241005
2026-01-19 22:45:00+01:00,-150.0,150.0,15291.25377142857,15341.263975510203,0.9538645071241005
2026-01-19 23:00:00+01:00,-150.0,150.0,15302.998669387753,15328.00377142857,0.9538645071241005
2026-01-19 23:15:00+01:00,-150.0,150.0,15289.73846530612,15339.748669387753,0.9538645071241005
2026-01-19 23:30:00+01:00,-150.0,150.0,15301.483363265304,15326.48846530612,0.9538645071241005
2026-01-19 23:45:00+01:00,-200.0,200.0,15288.223159183672,15338.233363265304,2.1709672170605336
2026-01-20 00:00:00+01:00,-200.0,200.0,15287.212955102039,15337.223159183672,2.1709672170605336
2026-01-20 00:15:00+01:00,-200.0,200.0,15286.202751020406,15336.212955102039,2.1709672170605336
2026-01-20 00:30:00+01:00,-200.0,200.0,15285.192546938773,15335.202751020406,2.1709672170605336
2026-01-20 00:45:00+01:00,-200.0,200.0,15284.18234285714,15334.192546938773,2.1709672170605336
2026-01-20 01:00:00+01:00,-250.0,250.0,15283.17213877551,15333.18234285714,52.32311007420339
2026-01-20 01:15:00+01:00,-250.0,250.0,15294.411934693877,15344.42213877551,52.32311007420339
2026-01-20 01:30:00+01:00,-250.0,250.0,15305.651730612242,15355.661934693877,52.32311007420339
2026-01-20 01:45:00+01:00,-250.0,250.0,15316.891526530611,15366.901730612242,52.32311007420339
2026-01-20 02:00:00+01:00,-200.0,200.0,15328.131322448979,15378.141526530611,2.1709672170605336
2026-01-20 02:15:00+01:00,-200.0,200.0,15327.121118367348,15377.131322448979,2.1709672170605336
2026-01-20 02:30:00+01:00,-200.0,200.0,15326.110914285711,15376.121118367348,2.1709672170605336
2026-01-20 02:45:00+01:00,-200.0,200.0,15325.10071020408,15375.110914285711,2.1709672170605336
2026-01-20 03:00:00+01:00,-200.0,200.0,15324.09050612245,15374.10071020408,2.1709672170605336
2026-01-20 03:15:00+01:00,-200.0,200.0,15323.080302040817,15373.09050612245,2.1709672170605336
2026-01-20 03:30:00+01:00,-200.0,200.0,15322.070097959182,15372.080302040817,2.1709672170605336
2026-01-20 03:45:00+01:00,-250.0,250.0,15321.05989387755,15371.070097959182,29.14729374767278
2026-01-20 04:00:00+01:00,-250.0,250.0,15332.299689795918,15382.30989387755,29.14729374767278
2026-01-20 04:15:00+01:00,-300.0,300.0,15343.539485714286,15393.549689795918,41.853865176244206
2026-01-20 04:30:00+01:00,-300.0,300.0,15367.029281632651,15417.039485714286,41.853865176244206
2026-01-20 04:45:00+01:00,-300.0,300.0,15390.519077551018,15440.529281632651,41.853865176244206
2026-01-20 05:00:00+01:00,-300.0,300.0,15414.008873469387,15464.019077551018,41.853865176244206
2026-01-20 05:15:00+01:00,-300.0,300.0,15437.498669387754,15487.508873469387,41.853865176244206
2026-01-20 05:30:00+01:00,-300.0,300.0,15460.98846530612,15510.998669387754,41.853865176244206
2026-01-20 05:45:00+01:00,-300.0,300.0,15484.478261224487,15534.48846530612,41.853865176244206
2026-01-20 06:00:00+01:00,-300.0,300.0,15507.968057142856,15557.978261224487,41.853865176244206
2026-01-20 06:15:00+01:00,-300.0,300.0,15531.457853061223,15581.468057142856,41.853865176244206
2026-01-20 06:30:00+01:00,-250.0,250.0,15554.947648979589,15604.957853061223,14.877538645631965
2026-01-20 06:45:00+01:00,-250.0,250.0,15566.187444897956,15616.197648979589,8.193816658723991
2026-01-20 07:00:00+01:00,-250.0,250.0,15552.42213877551,15627.437444897956,8.193816658723991
2026-01-20 07:15:00+01:00,-250.0,250.0,15563.661934693877,15613.67213877551,8.193816658723991
2026-01-20 07:30:00+01:00,-250.0,250.0,15568.301118367344,15624.911934693877,8.193816658723991
2026-01-20 07:45:00+01:00,-300.0,300.0,15579.540914285712,15629.551118367344,30.22749012811175
2026-01-20 08:00:00+01:00,-300.0,300.0,15603.03071020408,15653.040914285712,30.22749012811175
2026-01-20 08:15:00+01:00,-300.0,300.0,15626.520506122448,15676.53071020408,30.22749012811175
2026-01-20 08:30:00+01:00,-300.0,300.0,15650.010302040815,15700.020506122448,30.22749012811175
2026-01-20 08:45:00+01:00,-300.0,300.0,15673.500097959182,15723.510302040815,15.082286046479092
2026-01-20 09:00:00+01:00,-400.0,400.0,15671.984791836734,15747.000097959182,47.69531646619412
2026-01-20 09:15:00+01:00,-400.0,400.0,15694.969485714286,15769.984791836734,47.69531646619412
2026-01-20 09:30:00+01:00,-350.0,350.0,15717.954179591836,15792.969485714286,17.927969527418643
2026-01-20 09:45:00+01:00,-350.0,350.0,15728.688873469386,15803.704179591836,17.927969527418643
2026-01-20 10:00:00+01:00,-350.0,350.0,15739.423567346936,15814.438873469386,17.927969527418643
2026-01-20 10:15:00+01:00,-350.0,350.0,15750.15826122449,15825.173567346936,17.927969527418643
2026-01-20 10:30:00+01:00,-350.0,350.0,15760.892955102041,15835.90826122449,17.927969527418643
2026-01-20 10:45:00+01:00,-350.0,350.0,15771.627648979591,15846.642955102041,17.927969527418643
2026-01-20 11:00:00+01:00,-350.0,350.0,15782.362342857143,15857.377648979591,17.927969527418643
2026-01-20 11:15:00+01:00,-350.0,350.0,15793.097036734694,15868.112342857143,17.927969527418643
2026-01-20 11:30:00+01:00,-350.0,350.0,15803.831730612244,15878.847036734694,17.927969527418643
2026-01-20 11:45:00+01:00,-350.0,350.0,15814.566424489794,15889.581730612244,17.927969527418643
2026-01-20 12:00:00+01:00,-350.0,350.0,15825.301118367344,15900.316424489794,17.927969527418643
2026-01-20 12:15:00+01:00,-350.0,350.0,15836.035812244896,15911.051118367344,17.927969527418643
2026-01-20 12:30:00+01:00,-400.0,400.0,15846.770506122448,15921.785812244896,49.94829605803089
2026-01-20 12:45:00+01:00,-400.0,400.0,15869.755199999998,15944.770506122448,49.94829605803089
2026-01-20 13:00:00+01:00,-400.0,400.0,15893.386048979592,15967.755199999998,49.94829605803089
2026-01-20 13:15:00+01:00,-400.0,400.0,15916.370742857143,15991.386048979592,49.94829605803089
2026-01-20 13:30:00+01:00,-400.0,400.0,15978.008767346939,16014.370742857143,49.94829605803089
2026-01-20 13:45:00+01:00,-300.0,300.0,16000.993461224489,16076.008767346939,17.38526821043865
2026-01-20 14:00:00+01:00,-300.0,300.0,16049.488359183673,16074.493461224489,17.38526821043865
2026-01-20 14:15:00+01:00,-300.0,300.0,16047.973053061225,16122.988359183673,17.38526821043865
2026-01-20 14:30:00+01:00,-350.0,350.0,16110.565575510203,16121.473053061225,19.064386814401974
2026-01-20 14:45:00+01:00,-350.0,350.0,16096.295167346938,16196.315575510203,19.064386814401974
2026-01-20 15:00:00+01:00,-300.0,300.0,16182.045167346938,16182.045167346938,17.84728410446554
2026-01-20 15:15:00+01:00,-300.0,300.0,16155.524759183672,16255.545167346938,17.84728410446554
2026-01-20 15:30:00+01:00,-300.0,300.0,16229.024759183672,16229.024759183672,17.84728410446554
2026-01-20 15:45:00+01:00,-300.0,300.0,16202.504351020407,16302.524759183672,17.84728410446554
2026-01-20 16:00:00+01:00,-300.0,300.0,16276.004351020407,16276.004351020407,17.84728410446554
2026-01-20 16:15:00+01:00,-300.0,300.0,16249.483942857141,16349.504351020405,17.84728410446554
2026-01-20 16:30:00+01:00,-300.0,300.0,16322.98394285714,16322.98394285714,17.84728410446554
2026-01-20 16:45:00+01:00,-300.0,300.0,16296.463534693876,16396.48394285714,17.84728410446554
2026-01-20 17:00:00+01:00,-300.0,300.0,16369.963534693876,16369.963534693876,17.84728410446554
2026-01-20 17:15:00+01:00,-300.0,300.0,16343.44312653061,16443.46353469387,17.84728410446554
2026-01-20 17:30:00+01:00,-300.0,300.0,16416.94312653061,16416.94312653061,17.84728410446554
2026-01-20 17:45:00+01:00,-300.0,300.0,16390.422718367347,16490.44312653061,17.84728410446554
2026-01-20 18:00:00+01:00,-350.0,350.0,16463.922718367347,16463.922718367347,30.855243288139008
2026-01-20 18:15:00+01:00,-350.0,350.0,16449.652310204077,16549.672718367343,30.855243288139008
2026-01-20 18:30:00+01:00,-350.0,350.0,16535.402310204077,16535.402310204077,30.855243288139008
2026-01-20 18:45:00+01:00,-350.0,350.0,16521.131902040812,16621.152310204077,30.855243288139008
2026-01-20 19:00:00+01:00,-350.0,350.0,16606.881902040815,16606.881902040815,30.855243288139008
2026-01-20 19:15:00+01:00,-350.0,350.0,16616.273436734693,16692.631902040815,30.855243288139008
2026-01-20 19:30:00+01:00,-350.0,350.0,16702.023436734693,16702.023436734693,30.855243288139008
2026-01-20 19:45:00+01:00,-350.0,350.0,16712.758130612245,16787.773436734693,30.855243288139008
2026-01-20 20:00:00+01:00,-300.0,300.0,16798.508130612245,16798.508130612245,24.83239384647555
2026-01-20 20:15:00+01:00,-300.0,300.0,16796.992824489793,16872.008130612245,24.83239384647555
2026-01-20 20:30:00+01:00,-350.0,350.0,16870.492824489793,16870.492824489793,44.69674758797215
2026-01-20 20:45:00+01:00,-350.0,350.0,16881.22751836734,16956.242824489793,44.69674758797215
2026-01-20 21:00:00+01:00,-350.0,350.0,16966.97751836734,16966.97751836734,44.69674758797215
2026-01-20 21:15:00+01:00,-300.0,300.0,16977.712212244893,17052.72751836734,24.83239384647555
2026-01-20 21:30:00+01:00,-300.0,300.0,17051.212212244893,17051.212212244893,24.83239384647555
2026-01-20 21:45:00+01:00,-250.0,250.0,17049.696906122448,17124.712212244893,17.94392445872045
2026-01-20 22:00:00+01:00,-250.0,250.0,17110.946906122448,17110.946906122448,17.94392445872045
2026-01-20 22:15:00+01:00,-200.0,200.0,17097.181599999996,17172.196906122448,15.098240977780902
2026-01-20 22:30:00+01:00,-200.0,200.0,17146.181599999996,17146.181599999996,15.098240977780902
2026-01-20 22:45:00+01:00,-200.0,200.0,17120.166293877548,17195.181599999996,15.098240977780902
2026-01-20 23:00:00+01:00,-200.0,200.0,17169.166293877548,17169.166293877548,15.098240977780902
2026-01-20 23:15:00+01:00,-200.0,200.0,17143.150987755096,17218.166293877548,15.098240977780902
2026-01-20 23:30:00+01:00,-200.0,200.0,17192.150987755096,17192.150987755096,23.242608324719683
2026-01-20 23:45:00+01:00,-200.0,200.0,17166.13568163265,17241.150987755096,23.242608324719683
2026-01-21 00:00:00+01:00,-200.0,200.0,17215.13568163265,17215.13568163265,23.242608324719683
2026-01-21 00:15:00+01:00,-200.0,200.0,17189.1203755102,17264.13568163265,23.242608324719683
2026-01-21 00:30:00+01:00,-200.0,200.0,17238.1203755102,17238.1203755102,23.242608324719683
2026-01-21 00:45:00+01:00,-200.0,200.0,17212.10506938775,17287.1203755102,41.05632261043396
2026-01-21 01:00:00+01:00,-200.0,200.0,17261.10506938775,17261.10506938775,41.05632261043396
2026-01-21 01:15:00+01:00,-200.0,200.0,17235.0897632653,17310.10506938775,41.05632261043396
2026-01-21 01:30:00+01:00,-200.0,200.0,17284.0897632653,17284.0897632653,41.05632261043396
2026-01-21 01:45:00+01:00,-200.0,200.0,17258.074457142855,17333.0897632653,41.05632261043396
2026-01-21 02:00:00+01:00,-150.0,150.0,17307.074457142855,17307.074457142855,2.0902817941074314
2026-01-21 02:15:00+01:00,-150.0,150.0,17268.809151020403,17343.824457142855,2.0902817941074314
2026-01-21 02:30:00+01:00,-150.0,150.0,17305.559151020403,17305.559151020403,2.0902817941074314
2026-01-21 02:45:00+01:00,-150.0,150.0,17267.293844897955,17342.309151020403,2.0902817941074314
2026-01-21 03:00:00+01:00,-200.0,200.0,17304.043844897955,17304.043844897955,87.46225458322309
2026-01-21 03:15:00+01:00,-200.0,200.0,17278.02853877551,17353.043844897955,87.46225458322309
2026-01-21 03:30:00+01:00,-200.0,200.0,17327.02853877551,17327.02853877551,87.46225458322309
2026-01-21 03:45:00+01:00,-150.0,150.0,17301.01323265306,17376.02853877551,2.0902817941074314
2026-01-21 04:00:00+01:00,-200.0,200.0,17337.76323265306,17337.76323265306,17.736621930161856
2026-01-21 04:15:00+01:00,-200.0,200.0,17311.747926530606,17386.76323265306,17.736621930161856
2026-01-21 04:30:00+01:00,-200.0,200.0,17360.747926530606,17360.747926530606,17.736621930161856
2026-01-21 04:45:00+01:00,-250.0,250.0,17334.73262040816,17409.747926530606,226.75009131791697
2026-01-21 05:00:00+01:00,-200.0,200.0,17395.98262040816,17395.98262040816,17.736621930161856
2026-01-21 05:15:00+01:00,-200.0,200.0,17388.412375510205,17444.98262040816,17.736621930161856
2026-01-21 05:30:00+01:00,-200.0,200.0,17437.412375510205,17437.412375510205,17.736621930161856
2026-01-21 05:45:00+01:00,-200.0,200.0,17436.40217142857,17486.412375510205,17.736621930161856
2026-01-21 06:00:00+01:00,-200.0,200.0,17485.40217142857,17485.40217142857,17.736621930161856
2026-01-21 06:15:00+01:00,-200.0,200.0,17484.391967346935,17534.40217142857,17.736621930161856
2026-01-21 06:30:00+01:00,-200.0,200.0,17533.391967346935,17533.391967346935,17.736621930161856
2026-01-21 06:45:00+01:00,-250.0,250.0,17532.3817632653,17582.391967346935,19.907695867933683
2026-01-21 07:00:00+01:00,-250.0,250.0,17568.626661224484,17593.6317632653,19.907695867933683
2026-01-21 07:15:00+01:00,-250.0,250.0,17579.866457142856,17629.876661224484,19.907695867933683
2026-01-21 07:30:00+01:00,-250.0,250.0,17616.11135510204,17641.116457142856,19.907695867933683
2026-01-21 07:45:00+01:00,-200.0,200.0,17627.351151020404,17677.36135510204,8.558833200307156
2026-01-21 08:00:00+01:00,-250.0,250.0,17626.34094693877,17676.351151020408,8.67654794292062
2026-01-21 08:15:00+01:00,-350.0,350.0,17612.57564081632,17687.59094693877,129.2212713417141
2026-01-21 08:30:00+01:00,-350.0,350.0,17623.310334693873,17698.32564081632,129.2212713417141
2026-01-21 08:45:00+01:00,-400.0,400.0,17634.04502857143,17709.060334693873,131.0956340679367
2026-01-21 09:00:00+01:00,-350.0,350.0,17632.024620408163,17732.04502857143,17.201484408072716
2026-01-21 09:15:00+01:00,-350.0,350.0,17642.75931428572,17717.774620408163,17.201484408072716
2026-01-21 09:30:00+01:00,-350.0,350.0,17628.488906122446,17728.50931428572,17.201484408072716
2026-01-21 09:45:00+01:00,-350.0,350.0,17639.223599999998,17714.238906122446,17.201484408072716
2026-01-21 10:00:00+01:00,-350.0,350.0,17624.953191836732,17724.973599999998,17.201484408072716
2026-01-21 10:15:00+01:00,-350.0,350.0,17635.687885714284,17710.703191836732,17.201484408072716
2026-01-21 10:30:00+01:00,-350.0,350.0,17621.417477551015,17721.437885714284,17.201484408072716
2026-01-21 10:45:00+01:00,-350.0,350.0,17632.152171428574,17707.167477551015,17.201484408072716
2026-01-21 11:00:00+01:00,-350.0,350.0,17617.881763265308,17717.902171428574,17.201484408072716
2026-01-21 11:15:00+01:00,-350.0,350.0,17628.61645714286,17703.631763265308,17.201484408072716
2026-01-21 11:30:00+01:00,-350.0,350.0,17614.346048979587,17714.36645714286,17.201484408072716
2026-01-21 11:45:00+01:00,-350.0,350.0,17625.08074285714,17700.096048979587,17.201484408072716
2026-01-21 12:00:00+01:00,-350.0,350.0,17610.810334693873,17710.83074285714,17.201484408072716
2026-01-21 12:15:00+01:00,-350.0,350.0,17621.545028571425,17696.560334693873,17.201484408072716
2026-01-21 12:30:00+01:00,-350.0,350.0,17607.27462040816,17707.295028571425,17.201484408072716
2026-01-21 12:45:00+01:00,-350.0,350.0,17618.009314285715,17693.02462040816,17.201484408072716
2026-01-21 13:00:00+01:00,-350.0,350.0,17603.73890612245,17703.759314285715,17.201484408072716
2026-01-21 13:15:00+01:00,-350.0,350.0,17614.4736,17689.48890612245,17.201484408072716
2026-01-21 13:30:00+01:00,-350.0,350.0,17600.203191836732,17700.2236,17.201484408072716
2026-01-21 13:45:00+01:00,-350.0,350.0,17610.93788571428,17685.953191836732,17.201484408072716
2026-01-21 14:00:00+01:00,-350.0,350.0,17596.667477551015,17696.68788571428,17.201484408072716
2026-01-21 14:15:00+01:00,-350.0,350.0,17607.402171428566,17682.417477551015,17.201484408072716
2026-01-21 14:30:00+01:00,-350.0,350.0,17625.62471836734,17693.152171428566,17.201484408072716
2026-01-21 14:45:00+01:00,-350.0,350.0,17636.3594122449,17711.37471836734,17.201484408072716
2026-01-21 15:00:00+01:00,-350.0,350.0,17672.099208163265,17722.1094122449,17.201484408072716
2026-01-21 15:15:00+01:00,-350.0,350.0,17682.833902040817,17757.849208163265,17.201484408072716
2026-01-21 15:30:00+01:00,-350.0,350.0,17718.573697959182,17768.583902040817,17.201484408072716
2026-01-21 15:45:00+01:00,-350.0,350.0,17729.30839183673,17804.323697959182,17.201484408072716
2026-01-21 16:00:00+01:00,-350.0,350.0,17765.0481877551,17815.058391836734,17.201484408072716
2026-01-21 16:15:00+01:00,-350.0,350.0,17775.78288163265,17850.7981877551,17.201484408072716
2026-01-21 16:30:00+01:00,-350.0,350.0,17811.522677551016,17861.53288163265,17.201484408072716
2026-01-21 16:45:00+01:00,-350.0,350.0,17822.25737142857,17897.272677551016,17.201484408072716
2026-01-21 17:00:00+01:00,-350.0,350.0,17857.99716734694,17908.00737142857,17.201484408072716
2026-01-21 17:15:00+01:00,-350.0,350.0,17868.73186122449,17943.74716734694,17.201484408072716
2026-01-21 17:30:00+01:00,-350.0,350.0,17904.471657142858,17954.48186122449,17.201484408072716
2026-01-21 17:45:00+01:00,-350.0,350.0,17915.206351020406,17990.221657142858,17.201484408072716
2026-01-21 18:00:00+01:00,-350.0,350.0,17950.94614693877,18000.956351020406,17.201484408072716
2026-01-21 18:15:00+01:00,-350.0,350.0,17961.68084081633,18036.69614693877,17.201484408072716
2026-01-21 18:30:00+01:00,-350.0,350.0,17997.420636734696,18047.43084081633,17.201484408072716
2026-01-21 18:45:00+01:00,-350.0,350.0,18008.155330612248,18083.170636734696,17.201484408072716
2026-01-21 19:00:00+01:00,-350.0,350.0,18051.55947755102,18093.905330612244,17.201484408072716
2026-01-21 19:15:00+01:00,-350.0,350.0,18062.29417142857,18137.309477551018,17.201484408072716
2026-01-21 19:30:00+01:00,-350.0,350.0,18123.039069387753,18148.04417142857,17.201484408072716
2026-01-21 19:45:00+01:00,-350.0,350.0,18133.7737632653,18208.789069387753,17.201484408072716
2026-01-21 20:00:00+01:00,-350.0,350.0,18217.74040816326,18219.5237632653,17.201484408072716
2026-01-21 20:15:00+01:00,-350.0,350.0,18228.47510204082,18303.49040816326,17.201484408072716
2026-01-21 20:30:00+01:00,-350.0,350.0,18314.22510204082,18314.22510204082,17.201484408072716
2026-01-21 20:45:00+01:00,-350.0,350.0,18324.959795918367,18399.97510204082,17.201484408072716
2026-01-21 21:00:00+01:00,-300.0,300.0,18410.709795918367,18410.709795918367,11.224888335681497
2026-01-21 21:15:00+01:00,-300.0,300.0,18409.194489795915,18484.209795918367,11.224888335681497
2026-01-21 21:30:00+01:00,-250.0,250.0,18482.694489795915,18482.694489795915,4.5743145967519645
2026-01-21 21:45:00+01:00,-250.0,250.0,18468.929183673463,18543.944489795915,4.5743145967519645
2026-01-21 22:00:00+01:00,-150.0,150.0,18530.179183673463,18530.179183673463,0.5288779327575699
2026-01-21 22:15:00+01:00,-150.0,150.0,18491.913877551022,18566.929183673463,0.5288779327575699
2026-01-21 22:30:00+01:00,-200.0,200.0,18528.66387755102,18528.66387755102,63.72904119806368
2026-01-21 22:45:00+01:00,-200.0,200.0,18518.96280816326,18577.66387755102,63.72904119806368
2026-01-21 23:00:00+01:00,-200.0,200.0,18567.96280816326,18567.96280816326,63.72904119806368
2026-01-21 23:15:00+01:00,-200.0,200.0,18566.952604081627,18616.96280816326,63.72904119806368
2026-01-21 23:30:00+01:00,-200.0,200.0,18615.952604081627,18615.952604081627,63.72904119806368
2026-01-21 23:45:00+01:00,-150.0,150.0,18614.942399999993,18664.952604081627,0.5288779327575699
2026-01-22 00:00:00+01:00,-150.0,150.0,18651.692399999993,18651.692399999993,0.5288779327575699
2026-01-22 00:15:00+01:00,-150.0,150.0,18638.432195918365,18688.442399999993,0.5288779327575699
2026-01-22 00:30:00+01:00,-200.0,200.0,18675.182195918365,18675.182195918365,48.944592218471854
2026-01-22 00:45:00+01:00,-200.0,200.0,18674.17199183673,18724.182195918365,48.944592218471854
2026-01-22 01:00:00+01:00,-200.0,200.0,18723.17199183673,18723.17199183673,48.944592218471854
2026-01-22 01:15:00+01:00,-200.0,200.0,18722.161787755096,18772.17199183673,48.944592218471854
2026-01-22 01:30:00+01:00,-200.0,200.0,18771.161787755096,18771.161787755096,21.17007326803454
2026-01-22 01:45:00+01:00,-200.0,200.0,18770.151583673465,18820.161787755096,21.17007326803454
2026-01-22 02:00:00+01:00,-200.0,200.0,18819.151583673465,18819.151583673465,21.17007326803454
2026-01-22 02:15:00+01:00,-200.0,200.0,18818.141379591834,18868.151583673465,21.17007326803454
2026-01-22 02:30:00+01:00,-200.0,200.0,18867.141379591834,18867.141379591834,21.17007326803454
2026-01-22 02:45:00+01:00,-200.0,200.0,18866.1311755102,18916.141379591834,21.17007326803454
2026-01-22 03:00:00+01:00,-200.0,200.0,18915.1311755102,18915.1311755102,21.17007326803454
2026-01-22 03:15:00+01:00,-200.0,200.0,18914.120971428565,18964.1311755102,21.17007326803454
2026-01-22 03:30:00+01:00,-250.0,250.0,18963.120971428565,18963.120971428565,71.15197802993929
2026-01-22 03:45:00+01:00,-300.0,300.0,18974.360767346938,19024.370971428565,246.3707535401434
2026-01-22 04:00:00+01:00,-300.0,300.0,19047.860767346938,19047.860767346938,246.3707535401434
2026-01-22 04:15:00+01:00,-250.0,250.0,19071.350563265303,19121.360767346938,71.15197802993929
2026-01-22 04:30:00+01:00,-250.0,250.0,19132.600563265303,19132.600563265303,71.15197802993929
2026-01-22 04:45:00+01:00,-250.0,250.0,19143.84035918367,19193.850563265303,71.15197802993929
2026-01-22 05:00:00+01:00,-150.0,150.0,19205.09035918367,19205.09035918367,0.5288779327575699
2026-01-22 05:15:00+01:00,-150.0,150.0,19191.830155102034,19241.84035918367,0.5288779327575699
2026-01-22 05:30:00+01:00,-150.0,150.0,19228.580155102034,19228.580155102034,0.5288779327575699
2026-01-22 05:45:00+01:00,-150.0,150.0,19215.319951020407,19265.330155102034,0.5288779327575699
2026-01-22 06:00:00+01:00,-150.0,150.0,19252.069951020407,19252.069951020407,0.5288779327575699
2026-01-22 06:15:00+01:00,-200.0,200.0,19238.809746938772,19288.819951020407,4.4777937490841015
2026-01-22 06:30:00+01:00,-200.0,200.0,19262.804644897955,19287.809746938772,4.4777937490841015
2026-01-22 06:45:00+01:00,-200.0,200.0,19261.794440816324,19311.804644897955,4.4777937490841015
2026-01-22 07:00:00+01:00,-200.0,200.0,19285.789338775507,19310.794440816324,4.4777937490841015
2026-01-22 07:15:00+01:00,-200.0,200.0,19284.779134693872,19334.789338775507,4.4777937490841015
2026-01-22 07:30:00+01:00,-250.0,250.0,19308.774032653055,19333.779134693872,11.591743328916035
2026-01-22 07:45:00+01:00,-250.0,250.0,19295.00872653061,19370.02403265306,11.591743328916035
2026-01-22 08:00:00+01:00,-300.0,300.0,19331.253624489793,19356.25872653061,14.696021484622763
2026-01-22 08:15:00+01:00,-300.0,300.0,19304.733216326524,19404.753624489793,14.696021484622763
2026-01-22 08:30:00+01:00,-350.0,350.0,19353.22811428571,19378.233216326524,530.721735770337
2026-01-22 08:45:00+01:00,-300.0,300.0,19338.957706122445,19438.97811428571,20.82131275596249
2026-01-22 09:00:00+01:00,-300.0,300.0,19362.447502040814,19412.457706122448,20.82131275596249
2026-01-22 09:15:00+01:00,-350.0,350.0,19335.927093877548,19435.947502040814,29.191995373837226
2026-01-22 09:30:00+01:00,-350.0,350.0,19346.6617877551,19421.677093877548,29.191995373837226
2026-01-22 09:45:00+01:00,-350.0,350.0,19332.391379591834,19432.4117877551,29.191995373837226
2026-01-22 10:00:00+01:00,-350.0,350.0,19343.126073469382,19418.141379591834,29.191995373837226
2026-01-22 10:15:00+01:00,-350.0,350.0,19328.855665306117,19428.876073469382,29.191995373837226
2026-01-22 10:30:00+01:00,-350.0,350.0,19339.59035918367,19414.60566530612,29.191995373837226
2026-01-22 10:45:00+01:00,-350.0,350.0,19325.319951020403,19425.340359183672,29.191995373837226
2026-01-22 11:00:00+01:00,-350.0,350.0,19336.054644897955,19411.069951020407,29.191995373837226
2026-01-22 11:15:00+01:00,-350.0,350.0,19321.784236734693,19421.804644897955,29.191995373837226
2026-01-22 11:30:00+01:00,-350.0,350.0,19332.518930612245,19407.534236734693,29.191995373837226
2026-01-22 11:45:00+01:00,-350.0,350.0,19318.248522448976,19418.268930612245,29.191995373837226
2026-01-22 12:00:00+01:00,-350.0,350.0,19328.983216326527,19403.998522448976,29.191995373837226
2026-01-22 12:15:00+01:00,-350.0,350.0,19314.712808163258,19414.733216326527,29.191995373837226
2026-01-22 12:30:00+01:00,-350.0,350.0,19325.44750204081,19400.462808163258,29.191995373837226
2026-01-22 12:45:00+01:00,-350.0,350.0,19317.038416326526,19411.19750204081,29.191995373837226
2026-01-22 13:00:00+01:00,-350.0,350.0,19327.773110204074,19402.788416326526,29.191995373837226
2026-01-22 13:15:00+01:00,-350.0,350.0,19338.50780408163,19413.523110204078,29.191995373837226
2026-01-22 13:30:00+01:00,-350.0,350.0,19349.24249795918,19424.25780408163,29.191995373837226
2026-01-22 13:45:00+01:00,-350.0,350.0,19359.97719183673,19434.99249795918,29.191995373837226
2026-01-22 14:00:00+01:00,-350.0,350.0,19386.052506122443,19445.72719183673,29.191995373837226
2026-01-22 14:15:00+01:00,-350.0,350.0,19396.787199999995,19471.802506122443,29.191995373837226
2026-01-22 14:30:00+01:00,-350.0,350.0,19432.52699591836,19482.537199999995,29.191995373837226
2026-01-22 14:45:00+01:00,-350.0,350.0,19443.261689795912,19518.27699591836,29.191995373837226
2026-01-22 15:00:00+01:00,-350.0,350.0,19502.497812244896,19529.011689795912,29.191995373837226
2026-01-22 15:15:00+01:00,-350.0,350.0,19513.232506122447,19588.247812244896,29.191995373837226
2026-01-22 15:30:00+01:00,-350.0,350.0,19573.97740408163,19598.98250612245,29.191995373837226
2026-01-22 15:45:00+01:00,-350.0,350.0,19584.712097959182,19659.727404081634,29.191995373837226
2026-01-22 16:00:00+01:00,-350.0,350.0,19645.45699591837,19670.462097959182,29.191995373837226
2026-01-22 16:15:00+01:00,-350.0,350.0,19656.19168979592,19731.20699591837,29.191995373837226
2026-01-22 16:30:00+01:00,-350.0,350.0,19716.936587755103,19741.94168979592,29.191995373837226
2026-01-22 16:45:00+01:00,-350.0,350.0,19727.671281632654,19802.686587755103,29.191995373837226
2026-01-22 17:00:00+01:00,-350.0,350.0,19802.2044244898,19813.421281632654,29.191995373837226
2026-01-22 17:15:00+01:00,-350.0,350.0,19812.939118367347,19887.9544244898,29.191995373837226
2026-01-22 17:30:00+01:00,-350.0,350.0,19898.689118367347,19898.689118367347,29.191995373837226
2026-01-22 17:45:00+01:00,-350.0,350.0,19912.304253061222,19984.439118367347,29.191995373837226
2026-01-22 18:00:00+01:00,-350.0,350.0,19998.054253061222,19998.054253061222,29.191995373837226
2026-01-22 18:15:00+01:00,-350.0,350.0,20033.794048979587,20083.804253061222,29.191995373837226
2026-01-22 18:30:00+01:00,-350.0,350.0,20119.544048979587,20119.544048979587,29.191995373837226
2026-01-22 18:45:00+01:00,-350.0,350.0,20155.28384489796,20205.294048979587,29.191995373837226
2026-01-22 19:00:00+01:00,-350.0,350.0,20241.03384489796,20241.03384489796,29.191995373837226
2026-01-22 19:15:00+01:00,-350.0,350.0,20276.773640816322,20326.78384489796,29.191995373837226
2026-01-22 19:30:00+01:00,-350.0,350.0,20362.523640816322,20362.523640816322,29.191995373837226
2026-01-22 19:45:00+01:00,-350.0,350.0,20398.26343673469,20448.273640816322,29.191995373837226
2026-01-22 20:00:00+01:00,-350.0,350.0,20484.01343673469,20484.01343673469,29.191995373837226
2026-01-22 20:15:00+01:00,-300.0,300.0,20519.753232653056,20569.76343673469,22.078045794005295
2026-01-22 20:30:00+01:00,-300.0,300.0,20593.253232653056,20593.253232653056,22.078045794005295
2026-01-22 20:45:00+01:00,-350.0,350.0,20616.74302857143,20666.753232653056,51.93294375318895
2026-01-22 21:00:00+01:00,-350.0,350.0,20702.49302857143,20702.49302857143,51.93294375318895
2026-01-22 21:15:00+01:00,-300.0,300.0,20738.232824489794,20788.24302857143,22.078045794005295
2026-01-22 21:30:00+01:00,-200.0,200.0,20811.732824489794,20811.732824489794,12.507581163708737
2026-01-22 21:45:00+01:00,-250.0,250.0,20810.72262040816,20860.732824489794,37.39152674194003
2026-01-22 22:00:00+01:00,-250.0,250.0,20871.97262040816,20871.97262040816,37.39152674194003
2026-01-22 22:15:00+01:00,-200.0,200.0,20883.21241632653,20933.22262040816,33.442610925613494
2026-01-22 22:30:00+01:00,-150.0,150.0,20932.21241632653,20932.21241632653,8.558665347382206
2026-01-22 22:45:00+01:00,-150.0,150.0,20918.952212244898,20968.96241632653,8.558665347382206
2026-01-22 23:00:00+01:00,-150.0,150.0,20955.702212244898,20955.702212244898,8.558665347382206
2026-01-22 23:15:00+01:00,-150.0,150.0,20942.442008163263,20992.452212244898,8.558665347382206
2026-01-22 23:30:00+01:00,-150.0,150.0,20979.192008163263,20979.192008163263,8.558665347382206
2026-01-22 23:45:00+01:00,-100.0,100.0,20965.931804081632,21015.942008163263,0.18798272950746897
2026-01-23 00:00:00+01:00,-100.0,100.0,20990.431804081632,20990.431804081632,0.18798272950746897
2026-01-23 00:15:00+01:00,-100.0,100.0,20964.921599999998,21014.931804081632,0.18798272950746897
2026-01-23 00:30:00+01:00,-150.0,150.0,20989.421599999998,20989.421599999998,50.661145994813594
2026-01-23 00:45:00+01:00,-200.0,200.0,20976.161395918367,21026.171599999998,190.24665619889518
2026-01-23 01:00:00+01:00,-200.0,200.0,21025.161395918367,21025.161395918367,190.24665619889518
2026-01-23 01:15:00+01:00,-150.0,150.0,21024.151191836732,21074.161395918367,50.661145994813594
2026-01-23 01:30:00+01:00,-100.0,100.0,21060.901191836732,21060.901191836732,0.18798272950746897
2026-01-23 01:45:00+01:00,-150.0,150.0,21035.390987755098,21085.401191836732,20.58250653903128
2026-01-23 02:00:00+01:00,-150.0,150.0,21072.140987755098,21072.140987755098,20.58250653903128
2026-01-23 02:15:00+01:00,-150.0,150.0,21058.88078367347,21108.890987755098,20.58250653903128
2026-01-23 02:30:00+01:00,-200.0,200.0,21095.63078367347,21095.63078367347,137.53121402202447
2026-01-23 02:45:00+01:00,-200.0,200.0,21094.620579591836,21144.63078367347,137.53121402202447
2026-01-23 03:00:00+01:00,-200.0,200.0,21143.620579591836,21143.620579591836,137.53121402202447
2026-01-23 03:15:00+01:00,-150.0,150.0,21142.6103755102,21192.620579591836,20.58250653903128
2026-01-23 03:30:00+01:00,-200.0,200.0,21179.3603755102,21179.3603755102,71.32318681114012
2026-01-23 03:45:00+01:00,-200.0,200.0,21178.35017142857,21228.3603755102,71.32318681114012
2026-01-23 04:00:00+01:00,-200.0,200.0,21227.35017142857,21227.35017142857,71.32318681114012
2026-01-23 04:15:00+01:00,-200.0,200.0,21226.33996734694,21276.35017142857,71.32318681114012
2026-01-23 04:30:00+01:00,-200.0,200.0,21275.33996734694,21275.33996734694,71.32318681114012
2026-01-23 04:45:00+01:00,-150.0,150.0,21274.329763265305,21324.33996734694,50.928663001616314
2026-01-23 05:00:00+01:00,-100.0,100.0,21311.079763265305,21311.079763265305,0.18798272950746897
2026-01-23 05:15:00+01:00,-100.0,100.0,21285.569559183674,21335.579763265305,0.18798272950746897
2026-01-23 05:30:00+01:00,-100.0,100.0,21310.069559183674,21310.069559183674,0.18798272950746897
2026-01-23 05:45:00+01:00,-100.0,100.0,21284.559355102036,21334.569559183674,0.18798272950746897
2026-01-23 06:00:00+01:00,-100.0,100.0,21309.059355102036,21309.059355102036,0.18798272950746897
2026-01-23 06:15:00+01:00,-100.0,100.0,21283.54915102041,21333.559355102036,0.18798272950746897
2026-01-23 06:30:00+01:00,-100.0,100.0,21308.04915102041,21308.04915102041,0.18798272950746897
2026-01-23 06:45:00+01:00,-100.0,100.0,21282.538946938774,21332.54915102041,0.18798272950746897
2026-01-23 07:00:00+01:00,-100.0,100.0,21307.038946938774,21307.038946938774,0.18798272950746897
2026-01-23 07:15:00+01:00,-100.0,100.0,21281.52874285714,21331.538946938774,0.18798272950746897
2026-01-23 07:30:00+01:00,-150.0,150.0,21306.02874285714,21306.02874285714,0.5798441514956191
2026-01-23 07:45:00+01:00,-150.0,150.0,21267.763436734687,21342.77874285714,0.5798441514956191
2026-01-23 08:00:00+01:00,-200.0,200.0,21304.513436734687,21304.513436734687,1.8734466988975587
2026-01-23 08:15:00+01:00,-300.0,300.0,21253.49302857143,21353.513436734687,4.518708321076918
2026-01-23 08:30:00+01:00,-350.0,350.0,21276.982824489794,21326.99302857143,247.26850423944433
2026-01-23 08:45:00+01:00,-300.0,300.0,21262.71241632653,21362.732824489794,4.518708321076918
2026-01-23 09:00:00+01:00,-300.0,300.0,21286.202212244894,21336.21241632653,4.518708321076918
2026-01-23 09:15:00+01:00,-300.0,300.0,21259.681804081632,21359.702212244894,4.518708321076918
2026-01-23 09:30:00+01:00,-300.0,300.0,21283.171599999998,21333.181804081632,4.518708321076918
2026-01-23 09:45:00+01:00,-350.0,350.0,21256.651191836736,21356.671599999998,179.38727974964834
2026-01-23 10:00:00+01:00,-300.0,300.0,21292.3909877551,21342.401191836736,4.518708321076918
2026-01-23 10:15:00+01:00,-300.0,300.0,21265.870579591836,21365.8909877551,4.518708321076918
2026-01-23 10:30:00+01:00,-300.0,300.0,21289.3603755102,21339.370579591836,4.518708321076918
2026-01-23 10:45:00+01:00,-300.0,300.0,21262.83996734694,21362.8603755102,4.518708321076918
2026-01-23 11:00:00+01:00,-300.0,300.0,21286.329763265305,21336.33996734694,4.518708321076918
2026-01-23 11:15:00+01:00,-300.0,300.0,21259.80935510204,21359.829763265305,4.518708321076918
2026-01-23 11:30:00+01:00,-300.0,300.0,21283.299151020405,21333.30935510204,4.518708321076918
2026-01-23 11:45:00+01:00,-300.0,300.0,21256.778742857146,21356.799151020405,4.518708321076918
2026-01-23 12:00:00+01:00,-300.0,300.0,21280.268538775512,21330.278742857146,4.518708321076918
2026-01-23 12:15:00+01:00,-300.0,300.0,21253.748130612243,21353.768538775512,4.518708321076918
2026-01-23 12:30:00+01:00,-300.0,300.0,21277.237926530608,21327.248130612243,4.518708321076918
2026-01-23 12:45:00+01:00,-300.0,300.0,21250.71751836735,21350.737926530608,4.518708321076918
2026-01-23 13:00:00+01:00,-300.0,300.0,21274.207314285715,21324.21751836735,4.518708321076918
2026-01-23 13:15:00+01:00,-300.0,300.0,21247.686906122446,21347.707314285715,4.518708321076918
2026-01-23 13:30:00+01:00,-300.0,300.0,21271.17670204081,21321.186906122446,4.518708321076918
2026-01-23 13:45:00+01:00,-300.0,300.0,21244.656293877553,21344.67670204081,4.518708321076918
2026-01-23 14:00:00+01:00,-300.0,300.0,21268.14608979592,21318.156293877553,4.518708321076918
2026-01-23 14:15:00+01:00,-300.0,300.0,21241.62568163265,21341.64608979592,4.518708321076918
2026-01-23 14:30:00+01:00,-300.0,300.0,21265.115477551015,21315.12568163265,4.518708321076918
2026-01-23 14:45:00+01:00,-300.0,300.0,21238.595069387757,21338.615477551015,4.518708321076918
2026-01-23 15:00:00+01:00,-300.0,300.0,21262.084865306122,21312.095069387757,4.518708321076918
2026-01-23 15:15:00+01:00,-300.0,300.0,21235.564457142853,21335.584865306122,4.518708321076918
2026-01-23 15:30:00+01:00,-300.0,300.0,21259.05425306122,21309.064457142853,4.518708321076918
2026-01-23 15:45:00+01:00,-300.0,300.0,21232.53384489796,21332.55425306122,4.518708321076918
2026-01-23 16:00:00+01:00,-300.0,300.0,21256.023640816325,21306.03384489796,4.518708321076918
2026-01-23 16:15:00+01:00,-300.0,300.0,21229.50323265306,21329.523640816325,4.518708321076918
2026-01-23 16:30:00+01:00,-300.0,300.0,21252.993028571425,21303.00323265306,4.518708321076918
2026-01-23 16:45:00+01:00,-300.0,300.0,21226.472620408163,21326.493028571425,4.518708321076918
2026-01-23 17:00:00+01:00,-300.0,300.0,21249.96241632653,21299.972620408163,4.518708321076918
2026-01-23 17:15:00+01:00,-300.0,300.0,21223.442008163263,21323.46241632653,4.518708321076918
2026-01-23 17:30:00+01:00,-300.0,300.0,21246.93180408163,21296.942008163263,4.518708321076918
2026-01-23 17:45:00+01:00,-300.0,300.0,21220.411395918367,21320.43180408163,4.518708321076918
2026-01-23 18:00:00+01:00,-300.0,300.0,21243.901191836732,21293.911395918367,4.518708321076918
2026-01-23 18:15:00+01:00,-300.0,300.0,21217.38078367347,21317.401191836732,4.518708321076918
2026-01-23 18:30:00+01:00,-300.0,300.0,21240.870579591836,21290.88078367347,4.518708321076918
2026-01-23 18:45:00+01:00,-300.0,300.0,21214.35017142857,21314.370579591836,4.518708321076918
2026-01-23 19:00:00+01:00,-300.0,300.0,21237.839967346936,21287.85017142857,4.518708321076918
2026-01-23 19:15:00+01:00,-300.0,300.0,21211.319559183674,21311.339967346936,4.518708321076918
2026-01-23 19:30:00+01:00,-300.0,300.0,21234.80935510204,21284.819559183674,4.518708321076918
2026-01-23 19:45:00+01:00,-300.0,300.0,21208.288946938774,21308.30935510204,4.518708321076918
2026-01-23 20:00:00+01:00,-300.0,300.0,21231.77874285714,21281.788946938774,4.518708321076918
2026-01-23 20:15:00+01:00,-300.0,300.0,21205.25833469388,21305.27874285714,4.518708321076918
2026-01-23 20:30:00+01:00,-300.0,300.0,21228.748130612246,21278.75833469388,4.518708321076918
2026-01-23 20:45:00+01:00,-300.0,300.0,21202.227722448977,21302.248130612246,4.518708321076918
2026-01-23 21:00:00+01:00,-300.0,300.0,21225.717518367343,21275.727722448977,4.518708321076918
2026-01-23 21:15:00+01:00,-300.0,300.0,21199.197110204084,21299.217518367343,4.518708321076918
2026-01-23 21:30:00+01:00,-300.0,300.0,21222.68690612245,21272.697110204084,4.518708321076918
2026-01-23 21:45:00+01:00,-300.0,300.0,21196.16649795918,21296.18690612245,4.518708321076918
2026-01-23 22:00:00+01:00,-300.0,300.0,21219.656293877546,21269.66649795918,4.518708321076918
2026-01-23 22:15:00+01:00,-300.0,300.0,21193.135885714288,21293.156293877546,4.518708321076918
2026-01-23 22:30:00+01:00,-300.0,300.0,21216.625681632653,21266.635885714288,4.518708321076918
2026-01-23 22:45:00+01:00,-300.0,300.0,21190.105273469384,21290.125681632653,4.518708321076918
2026-01-23 23:00:00+01:00,-300.0,300.0,21213.59506938775,21263.605273469384,4.518708321076918
2026-01-23 23:15:00+01:00,-300.0,300.0,21187.07466122449,21287.09506938775,4.518708321076918
2026-01-23 23:30:00+01:00,-300.0,300.0,21210.564457142857,21260.57466122449,4.518708321076918
2026-01-23 23:45:00+01:00,-300.0,300.0,21184.044048979587,21284.064457142857,4.518708321076918
2026-01-24 00:00:00+01:00,-300.0,300.0,21207.533844897953,21257.544048979587,4.518708321076918
2026-01-24 00:15:00+01:00,-300.0,300.0,21181.013436734695,21281.033844897953,4.518708321076918
2026-01-24 00:30:00+01:00,-300.0,300.0,21204.50323265306,21254.513436734695,4.518708321076918
2026-01-24 00:45:00+01:00,-300.0,300.0,21177.982824489794,21278.00323265306,4.518708321076918
2026-01-24 01:00:00+01:00,-300.0,300.0,21201.47262040816,21251.482824489794,4.518708321076918
2026-01-24 01:15:00+01:00,-300.0,300.0,21174.952212244898,21274.97262040816,4.518708321076918
2026-01-24 01:30:00+01:00,-300.0,300.0,21198.442008163263,21248.452212244898,4.518708321076918
2026-01-24 01:45:00+01:00,-300.0,300.0,21171.9216,21271.942008163263,4.518708321076918
2026-01-24 02:00:00+01:00,-300.0,300.0,21195.411395918367,21245.4216,4.518708321076918
2026-01-24 02:15:00+01:00,-300.0,300.0,21168.8909877551,21268.911395918367,4.518708321076918
2026-01-24 02:30:00+01:00,-300.0,300.0,21192.380783673467,21242.3909877551,4.518708321076918
2026-01-24 02:45:00+01:00,-300.0,300.0,21165.860375510205,21265.880783673467,4.518708321076918
2026-01-24 03:00:00+01:00,-300.0,300.0,21189.35017142857,21239.360375510205,4.518708321076918
2026-01-24 03:15:00+01:00,-300.0,300.0,21162.829763265305,21262.85017142857,4.518708321076918
2026-01-24 03:30:00+01:00,-300.0,300.0,21186.31955918367,21236.329763265305,4.518708321076918
2026-01-24 03:45:00+01:00,-300.0,300.0,21159.799151020412,21259.81955918367,4.518708321076918
2026-01-24 04:00:00+01:00,-300.0,300.0,21183.288946938774,21233.299151020412,4.518708321076918
2026-01-24 04:15:00+01:00,-300.0,300.0,21156.76853877551,21256.788946938774,4.518708321076918
2026-01-24 04:30:00+01:00,-300.0,300.0,21180.258334693874,21230.26853877551,4.518708321076918
2026-01-24 04:45:00+01:00,-300.0,300.0,21153.737926530615,21253.758334693874,4.518708321076918
2026-01-24 05:00:00+01:00,-300.0,300.0,21177.22772244898,21227.237926530615,4.518708321076918
2026-01-24 05:15:00+01:00,-300.0,300.0,21150.70731428571,21250.72772244898,4.518708321076918
2026-01-24 05:30:00+01:00,-300.0,300.0,21174.197110204077,21224.20731428571,4.518708321076918
2026-01-24 05:45:00+01:00,-300.0,300.0,21147.67670204082,21247.697110204077,4.518708321076918
2026-01-24 06:00:00+01:00,-300.0,300.0,21171.166497959184,21221.17670204082,4.518708321076918
2026-01-24 06:15:00+01:00,-300.0,300.0,21144.646089795915,21244.666497959184,4.518708321076918
2026-01-24 06:30:00+01:00,-300.0,300.0,21168.13588571428,21218.146089795915,4.518708321076918
2026-01-24 06:45:00+01:00,-300.0,300.0,21141.615477551022,21241.63588571428,4.518708321076918
2026-01-24 07:00:00+01:00,-300.0,300.0,21165.105273469388,21215.115477551022,4.518708321076918
2026-01-24 07:15:00+01:00,-300.0,300.0,21138.58486530612,21238.605273469388,4.518708321076918
2026-01-24 07:30:00+01:00,-300.0,300.0,21162.074661224484,21212.08486530612,4.518708321076918
2026-01-24 07:45:00+01:00,-300.0,300.0,21135.554253061226,21235.574661224484,4.518708321076918
2026-01-24 08:00:00+01:00,-300.0,300.0,21159.04404897959,21209.054253061226,4.518708321076918
2026-01-24 08:15:00+01:00,-300.0,300.0,21132.523640816325,21232.54404897959,4.518708321076918
2026-01-24 08:30:00+01:00,-300.0,300.0,21156.013436734687,21206.023640816325,4.518708321076918
2026-01-24 08:45:00+01:00,-300.0,300.0,21129.49302857143,21229.513436734687,4.518708321076918
2026-01-24 09:00:00+01:00,-300.0,300.0,21152.982824489794,21202.99302857143,4.518708321076918
2026-01-24 09:15:00+01:00,-300.0,300.0,21126.46241632653,21226.482824489794,4.518708321076918
2026-01-24 09:30:00+01:00,-300.0,300.0,21149.952212244894,21199.96241632653,4.518708321076918
2026-01-24 09:45:00+01:00,-300.0,300.0,21123.431804081632,21223.452212244894,4.518708321076918
2026-01-24 10:00:00+01:00,-300.0,300.0,21146.921599999998,21196.931804081632,4.518708321076918
2026-01-24 10:15:00+01:00,-300.0,300.0,21120.401191836736,21220.421599999998,4.518708321076918
2026-01-24 10:30:00+01:00,-300.0,300.0,21143.8909877551,21193.901191836736,4.518708321076918
2026-01-24 10:45:00+01:00,-300.0,300.0,21117.370579591836,21217.3909877551,4.518708321076918
2026-01-24 11:00:00+01:00,-300.0,300.0,21140.8603755102,21190.870579591836,4.518708321076918
2026-01-24 11:15:00+01:00,-300.0,300.0,21114.33996734694,21214.3603755102,4.518708321076918
2026-01-24 11:30:00+01:00,-300.0,300.0,21137.829763265305,21187.83996734694,4.518708321076918
2026-01-24 11:45:00+01:00,-300.0,300.0,21111.30935510204,21211.329763265305,4.518708321076918
2026-01-24 12:00:00+01:00,-300.0,300.0,21134.799151020405,21184.80935510204,4.518708321076918
2026-01-24 12:15:00+01:00,-300.0,300.0,21108.278742857146,21208.299151020405,4.518708321076918
2026-01-24 12:30:00+01:00,-300.0,300.0,21131.768538775512,21181.778742857146,4.518708321076918
2026-01-24 12:45:00+01:00,-300.0,300.0,21105.248130612243,21205.268538775512,4.518708321076918
2026-01-24 13:00:00+01:00,-300.0,300.0,21128.737926530608,21178.748130612243,4.518708321076918
2026-01-24 13:15:00+01:00,-300.0,300.0,21102.21751836735,21202.237926530608,4.518708321076918
2026-01-24 13:30:00+01:00,-300.0,300.0,21125.707314285715,21175.71751836735,4.518708321076918
2026-01-24 13:45:00+01:00,-300.0,300.0,21099.186906122446,21199.207314285715,4.518708321076918
2026-01-24 14:00:00+01:00,-300.0,300.0,21122.67670204081,21172.686906122446,4.518708321076918
2026-01-24 14:15:00+01:00,-300.0,300.0,21096.156293877553,21196.17670204081,4.518708321076918
2026-01-24 14:30:00+01:00,-300.0,300.0,21119.64608979592,21169.656293877553,4.518708321076918
2026-01-24 14:45:00+01:00,-300.0,300.0,21094.942008163263,21193.14608979592,4.518708321076918
2026-01-24 15:00:00+01:00,-300.0,300.0,21118.43180408163,21168.442008163263,4.518708321076918
2026-01-24 15:15:00+01:00,-300.0,300.0,21116.916497959184,21191.93180408163,4.518708321076918
2026-01-24 15:30:00+01:00,-300.0,300.0,21140.40629387755,21190.416497959184,4.518708321076918
2026-01-24 15:45:00+01:00,-300.0,300.0,21138.890987755098,21213.90629387755,4.518708321076918
2026-01-24 16:00:00+01:00,-300.0,300.0,21162.380783673463,21212.390987755098,4.518708321076918
2026-01-24 16:15:00+01:00,-300.0,300.0,21160.865477551022,21235.880783673463,4.518708321076918
2026-01-24 16:30:00+01:00,-300.0,300.0,21184.355273469388,21234.365477551022,4.518708321076918
2026-01-24 16:45:00+01:00,-300.0,300.0,21182.839967346936,21257.855273469388,4.518708321076918
2026-01-24 17:00:00+01:00,-300.0,300.0,21206.3297632653,21256.339967346936,4.518708321076918
2026-01-24 17:15:00+01:00,-300.0,300.0,21204.814457142857,21279.8297632653,4.518708321076918
2026-01-24 17:30:00+01:00,-300.0,300.0,21228.304253061222,21278.314457142857,4.518708321076918
2026-01-24 17:45:00+01:00,-300.0,300.0,21226.788946938777,21301.804253061222,4.518708321076918
2026-01-24 18:00:00+01:00,-300.0,300.0,21250.278742857143,21300.288946938777,4.518708321076918
2026-01-24 18:15:00+01:00,-300.0,300.0,21248.763436734695,21323.778742857143,4.518708321076918
2026-01-24 18:30:00+01:00,-300.0,300.0,21272.25323265306,21322.263436734695,4.518708321076918
2026-01-24 18:45:00+01:00,-300.0,300.0,21270.73792653061,21345.75323265306,4.518708321076918
2026-01-24 19:00:00+01:00,-300.0,300.0,21294.227722448977,21344.23792653061,4.518708321076918
2026-01-24 19:15:00+01:00,-250.0,250.0,21292.71241632653,21367.727722448977,3.2251057736749784
2026-01-24 19:30:00+01:00,-250.0,250.0,21303.952212244894,21353.96241632653,3.2251057736749784
2026-01-24 19:45:00+01:00,-250.0,250.0,21290.186906122453,21365.202212244894,3.2251057736749784
2026-01-24 20:00:00+01:00,-250.0,250.0,21301.426702040815,21351.436906122453,3.2251057736749784
2026-01-24 20:15:00+01:00,-250.0,250.0,21287.661395918367,21362.676702040815,3.2251057736749784
2026-01-24 20:30:00+01:00,-250.0,250.0,21298.901191836732,21348.911395918367,3.2251057736749784
2026-01-24 20:45:00+01:00,-250.0,250.0,21285.135885714288,21360.151191836732,3.2251057736749784
2026-01-24 21:00:00+01:00,-250.0,250.0,21296.375681632653,21346.385885714288,3.2251057736749784
2026-01-24 21:15:00+01:00,-250.0,250.0,21282.6103755102,21357.625681632653,3.2251057736749784
2026-01-24 21:30:00+01:00,-250.0,250.0,21293.850171428567,21343.8603755102,3.2251057736749784
2026-01-24 21:45:00+01:00,-250.0,250.0,21280.084865306126,21355.100171428567,3.2251057736749784
2026-01-24 22:00:00+01:00,-250.0,250.0,21291.32466122449,21341.334865306126,3.2251057736749784
2026-01-24 22:15:00+01:00,-250.0,250.0,21277.55935510204,21352.57466122449,3.2251057736749784
2026-01-24 22:30:00+01:00,-250.0,250.0,21288.799151020405,21338.80935510204,3.2251057736749784
2026-01-24 22:45:00+01:00,-300.0,300.0,21275.03384489796,21350.049151020405,5.076572313779393
2026-01-24 23:00:00+01:00,-300.0,300.0,21273.51853877551,21348.53384489796,5.076572313779393
2026-01-24 23:15:00+01:00,-300.0,300.0,21272.003232653056,21347.01853877551,5.076572313779393
2026-01-24 23:30:00+01:00,-300.0,300.0,21270.487926530608,21345.503232653056,5.076572313779393
2026-01-24 23:45:00+01:00,-300.0,300.0,21268.972620408167,21343.987926530608,5.076572313779393
2026-01-25 00:00:00+01:00,-300.0,300.0,21267.457314285715,21342.472620408167,5.076572313779393
2026-01-25 00:15:00+01:00,-300.0,300.0,21265.942008163263,21340.957314285715,5.076572313779393
2026-01-25 00:30:00+01:00,-300.0,300.0,21264.42670204081,21339.442008163263,5.076572313779393
2026-01-25 00:45:00+01:00,-300.0,300.0,21262.911395918367,21337.92670204081,5.076572313779393
2026-01-25 01:00:00+01:00,-300.0,300.0,21261.396089795915,21336.411395918367,5.076572313779393
2026-01-25 01:15:00+01:00,-300.0,300.0,21259.880783673467,21334.896089795915,5.076572313779393
2026-01-25 01:30:00+01:00,-300.0,300.0,21258.36547755102,21333.380783673467,5.076572313779393
2026-01-25 01:45:00+01:00,-300.0,300.0,21256.850171428574,21331.86547755102,5.076572313779393
2026-01-25 02:00:00+01:00,-300.0,300.0,21255.334865306122,21330.350171428574,5.076572313779393
2026-01-25 02:15:00+01:00,-300.0,300.0,21253.819559183674,21328.834865306122,5.076572313779393
2026-01-25 02:30:00+01:00,-300.0,300.0,21252.304253061222,21327.319559183674,5.076572313779393
2026-01-25 02:45:00+01:00,-300.0,300.0,21250.788946938774,21325.804253061222,5.076572313779393
2026-01-25 03:00:00+01:00,-300.0,300.0,21249.273640816322,21324.288946938774,5.076572313779393
2026-01-25 03:15:00+01:00,-300.0,300.0,21247.758334693877,21322.773640816322,5.076572313779393
2026-01-25 03:30:00+01:00,-300.0,300.0,21246.24302857143,21321.258334693877,5.076572313779393
2026-01-25 03:45:00+01:00,-300.0,300.0,21244.72772244898,21319.74302857143,5.076572313779393
2026-01-25 04:00:00+01:00,-300.0,300.0,21243.21241632653,21318.22772244898,5.076572313779393
2026-01-25 04:15:00+01:00,-300.0,300.0,21241.697110204084,21316.71241632653,5.076572313779393
2026-01-25 04:30:00+01:00,-300.0,300.0,21240.181804081632,21315.197110204084,5.076572313779393
2026-01-25 04:45:00+01:00,-300.0,300.0,21238.66649795918,21313.681804081632,5.076572313779393
2026-01-25 05:00:00+01:00,-300.0,300.0,21237.15119183673,21312.16649795918,5.076572313779393
2026-01-25 05:15:00+01:00,-300.0,300.0,21235.635885714288,21310.65119183673,5.076572313779393
2026-01-25 05:30:00+01:00,-300.0,300.0,21234.12057959184,21309.135885714288,5.076572313779393
2026-01-25 05:45:00+01:00,-300.0,300.0,21232.605273469388,21307.62057959184,5.076572313779393
2026-01-25 06:00:00+01:00,-300.0,300.0,21231.089967346936,21306.105273469388,5.076572313779393
2026-01-25 06:15:00+01:00,-300.0,300.0,21229.57466122449,21304.589967346936,5.076572313779393
2026-01-25 06:30:00+01:00,-300.0,300.0,21228.05935510204,21303.07466122449,5.076572313779393
2026-01-25 06:45:00+01:00,-300.0,300.0,21226.544048979587,21301.55935510204,5.076572313779393
2026-01-25 07:00:00+01:00,-300.0,300.0,21225.02874285714,21300.044048979587,5.076572313779393
2026-01-25 07:15:00+01:00,-300.0,300.0,21223.5134367347,21298.52874285714,5.076572313779393
2026-01-25 07:30:00+01:00,-300.0,300.0,21221.998130612246,21297.0134367347,5.076572313779393
2026-01-25 07:45:00+01:00,-300.0,300.0,21220.482824489794,21295.498130612246,5.076572313779393
2026-01-25 08:00:00+01:00,-300.0,300.0,21218.967518367343,21293.982824489794,5.076572313779393
2026-01-25 08:15:00+01:00,-300.0,300.0,21217.452212244898,21292.467518367343,5.076572313779393
2026-01-25 08:30:00+01:00,-300.0,300.0,21215.936906122446,21290.952212244898,5.076572313779393
2026-01-25 08:45:00+01:00,-300.0,300.0,21214.421599999998,21289.436906122446,5.076572313779393
2026-01-25 09:00:00+01:00,-300.0,300.0,21212.90629387755,21287.921599999998,5.076572313779393
2026-01-25 09:15:00+01:00,-300.0,300.0,21211.390987755105,21286.40629387755,5.076572313779393
2026-01-25 09:30:00+01:00,-300.0,300.0,21209.875681632653,21284.890987755105,5.076572313779393
2026-01-25 09:45:00+01:00,-300.0,300.0,21208.360375510205,21283.375681632653,5.076572313779393
2026-01-25 10:00:00+01:00,-300.0,300.0,21206.845069387753,21281.860375510205,5.076572313779393
2026-01-25 10:15:00+01:00,-300.0,300.0,21205.329763265305,21280.345069387753,5.076572313779393
2026-01-25 10:30:00+01:00,-300.0,300.0,21203.814457142853,21278.829763265305,5.076572313779393
2026-01-25 10:45:00+01:00,-300.0,300.0,21202.29915102041,21277.314457142853,5.076572313779393
2026-01-25 11:00:00+01:00,-300.0,300.0,21200.78384489796,21275.79915102041,5.076572313779393
2026-01-25 11:15:00+01:00,-300.0,300.0,21199.268538775512,21274.28384489796,5.076572313779393
2026-01-25 11:30:00+01:00,-300.0,300.0,21197.75323265306,21272.768538775512,5.076572313779393
2026-01-25 11:45:00+01:00,-300.0,300.0,21196.237926530615,21271.25323265306,5.076572313779393
2026-01-25 12:00:00+01:00,-300.0,300.0,21194.72262040816,21269.737926530615,5.076572313779393
2026-01-25 12:15:00+01:00,-300.0,300.0,21193.20731428571,21268.22262040816,5.076572313779393
2026-01-25 12:30:00+01:00,-300.0,300.0,21191.69200816326,21266.70731428571,5.076572313779393
2026-01-25 12:45:00+01:00,-300.0,300.0,21190.17670204082,21265.19200816326,5.076572313779393
2026-01-25 13:00:00+01:00,-300.0,300.0,21188.66139591837,21263.67670204082,5.076572313779393
2026-01-25 13:15:00+01:00,-300.0,300.0,21187.14608979592,21262.16139591837,5.076572313779393
2026-01-25 13:30:00+01:00,-300.0,300.0,21202.488302040812,21260.64608979592,5.076572313779393
2026-01-25 13:45:00+01:00,-300.0,300.0,21200.972995918368,21275.988302040812,5.076572313779393
2026-01-25 14:00:00+01:00,-300.0,300.0,21224.462791836733,21274.472995918368,5.076572313779393
2026-01-25 14:15:00+01:00,-300.0,300.0,21222.94748571428,21297.962791836733,5.076572313779393
2026-01-25 14:30:00+01:00,-300.0,300.0,21246.437281632647,21296.44748571428,5.076572313779393
2026-01-25 14:45:00+01:00,-300.0,300.0,21244.921975510202,21319.937281632647,5.076572313779393
2026-01-25 15:00:00+01:00,-300.0,300.0,21268.41177142857,21318.421975510202,5.076572313779393
2026-01-25 15:15:00+01:00,-300.0,300.0,21266.89646530612,21341.91177142857,5.076572313779393
2026-01-25 15:30:00+01:00,-300.0,300.0,21290.38626122449,21340.39646530612,5.076572313779393
2026-01-25 15:45:00+01:00,-300.0,300.0,21288.87095510204,21363.88626122449,5.076572313779393
2026-01-25 16:00:00+01:00,-300.0,300.0,21312.360751020406,21362.37095510204,5.076572313779393
2026-01-25 16:15:00+01:00,-300.0,300.0,21310.845444897957,21385.860751020406,5.076572313779393
2026-01-25 16:30:00+01:00,-300.0,300.0,21337.060514285713,21384.345444897957,5.076572313779393
2026-01-25 16:45:00+01:00,-300.0,300.0,21335.545208163265,21410.560514285713,5.076572313779393
2026-01-25 17:00:00+01:00,-300.0,300.0,21393.03013877551,21409.045208163265,5.076572313779393
2026-01-25 17:15:00+01:00,-300.0,300.0,21391.514832653058,21466.53013877551,5.076572313779393
2026-01-25 17:30:00+01:00,-300.0,300.0,21465.014832653058,21465.014832653058,5.076572313779393
2026-01-25 17:45:00+01:00,-300.0,300.0,21463.49952653061,21538.514832653058,5.076572313779393
2026-01-25 18:00:00+01:00,-300.0,300.0,21536.99952653061,21536.99952653061,5.076572313779393
2026-01-25 18:15:00+01:00,-300.0,300.0,21543.32426122449,21610.49952653061,5.076572313779393
2026-01-25 18:30:00+01:00,-300.0,300.0,21616.82426122449,21616.82426122449,5.076572313779393
2026-01-25 18:45:00+01:00,-300.0,300.0,21640.314057142856,21690.32426122449,5.076572313779393
2026-01-25 19:00:00+01:00,-300.0,300.0,21713.814057142856,21713.814057142856,5.076572313779393
2026-01-25 19:15:00+01:00,-300.0,300.0,21737.30385306122,21787.314057142856,5.076572313779393
2026-01-25 19:30:00+01:00,-300.0,300.0,21810.80385306122,21810.80385306122,5.076572313779393
2026-01-25 19:45:00+01:00,-300.0,300.0,21834.29364897959,21884.30385306122,5.076572313779393
2026-01-25 20:00:00+01:00,-300.0,300.0,21907.79364897959,21907.79364897959,5.076572313779393
2026-01-25 20:15:00+01:00,-250.0,250.0,21931.28344489796,21981.29364897959,3.2251057736749784
2026-01-25 20:30:00+01:00,-250.0,250.0,21992.53344489796,21992.53344489796,3.2251057736749784
2026-01-25 20:45:00+01:00,-250.0,250.0,22003.773240816325,22053.78344489796,3.2251057736749784
2026-01-25 21:00:00+01:00,-300.0,300.0,22065.023240816325,22065.023240816325,33.28428944714434
2026-01-25 21:15:00+01:00,-300.0,300.0,22088.513036734694,22138.523240816325,33.28428944714434
2026-01-25 21:30:00+01:00,-200.0,200.0,22162.013036734694,22162.013036734694,2.833244351686828
2026-01-25 21:45:00+01:00,-150.0,150.0,22161.002832653056,22211.01303673469,1.361485599405428
2026-01-25 22:00:00+01:00,-200.0,200.0,22197.75283265306,22197.75283265306,123.11577131369114
2026-01-25 22:15:00+01:00,-200.0,200.0,22196.74262857143,22246.75283265306,123.11577131369114
2026-01-25 22:30:00+01:00,-200.0,200.0,22245.74262857143,22245.74262857143,32.9615672320585
2026-01-25 22:45:00+01:00,-200.0,200.0,22244.732424489794,22294.74262857143,32.9615672320585
2026-01-25 23:00:00+01:00,-200.0,200.0,22293.732424489794,22293.732424489794,32.9615672320585
2026-01-25 23:15:00+01:00,-200.0,200.0,22292.72222040816,22342.732424489794,32.9615672320585
2026-01-25 23:30:00+01:00,-200.0,200.0,22341.72222040816,22341.72222040816,32.9615672320585
2026-01-25 23:45:00+01:00,-150.0,150.0,22340.712016326528,22390.72222040816,1.361485599405428
2026-01-26 00:00:00+01:00,-150.0,150.0,22377.462016326528,22377.462016326528,1.361485599405428
2026-01-26 00:15:00+01:00,-100.0,100.0,22364.201812244897,22414.212016326528,0.18798272950746897
2026-01-26 00:30:00+01:00,-100.0,100.0,22388.701812244897,22388.701812244897,0.18798272950746897
2026-01-26 00:45:00+01:00,-100.0,100.0,22363.191608163263,22413.201812244897,0.18798272950746897
2026-01-26 01:00:00+01:00,-150.0,150.0,22387.691608163263,22387.691608163263,28.131350076446246
2026-01-26 01:15:00+01:00,-200.0,200.0,22374.46143673469,22424.441608163263,67.72775823971153
2026-01-26 01:30:00+01:00,-200.0,200.0,22423.43140408163,22423.461436734695,67.72775823971153
2026-01-26 01:45:00+01:00,-200.0,200.0,22422.95633469388,22472.43140408163,67.72775823971153
2026-01-26 02:00:00+01:00,-150.0,150.0,22471.421200000004,22471.95633469388,39.78439089277276
2026-01-26 02:15:00+01:00,-150.0,150.0,22459.201232653064,22508.171200000004,39.78439089277276
2026-01-26 02:30:00+01:00,-150.0,150.0,22494.91099591837,22495.951232653064,284.78716640297694
2026-01-26 02:45:00+01:00,-150.0,150.0,22483.196130612247,22531.66099591837,14.588041038545372
2026-01-26 03:00:00+01:00,-150.0,150.0,22518.400791836735,22519.946130612247,14.588041038545372
2026-01-26 03:15:00+01:00,-150.0,150.0,22507.19102857143,22555.150791836735,14.588041038545372
2026-01-26 03:30:00+01:00,-150.0,150.0,22541.890587755104,22543.94102857143,14.588041038545372
2026-01-26 03:45:00+01:00,-150.0,150.0,22531.185926530616,22578.640587755104,14.588041038545372
2026-01-26 04:00:00+01:00,-150.0,150.0,22565.380383673473,22567.935926530616,14.588041038545372
2026-01-26 04:15:00+01:00,-150.0,150.0,22555.1808244898,22602.130383673473,14.588041038545372
2026-01-26 04:30:00+01:00,-100.0,100.0,22588.87017959184,22591.9308244898,0.18798272950746897
2026-01-26 04:45:00+01:00,-100.0,100.0,22566.92572244898,22613.37017959184,0.18798272950746897
2026-01-26 05:00:00+01:00,-100.0,100.0,22587.859975510204,22591.42572244898,0.18798272950746897
2026-01-26 05:15:00+01:00,-100.0,100.0,22566.420620408164,22612.359975510204,0.18798272950746897
2026-01-26 05:30:00+01:00,-100.0,100.0,22586.849771428573,22590.920620408164,0.18798272950746897
2026-01-26 05:45:00+01:00,-100.0,100.0,22565.91551836735,22611.349771428573,0.18798272950746897
2026-01-26 06:00:00+01:00,-100.0,100.0,22585.839567346942,22590.41551836735,0.18798272950746897
2026-01-26 06:15:00+01:00,-100.0,100.0,22565.410416326533,22610.339567346942,0.18798272950746897
2026-01-26 06:30:00+01:00,-100.0,100.0,22584.829363265308,22589.910416326533,0.18798272950746897
2026-01-26 06:45:00+01:00,-100.0,100.0,22564.905314285716,22609.329363265308,0.18798272950746897
2026-01-26 07:00:00+01:00,-100.0,100.0,22583.819159183673,22589.405314285716,0.18798272950746897
2026-01-26 07:15:00+01:00,-100.0,100.0,22564.4002122449,22608.319159183673,0.18798272950746897
2026-01-26 07:30:00+01:00,-100.0,100.0,22582.808955102042,22588.9002122449,0.18798272950746897
2026-01-26 07:45:00+01:00,-100.0,100.0,22563.895110204085,22607.308955102042,0.18798272950746897
2026-01-26 08:00:00+01:00,-250.0,250.0,22581.79875102041,22588.395110204085,570.7509817943626
2026-01-26 08:15:00+01:00,-250.0,250.0,22575.13490612245,22643.04875102041,170.26343077395435
2026-01-26 08:30:00+01:00,-300.0,300.0,22629.28344489796,22636.38490612245,173.51862635218563
2026-01-26 08:45:00+01:00,-300.0,300.0,22610.369600000005,22702.78344489796,55.35782363109722
2026-01-26 09:00:00+01:00,-300.0,300.0,22651.25793469388,22683.869600000005,55.35782363109722
2026-01-26 09:15:00+01:00,-300.0,300.0,22632.84919183674,22724.75793469388,55.35782363109722
2026-01-26 09:30:00+01:00,-300.0,300.0,22673.2324244898,22706.34919183674,55.35782363109722
2026-01-26 09:45:00+01:00,-250.0,250.0,22655.328783673474,22746.732424489805,17.694208470747363
2026-01-26 10:00:00+01:00,-250.0,250.0,22682.956914285718,22716.578783673474,17.694208470747363
2026-01-26 10:15:00+01:00,-250.0,250.0,22653.308375510205,22744.206914285718,17.694208470747363
2026-01-26 10:30:00+01:00,-250.0,250.0,22680.43140408163,22714.55837551021,17.694208470747363
2026-01-26 10:45:00+01:00,-250.0,250.0,22651.287967346943,22741.68140408163,17.694208470747363
2026-01-26 11:00:00+01:00,-250.0,250.0,22677.905893877556,22712.537967346943,17.694208470747363
2026-01-26 11:15:00+01:00,-250.0,250.0,22649.267559183678,22739.15589387756,17.694208470747363
2026-01-26 11:30:00+01:00,-300.0,300.0,22675.380383673473,22710.517559183678,57.24781391292423
2026-01-26 11:45:00+01:00,-300.0,300.0,22659.497151020412,22748.880383673477,57.24781391292423
2026-01-26 12:00:00+01:00,-350.0,350.0,22697.35487346939,22732.997151020412,131.39102091000876
2026-01-26 12:15:00+01:00,-350.0,350.0,22694.226742857143,22783.10487346939,131.39102091000876
2026-01-26 12:30:00+01:00,-400.0,400.0,22743.829363265304,22779.976742857147,239.16632703245776
2026-01-26 12:45:00+01:00,-400.0,400.0,22753.45633469388,22841.829363265304,239.16632703245776
2026-01-26 13:00:00+01:00,-300.0,300.0,22823.391371428577,22851.45633469388,91.8374154678319
2026-01-26 13:15:00+01:00,-300.0,300.0,22809.023444897965,22896.891371428577,91.8374154678319
2026-01-26 13:30:00+01:00,-300.0,300.0,22870.37096326531,22882.523444897965,91.8374154678319
2026-01-26 13:45:00+01:00,-250.0,250.0,22856.508138775516,22943.87096326531,17.694208470747363
2026-01-26 14:00:00+01:00,-250.0,250.0,22905.508138775516,22917.758138775516,17.694208470747363
2026-01-26 14:15:00+01:00,-250.0,250.0,22901.197559183674,22966.758138775516,17.694208470747363
2026-01-26 14:30:00+01:00,-250.0,250.0,22950.197559183674,22962.447559183674,17.694208470747363
2026-01-26 14:45:00+01:00,-250.0,250.0,22949.187355102044,23011.447559183674,17.694208470747363
2026-01-26 15:00:00+01:00,-250.0,250.0,22998.187355102044,23010.437355102044,17.694208470747363
2026-01-26 15:15:00+01:00,-250.0,250.0,22997.177151020413,23059.437355102044,17.694208470747363
2026-01-26 15:30:00+01:00,-300.0,300.0,23046.177151020413,23058.427151020413,61.73237173605348
2026-01-26 15:45:00+01:00,-300.0,300.0,23057.416946938778,23119.677151020413,61.73237173605348
2026-01-26 16:00:00+01:00,-300.0,300.0,23118.666946938778,23130.916946938778,61.73237173605348
2026-01-26 16:15:00+01:00,-300.0,300.0,23129.906742857147,23192.166946938778,61.73237173605348
2026-01-26 16:30:00+01:00,-300.0,300.0,23191.156742857143,23203.406742857143,61.73237173605348
2026-01-26 16:45:00+01:00,-300.0,300.0,23202.396538775516,23264.656742857143,61.73237173605348
2026-01-26 17:00:00+01:00,-300.0,300.0,23263.646538775516,23275.896538775516,61.73237173605348
2026-01-26 17:15:00+01:00,-300.0,300.0,23290.102571428575,23337.146538775516,61.73237173605348
2026-01-26 17:30:00+01:00,-350.0,350.0,23351.352571428575,23363.602571428575,86.02692155598146
2026-01-26 17:45:00+01:00,-350.0,350.0,23399.847469387758,23437.102571428575,86.02692155598146
2026-01-26 18:00:00+01:00,-350.0,350.0,23473.347469387758,23485.597469387758,86.02692155598146
2026-01-26 18:15:00+01:00,-350.0,350.0,23544.007200000004,23559.097469387758,86.02692155598146
2026-01-26 18:30:00+01:00,-300.0,300.0,23617.507200000004,23629.757200000004,41.988758290675335
2026-01-26 18:45:00+01:00,-300.0,300.0,23678.757200000004,23691.007200000004,41.988758290675335
2026-01-26 19:00:00+01:00,-300.0,300.0,23740.0072,23752.2572,41.988758290675335
2026-01-26 19:15:00+01:00,-350.0,350.0,23801.2572,23813.5072,500.4059011478182
2026-01-26 19:30:00+01:00,-300.0,300.0,23874.7572,23887.0072,41.988758290675335
2026-01-26 19:45:00+01:00,-300.0,300.0,23936.0072,23948.2572,41.988758290675335
2026-01-26 20:00:00+01:00,-250.0,250.0,23997.2572,24009.5072,34.39711203217194
2026-01-26 20:15:00+01:00,-250.0,250.0,24046.2572,24058.5072,34.39711203217194
2026-01-26 20:30:00+01:00,-250.0,250.0,24095.2572,24107.5072,46.098549107001865
2026-01-26 20:45:00+01:00,-250.0,250.0,24144.2572,24156.5072,46.098549107001865
2026-01-26 21:00:00+01:00,-300.0,300.0,24193.2572,24205.5072,76.2452838008794
2026-01-26 21:15:00+01:00,-250.0,250.0,24254.5072,24266.7572,69.5858998963742
2026-01-26 21:30:00+01:00,-150.0,150.0,24303.5072,24315.7572,24.48253254943544
2026-01-26 21:45:00+01:00,-100.0,100.0,24328.0072,24340.2572,0.18798272950746897
2026-01-26 22:00:00+01:00,-100.0,100.0,24340.2572,24352.5072,93.82281900730217
2026-01-26 22:15:00+01:00,-100.0,100.0,24352.5072,24364.7572,93.82281900730217
2026-01-26 22:30:00+01:00,-150.0,150.0,24364.7572,24377.0072,95.89485982362869
2026-01-26 22:45:00+01:00,-150.0,150.0,24364.252097959183,24401.5072,95.89485982362869
2026-01-26 23:00:00+01:00,-150.0,150.0,24388.752097959183,24401.002097959183,44.88312512975114
2026-01-26 23:15:00+01:00,-150.0,150.0,24388.24699591837,24425.502097959183,44.88312512975114
2026-01-26 23:30:00+01:00,-150.0,150.0,24412.74699591837,24424.99699591837,44.88312512975114
2026-01-26 23:45:00+01:00,-150.0,150.0,24412.24189387755,24449.49699591837,44.88312512975114
2026-01-27 00:00:00+01:00,-150.0,150.0,24436.74189387755,24448.99189387755,44.88312512975114
2026-01-27 00:15:00+01:00,-150.0,150.0,24436.236791836734,24473.49189387755,44.88312512975114
2026-01-27 00:30:00+01:00,-150.0,150.0,24460.736791836734,24472.986791836734,44.88312512975114
2026-01-27 00:45:00+01:00,-200.0,200.0,24460.231689795917,24497.486791836734,110.09890744267634
2026-01-27 01:00:00+01:00,-200.0,200.0,24496.981689795917,24509.231689795917,110.09890744267634
2026-01-27 01:15:00+01:00,-200.0,200.0,24508.726587755104,24545.981689795917,110.09890744267634
2026-01-27 01:30:00+01:00,-150.0,150.0,24545.476587755104,24557.726587755104,44.88312512975114
2026-01-27 01:45:00+01:00,-100.0,100.0,24544.971485714286,24582.226587755104,2.142308803220536
2026-01-27 02:00:00+01:00,-150.0,150.0,24557.221485714286,24569.471485714286,166.9716965583226
2026-01-27 02:15:00+01:00,-100.0,100.0,24556.71638367347,24593.971485714286,2.142308803220536
2026-01-27 02:30:00+01:00,-100.0,100.0,24568.96638367347,24581.21638367347,2.142308803220536
2026-01-27 02:45:00+01:00,-100.0,100.0,24556.21128163265,24593.46638367347,2.142308803220536
2026-01-27 03:00:00+01:00,-100.0,100.0,24568.46128163265,24580.71128163265,2.142308803220536
2026-01-27 03:15:00+01:00,-150.0,150.0,24555.706179591838,24592.96128163265,53.03863533383277
2026-01-27 03:30:00+01:00,-150.0,150.0,24580.206179591838,24592.456179591838,53.03863533383277
2026-01-27 03:45:00+01:00,-200.0,200.0,24579.70107755102,24616.956179591838,169.14588023179198
2026-01-27 04:00:00+01:00,-200.0,200.0,24616.45107755102,24628.70107755102,169.14588023179198
2026-01-27 04:15:00+01:00,-200.0,200.0,24628.195975510203,24665.45107755102,169.14588023179198
2026-01-27 04:30:00+01:00,-200.0,200.0,24664.945975510203,24677.195975510203,169.14588023179198
2026-01-27 04:45:00+01:00,-100.0,100.0,24676.690873469386,24713.945975510203,2.142308803220536
2026-01-27 05:00:00+01:00,-100.0,100.0,24688.940873469386,24701.190873469386,2.142308803220536
2026-01-27 05:15:00+01:00,-100.0,100.0,24699.2364,24713.440873469386,2.142308803220536
2026-01-27 05:30:00+01:00,-100.0,100.0,24711.4864,24723.7364,2.142308803220536
2026-01-27 05:45:00+01:00,-100.0,100.0,24723.7364,24735.9864,2.142308803220536
2026-01-27 06:00:00+01:00,-100.0,100.0,24735.9864,24748.2364,2.142308803220536
2026-01-27 06:15:00+01:00,-100.0,100.0,24748.2364,24760.4864,2.142308803220536
2026-01-27 06:30:00+01:00,-50.0,50.0,24760.4864,24772.7364,0.07026798689400572
2026-01-27 06:45:00+01:00,-50.0,50.0,24760.4864,24772.7364,0.07026798689400572
2026-01-27 07:00:00+01:00,-100.0,100.0,24760.4864,24772.7364,4.491347198239561
2026-01-27 07:15:00+01:00,-100.0,100.0,24747.731297959188,24784.9864,4.491347198239561
2026-01-27 07:30:00+01:00,-100.0,100.0,24759.981297959188,24772.231297959188,4.491347198239561
2026-01-27 07:45:00+01:00,-250.0,250.0,24747.22619591837,24784.481297959188,45.92882824780224
2026-01-27 08:00:00+01:00,-250.0,250.0,24746.215991836736,24808.47619591837,45.92882824780224
2026-01-27 08:15:00+01:00,-250.0,250.0,24770.210889795922,24807.465991836736,45.92882824780224
2026-01-27 08:30:00+01:00,-300.0,300.0,24769.200685714288,24831.460889795922,352.4741343702512
2026-01-27 08:45:00+01:00,-250.0,250.0,24805.445583673474,24842.700685714288,45.92882824780224
2026-01-27 09:00:00+01:00,-250.0,250.0,24804.435379591843,24866.695583673474,45.92882824780224
2026-01-27 09:15:00+01:00,-300.0,300.0,24828.430277551026,24865.685379591843,52.24806634304033
2026-01-27 09:30:00+01:00,-250.0,250.0,24814.664971428578,24901.930277551022,19.612381211845
2026-01-27 09:45:00+01:00,-250.0,250.0,24838.659869387757,24875.914971428578,19.612381211845
2026-01-27 10:00:00+01:00,-250.0,250.0,24812.644563265305,24899.909869387757,19.612381211845
2026-01-27 10:15:00+01:00,-250.0,250.0,24836.63946122449,24873.894563265305,19.612381211845
2026-01-27 10:30:00+01:00,-250.0,250.0,24810.624155102043,24897.88946122449,19.612381211845
2026-01-27 10:45:00+01:00,-250.0,250.0,24834.61905306123,24871.874155102043,19.612381211845
2026-01-27 11:00:00+01:00,-250.0,250.0,24808.603746938777,24895.86905306123,19.612381211845
2026-01-27 11:15:00+01:00,-250.0,250.0,24832.598644897964,24869.853746938777,19.612381211845
2026-01-27 11:30:00+01:00,-250.0,250.0,24806.583338775512,24893.84864489796,19.612381211845
2026-01-27 11:45:00+01:00,-250.0,250.0,24830.5782367347,24867.833338775512,19.612381211845
2026-01-27 12:00:00+01:00,-250.0,250.0,24808.253648979593,24891.8282367347,19.612381211845
2026-01-27 12:15:00+01:00,-250.0,250.0,24832.248546938776,24869.503648979593,19.612381211845
2026-01-27 12:30:00+01:00,-300.0,300.0,24831.238342857145,24893.498546938776,228.04217713021234
2026-01-27 12:45:00+01:00,-300.0,300.0,24867.48324081633,24904.738342857145,26.4955590544106
2026-01-27 13:00:00+01:00,-300.0,300.0,24853.717934693876,24940.98324081633,26.4955590544106
2026-01-27 13:15:00+01:00,-300.0,300.0,24889.962832653062,24927.217934693876,26.4955590544106
2026-01-27 13:30:00+01:00,-300.0,300.0,24876.197526530617,24963.462832653062,26.4955590544106
2026-01-27 13:45:00+01:00,-300.0,300.0,24912.442424489796,24949.697526530617,26.4955590544106
2026-01-27 14:00:00+01:00,-300.0,300.0,24898.677118367348,24985.942424489796,26.4955590544106
2026-01-27 14:15:00+01:00,-300.0,300.0,24934.92201632653,24972.177118367348,26.4955590544106
2026-01-27 14:30:00+01:00,-300.0,300.0,24923.641232653066,25008.42201632653,26.4955590544106
2026-01-27 14:45:00+01:00,-300.0,300.0,24959.886130612245,24997.141232653066,26.4955590544106
2026-01-27 15:00:00+01:00,-300.0,300.0,24971.12592653061,25033.386130612245,26.4955590544106
2026-01-27 15:15:00+01:00,-300.0,300.0,25007.370824489797,25044.62592653061,26.4955590544106
2026-01-27 15:30:00+01:00,-300.0,300.0,25018.610620408166,25080.870824489797,26.4955590544106
2026-01-27 15:45:00+01:00,-300.0,300.0,25054.855518367352,25092.110620408166,26.4955590544106
2026-01-27 16:00:00+01:00,-300.0,300.0,25087.005428571436,25128.355518367352,26.4955590544106
2026-01-27 16:15:00+01:00,-300.0,300.0,25131.224065306127,25160.505428571436,26.4955590544106
2026-01-27 16:30:00+01:00,-300.0,300.0,25167.46896326531,25204.724065306127,26.4955590544106
2026-01-27 16:45:00+01:00,-300.0,300.0,25228.71896326531,25240.96896326531,26.4955590544106
2026-01-27 17:00:00+01:00,-300.0,300.0,25264.963861224493,25302.21896326531,26.4955590544106
2026-01-27 17:15:00+01:00,-300.0,300.0,25326.213861224493,25338.463861224493,26.4955590544106
2026-01-27 17:30:00+01:00,-300.0,300.0,25362.458759183675,25399.713861224493,26.4955590544106
2026-01-27 17:45:00+01:00,-300.0,300.0,25423.708759183675,25435.958759183675,26.4955590544106
2026-01-27 18:00:00+01:00,-300.0,300.0,25459.95365714286,25497.208759183675,26.4955590544106
2026-01-27 18:15:00+01:00,-300.0,300.0,25521.20365714286,25533.45365714286,26.4955590544106
2026-01-27 18:30:00+01:00,-300.0,300.0,25557.448555102044,25594.70365714286,26.4955590544106
2026-01-27 18:45:00+01:00,-300.0,300.0,25618.698555102044,25630.948555102044,26.4955590544106
2026-01-27 19:00:00+01:00,-300.0,300.0,25654.943453061227,25692.198555102044,26.4955590544106
2026-01-27 19:15:00+01:00,-300.0,300.0,25716.193453061227,25728.443453061227,26.4955590544106
2026-01-27 19:30:00+01:00,-300.0,300.0,25752.43835102041,25789.693453061227,26.4955590544106
2026-01-27 19:45:00+01:00,-250.0,250.0,25813.68835102041,25825.93835102041,19.612381211845
2026-01-27 20:00:00+01:00,-250.0,250.0,25837.683248979596,25874.93835102041,19.612381211845
2026-01-27 20:15:00+01:00,-250.0,250.0,25886.683248979596,25898.933248979596,19.612381211845
2026-01-27 20:30:00+01:00,-250.0,250.0,25910.67814693878,25947.933248979596,25.293469647219155
2026-01-27 20:45:00+01:00,-250.0,250.0,25957.229746938778,25971.92814693878,25.293469647219155
2026-01-27 21:00:00+01:00,-300.0,300.0,25981.22464489796,26018.479746938778,29.27412270844364
2026-01-27 21:15:00+01:00,-300.0,300.0,26017.469542857143,26054.72464489796,29.27412270844364
2026-01-27 21:30:00+01:00,-250.0,250.0,26053.714440816326,26090.969542857143,20.880898218647722
2026-01-27 21:45:00+01:00,-200.0,200.0,26077.709338775512,26114.964440816326,63.994186354240874
2026-01-27 22:00:00+01:00,-150.0,150.0,26089.4542367347,26126.709338775512,4.45949247668992
2026-01-27 22:15:00+01:00,-250.0,250.0,26088.94913469388,26126.2042367347,124.41168635424094
2026-01-27 22:30:00+01:00,-250.0,250.0,26107.207632653062,26150.19913469388,124.41168635424094
2026-01-27 22:45:00+01:00,-250.0,250.0,26131.202530612245,26168.457632653062,124.41168635424094
2026-01-27 23:00:00+01:00,-250.0,250.0,26155.197428571428,26192.452530612245,124.41168635424094
2026-01-27 23:15:00+01:00,-200.0,200.0,26179.19232653061,26216.447428571428,16.227808803220533
2026-01-27 23:30:00+01:00,-200.0,200.0,26190.937224489793,26228.19232653061,16.227808803220533
2026-01-27 23:45:00+01:00,-200.0,200.0,26227.478334693875,26239.937224489793,16.227808803220533
2026-01-28 00:00:00+01:00,-200.0,200.0,26239.22323265306,26276.478334693875,16.227808803220533
2026-01-28 00:15:00+01:00,-150.0,150.0,26275.97323265306,26288.22323265306,4.45949247668992
2026-01-28 00:30:00+01:00,-150.0,150.0,26275.468130612244,26312.72323265306,4.45949247668992
2026-01-28 00:45:00+01:00,-100.0,100.0,26299.968130612244,26312.218130612244,0.4788394154654343
2026-01-28 01:00:00+01:00,-100.0,100.0,26287.213028571427,26324.468130612244,0.4788394154654343
2026-01-28 01:15:00+01:00,-150.0,150.0,26299.463028571427,26311.713028571427,51.25843125220012
2026-01-28 01:30:00+01:00,-200.0,200.0,26298.957926530613,26336.213028571427,55.35508941546542
2026-01-28 01:45:00+01:00,-200.0,200.0,26310.702824489796,26347.957926530613,55.35508941546542
2026-01-28 02:00:00+01:00,-200.0,200.0,26322.44772244898,26359.702824489796,55.35508941546542
2026-01-28 02:15:00+01:00,-150.0,150.0,26334.192620408165,26371.44772244898,4.575497578730739
2026-01-28 02:30:00+01:00,-200.0,200.0,26333.687518367347,26370.942620408165,58.75206900730216
2026-01-28 02:45:00+01:00,-200.0,200.0,26345.43241632653,26382.687518367347,58.75206900730216
2026-01-28 03:00:00+01:00,-200.0,200.0,26357.177314285713,26394.43241632653,58.75206900730216
2026-01-28 03:15:00+01:00,-200.0,200.0,26368.922212244895,26406.177314285713,58.75206900730216
2026-01-28 03:30:00+01:00,-200.0,200.0,26380.667110204082,26417.922212244895,58.75206900730216
2026-01-28 03:45:00+01:00,-150.0,150.0,26392.412008163265,26429.667110204082,4.575497578730739
2026-01-28 04:00:00+01:00,-150.0,150.0,26391.906906122447,26429.162008163265,4.575497578730739
2026-01-28 04:15:00+01:00,-200.0,200.0,26409.66801632653,26428.656906122447,90.12743635424096
2026-01-28 04:30:00+01:00,-200.0,200.0,26421.412914285713,26458.66801632653,90.12743635424096
2026-01-28 04:45:00+01:00,-200.0,200.0,26458.162914285713,26470.412914285713,90.12743635424096
2026-01-28 05:00:00+01:00,-200.0,200.0,26469.907812244895,26507.162914285713,90.12743635424096
2026-01-28 05:15:00+01:00,-150.0,150.0,26506.657812244895,26518.907812244895,4.575497578730739
2026-01-28 05:30:00+01:00,-100.0,100.0,26506.15271020408,26543.407812244895,0.4788394154654343
2026-01-28 05:45:00+01:00,-100.0,100.0,26518.40271020408,26530.65271020408,0.4788394154654343
2026-01-28 06:00:00+01:00,-100.0,100.0,26505.647608163265,26542.90271020408,0.4788394154654343
2026-01-28 06:15:00+01:00,-100.0,100.0,26517.897608163265,26530.147608163265,0.4788394154654343
2026-01-28 06:30:00+01:00,-100.0,100.0,26505.142506122447,26542.397608163265,0.4788394154654343
2026-01-28 06:45:00+01:00,-100.0,100.0,26517.392506122447,26529.642506122447,0.4788394154654343
2026-01-28 07:00:00+01:00,-100.0,100.0,26504.63740408163,26541.892506122447,0.4788394154654343
2026-01-28 07:15:00+01:00,-100.0,100.0,26516.88740408163,26529.13740408163,0.4788394154654343
2026-01-28 07:30:00+01:00,-100.0,100.0,26504.132302040816,26541.38740408163,0.4788394154654343
2026-01-28 07:45:00+01:00,-100.0,100.0,26516.382302040816,26528.632302040816,0.4788394154654343
2026-01-28 08:00:00+01:00,-150.0,150.0,26503.6272,26540.882302040816,12.577223088934822
2026-01-28 08:15:00+01:00,-200.0,200.0,26518.2876,26540.3772,62.09774787027592
2026-01-28 08:30:00+01:00,-250.0,250.0,26530.032497959182,26567.2876,63.09116794971709
2026-01-28 08:45:00+01:00,-300.0,300.0,26554.027395918365,26591.282497959182,64.29831080685994
2026-01-28 09:00:00+01:00,-300.0,300.0,26565.267191836738,26627.527395918365,64.29831080685994
2026-01-28 09:15:00+01:00,-300.0,300.0,26601.51208979592,26638.767191836734,64.29831080685994
2026-01-28 09:30:00+01:00,-300.0,300.0,26612.751885714286,26675.01208979592,64.29831080685994
2026-01-28 09:45:00+01:00,-300.0,300.0,26648.99678367347,26686.251885714286,64.29831080685994
2026-01-28 10:00:00+01:00,-250.0,250.0,26660.236579591838,26722.49678367347,14.777786025518852
2026-01-28 10:15:00+01:00,-300.0,300.0,26684.23147755102,26721.486579591838,15.653682768321934
2026-01-28 10:30:00+01:00,-300.0,300.0,26670.46617142857,26757.73147755102,15.653682768321934
2026-01-28 10:45:00+01:00,-300.0,300.0,26706.71106938775,26743.96617142857,15.653682768321934
2026-01-28 11:00:00+01:00,-300.0,300.0,26692.945763265307,26780.21106938775,15.653682768321934
2026-01-28 11:15:00+01:00,-300.0,300.0,26729.190661224493,26766.445763265307,15.653682768321934
2026-01-28 11:30:00+01:00,-300.0,300.0,26715.42535510204,26802.690661224493,15.653682768321934
2026-01-28 11:45:00+01:00,-300.0,300.0,26751.670253061224,26788.92535510204,15.653682768321934
2026-01-28 12:00:00+01:00,-300.0,300.0,26737.904946938776,26825.170253061224,15.653682768321934
2026-01-28 12:15:00+01:00,-300.0,300.0,26774.14984489796,26811.404946938776,15.653682768321934
2026-01-28 12:30:00+01:00,-300.0,300.0,26760.384538775506,26847.64984489796,15.653682768321934
2026-01-28 12:45:00+01:00,-300.0,300.0,26796.62943673469,26833.884538775506,15.653682768321934
2026-01-28 13:00:00+01:00,-300.0,300.0,26782.864130612244,26870.12943673469,15.653682768321934
2026-01-28 13:15:00+01:00,-350.0,350.0,26819.10902857143,26856.364130612244,164.9573562377097
2026-01-28 13:30:00+01:00,-350.0,350.0,26817.59372244898,26904.85902857143,164.9573562377097
2026-01-28 13:45:00+01:00,-300.0,300.0,26866.08862040816,26903.34372244898,15.653682768321934
2026-01-28 14:00:00+01:00,-300.0,300.0,26852.323314285713,26939.58862040816,15.653682768321934
2026-01-28 14:15:00+01:00,-250.0,250.0,26888.568212244896,26925.823314285713,3.555299094852546
2026-01-28 14:30:00+01:00,-300.0,300.0,26862.552906122444,26949.818212244896,5.4449419519954025
2026-01-28 14:45:00+01:00,-300.0,300.0,26873.79270204081,26936.052906122444,5.4449419519954025
2026-01-28 15:00:00+01:00,-300.0,300.0,26860.027395918365,26947.29270204081,5.4449419519954025
2026-01-28 15:15:00+01:00,-300.0,300.0,26871.267191836738,26933.527395918365,5.4449419519954025
2026-01-28 15:30:00+01:00,-300.0,300.0,26857.501885714286,26944.767191836738,5.4449419519954025
2026-01-28 15:45:00+01:00,-300.0,300.0,26868.74168163265,26931.001885714286,5.4449419519954025
2026-01-28 16:00:00+01:00,-300.0,300.0,26854.976375510203,26942.24168163265,5.4449419519954025
2026-01-28 16:15:00+01:00,-300.0,300.0,26866.21617142857,26928.476375510203,5.4449419519954025
2026-01-28 16:30:00+01:00,-300.0,300.0,26852.45086530612,26939.71617142857,5.4449419519954025
2026-01-28 16:45:00+01:00,-300.0,300.0,26863.69066122449,26925.95086530612,5.4449419519954025
2026-01-28 17:00:00+01:00,-300.0,300.0,26849.92535510204,26937.19066122449,5.4449419519954025
2026-01-28 17:15:00+01:00,-300.0,300.0,26861.16515102041,26923.42535510204,5.4449419519954025
2026-01-28 17:30:00+01:00,-300.0,300.0,26847.399844897962,26934.66515102041,5.4449419519954025
2026-01-28 17:45:00+01:00,-300.0,300.0,26858.639640816327,26920.899844897962,5.4449419519954025
2026-01-28 18:00:00+01:00,-300.0,300.0,26844.874334693875,26932.139640816327,5.4449419519954025
2026-01-28 18:15:00+01:00,-300.0,300.0,26856.11413061224,26918.374334693875,5.4449419519954025
2026-01-28 18:30:00+01:00,-300.0,300.0,26842.348824489796,26929.61413061224,5.4449419519954025
2026-01-28 18:45:00+01:00,-300.0,300.0,26853.588620408165,26915.848824489796,5.4449419519954025
2026-01-28 19:00:00+01:00,-300.0,300.0,26839.823314285713,26927.088620408165,5.4449419519954025
2026-01-28 19:15:00+01:00,-350.0,350.0,26851.063110204082,26913.323314285713,9.162831824925707
2026-01-28 19:30:00+01:00,-350.0,350.0,26824.542702040817,26936.813110204082,9.162831824925707
2026-01-28 19:45:00+01:00,-350.0,350.0,26848.032497959182,26910.292702040817,9.162831824925707
2026-01-28 20:00:00+01:00,-350.0,350.0,26821.512089795917,26933.782497959182,9.162831824925707
2026-01-28 20:15:00+01:00,-350.0,350.0,26845.001885714282,26907.262089795917,9.162831824925707
2026-01-28 20:30:00+01:00,-350.0,350.0,26818.48147755102,26930.751885714282,9.162831824925707
2026-01-28 20:45:00+01:00,-350.0,350.0,26841.97127346939,26904.23147755102,9.162831824925707
2026-01-28 21:00:00+01:00,-350.0,350.0,26815.45086530612,26927.72127346939,9.162831824925707
2026-01-28 21:15:00+01:00,-350.0,350.0,26856.271289795917,26901.20086530612,9.162831824925707
2026-01-28 21:30:00+01:00,-350.0,350.0,26829.75088163265,26942.021289795917,9.162831824925707
2026-01-28 21:45:00+01:00,-350.0,350.0,26878.245779591834,26915.50088163265,9.162831824925707
2026-01-28 22:00:00+01:00,-350.0,350.0,26851.72537142857,26963.995779591834,9.162831824925707
2026-01-28 22:15:00+01:00,-350.0,350.0,26900.22026938775,26937.47537142857,9.162831824925707
2026-01-28 22:30:00+01:00,-300.0,300.0,26873.69986122449,26985.97026938775,7.27318896778285
2026-01-28 22:45:00+01:00,-300.0,300.0,26909.944759183676,26947.19986122449,7.27318896778285
2026-01-28 23:00:00+01:00,-300.0,300.0,26871.174351020407,26983.444759183676,7.27318896778285
2026-01-28 23:15:00+01:00,-300.0,300.0,26907.41924897959,26944.674351020407,7.27318896778285
2026-01-28 23:30:00+01:00,-300.0,300.0,26868.648840816328,26980.91924897959,7.27318896778285
2026-01-28 23:45:00+01:00,-300.0,300.0,26904.89373877551,26942.148840816328,7.27318896778285
2026-01-29 00:00:00+01:00,-300.0,300.0,26866.123330612245,26978.39373877551,7.27318896778285
2026-01-29 00:15:00+01:00,-300.0,300.0,26902.368228571428,26939.623330612245,7.27318896778285
2026-01-29 00:30:00+01:00,-300.0,300.0,26863.597820408162,26975.868228571428,7.27318896778285
2026-01-29 00:45:00+01:00,-300.0,300.0,26899.84271836735,26937.097820408162,7.27318896778285
2026-01-29 01:00:00+01:00,-300.0,300.0,26861.072310204083,26973.34271836735,7.27318896778285
2026-01-29 01:15:00+01:00,-300.0,300.0,26897.317208163262,26934.572310204083,7.27318896778285
2026-01-29 01:30:00+01:00,-300.0,300.0,26858.5468,26970.817208163262,7.27318896778285
2026-01-29 01:45:00+01:00,-300.0,300.0,26894.791697959183,26932.0468,7.27318896778285
2026-01-29 02:00:00+01:00,-300.0,300.0,26856.021289795917,26968.291697959183,7.27318896778285
2026-01-29 02:15:00+01:00,-300.0,300.0,26892.266187755104,26929.521289795917,7.27318896778285
2026-01-29 02:30:00+01:00,-300.0,300.0,26853.495779591838,26965.766187755104,7.27318896778285
2026-01-29 02:45:00+01:00,-300.0,300.0,26889.74067755102,26926.995779591838,7.27318896778285
2026-01-29 03:00:00+01:00,-350.0,350.0,26850.970269387755,26963.24067755102,9.631760396354279
2026-01-29 03:15:00+01:00,-350.0,350.0,26874.46006530612,26936.720269387755,9.631760396354279
2026-01-29 03:30:00+01:00,-350.0,350.0,26847.939657142855,26960.21006530612,9.631760396354279
2026-01-29 03:45:00+01:00,-350.0,350.0,26871.429453061224,26933.689657142855,9.631760396354279
2026-01-29 04:00:00+01:00,-350.0,350.0,26844.909044897962,26957.179453061224,9.631760396354279
2026-01-29 04:15:00+01:00,-350.0,350.0,26868.39884081633,26930.659044897962,9.631760396354279
2026-01-29 04:30:00+01:00,-350.0,350.0,26841.878432653062,26954.14884081633,9.631760396354279
2026-01-29 04:45:00+01:00,-350.0,350.0,26865.368228571428,26927.628432653062,9.631760396354279
2026-01-29 05:00:00+01:00,-350.0,350.0,26838.847820408162,26951.118228571428,9.631760396354279
2026-01-29 05:15:00+01:00,-350.0,350.0,26862.337616326527,26924.597820408162,9.631760396354279
2026-01-29 05:30:00+01:00,-350.0,350.0,26835.817208163262,26948.087616326527,9.631760396354279
2026-01-29 05:45:00+01:00,-350.0,350.0,26859.30700408163,26921.567208163262,9.631760396354279
2026-01-29 06:00:00+01:00,-350.0,350.0,26832.78659591837,26945.05700408163,9.631760396354279
2026-01-29 06:15:00+01:00,-350.0,350.0,26856.27639183674,26918.53659591837,9.631760396354279
2026-01-29 06:30:00+01:00,-350.0,350.0,26829.75598367347,26942.02639183674,9.631760396354279
2026-01-29 06:45:00+01:00,-350.0,350.0,26853.245779591834,26915.50598367347,9.631760396354279
2026-01-29 07:00:00+01:00,-350.0,350.0,26826.72537142857,26938.995779591834,9.631760396354279
2026-01-29 07:15:00+01:00,-350.0,350.0,26850.215167346934,26912.47537142857,9.631760396354279
2026-01-29 07:30:00+01:00,-350.0,350.0,26823.69475918367,26935.965167346934,9.631760396354279
2026-01-29 07:45:00+01:00,-350.0,350.0,26847.184555102038,26909.44475918367,9.631760396354279
2026-01-29 08:00:00+01:00,-350.0,350.0,26820.664146938776,26932.934555102038,9.631760396354279
2026-01-29 08:15:00+01:00,-350.0,350.0,26844.153942857145,26906.414146938776,9.631760396354279
2026-01-29 08:30:00+01:00,-350.0,350.0,26817.633534693876,26929.903942857145,9.631760396354279
2026-01-29 08:45:00+01:00,-350.0,350.0,26841.12333061224,26903.383534693876,9.631760396354279
2026-01-29 09:00:00+01:00,-350.0,350.0,26814.60292244898,26926.87333061224,9.631760396354279
2026-01-29 09:15:00+01:00,-350.0,350.0,26838.092718367345,26900.35292244898,9.631760396354279
2026-01-29 09:30:00+01:00,-350.0,350.0,26811.57231020408,26923.842718367345,9.631760396354279
2026-01-29 09:45:00+01:00,-350.0,350.0,26835.062106122452,26897.32231020408,9.631760396354279
2026-01-29 10:00:00+01:00,-350.0,350.0,26808.541697959186,26920.812106122452,9.631760396354279
2026-01-29 10:15:00+01:00,-350.0,350.0,26832.031493877552,26894.291697959186,9.631760396354279
2026-01-29 10:30:00+01:00,-350.0,350.0,26805.511085714286,26917.781493877552,9.631760396354279
2026-01-29 10:45:00+01:00,-350.0,350.0,26829.00088163265,26891.261085714286,9.631760396354279
2026-01-29 11:00:00+01:00,-350.0,350.0,26802.480473469386,26914.75088163265,9.631760396354279
2026-01-29 11:15:00+01:00,-350.0,350.0,26825.970269387755,26888.230473469386,9.631760396354279
2026-01-29 11:30:00+01:00,-350.0,350.0,26799.449861224493,26911.720269387755,9.631760396354279
2026-01-29 11:45:00+01:00,-350.0,350.0,26822.939657142862,26885.199861224493,9.631760396354279
2026-01-29 12:00:00+01:00,-350.0,350.0,26796.419248979593,26908.689657142862,9.631760396354279
2026-01-29 12:15:00+01:00,-350.0,350.0,26819.90904489796,26882.169248979593,9.631760396354279
2026-01-29 12:30:00+01:00,-350.0,350.0,26793.388636734693,26905.65904489796,9.631760396354279
2026-01-29 12:45:00+01:00,-350.0,350.0,26816.87843265306,26879.138636734693,9.631760396354279
2026-01-29 13:00:00+01:00,-350.0,350.0,26790.358024489793,26902.62843265306,9.631760396354279
2026-01-29 13:15:00+01:00,-350.0,350.0,26813.847820408162,26876.108024489793,9.631760396354279
2026-01-29 13:30:00+01:00,-350.0,350.0,26800.230587755104,26899.597820408162,9.631760396354279
2026-01-29 13:45:00+01:00,-350.0,350.0,26823.720383673473,26885.980587755104,9.631760396354279
2026-01-29 14:00:00+01:00,-350.0,350.0,26822.20507755102,26909.470383673473,9.631760396354279
2026-01-29 14:15:00+01:00,-350.0,350.0,26845.694873469387,26907.95507755102,9.631760396354279
2026-01-29 14:30:00+01:00,-350.0,350.0,26844.17956734694,26931.444873469387,9.631760396354279
2026-01-29 14:45:00+01:00,-350.0,350.0,26867.669363265304,26929.92956734694,9.631760396354279
2026-01-29 15:00:00+01:00,-350.0,350.0,26866.154057142852,26953.419363265304,9.631760396354279
2026-01-29 15:15:00+01:00,-350.0,350.0,26889.64385306122,26951.904057142852,9.631760396354279
2026-01-29 15:30:00+01:00,-350.0,350.0,26888.128546938777,26975.39385306122,9.631760396354279
2026-01-29 15:45:00+01:00,-350.0,350.0,26911.618342857146,26973.878546938777,9.631760396354279
2026-01-29 16:00:00+01:00,-350.0,350.0,26910.103036734694,26997.368342857146,9.631760396354279
2026-01-29 16:15:00+01:00,-350.0,350.0,26952.7829877551,26995.853036734694,9.631760396354279
2026-01-29 16:30:00+01:00,-350.0,350.0,26951.267681632653,27038.5329877551,9.631760396354279
2026-01-29 16:45:00+01:00,-350.0,350.0,26999.762579591836,27037.017681632653,9.631760396354279
2026-01-29 17:00:00+01:00,-350.0,350.0,26998.247273469387,27085.512579591836,9.631760396354279
2026-01-29 17:15:00+01:00,-350.0,350.0,27046.742171428574,27083.997273469387,9.631760396354279
2026-01-29 17:30:00+01:00,-350.0,350.0,27045.226865306126,27132.492171428574,9.631760396354279
2026-01-29 17:45:00+01:00,-350.0,350.0,27093.72176326531,27130.976865306126,9.631760396354279
2026-01-29 18:00:00+01:00,-350.0,350.0,27092.20645714286,27179.47176326531,9.631760396354279
2026-01-29 18:15:00+01:00,-350.0,350.0,27160.857493877553,27177.95645714286,9.631760396354279
2026-01-29 18:30:00+01:00,-350.0,350.0,27159.3421877551,27246.607493877553,9.631760396354279
2026-01-29 18:45:00+01:00,-350.0,350.0,27232.8421877551,27245.0921877551,9.631760396354279
2026-01-29 19:00:00+01:00,-350.0,350.0,27231.326881632656,27318.5921877551,9.631760396354279
2026-01-29 19:15:00+01:00,-350.0,350.0,27304.826881632656,27317.076881632656,9.631760396354279
2026-01-29 19:30:00+01:00,-300.0,300.0,27303.311575510208,27390.576881632656,7.27318896778285
2026-01-29 19:45:00+01:00,-300.0,300.0,27364.561575510208,27376.811575510208,7.27318896778285
2026-01-29 20:00:00+01:00,-350.0,350.0,27350.796269387756,27438.061575510208,11.554850775363027
2026-01-29 20:15:00+01:00,-350.0,350.0,27399.29116734694,27436.546269387756,11.554850775363027
2026-01-29 20:30:00+01:00,-350.0,350.0,27402.993102040815,27485.04116734694,11.554850775363027
2026-01-29 20:45:00+01:00,-350.0,350.0,27451.488,27488.743102040815,11.554850775363027
2026-01-29 21:00:00+01:00,-350.0,350.0,27474.977795918374,27537.238,11.554850775363027
2026-01-29 21:15:00+01:00,-350.0,350.0,27523.472693877557,27560.727795918374,11.554850775363027
2026-01-29 21:30:00+01:00,-350.0,350.0,27546.962489795922,27609.222693877557,11.554850775363027
2026-01-29 21:45:00+01:00,-250.0,250.0,27595.457387755105,27632.712489795922,6.84354082299155
2026-01-29 22:00:00+01:00,-250.0,250.0,27594.44718367347,27656.707387755105,6.84354082299155
2026-01-29 22:15:00+01:00,-300.0,300.0,27630.711991836735,27655.69718367347,73.17219388421606
2026-01-29 22:30:00+01:00,-300.0,300.0,27641.9517877551,27704.211991836735,73.17219388421606
2026-01-29 22:45:00+01:00,-300.0,300.0,27703.2017877551,27715.4517877551,73.17219388421606
2026-01-29 23:00:00+01:00,-300.0,300.0,27714.441583673473,27776.7017877551,73.17219388421606
2026-01-29 23:15:00+01:00,-300.0,300.0,27775.691583673473,27787.941583673473,73.17219388421606
2026-01-29 23:30:00+01:00,-200.0,200.0,27786.93137959184,27849.191583673473,2.561879015411373
2026-01-29 23:45:00+01:00,-200.0,200.0,27823.68137959184,27835.93137959184,2.561879015411373
2026-01-30 00:00:00+01:00,-150.0,150.0,27810.421175510204,27872.68137959184,1.6859822726082916
2026-01-30 00:15:00+01:00,-150.0,150.0,27834.921175510204,27847.171175510204,1.6859822726082916
2026-01-30 00:30:00+01:00,-150.0,150.0,27809.410971428573,27871.671175510204,1.6859822726082916
2026-01-30 00:45:00+01:00,-150.0,150.0,27833.910971428573,27846.160971428573,1.6859822726082916
2026-01-30 01:00:00+01:00,-150.0,150.0,27808.400767346942,27870.660971428573,1.6859822726082916
2026-01-30 01:15:00+01:00,-150.0,150.0,27832.900767346942,27845.150767346942,1.6859822726082916
2026-01-30 01:30:00+01:00,-150.0,150.0,27807.390563265308,27869.650767346942,1.6859822726082916
2026-01-30 01:45:00+01:00,-150.0,150.0,27831.890563265308,27844.140563265308,1.6859822726082916
2026-01-30 02:00:00+01:00,-150.0,150.0,27806.380359183673,27868.640563265308,1.6859822726082916
2026-01-30 02:15:00+01:00,-150.0,150.0,27830.880359183673,27843.130359183673,1.6859822726082916
2026-01-30 02:30:00+01:00,-150.0,150.0,27805.370155102046,27867.630359183673,1.6859822726082916
2026-01-30 02:45:00+01:00,-200.0,200.0,27829.870155102046,27842.120155102046,40.52361492566951
2026-01-30 03:00:00+01:00,-250.0,250.0,27816.60995102041,27878.870155102046,58.76169415736219
2026-01-30 03:15:00+01:00,-250.0,250.0,27865.60995102041,27877.85995102041,58.76169415736219
2026-01-30 03:30:00+01:00,-250.0,250.0,27864.599746938777,27926.85995102041,58.76169415736219
2026-01-30 03:45:00+01:00,-250.0,250.0,27913.599746938777,27925.849746938777,58.76169415736219
2026-01-30 04:00:00+01:00,-250.0,250.0,27912.589542857142,27974.849746938777,135.91943565396085
2026-01-30 04:15:00+01:00,-250.0,250.0,27961.589542857142,27973.839542857142,135.91943565396085
2026-01-30 04:30:00+01:00,-250.0,250.0,27960.579338775515,28022.839542857142,135.91943565396085
2026-01-30 04:45:00+01:00,-200.0,200.0,28009.579338775515,28021.829338775515,19.92406150430097
2026-01-30 05:00:00+01:00,-200.0,200.0,27996.31913469388,28058.579338775515,19.92406150430097
2026-01-30 05:15:00+01:00,-200.0,200.0,28033.06913469388,28045.31913469388,19.92406150430097
2026-01-30 05:30:00+01:00,-200.0,200.0,28019.808930612246,28082.06913469388,19.92406150430097
2026-01-30 05:45:00+01:00,-200.0,200.0,28056.558930612246,28068.808930612246,19.92406150430097
2026-01-30 06:00:00+01:00,-250.0,250.0,28043.29872653061,28105.558930612246,49.10773497368872
2026-01-30 06:15:00+01:00,-300.0,300.0,28092.29872653061,28104.54872653061,69.38714540452773
2026-01-30 06:30:00+01:00,-300.0,300.0,28103.538522448984,28165.79872653061,69.38714540452773
2026-01-30 06:45:00+01:00,-300.0,300.0,28164.788522448984,28177.038522448984,69.38714540452773
2026-01-30 07:00:00+01:00,-300.0,300.0,28176.02831836735,28238.288522448984,69.38714540452773
2026-01-30 07:15:00+01:00,-250.0,250.0,28237.27831836735,28249.52831836735,51.14906617283505
2026-01-30 07:30:00+01:00,-250.0,250.0,28236.268114285715,28298.52831836735,51.14906617283505
2026-01-30 07:45:00+01:00,-250.0,250.0,28285.268114285715,28297.518114285715,51.14906617283505
2026-01-30 08:00:00+01:00,-250.0,250.0,28284.257910204084,28346.518114285715,51.14906617283505
2026-01-30 08:15:00+01:00,-300.0,300.0,28333.25791020408,28345.507910204084,81.67518862181466
2026-01-30 08:30:00+01:00,-300.0,300.0,28344.497706122453,28406.75791020408,65.96360676240423
2026-01-30 08:45:00+01:00,-300.0,300.0,28380.742604081635,28417.997706122453,65.96360676240423
2026-01-30 09:00:00+01:00,-250.0,250.0,28391.9824,28454.242604081635,36.77993329301647
2026-01-30 09:15:00+01:00,-250.0,250.0,28415.977297959187,28453.2324,353.1309537011797
2026-01-30 09:30:00+01:00,-200.0,200.0,28414.967093877553,28477.227297959187,6.253810844036863
2026-01-30 09:45:00+01:00,-200.0,200.0,28426.711991836735,28463.967093877553,6.253810844036863
2026-01-30 10:00:00+01:00,-200.0,200.0,28413.451787755108,28475.711991836735,6.253810844036863
2026-01-30 10:15:00+01:00,-200.0,200.0,28425.19668571429,28462.451787755108,6.253810844036863
2026-01-30 10:30:00+01:00,-200.0,200.0,28411.936481632656,28474.19668571429,6.253810844036863
2026-01-30 10:45:00+01:00,-200.0,200.0,28423.68137959184,28460.936481632656,6.253810844036863
2026-01-30 11:00:00+01:00,-200.0,200.0,28410.421175510204,28472.68137959184,6.253810844036863
2026-01-30 11:15:00+01:00,-200.0,200.0,28422.16607346939,28459.421175510204,6.253810844036863
2026-01-30 11:30:00+01:00,-200.0,200.0,28408.905869387756,28471.16607346939,6.253810844036863
2026-01-30 11:45:00+01:00,-200.0,200.0,28420.65076734694,28457.905869387756,6.253810844036863
2026-01-30 12:00:00+01:00,-200.0,200.0,28407.39056326531,28469.65076734694,6.253810844036863
2026-01-30 12:15:00+01:00,-200.0,200.0,28419.135461224494,28456.39056326531,6.253810844036863
2026-01-30 12:30:00+01:00,-200.0,200.0,28405.87525714286,28468.135461224494,6.253810844036863
2026-01-30 12:45:00+01:00,-250.0,250.0,28417.620155102042,28454.87525714286,29.80503533383278
2026-01-30 13:00:00+01:00,-250.0,250.0,28416.609951020408,28478.870155102042,29.80503533383278
2026-01-30 13:15:00+01:00,-350.0,350.0,28440.604848979594,28477.859951020408,110.48816458553347
2026-01-30 13:30:00+01:00,-350.0,350.0,28464.09464489796,28526.354848979594,110.48816458553347
2026-01-30 13:45:00+01:00,-350.0,350.0,28512.589542857142,28549.84464489796,110.48816458553347
2026-01-30 14:00:00+01:00,-350.0,350.0,28536.07933877551,28598.339542857142,110.48816458553347
2026-01-30 14:15:00+01:00,-300.0,300.0,28584.574236734694,28621.82933877551,52.82122581002326
2026-01-30 14:30:00+01:00,-300.0,300.0,28595.814032653063,28658.074236734694,52.82122581002326
2026-01-30 14:45:00+01:00,-300.0,300.0,28632.058930612246,28669.314032653063,52.82122581002326
2026-01-30 15:00:00+01:00,-300.0,300.0,28643.29872653061,28705.558930612242,52.82122581002326
2026-01-30 15:15:00+01:00,-250.0,250.0,28679.543624489797,28716.79872653061,29.27000132022734
2026-01-30 15:30:00+01:00,-250.0,250.0,28678.533420408163,28740.793624489797,29.27000132022734
2026-01-30 15:45:00+01:00,-250.0,250.0,28702.528318367345,28739.783420408163,29.27000132022734
2026-01-30 16:00:00+01:00,-300.0,300.0,28701.518114285715,28763.778318367345,34.3251211072726
2026-01-30 16:15:00+01:00,-300.0,300.0,28724.16314285714,28775.018114285715,34.3251211072726
2026-01-30 16:30:00+01:00,-300.0,300.0,28735.402938775507,28797.66314285714,34.3251211072726
2026-01-30 16:45:00+01:00,-300.0,300.0,28771.64783673469,28808.902938775507,34.3251211072726
2026-01-30 17:00:00+01:00,-250.0,250.0,28782.88763265306,28845.14783673469,11.308930631082118
2026-01-30 17:15:00+01:00,-250.0,250.0,28806.88253061224,28844.13763265306,11.308930631082118
2026-01-30 17:30:00+01:00,-300.0,300.0,28805.87232653061,28868.13253061224,14.749361470084382
2026-01-30 17:45:00+01:00,-300.0,300.0,28817.11212244898,28879.37232653061,14.749361470084382
2026-01-30 18:00:00+01:00,-300.0,300.0,28828.351918367345,28890.61212244898,14.749361470084382
2026-01-30 18:15:00+01:00,-300.0,300.0,28839.591714285714,28901.851918367345,14.749361470084382
2026-01-30 18:30:00+01:00,-300.0,300.0,28850.831510204083,28913.091714285714,14.749361470084382
2026-01-30 18:45:00+01:00,-300.0,300.0,28862.07130612245,28924.331510204083,14.749361470084382
2026-01-30 19:00:00+01:00,-300.0,300.0,28873.311102040814,28935.57130612245,14.749361470084382
2026-01-30 19:15:00+01:00,-300.0,300.0,28891.779012244897,28946.811102040814,14.749361470084382
2026-01-30 19:30:00+01:00,-300.0,300.0,28903.018808163266,28965.279012244897,14.749361470084382
2026-01-30 19:45:00+01:00,-300.0,300.0,28939.26370612245,28976.518808163266,14.749361470084382
2026-01-30 20:00:00+01:00,-300.0,300.0,28950.503502040814,29012.76370612245,14.749361470084382
2026-01-30 20:15:00+01:00,-300.0,300.0,28986.7484,29024.003502040814,14.749361470084382
2026-01-30 20:30:00+01:00,-300.0,300.0,28997.98819591837,29060.2484,14.749361470084382
2026-01-30 20:45:00+01:00,-300.0,300.0,29049.458008163267,29071.48819591837,14.749361470084382
2026-01-30 21:00:00+01:00,-250.0,250.0,29060.697804081632,29122.958008163267,10.181532898655812
2026-01-30 21:15:00+01:00,-250.0,250.0,29109.697804081632,29121.947804081632,10.181532898655812
2026-01-30 21:30:00+01:00,-300.0,300.0,29108.6876,29170.947804081632,69.83296147008437
2026-01-30 21:45:00+01:00,-200.0,200.0,29169.9376,29182.1876,5.126413111610558
2026-01-30 22:00:00+01:00,-150.0,150.0,29156.67739591837,29218.9376,1.6859822726082916
2026-01-30 22:15:00+01:00,-150.0,150.0,29181.17739591837,29193.42739591837,1.6859822726082916
2026-01-30 22:30:00+01:00,-200.0,200.0,29155.667191836736,29217.92739591837,26.589383633152515
2026-01-30 22:45:00+01:00,-200.0,200.0,29192.417191836736,29204.667191836736,26.589383633152515
2026-01-30 23:00:00+01:00,-200.0,200.0,29179.1569877551,29241.417191836736,26.589383633152515
2026-01-30 23:15:00+01:00,-150.0,150.0,29215.9069877551,29228.1569877551,1.6859822726082916
2026-01-30 23:30:00+01:00,-150.0,150.0,29190.396783673474,29252.6569877551,1.6859822726082916
2026-01-30 23:45:00+01:00,-150.0,150.0,29214.896783673474,29227.146783673474,1.6859822726082916
2026-01-31 00:00:00+01:00,-150.0,150.0,29199.87253877551,29251.646783673474,1.6859822726082916
2026-01-31 00:15:00+01:00,-150.0,150.0,29224.37253877551,29236.62253877551,1.6859822726082916
2026-01-31 00:30:00+01:00,-150.0,150.0,29223.867436734694,29261.12253877551,1.6859822726082916
2026-01-31 00:45:00+01:00,-150.0,150.0,29248.367436734694,29260.617436734694,1.6859822726082916
2026-01-31 01:00:00+01:00,-150.0,150.0,29247.86233469388,29285.117436734694,1.6859822726082916
2026-01-31 01:15:00+01:00,-150.0,150.0,29272.36233469388,29284.61233469388,1.6859822726082916
2026-01-31 01:30:00+01:00,-150.0,150.0,29281.7772,29309.11233469388,1.6859822726082916
2026-01-31 01:45:00+01:00,-150.0,150.0,29306.2772,29318.5272,1.6859822726082916
2026-01-31 02:00:00+01:00,-150.0,150.0,29330.7772,29343.0272,1.6859822726082916
2026-01-31 02:15:00+01:00,-150.0,150.0,29355.2772,29367.5272,1.6859822726082916
2026-01-31 02:30:00+01:00,-150.0,150.0,29379.7772,29392.0272,1.6859822726082916
2026-01-31 02:45:00+01:00,-150.0,150.0,29404.2772,29416.5272,1.6859822726082916
2026-01-31 03:00:00+01:00,-200.0,200.0,29428.7772,29441.0272,29.57098227260829
2026-01-31 03:15:00+01:00,-200.0,200.0,29465.5272,29477.7772,29.57098227260829
2026-01-31 03:30:00+01:00,-200.0,200.0,29502.2772,29514.5272,29.57098227260829
2026-01-31 03:45:00+01:00,-300.0,300.0,29539.0272,29551.2772,243.52483066910975
2026-01-31 04:00:00+01:00,-300.0,300.0,29600.2772,29612.5272,243.52483066910975
2026-01-31 04:15:00+01:00,-250.0,250.0,29661.5272,29673.7772,73.17972862829343
2026-01-31 04:30:00+01:00,-250.0,250.0,29710.5272,29722.7772,73.17972862829343
2026-01-31 04:45:00+01:00,-250.0,250.0,29759.5272,29771.7772,73.17972862829343
2026-01-31 05:00:00+01:00,-200.0,200.0,29808.5272,29820.7772,45.29472862829342
2026-01-31 05:15:00+01:00,-200.0,200.0,29845.2772,29857.5272,45.29472862829342
2026-01-31 05:30:00+01:00,-150.0,150.0,29882.0272,29894.2772,1.6859822726082916
2026-01-31 05:45:00+01:00,-150.0,150.0,29906.5272,29918.7772,1.6859822726082916
2026-01-31 06:00:00+01:00,-150.0,150.0,29931.0272,29943.2772,1.6859822726082916
2026-01-31 06:15:00+01:00,-150.0,150.0,29955.5272,29967.7772,1.6859822726082916
2026-01-31 06:30:00+01:00,-100.0,100.0,29980.0272,29992.2772,1.277410844036863
2026-01-31 06:45:00+01:00,-100.0,100.0,29992.2772,30004.5272,1.277410844036863
2026-01-31 07:00:00+01:00,-100.0,100.0,30004.5272,30016.7772,1.277410844036863
2026-01-31 07:15:00+01:00,-100.0,100.0,30016.7772,30029.0272,1.277410844036863
2026-01-31 07:30:00+01:00,-100.0,100.0,30029.0272,30041.2772,1.277410844036863
2026-01-31 07:45:00+01:00,-100.0,100.0,30041.2772,30053.5272,1.277410844036863
2026-01-31 08:00:00+01:00,-150.0,150.0,30053.5272,30065.7772,6.225867476689925
2026-01-31 08:15:00+01:00,-150.0,150.0,30053.022097959183,30090.2772,5.197282621695296
2026-01-31 08:30:00+01:00,-250.0,250.0,30052.516995918366,30089.772097959183,12.367012429111218
2026-01-31 08:45:00+01:00,-250.0,250.0,30026.50168979592,30113.766995918366,12.367012429111218
2026-01-31 09:00:00+01:00,-250.0,250.0,30050.496587755108,30087.75168979592,12.367012429111218
2026-01-31 09:15:00+01:00,-300.0,300.0,30024.481281632656,30111.746587755108,42.45537977605
2026-01-31 09:30:00+01:00,-300.0,300.0,30060.72617959184,30097.981281632656,42.45537977605
2026-01-31 09:45:00+01:00,-250.0,250.0,30046.96087346939,30134.22617959184,12.367012429111218
2026-01-31 10:00:00+01:00,-250.0,250.0,30070.955771428573,30108.21087346939,12.367012429111218
2026-01-31 10:15:00+01:00,-250.0,250.0,30044.940465306125,30132.205771428573,12.367012429111218
2026-01-31 10:30:00+01:00,-250.0,250.0,30068.935363265307,30106.190465306125,12.367012429111218
2026-01-31 10:45:00+01:00,-250.0,250.0,30042.920057142856,30130.185363265307,12.367012429111218
2026-01-31 11:00:00+01:00,-250.0,250.0,30066.914955102042,30104.170057142856,12.367012429111218
2026-01-31 11:15:00+01:00,-250.0,250.0,30040.899648979597,30128.164955102042,12.367012429111218
2026-01-31 11:30:00+01:00,-250.0,250.0,30064.89454693878,30102.149648979597,12.367012429111218
2026-01-31 11:45:00+01:00,-300.0,300.0,30038.879240816324,30126.14454693878,12.620172006195064
2026-01-31 12:00:00+01:00,-300.0,300.0,30050.11903673469,30112.379240816324,12.620172006195064
2026-01-31 12:15:00+01:00,-300.0,300.0,30036.35373061224,30123.61903673469,12.620172006195064
2026-01-31 12:30:00+01:00,-300.0,300.0,30047.59352653061,30109.85373061224,12.620172006195064
2026-01-31 12:45:00+01:00,-300.0,300.0,30047.06284081633,30121.09352653061,12.620172006195064
2026-01-31 13:00:00+01:00,-350.0,350.0,30058.302636734697,30120.56284081633,39.42537608782771
2026-01-31 13:15:00+01:00,-350.0,350.0,30099.08825306123,30144.052636734697,39.42537608782771
2026-01-31 13:30:00+01:00,-350.0,350.0,30122.578048979594,30184.83825306123,39.42537608782771
2026-01-31 13:45:00+01:00,-350.0,350.0,30171.072946938777,30208.328048979594,39.42537608782771
2026-01-31 14:00:00+01:00,-350.0,350.0,30194.562742857142,30256.822946938777,39.42537608782771
2026-01-31 14:15:00+01:00,-350.0,350.0,30243.057640816325,30280.312742857142,39.42537608782771
2026-01-31 14:30:00+01:00,-350.0,350.0,30266.547436734694,30328.807640816325,39.42537608782771
2026-01-31 14:45:00+01:00,-350.0,350.0,30315.042334693877,30352.297436734694,39.42537608782771
2026-01-31 15:00:00+01:00,-300.0,300.0,30338.532130612246,30400.792334693877,12.620172006195064
2026-01-31 15:15:00+01:00,-300.0,300.0,30374.777028571432,30412.032130612246,12.620172006195064
2026-01-31 15:30:00+01:00,-300.0,300.0,30386.016824489798,30448.277028571432,12.620172006195064
2026-01-31 15:45:00+01:00,-300.0,300.0,30422.26172244898,30459.516824489798,12.620172006195064
2026-01-31 16:00:00+01:00,-250.0,250.0,30433.501518367346,30495.76172244898,7.671715373542004
2026-01-31 16:15:00+01:00,-250.0,250.0,30457.49641632653,30494.751518367346,7.671715373542004
2026-01-31 16:30:00+01:00,-250.0,250.0,30456.4862122449,30518.74641632653,4.979813332725677
2026-01-31 16:45:00+01:00,-250.0,250.0,30455.47600816327,30517.7362122449,4.979813332725677
2026-01-31 17:00:00+01:00,-250.0,250.0,30454.465804081636,30516.72600816327,4.979813332725677
2026-01-31 17:15:00+01:00,-250.0,250.0,30453.455600000005,30515.715804081636,4.979813332725677
2026-01-31 17:30:00+01:00,-250.0,250.0,30452.44539591837,30514.705600000005,4.979813332725677
2026-01-31 17:45:00+01:00,-250.0,250.0,30451.435191836736,30513.69539591837,4.979813332725677
2026-01-31 18:00:00+01:00,-250.0,250.0,30450.4249877551,30512.685191836736,4.979813332725677
2026-01-31 18:15:00+01:00,-250.0,250.0,30449.414783673466,30511.6749877551,4.979813332725677
2026-01-31 18:30:00+01:00,-250.0,250.0,30448.40457959184,30510.664783673466,4.979813332725677
2026-01-31 18:45:00+01:00,-250.0,250.0,30447.39437551021,30509.65457959184,4.979813332725677
2026-01-31 19:00:00+01:00,-250.0,250.0,30446.384171428574,30508.64437551021,4.979813332725677
2026-01-31 19:15:00+01:00,-250.0,250.0,30445.373967346943,30507.634171428574,4.979813332725677
2026-01-31 19:30:00+01:00,-250.0,250.0,30444.363763265308,30506.623967346943,4.979813332725677
2026-01-31 19:45:00+01:00,-250.0,250.0,30443.353559183673,30505.613763265308,4.979813332725677
2026-01-31 20:00:00+01:00,-300.0,300.0,30442.343355102043,30504.603559183673,5.911130912389121
2026-01-31 20:15:00+01:00,-300.0,300.0,30428.57804897959,30515.843355102043,5.911130912389121
2026-01-31 20:30:00+01:00,-300.0,300.0,30439.81784489796,30502.07804897959,5.911130912389121
2026-01-31 20:45:00+01:00,-300.0,300.0,30426.05253877551,30513.31784489796,5.911130912389121
2026-01-31 21:00:00+01:00,-300.0,300.0,30437.292334693877,30499.55253877551,5.911130912389121
2026-01-31 21:15:00+01:00,-300.0,300.0,30425.78644897959,30510.792334693877,5.911130912389121
2026-01-31 21:30:00+01:00,-300.0,300.0,30437.026244897956,30499.28644897959,5.911130912389121
2026-01-31 21:45:00+01:00,-300.0,300.0,30448.266040816325,30510.526244897956,5.911130912389121
2026-01-31 22:00:00+01:00,-300.0,300.0,30459.505836734694,30521.766040816325,5.911130912389121
2026-01-31 22:15:00+01:00,-300.0,300.0,30470.74563265306,30533.005836734694,5.911130912389121
2026-01-31 22:30:00+01:00,-300.0,300.0,30481.98542857143,30544.24563265306,5.911130912389121
2026-01-31 22:45:00+01:00,-250.0,250.0,30493.225224489797,30555.48542857143,3.525073769531978
2026-01-31 23:00:00+01:00,-250.0,250.0,30492.215020408163,30554.475224489797,3.525073769531978
2026-01-31 23:15:00+01:00,-250.0,250.0,30491.204816326528,30553.465020408163,3.525073769531978
2026-01-31 23:30:00+01:00,-250.0,250.0,30490.194612244894,30552.454816326528,3.525073769531978
2026-01-31 23:45:00+01:00,-250.0,250.0,30489.184408163263,30551.444612244894,3.525073769531978
2026-02-01 00:00:00+01:00,-250.0,250.0,30488.17420408163,30550.434408163263,3.525073769531978
2026-02-01 00:15:00+01:00,-250.0,250.0,30487.163999999997,30549.42420408163,3.525073769531978
2026-02-01 00:30:00+01:00,-250.0,250.0,30486.153795918366,30548.413999999997,3.525073769531978
2026-02-01 00:45:00+01:00,-250.0,250.0,30485.143591836735,30547.403795918366,3.525073769531978
2026-02-01 01:00:00+01:00,-250.0,250.0,30484.1333877551,30546.393591836735,3.525073769531978
2026-02-01 01:15:00+01:00,-250.0,250.0,30483.12318367347,30545.3833877551,3.525073769531978
2026-02-01 01:30:00+01:00,-250.0,250.0,30482.112979591835,30544.37318367347,3.525073769531978
2026-02-01 01:45:00+01:00,-250.0,250.0,30481.1027755102,30543.362979591835,3.525073769531978
2026-02-01 02:00:00+01:00,-250.0,250.0,30480.092571428573,30542.3527755102,3.525073769531978
2026-02-01 02:15:00+01:00,-250.0,250.0,30479.082367346942,30541.342571428573,3.525073769531978
2026-02-01 02:30:00+01:00,-300.0,300.0,30478.072163265308,30540.332367346942,5.6215657717382665
2026-02-01 02:45:00+01:00,-300.0,300.0,30464.306857142856,30551.572163265308,5.6215657717382665
2026-02-01 03:00:00+01:00,-300.0,300.0,30475.54665306122,30537.806857142856,5.6215657717382665
2026-02-01 03:15:00+01:00,-300.0,300.0,30461.781346938777,30549.04665306122,5.6215657717382665
2026-02-01 03:30:00+01:00,-300.0,300.0,30473.021142857142,30535.281346938777,5.6215657717382665
2026-02-01 03:45:00+01:00,-300.0,300.0,30459.25583673469,30546.521142857142,5.6215657717382665
2026-02-01 04:00:00+01:00,-300.0,300.0,30470.495632653063,30532.75583673469,5.6215657717382665
2026-02-01 04:15:00+01:00,-300.0,300.0,30456.730326530615,30543.995632653063,5.6215657717382665
2026-02-01 04:30:00+01:00,-300.0,300.0,30467.97012244898,30530.230326530615,5.6215657717382665
2026-02-01 04:45:00+01:00,-300.0,300.0,30454.204816326528,30541.47012244898,5.6215657717382665
2026-02-01 05:00:00+01:00,-300.0,300.0,30465.444612244894,30527.704816326528,5.6215657717382665
2026-02-01 05:15:00+01:00,-300.0,300.0,30451.67930612245,30538.944612244894,5.6215657717382665
2026-02-01 05:30:00+01:00,-300.0,300.0,30462.919102040818,30525.17930612245,5.6215657717382665
2026-02-01 05:45:00+01:00,-300.0,300.0,30449.153795918366,30536.419102040818,5.6215657717382665
2026-02-01 06:00:00+01:00,-300.0,300.0,30460.393591836735,30522.653795918366,5.6215657717382665
2026-02-01 06:15:00+01:00,-300.0,300.0,30446.628285714287,30533.893591836735,5.6215657717382665
2026-02-01 06:30:00+01:00,-300.0,300.0,30457.868081632652,30520.128285714287,5.6215657717382665
2026-02-01 06:45:00+01:00,-300.0,300.0,30444.1027755102,30531.368081632652,5.6215657717382665
2026-02-01 07:00:00+01:00,-300.0,300.0,30455.342571428566,30517.6027755102,5.6215657717382665
2026-02-01 07:15:00+01:00,-300.0,300.0,30441.57726530612,30528.842571428566,5.6215657717382665
2026-02-01 07:30:00+01:00,-300.0,300.0,30452.81706122449,30515.07726530612,5.6215657717382665
2026-02-01 07:45:00+01:00,-300.0,300.0,30439.05175510204,30526.31706122449,5.6215657717382665
2026-02-01 08:00:00+01:00,-300.0,300.0,30450.291551020407,30512.55175510204,5.6215657717382665
2026-02-01 08:15:00+01:00,-300.0,300.0,30436.52624489796,30523.791551020407,5.6215657717382665
2026-02-01 08:30:00+01:00,-300.0,300.0,30447.766040816325,30510.02624489796,5.6215657717382665
2026-02-01 08:45:00+01:00,-300.0,300.0,30434.000734693876,30521.266040816325,5.6215657717382665
2026-02-01 09:00:00+01:00,-300.0,300.0,30445.240530612242,30507.500734693876,5.6215657717382665
2026-02-01 09:15:00+01:00,-300.0,300.0,30431.475224489794,30518.740530612242,5.6215657717382665
2026-02-01 09:30:00+01:00,-300.0,300.0,30442.715020408166,30504.975224489794,5.6215657717382665
2026-02-01 09:45:00+01:00,-300.0,300.0,30428.949714285718,30516.215020408166,5.6215657717382665
2026-02-01 10:00:00+01:00,-300.0,300.0,30440.189510204083,30502.449714285718,5.6215657717382665
2026-02-01 10:15:00+01:00,-300.0,300.0,30426.42420408163,30513.689510204083,5.6215657717382665
2026-02-01 10:30:00+01:00,-300.0,300.0,30437.663999999997,30499.92420408163,5.6215657717382665
2026-02-01 10:45:00+01:00,-300.0,300.0,30423.898693877552,30511.163999999997,5.6215657717382665
2026-02-01 11:00:00+01:00,-300.0,300.0,30435.138489795918,30497.398693877552,5.6215657717382665
2026-02-01 11:15:00+01:00,-300.0,300.0,30429.873183673466,30508.638489795918,5.6215657717382665
2026-02-01 11:30:00+01:00,-300.0,300.0,30453.36297959184,30503.373183673466,5.6215657717382665
2026-02-01 11:45:00+01:00,-300.0,300.0,30451.84767346939,30526.86297959184,5.6215657717382665
2026-02-01 12:00:00+01:00,-300.0,300.0,30475.337469387756,30525.34767346939,5.6215657717382665
2026-02-01 12:15:00+01:00,-300.0,300.0,30473.822163265304,30548.837469387756,5.6215657717382665
2026-02-01 12:30:00+01:00,-300.0,300.0,30497.31195918367,30547.322163265304,5.6215657717382665
2026-02-01 12:45:00+01:00,-300.0,300.0,30495.796653061225,30570.81195918367,5.6215657717382665
2026-02-01 13:00:00+01:00,-300.0,300.0,30519.286448979594,30569.296653061225,5.6215657717382665
2026-02-01 13:15:00+01:00,-300.0,300.0,30519.657861224492,30592.786448979594,5.6215657717382665
2026-02-01 13:30:00+01:00,-300.0,300.0,30543.14765714286,30593.157861224492,5.6215657717382665
2026-02-01 13:45:00+01:00,-300.0,300.0,30566.637453061227,30616.64765714286,5.6215657717382665
2026-02-01 14:00:00+01:00,-300.0,300.0,30590.127248979592,30640.137453061227,5.6215657717382665
2026-02-01 14:15:00+01:00,-300.0,300.0,30613.617044897957,30663.627248979592,5.6215657717382665
2026-02-01 14:30:00+01:00,-300.0,300.0,30637.106840816323,30687.117044897957,5.6215657717382665
2026-02-01 14:45:00+01:00,-300.0,300.0,30660.596636734695,30710.606840816323,5.6215657717382665
2026-02-01 15:00:00+01:00,-300.0,300.0,30684.086432653065,30734.096636734695,5.6215657717382665
2026-02-01 15:15:00+01:00,-300.0,300.0,30707.57622857143,30757.586432653065,5.6215657717382665
2026-02-01 15:30:00+01:00,-300.0,300.0,30731.0660244898,30781.07622857143,5.6215657717382665
2026-02-01 15:45:00+01:00,-300.0,300.0,30754.555820408164,30804.5660244898,5.6215657717382665
2026-02-01 16:00:00+01:00,-300.0,300.0,30778.04561632653,30828.055820408164,5.6215657717382665
2026-02-01 16:15:00+01:00,-300.0,300.0,30801.5354122449,30851.54561632653,5.6215657717382665
2026-02-01 16:30:00+01:00,-300.0,300.0,30825.02520816326,30875.0354122449,5.6215657717382665
2026-02-01 16:45:00+01:00,-300.0,300.0,30848.515004081633,30898.52520816326,5.6215657717382665
2026-02-01 17:00:00+01:00,-300.0,300.0,30872.004800000006,30922.015004081633,5.6215657717382665
2026-02-01 17:15:00+01:00,-300.0,300.0,30895.49459591837,30945.504800000006,5.6215657717382665
2026-02-01 17:30:00+01:00,-300.0,300.0,30918.984391836737,30968.99459591837,5.6215657717382665
2026-02-01 17:45:00+01:00,-300.0,300.0,30963.16995102041,30992.484391836737,5.6215657717382665
2026-02-01 18:00:00+01:00,-300.0,300.0,30986.659746938774,31036.66995102041,5.6215657717382665
2026-02-01 18:15:00+01:00,-300.0,300.0,31035.15464489796,31060.159746938774,5.6215657717382665
2026-02-01 18:30:00+01:00,-300.0,300.0,31058.644440816326,31108.65464489796,5.6215657717382665
2026-02-01 18:45:00+01:00,-300.0,300.0,31107.13933877551,31132.144440816326,5.6215657717382665
2026-02-01 19:00:00+01:00,-300.0,300.0,31130.62913469388,31180.63933877551,5.6215657717382665
2026-02-01 19:15:00+01:00,-300.0,300.0,31179.124032653064,31204.12913469388,5.6215657717382665
2026-02-01 19:30:00+01:00,-300.0,300.0,31202.61382857143,31252.624032653064,5.6215657717382665
2026-02-01 19:45:00+01:00,-300.0,300.0,31251.108726530612,31276.11382857143,5.6215657717382665
2026-02-01 20:00:00+01:00,-250.0,250.0,31274.598522448978,31324.608726530612,3.529795147995811
2026-02-01 20:15:00+01:00,-250.0,250.0,31310.843420408164,31335.848522448978,3.529795147995811
2026-02-01 20:30:00+01:00,-250.0,250.0,31322.083216326533,31372.093420408164,3.529795147995811
2026-02-01 20:45:00+01:00,-250.0,250.0,31358.328114285716,31383.333216326533,3.529795147995811
2026-02-01 21:00:00+01:00,-250.0,250.0,31369.567910204085,31419.578114285716,21.47275892810243
2026-02-01 21:15:00+01:00,-250.0,250.0,31405.812808163268,31430.817910204085,21.47275892810243
2026-02-01 21:30:00+01:00,-250.0,250.0,31417.052604081633,31467.062808163268,21.47275892810243
2026-02-01 21:45:00+01:00,-200.0,200.0,31461.109608163268,31478.302604081633,1.4333031457895231
2026-02-01 22:00:00+01:00,-250.0,250.0,31460.099404081633,31510.109608163268,88.87926232946299
2026-02-01 22:15:00+01:00,-250.0,250.0,31521.349404081633,31521.349404081633,88.87926232946299
2026-02-01 22:30:00+01:00,-250.0,250.0,31532.589200000002,31582.599404081633,88.87926232946299
2026-02-01 22:45:00+01:00,-200.0,200.0,31593.839200000002,31593.839200000002,88.808994342569
2026-02-01 23:00:00+01:00,-200.0,200.0,31592.82899591837,31642.839200000002,88.808994342569
2026-02-01 23:15:00+01:00,-150.0,150.0,31641.82899591837,31641.82899591837,1.3630351588955172
2026-02-01 23:30:00+01:00,-150.0,150.0,31628.568791836737,31678.57899591837,1.3630351588955172
2026-02-01 23:45:00+01:00,-150.0,150.0,31665.318791836737,31665.318791836737,1.3630351588955172
2026-02-02 00:00:00+01:00,-150.0,150.0,31652.058587755102,31702.068791836737,1.3630351588955172
2026-02-02 00:15:00+01:00,-150.0,150.0,31688.808587755102,31688.808587755102,1.3630351588955172
2026-02-02 00:30:00+01:00,-100.0,100.0,31675.548383673475,31725.558587755102,0.4317175792320733
2026-02-02 00:45:00+01:00,-100.0,100.0,31700.048383673475,31700.048383673475,0.4317175792320733
2026-02-02 01:00:00+01:00,-100.0,100.0,31674.53817959184,31724.548383673475,0.4317175792320733
2026-02-02 01:15:00+01:00,-100.0,100.0,31699.03817959184,31699.03817959184,0.4317175792320733
2026-02-02 01:30:00+01:00,-100.0,100.0,31673.527975510206,31723.53817959184,0.4317175792320733
2026-02-02 01:45:00+01:00,-100.0,100.0,31698.027975510206,31698.027975510206,0.4317175792320733
2026-02-02 02:00:00+01:00,-150.0,150.0,31672.51777142857,31722.527975510206,287.48232982413003
2026-02-02 02:15:00+01:00,-100.0,100.0,31709.26777142857,31709.26777142857,0.4317175792320733
2026-02-02 02:30:00+01:00,-100.0,100.0,31683.757567346944,31733.76777142857,0.4317175792320733
2026-02-02 02:45:00+01:00,-100.0,100.0,31708.257567346944,31708.257567346944,0.4317175792320733
2026-02-02 03:00:00+01:00,-100.0,100.0,31682.74736326531,31732.757567346944,0.4317175792320733
2026-02-02 03:15:00+01:00,-100.0,100.0,31707.24736326531,31707.24736326531,0.4317175792320733
2026-02-02 03:30:00+01:00,-150.0,150.0,31681.737159183675,31731.74736326531,306.6851869669872
2026-02-02 03:45:00+01:00,-200.0,200.0,31718.487159183675,31718.487159183675,177.6349828853545
2026-02-02 04:00:00+01:00,-250.0,250.0,31717.476955102044,31767.487159183675,249.44141145678307
2026-02-02 04:15:00+01:00,-250.0,250.0,31778.726955102044,31778.726955102044,249.44141145678307
2026-02-02 04:30:00+01:00,-150.0,150.0,31789.966751020413,31839.976955102044,72.23814615066064
2026-02-02 04:45:00+01:00,-150.0,150.0,31826.716751020413,31826.716751020413,72.23814615066064
2026-02-02 05:00:00+01:00,-100.0,100.0,31813.456546938778,31863.466751020413,0.4317175792320733
2026-02-02 05:15:00+01:00,-100.0,100.0,31837.956546938778,31837.956546938778,0.4317175792320733
2026-02-02 05:30:00+01:00,-100.0,100.0,31812.446342857143,31862.456546938778,0.4317175792320733
2026-02-02 05:45:00+01:00,-100.0,100.0,31836.946342857143,31836.946342857143,0.4317175792320733
2026-02-02 06:00:00+01:00,-100.0,100.0,31811.436138775513,31861.446342857143,0.4317175792320733
2026-02-02 06:15:00+01:00,-100.0,100.0,31835.936138775513,31835.936138775513,0.4317175792320733
2026-02-02 06:30:00+01:00,-100.0,100.0,31810.42593469388,31860.436138775513,0.4317175792320733
2026-02-02 06:45:00+01:00,-100.0,100.0,31834.92593469388,31834.92593469388,0.4317175792320733
2026-02-02 07:00:00+01:00,-100.0,100.0,31809.415730612247,31859.42593469388,0.4317175792320733
2026-02-02 07:15:00+01:00,-100.0,100.0,31833.915730612247,31833.915730612247,0.4317175792320733
2026-02-02 07:30:00+01:00,-100.0,100.0,31808.405526530612,31858.415730612247,0.4317175792320733
2026-02-02 07:45:00+01:00,-100.0,100.0,31832.905526530612,31832.905526530612,0.4317175792320733
2026-02-02 08:00:00+01:00,-200.0,200.0,31807.39532244898,31857.405526530612,434.5972277833137
2026-02-02 08:15:00+01:00,-200.0,200.0,31856.39532244898,31856.39532244898,308.96151349759947
2026-02-02 08:30:00+01:00,-200.0,200.0,31855.38511836735,31905.39532244898,308.96151349759947
2026-02-02 08:45:00+01:00,-200.0,200.0,31904.38511836735,31904.38511836735,180.77709172889195
2026-02-02 09:00:00+01:00,-200.0,200.0,31903.374914285716,31953.38511836735,124.31937211930898
2026-02-02 09:15:00+01:00,-200.0,200.0,31927.3698122449,31952.374914285716,124.31937211930898
2026-02-02 09:30:00+01:00,-150.0,150.0,31926.359608163264,31976.3698122449,7.273385724751151
2026-02-02 09:45:00+01:00,-150.0,150.0,31938.10450612245,31963.109608163264,7.273385724751151
2026-02-02 10:00:00+01:00,-150.0,150.0,31924.844302040823,31974.85450612245,7.273385724751151
2026-02-02 10:15:00+01:00,-150.0,150.0,31936.589200000006,31961.594302040823,7.273385724751151
2026-02-02 10:30:00+01:00,-150.0,150.0,31923.32899591837,31973.339200000006,7.273385724751151
2026-02-02 10:45:00+01:00,-200.0,200.0,31935.073893877554,31960.07899591837,13.33297756148584
2026-02-02 11:00:00+01:00,-200.0,200.0,31909.058587755102,31984.073893877554,13.33297756148584
2026-02-02 11:15:00+01:00,-250.0,250.0,31933.053485714285,31958.058587755102,72.34236531658789
2026-02-02 11:30:00+01:00,-250.0,250.0,31919.288179591833,31994.303485714285,72.34236531658789
2026-02-02 11:45:00+01:00,-250.0,250.0,31955.53307755102,31980.538179591833,72.34236531658789
2026-02-02 12:00:00+01:00,-250.0,250.0,31947.355477551024,32016.78307755102,72.34236531658789
2026-02-02 12:15:00+01:00,-300.0,300.0,31983.600375510207,32008.605477551024,163.7456306227103
2026-02-02 12:30:00+01:00,-300.0,300.0,32007.090171428572,32057.100375510207,163.7456306227103
2026-02-02 12:45:00+01:00,-300.0,300.0,32055.585069387755,32080.590171428572,163.7456306227103
2026-02-02 13:00:00+01:00,-300.0,300.0,32079.07486530612,32129.085069387755,163.7456306227103
2026-02-02 13:15:00+01:00,-200.0,200.0,32127.569763265303,32152.57486530612,13.33297756148584
2026-02-02 13:30:00+01:00,-150.0,150.0,32126.55955918367,32176.569763265303,7.273385724751151
2026-02-02 13:45:00+01:00,-150.0,150.0,32138.304457142858,32163.30955918367,7.273385724751151
2026-02-02 14:00:00+01:00,-150.0,150.0,32125.044253061227,32175.054457142858,7.273385724751151
2026-02-02 14:15:00+01:00,-150.0,150.0,32156.76767346939,32161.794253061227,7.273385724751151
2026-02-02 14:30:00+01:00,-150.0,150.0,32143.507469387754,32193.51767346939,7.273385724751151
2026-02-02 14:45:00+01:00,-150.0,150.0,32180.257469387754,32180.257469387754,7.273385724751151
2026-02-02 15:00:00+01:00,-150.0,150.0,32166.99726530612,32217.007469387754,7.273385724751151
2026-02-02 15:15:00+01:00,-150.0,150.0,32203.74726530612,32203.74726530612,7.273385724751151
2026-02-02 15:30:00+01:00,-150.0,150.0,32190.48706122449,32240.49726530612,7.273385724751151
2026-02-02 15:45:00+01:00,-150.0,150.0,32227.23706122449,32227.23706122449,7.273385724751151
2026-02-02 16:00:00+01:00,-200.0,200.0,32213.976857142858,32263.98706122449,26.770732663526662
2026-02-02 16:15:00+01:00,-200.0,200.0,32262.976857142858,32262.976857142858,26.770732663526662
2026-02-02 16:30:00+01:00,-200.0,200.0,32261.966653061223,32311.976857142858,26.770732663526662
2026-02-02 16:45:00+01:00,-250.0,250.0,32310.966653061223,32310.966653061223,38.17079711035802
2026-02-02 17:00:00+01:00,-250.0,250.0,32301.72564897959,32372.216653061223,38.17079711035802
2026-02-02 17:15:00+01:00,-250.0,250.0,32362.97564897959,32362.97564897959,38.17079711035802
2026-02-02 17:30:00+01:00,-250.0,250.0,32374.215444897964,32424.22564897959,38.17079711035802
2026-02-02 17:45:00+01:00,-250.0,250.0,32435.465444897964,32435.465444897964,38.17079711035802
2026-02-02 18:00:00+01:00,-300.0,300.0,32446.70524081633,32496.715444897964,41.54961797203603
2026-02-02 18:15:00+01:00,-300.0,300.0,32495.20013877551,32520.20524081633,41.54961797203603
2026-02-02 18:30:00+01:00,-300.0,300.0,32518.689934693877,32568.70013877551,41.54961797203603
2026-02-02 18:45:00+01:00,-300.0,300.0,32567.184832653063,32592.189934693877,41.54961797203603
2026-02-02 19:00:00+01:00,-300.0,300.0,32590.67462857143,32640.684832653063,41.54961797203603
2026-02-02 19:15:00+01:00,-350.0,350.0,32639.16952653061,32664.17462857143,398.8745159312198
2026-02-02 19:30:00+01:00,-300.0,300.0,32674.909322448984,32724.91952653061,41.54961797203603
2026-02-02 19:45:00+01:00,-300.0,300.0,32723.40422040817,32748.409322448984,41.54961797203603
2026-02-02 20:00:00+01:00,-300.0,300.0,32746.894016326532,32796.90422040817,41.54961797203603
2026-02-02 20:15:00+01:00,-300.0,300.0,32795.38891428572,32820.39401632654,41.54961797203603
2026-02-02 20:30:00+01:00,-250.0,250.0,32818.87871020408,32868.88891428572,34.70794982651695
2026-02-02 20:45:00+01:00,-250.0,250.0,32855.12360816327,32880.12871020408,34.70794982651695
2026-02-02 21:00:00+01:00,-300.0,300.0,32866.36340408164,32916.37360816327,46.63823554080266
2026-02-02 21:15:00+01:00,-300.0,300.0,32926.204816326535,32939.86340408164,46.63823554080266
2026-02-02 21:30:00+01:00,-200.0,200.0,32949.6946122449,32999.704816326535,15.740824155195787
2026-02-02 21:45:00+01:00,-200.0,200.0,32998.6946122449,32998.6946122449,15.740824155195787
2026-02-02 22:00:00+01:00,-250.0,250.0,32997.684408163266,33047.6946122449,137.20327313478762
2026-02-02 22:15:00+01:00,-200.0,200.0,33058.934408163266,33058.934408163266,125.27298742050192
2026-02-02 22:30:00+01:00,-150.0,150.0,33057.92420408164,33107.934408163266,121.89416655882391
2026-02-02 22:45:00+01:00,-100.0,100.0,33094.67420408164,33094.67420408164,0.4317175792320733
2026-02-02 23:00:00+01:00,-100.0,100.0,33069.164000000004,33119.17420408164,0.4317175792320733
2026-02-02 23:15:00+01:00,-100.0,100.0,33093.664000000004,33093.664000000004,0.4317175792320733
2026-02-02 23:30:00+01:00,-100.0,100.0,33080.29204081633,33118.164000000004,0.4317175792320733
2026-02-02 23:45:00+01:00,-100.0,100.0,33104.79204081633,33104.79204081633,0.4317175792320733
2026-02-03 00:00:00+01:00,-100.0,100.0,33104.28693877551,33129.29204081633,0.4317175792320733
2026-02-03 00:15:00+01:00,-100.0,100.0,33128.78693877551,33128.78693877551,0.4317175792320733
2026-02-03 00:30:00+01:00,-100.0,100.0,33128.28183673469,33153.28693877551,0.4317175792320733
2026-02-03 00:45:00+01:00,-100.0,100.0,33152.78183673469,33152.78183673469,0.4317175792320733
2026-02-03 01:00:00+01:00,-100.0,100.0,33152.27673469388,33177.28183673469,0.4317175792320733
2026-02-03 01:15:00+01:00,-150.0,150.0,33176.77673469388,33176.77673469388,174.1037583955586
2026-02-03 01:30:00+01:00,-150.0,150.0,33188.521632653064,33213.52673469388,174.1037583955586
2026-02-03 01:45:00+01:00,-100.0,100.0,33225.271632653064,33225.271632653064,0.4317175792320733
2026-02-03 02:00:00+01:00,-50.0,50.0,33224.76653061225,33249.771632653064,0.1785580021482277
2026-02-03 02:15:00+01:00,-100.0,100.0,33237.01653061225,33237.01653061225,67.95472126745435
2026-02-03 02:30:00+01:00,-150.0,150.0,33236.51142857143,33261.51653061225,68.45217024704618
2026-02-03 02:45:00+01:00,-150.0,150.0,33248.256326530616,33273.26142857143,68.45217024704618
2026-02-03 03:00:00+01:00,-150.0,150.0,33260.0012244898,33285.006326530616,68.45217024704618
2026-02-03 03:15:00+01:00,-150.0,150.0,33271.74612244898,33296.7512244898,68.45217024704618
2026-02-03 03:30:00+01:00,-200.0,200.0,33283.49102040816,33308.49612244898,82.41197199631732
2026-02-03 03:45:00+01:00,-200.0,200.0,33307.48591836735,33332.49102040816,82.41197199631732
2026-02-03 04:00:00+01:00,-200.0,200.0,33331.48081632653,33356.48591836735,82.41197199631732
2026-02-03 04:15:00+01:00,-200.0,200.0,33355.47571428572,33380.48081632653,82.41197199631732
2026-02-03 04:30:00+01:00,-200.0,200.0,33379.470612244906,33404.47571428572,82.41197199631732
2026-02-03 04:45:00+01:00,-150.0,150.0,33403.465510204085,33428.470612244906,43.60935975141937
2026-02-03 05:00:00+01:00,-150.0,150.0,33415.21040816327,33440.215510204085,43.60935975141937
2026-02-03 05:15:00+01:00,-100.0,100.0,33426.95530612246,33451.96040816327,0.6760069817400646
2026-02-03 05:30:00+01:00,-100.0,100.0,33426.45020408164,33451.45530612246,0.6760069817400646
2026-02-03 05:45:00+01:00,-100.0,100.0,33425.945102040816,33450.95020408164,0.6760069817400646
2026-02-03 06:00:00+01:00,-150.0,150.0,33425.439999999995,33450.445102040816,1.6460166999130488
2026-02-03 06:15:00+01:00,-150.0,150.0,33412.17979591837,33462.189999999995,1.6460166999130488
2026-02-03 06:30:00+01:00,-150.0,150.0,33423.924693877554,33448.92979591837,1.6460166999130488
2026-02-03 06:45:00+01:00,-150.0,150.0,33410.66448979592,33460.674693877554,1.6460166999130488
2026-02-03 07:00:00+01:00,-150.0,150.0,33422.409387755106,33447.41448979592,1.6460166999130488
2026-02-03 07:15:00+01:00,-150.0,150.0,33409.149183673464,33459.159387755106,1.6460166999130488
2026-02-03 07:30:00+01:00,-150.0,150.0,33420.89408163265,33445.899183673464,1.6460166999130488
2026-02-03 07:45:00+01:00,-150.0,150.0,33407.63387755102,33457.64408163265,1.6460166999130488
2026-02-03 08:00:00+01:00,-150.0,150.0,33419.37877551021,33444.38387755102,1.6460166999130488
2026-02-03 08:15:00+01:00,-200.0,200.0,33406.118571428575,33456.12877551021,69.22567656385861
2026-02-03 08:30:00+01:00,-200.0,200.0,33430.11346938776,33455.118571428575,69.22567656385861
2026-02-03 08:45:00+01:00,-250.0,250.0,33429.10326530612,33479.11346938776,368.70853370671574
2026-02-03 09:00:00+01:00,-200.0,200.0,33465.348163265306,33490.35326530612,69.22567656385861
2026-02-03 09:15:00+01:00,-250.0,250.0,33464.33795918368,33514.348163265306,350.90649289038925
2026-02-03 09:30:00+01:00,-250.0,250.0,33500.58285714286,33525.58795918368,346.7624112577362
2026-02-03 09:45:00+01:00,-150.0,150.0,33511.82265306122,33561.83285714286,1.6460166999130488
2026-02-03 10:00:00+01:00,-150.0,150.0,33523.5675510204,33548.57265306122,1.6460166999130488
2026-02-03 10:15:00+01:00,-150.0,150.0,33510.307346938775,33560.3175510204,1.6460166999130488
2026-02-03 10:30:00+01:00,-150.0,150.0,33522.05224489796,33547.057346938775,1.6460166999130488
2026-02-03 10:45:00+01:00,-150.0,150.0,33508.79204081633,33558.80224489796,1.6460166999130488
2026-02-03 11:00:00+01:00,-200.0,200.0,33520.53693877551,33545.54204081633,4.696345005148185
2026-02-03 11:15:00+01:00,-200.0,200.0,33494.52163265306,33569.53693877551,4.696345005148185
2026-02-03 11:30:00+01:00,-250.0,250.0,33518.51653061224,33543.52163265306,75.78777357657675
2026-02-03 11:45:00+01:00,-250.0,250.0,33504.7512244898,33579.76653061224,75.78777357657675
2026-02-03 12:00:00+01:00,-250.0,250.0,33540.99612244898,33566.0012244898,75.78777357657675
2026-02-03 12:15:00+01:00,-250.0,250.0,33527.23081632653,33602.24612244898,75.78777357657675
2026-02-03 12:30:00+01:00,-200.0,200.0,33563.47571428572,33588.48081632653,4.696345005148185
2026-02-03 12:45:00+01:00,-250.0,250.0,33537.460408163264,33612.47571428572,154.00001847453592
2026-02-03 13:00:00+01:00,-300.0,300.0,33573.70530612244,33598.710408163264,223.15365112759716
2026-02-03 13:15:00+01:00,-250.0,250.0,33572.19,33647.20530612244,73.84997765820941
2026-02-03 13:30:00+01:00,-250.0,250.0,33608.43489795919,33633.44,73.84997765820941
2026-02-03 13:45:00+01:00,-250.0,250.0,33594.66959183674,33669.68489795919,73.84997765820941
2026-02-03 14:00:00+01:00,-250.0,250.0,33630.91448979592,33655.91959183674,73.84997765820941
2026-02-03 14:15:00+01:00,-200.0,200.0,33617.14918367347,33692.16448979592,4.696345005148185
2026-02-03 14:30:00+01:00,-200.0,200.0,33641.14408163266,33666.14918367347,4.696345005148185
2026-02-03 14:45:00+01:00,-200.0,200.0,33615.1287755102,33690.14408163266,4.696345005148185
2026-02-03 15:00:00+01:00,-250.0,250.0,33639.12367346939,33664.1287755102,6.058691943923696
2026-02-03 15:15:00+01:00,-250.0,250.0,33600.35326530613,33700.37367346939,6.058691943923696
2026-02-03 15:30:00+01:00,-300.0,300.0,33636.598163265306,33661.60326530613,19.548845005148188
2026-02-03 15:45:00+01:00,-300.0,300.0,33610.07775510204,33710.098163265306,19.548845005148188
2026-02-03 16:00:00+01:00,-300.0,300.0,33658.57265306122,33683.57775510204,19.548845005148188
2026-02-03 16:15:00+01:00,-300.0,300.0,33632.05224489796,33732.07265306122,19.548845005148188
2026-02-03 16:30:00+01:00,-350.0,350.0,33680.54714285715,33705.55224489796,82.8190490867809
2026-02-03 16:45:00+01:00,-400.0,400.0,33666.27673469388,33766.29714285715,48.856662026693655
2026-02-03 17:00:00+01:00,-400.0,400.0,33714.26653061225,33764.27673469388,48.856662026693655
2026-02-03 17:15:00+01:00,-400.0,400.0,33712.24612244898,33812.26653061225,48.856662026693655
2026-02-03 17:30:00+01:00,-400.0,400.0,33760.23591836734,33810.24612244898,48.856662026693655
2026-02-03 17:45:00+01:00,-500.0,500.0,33758.215510204085,33858.23591836734,164.39482529199978
2026-02-03 18:00:00+01:00,-500.0,500.0,33830.70530612246,33880.715510204085,164.39482529199978
2026-02-03 18:15:00+01:00,-450.0,450.0,33853.18489795918,33953.20530612246,69.11013141444877
2026-02-03 18:30:00+01:00,-400.0,400.0,33922.56950204082,33963.43489795918,48.856662026693655
2026-02-03 18:45:00+01:00,-400.0,400.0,33920.549093877555,34020.56950204082,48.856662026693655
2026-02-03 19:00:00+01:00,-400.0,400.0,33993.54399183674,34018.549093877555,48.856662026693655
2026-02-03 19:15:00+01:00,-450.0,450.0,33991.52358367348,34091.54399183674,59.6983967205712
2026-02-03 19:30:00+01:00,-450.0,450.0,34063.767681632664,34101.77358367348,59.6983967205712
2026-02-03 19:45:00+01:00,-500.0,500.0,34098.09791020408,34174.017681632664,90.04941712873445
2026-02-03 20:00:00+01:00,-500.0,500.0,34195.59280816327,34220.59791020408,90.04941712873445
2026-02-03 20:15:00+01:00,-450.0,450.0,34256.3638612245,34318.09280816327,59.6983967205712
2026-02-03 20:30:00+01:00,-450.0,450.0,34341.60875918368,34366.6138612245,59.6983967205712
2026-02-03 20:45:00+01:00,-450.0,450.0,34401.84855510204,34451.85875918368,59.6983967205712
2026-02-03 21:00:00+01:00,-400.0,400.0,34487.09345306123,34512.09855510204,52.65311460772606
2026-02-03 21:15:00+01:00,-350.0,350.0,34535.083248979594,34585.09345306123,41.81137991384851
2026-02-03 21:30:00+01:00,-300.0,300.0,34595.82814693877,34620.833248979594,21.832467454127773
2026-02-03 21:45:00+01:00,-250.0,250.0,34619.317942857146,34669.32814693877,20.862457735954784
2026-02-03 22:00:00+01:00,-300.0,300.0,34655.56284081633,34680.567942857146,65.659396511465
2026-02-03 22:15:00+01:00,-300.0,300.0,34679.05263673469,34729.06284081633,65.659396511465
2026-02-03 22:30:00+01:00,-200.0,200.0,34727.54753469387,34752.55263673469,46.83529269602579
2026-02-03 22:45:00+01:00,-200.0,200.0,34726.53733061224,34776.54753469387,46.83529269602579
2026-02-03 23:00:00+01:00,-200.0,200.0,34750.53222857143,34775.53733061224,90.8150886143931
2026-02-03 23:15:00+01:00,-150.0,150.0,34749.5220244898,34799.53222857143,2.0383539205155756
2026-02-03 23:30:00+01:00,-150.0,150.0,34761.26692244899,34786.2720244898,2.0383539205155756
2026-02-03 23:45:00+01:00,-150.0,150.0,34748.006718367345,34798.01692244899,2.0383539205155756
2026-02-04 00:00:00+01:00,-150.0,150.0,34759.751616326525,34784.756718367345,2.0383539205155756
2026-02-04 00:15:00+01:00,-200.0,200.0,34746.4914122449,34796.501616326525,17.213864124597194
2026-02-04 00:30:00+01:00,-200.0,200.0,34770.48631020408,34795.4914122449,17.213864124597194
2026-02-04 00:45:00+01:00,-200.0,200.0,34789.322546938776,34819.48631020408,17.213864124597194
2026-02-04 01:00:00+01:00,-200.0,200.0,34813.31744489796,34838.322546938776,17.213864124597194
2026-02-04 01:15:00+01:00,-150.0,150.0,34837.31234285715,34862.31744489796,2.0383539205155756
2026-02-04 01:30:00+01:00,-150.0,150.0,34849.05724081633,34874.06234285715,2.0383539205155756
2026-02-04 01:45:00+01:00,-250.0,250.0,34860.802138775514,34885.80724081633,143.36973447273647
2026-02-04 02:00:00+01:00,-200.0,200.0,34872.04193469389,34922.052138775514,142.00738753396095
2026-02-04 02:15:00+01:00,-150.0,150.0,34896.036832653066,34921.04193469389,5.7196324319201395
2026-02-04 02:30:00+01:00,-150.0,150.0,34882.77662857143,34932.786832653066,5.7196324319201395
2026-02-04 02:45:00+01:00,-200.0,200.0,34894.52152653062,34919.52662857143,73.37711542511742
2026-02-04 03:00:00+01:00,-250.0,250.0,34893.51132244898,34943.52152653062,133.20364603736232
2026-02-04 03:15:00+01:00,-200.0,200.0,34929.75622040817,34954.76132244898,73.37711542511742
2026-02-04 03:30:00+01:00,-250.0,250.0,34928.74601632654,34978.75622040817,180.96759161559365
2026-02-04 03:45:00+01:00,-300.0,300.0,34964.99091428572,34989.99601632654,267.30748957477726
2026-02-04 04:00:00+01:00,-300.0,300.0,34989.28302040816,35038.49091428572,267.30748957477726
2026-02-04 04:15:00+01:00,-200.0,200.0,35037.77791836735,35062.78302040816,92.0595303911038
2026-02-04 04:30:00+01:00,-200.0,200.0,35061.772816326535,35086.77791836735,92.0595303911038
2026-02-04 04:45:00+01:00,-250.0,250.0,35085.76771428572,35110.772816326535,19.377591615593595
2026-02-04 05:00:00+01:00,-250.0,250.0,35072.00240816328,35147.01771428572,19.377591615593595
2026-02-04 05:15:00+01:00,-250.0,250.0,35108.24730612246,35133.25240816328,19.377591615593595
2026-02-04 05:30:00+01:00,-250.0,250.0,35105.98020408163,35169.49730612246,19.377591615593595
2026-02-04 05:45:00+01:00,-250.0,250.0,35142.225102040815,35167.23020408163,19.377591615593595
2026-02-04 06:00:00+01:00,-200.0,200.0,35165.46820408163,35203.475102040815,14.333966165413521
2026-02-04 06:15:00+01:00,-200.0,200.0,35189.46310204081,35214.46820408163,14.333966165413521
2026-02-04 06:30:00+01:00,-250.0,250.0,35213.458,35238.46310204081,35.506721267454346
2026-02-04 06:45:00+01:00,-200.0,200.0,35249.702897959185,35274.708,27.918966165413536
2026-02-04 07:00:00+01:00,-200.0,200.0,35273.697795918364,35298.702897959185,27.918966165413536
2026-02-04 07:15:00+01:00,-150.0,150.0,35297.69269387755,35322.697795918364,21.848762083780887
2026-02-04 07:30:00+01:00,-250.0,250.0,35309.43759183674,35334.44269387755,79.37499386220651
2026-02-04 07:45:00+01:00,-250.0,250.0,35320.6773877551,35370.68759183674,79.37499386220651
2026-02-04 08:00:00+01:00,-250.0,250.0,35356.92228571428,35381.9273877551,56.87272971126314
2026-02-04 08:15:00+01:00,-300.0,300.0,35343.15697959183,35418.17228571428,85.14198141194342
2026-02-04 08:30:00+01:00,-300.0,300.0,35391.65187755102,35416.65697959183,85.14198141194342
2026-02-04 08:45:00+01:00,-300.0,300.0,35390.13657142857,35465.15187755102,85.14198141194342
2026-02-04 09:00:00+01:00,-250.0,250.0,35438.63146938776,35463.63657142857,56.87272971126314
2026-02-04 09:15:00+01:00,-300.0,300.0,35424.8661632653,35499.88146938776,77.10674331670529
2026-02-04 09:30:00+01:00,-300.0,300.0,35473.36106122448,35498.3661632653,55.155756922147475
2026-02-04 09:45:00+01:00,-300.0,300.0,35494.517183673466,35546.86106122448,55.155756922147475
2026-02-04 10:00:00+01:00,-250.0,250.0,35543.01208163265,35568.017183673466,34.92174331670532
2026-02-04 10:15:00+01:00,-200.0,200.0,35554.25187755102,35604.26208163265,14.921199099018242
2026-02-04 10:30:00+01:00,-200.0,200.0,35578.246775510204,35603.25187755102,14.921199099018242
2026-02-04 10:45:00+01:00,-200.0,200.0,35577.23657142857,35627.246775510204,14.921199099018242
2026-02-04 11:00:00+01:00,-200.0,200.0,35601.23146938775,35626.23657142857,14.921199099018242
2026-02-04 11:15:00+01:00,-300.0,300.0,35600.221265306114,35650.23146938775,28.75603440700162
2026-02-04 11:30:00+01:00,-350.0,350.0,35619.35666122449,35673.721265306114,127.87705481516485
2026-02-04 11:45:00+01:00,-400.0,400.0,35655.096457142856,35705.10666122449,158.19889154985873
2026-02-04 12:00:00+01:00,-400.0,400.0,35703.08625306123,35753.096457142856,158.19889154985873
2026-02-04 12:15:00+01:00,-350.0,350.0,35751.076048979594,35801.08625306123,127.87705481516485
2026-02-04 12:30:00+01:00,-250.0,250.0,35786.81584489796,35836.826048979594,28.258585427409784
2026-02-04 12:45:00+01:00,-250.0,250.0,35806.52106122449,35848.06584489796,28.258585427409784
2026-02-04 13:00:00+01:00,-200.0,200.0,35817.76085714286,35867.77106122449,16.393337613998703
2026-02-04 13:15:00+01:00,-200.0,200.0,35841.75575510204,35866.76085714286,16.393337613998703
2026-02-04 13:30:00+01:00,-250.0,250.0,35840.74555102041,35890.75575510204,46.773541695631366
2026-02-04 13:45:00+01:00,-250.0,250.0,35876.99044897959,35901.99555102041,46.773541695631366
2026-02-04 14:00:00+01:00,-250.0,250.0,35888.23024489796,35938.24044897959,28.183541695631355
2026-02-04 14:15:00+01:00,-250.0,250.0,35934.01817142857,35949.48024489797,28.183541695631355
2026-02-04 14:30:00+01:00,-250.0,250.0,35945.257967346944,35995.26817142858,28.183541695631355
2026-02-04 14:45:00+01:00,-250.0,250.0,36006.507967346944,36006.507967346944,28.183541695631355
2026-02-04 15:00:00+01:00,-250.0,250.0,36017.74776326531,36067.757967346944,28.183541695631355
2026-02-04 15:15:00+01:00,-300.0,300.0,36078.99776326531,36078.99776326531,89.00231720583542
2026-02-04 15:30:00+01:00,-250.0,250.0,36102.487559183675,36152.49776326531,28.183541695631355
2026-02-04 15:45:00+01:00,-250.0,250.0,36163.737559183675,36163.737559183675,28.183541695631355
2026-02-04 16:00:00+01:00,-200.0,200.0,36174.97735510205,36224.987559183675,16.393337613998703
2026-02-04 16:15:00+01:00,-200.0,200.0,36223.97735510205,36223.97735510205,16.393337613998703
2026-02-04 16:30:00+01:00,-200.0,200.0,36222.96715102041,36272.97735510205,16.393337613998703
2026-02-04 16:45:00+01:00,-250.0,250.0,36271.96715102041,36271.96715102041,77.21211312420277
2026-02-04 17:00:00+01:00,-200.0,200.0,36283.20694693878,36333.21715102041,16.393337613998703
2026-02-04 17:15:00+01:00,-200.0,200.0,36332.206946938786,36332.206946938786,16.393337613998703
2026-02-04 17:30:00+01:00,-250.0,250.0,36331.19674285715,36381.206946938786,28.52207230787625
2026-02-04 17:45:00+01:00,-300.0,300.0,36390.62754285715,36392.44674285715,71.74309271603954
2026-02-04 18:00:00+01:00,-300.0,300.0,36414.11733877552,36464.12754285715,71.74309271603954
2026-02-04 18:15:00+01:00,-250.0,250.0,36487.61733877552,36487.61733877552,28.52207230787625
2026-02-04 18:30:00+01:00,-400.0,400.0,36498.857134693884,36548.86733877552,127.41631267068803
2026-02-04 18:45:00+01:00,-300.0,300.0,36571.85203265307,36596.857134693884,51.02512899721866
2026-02-04 19:00:00+01:00,-300.0,300.0,36595.341828571436,36645.35203265307,51.02512899721866
2026-02-04 19:15:00+01:00,-300.0,300.0,36643.836726530615,36668.841828571436,51.02512899721866
2026-02-04 19:30:00+01:00,-300.0,300.0,36667.32652244899,36717.336726530615,51.02512899721866
2026-02-04 19:45:00+01:00,-300.0,300.0,36715.821420408174,36740.82652244899,51.02512899721866
2026-02-04 20:00:00+01:00,-350.0,350.0,36739.31121632655,36789.321420408174,61.16159158225267
2026-02-04 20:15:00+01:00,-350.0,350.0,36786.15851428574,36825.06121632655,61.16159158225267
2026-02-04 20:30:00+01:00,-350.0,350.0,36821.898310204095,36871.90851428574,61.16159158225267
2026-02-04 20:45:00+01:00,-350.0,350.0,36882.643208163274,36907.648310204095,61.16159158225267
2026-02-04 21:00:00+01:00,-350.0,350.0,36933.45424489797,36968.393208163274,61.16159158225267
2026-02-04 21:15:00+01:00,-300.0,300.0,36994.19914285716,37019.20424489797,53.3128353250328
2026-02-04 21:30:00+01:00,-250.0,250.0,37042.69404081634,37067.69914285716,98.00728381871596
2026-02-04 21:45:00+01:00,-150.0,150.0,37078.93893877552,37103.94404081634,4.022385859532316
2026-02-04 22:00:00+01:00,-200.0,200.0,37090.6838367347,37115.68893877552,197.41286205000853
2026-02-04 22:15:00+01:00,-200.0,200.0,37114.67873469389,37139.6838367347,197.41286205000853
2026-02-04 22:30:00+01:00,-250.0,250.0,37138.67363265307,37163.67873469389,197.4532884521198
2026-02-04 22:45:00+01:00,-200.0,200.0,37149.913428571446,37199.92363265307,4.062812261643601
2026-02-04 23:00:00+01:00,-150.0,150.0,37173.908326530625,37198.913428571446,2.0932247670713036
2026-02-04 23:15:00+01:00,-150.0,150.0,37160.64812244898,37210.658326530625,2.0932247670713036
2026-02-04 23:30:00+01:00,-200.0,200.0,37172.39302040817,37197.39812244898,62.79526558339778
2026-02-04 23:45:00+01:00,-150.0,150.0,37171.38281632654,37221.39302040817,2.0932247670713036
2026-02-05 00:00:00+01:00,-150.0,150.0,37183.12771428573,37208.13281632654,2.0932247670713036
2026-02-05 00:15:00+01:00,-150.0,150.0,37169.8675102041,37219.87771428573,2.0932247670713036
2026-02-05 00:30:00+01:00,-150.0,150.0,37181.61240816328,37206.6175102041,2.0932247670713036
2026-02-05 00:45:00+01:00,-150.0,150.0,37168.35220408164,37218.36240816328,2.0932247670713036
2026-02-05 01:00:00+01:00,-150.0,150.0,37180.097102040825,37205.10220408164,2.0932247670713036
2026-02-05 01:15:00+01:00,-150.0,150.0,37166.8368979592,37216.847102040825,2.0932247670713036
2026-02-05 01:30:00+01:00,-150.0,150.0,37178.581795918384,37203.5868979592,2.0932247670713036
2026-02-05 01:45:00+01:00,-150.0,150.0,37165.32159183674,37215.331795918384,2.0932247670713036
2026-02-05 02:00:00+01:00,-150.0,150.0,37177.06648979592,37202.07159183674,2.0932247670713036
2026-02-05 02:15:00+01:00,-200.0,200.0,37163.806285714294,37213.81648979592,149.8501635425815
2026-02-05 02:30:00+01:00,-200.0,200.0,37187.80118367348,37212.806285714294,149.8501635425815
2026-02-05 02:45:00+01:00,-150.0,150.0,37186.79097959185,37236.80118367348,2.0932247670713036
2026-02-05 03:00:00+01:00,-150.0,150.0,37198.53587755104,37223.54097959185,2.0932247670713036
2026-02-05 03:15:00+01:00,-150.0,150.0,37185.2756734694,37235.28587755104,2.0932247670713036
2026-02-05 03:30:00+01:00,-200.0,200.0,37197.02057142858,37222.0256734694,138.30315673986044
2026-02-05 03:45:00+01:00,-250.0,250.0,37202.51130612246,37246.02057142858,145.8982077602686
2026-02-05 04:00:00+01:00,-300.0,300.0,37213.751102040835,37263.76130612246,320.8543302092482
2026-02-05 04:15:00+01:00,-250.0,250.0,37262.24600000002,37287.251102040835,184.64439823645907
2026-02-05 04:30:00+01:00,-200.0,200.0,37285.041200000014,37323.49600000002,9.688275787479471
2026-02-05 04:45:00+01:00,-200.0,200.0,37309.03609795919,37334.041200000014,9.688275787479471
2026-02-05 05:00:00+01:00,-200.0,200.0,37333.03099591838,37358.03609795919,9.688275787479471
2026-02-05 05:15:00+01:00,-200.0,200.0,37357.025893877566,37382.03099591838,9.688275787479471
2026-02-05 05:30:00+01:00,-200.0,200.0,37381.02079183675,37406.025893877566,9.688275787479471
2026-02-05 05:45:00+01:00,-100.0,100.0,37405.01568979593,37430.02079183675,0.21898440425951227
2026-02-05 06:00:00+01:00,-100.0,100.0,37404.51058775511,37429.51568979593,0.21898440425951227
2026-02-05 06:15:00+01:00,-100.0,100.0,37404.0054857143,37429.01058775511,0.21898440425951227
2026-02-05 06:30:00+01:00,-100.0,100.0,37403.50038367348,37428.5054857143,0.21898440425951227
2026-02-05 06:45:00+01:00,-150.0,150.0,37402.99528163267,37428.00038367348,16.771963996096247
2026-02-05 07:00:00+01:00,-200.0,200.0,37414.740179591856,37439.74528163267,77.59073950630031
2026-02-05 07:15:00+01:00,-150.0,150.0,37438.735077551035,37463.740179591856,16.771963996096247
2026-02-05 07:30:00+01:00,-200.0,200.0,37450.479975510214,37475.485077551035,23.619704520877587
2026-02-05 07:45:00+01:00,-250.0,250.0,37449.46977142858,37499.479975510214,100.93976282991548
2026-02-05 08:00:00+01:00,-250.0,250.0,37485.714669387766,37510.71977142858,90.70000772787466
2026-02-05 08:15:00+01:00,-250.0,250.0,37471.949363265325,37546.964669387766,90.70000772787466
2026-02-05 08:30:00+01:00,-250.0,250.0,37508.19426122451,37533.199363265325,90.70000772787466
2026-02-05 08:45:00+01:00,-350.0,350.0,37494.428955102056,37569.44426122451,157.99861997277264
2026-02-05 09:00:00+01:00,-300.0,300.0,37530.16875102042,37580.178955102056,97.23821180950732
2026-02-05 09:15:00+01:00,-300.0,300.0,37528.65344489797,37603.66875102042,97.23821180950732
2026-02-05 09:30:00+01:00,-250.0,250.0,37552.143240816345,37602.15344489797,19.918153500469423
2026-02-05 09:45:00+01:00,-250.0,250.0,37538.3779346939,37613.393240816345,19.918153500469423
2026-02-05 10:00:00+01:00,-300.0,300.0,37549.617730612255,37599.6279346939,48.05121472495921
2026-02-05 10:15:00+01:00,-300.0,300.0,37548.10242448981,37623.117730612255,48.05121472495921
2026-02-05 10:30:00+01:00,-300.0,300.0,37571.59222040818,37621.60242448981,48.05121472495921
2026-02-05 10:45:00+01:00,-300.0,300.0,37570.07691428573,37645.09222040818,80.73692901067349
2026-02-05 11:00:00+01:00,-250.0,250.0,37593.5667102041,37643.57691428573,19.918153500469423
2026-02-05 11:15:00+01:00,-350.0,350.0,37579.80140408165,37654.8167102041,101.65059794491384
2026-02-05 11:30:00+01:00,-350.0,350.0,37615.541200000014,37665.55140408165,101.65059794491384
2026-02-05 11:45:00+01:00,-350.0,350.0,37626.275893877566,37701.291200000014,101.65059794491384
2026-02-05 12:00:00+01:00,-400.0,400.0,37662.01568979593,37712.025893877566,135.79938706056012
2026-02-05 12:15:00+01:00,-400.0,400.0,37685.00038367349,37760.01568979593,135.79938706056012
2026-02-05 12:30:00+01:00,-350.0,350.0,37732.990179591856,37783.00038367349,118.91955032586625
2026-02-05 12:45:00+01:00,-350.0,350.0,37743.7248734694,37818.740179591856,118.91955032586625
2026-02-05 13:00:00+01:00,-350.0,350.0,37779.464669387766,37829.4748734694,118.91955032586625
2026-02-05 13:15:00+01:00,-350.0,350.0,37790.19936326532,37865.214669387766,118.91955032586625
2026-02-05 13:30:00+01:00,-300.0,300.0,37825.93915918369,37875.94936326532,54.066942616115696
2026-02-05 13:45:00+01:00,-300.0,300.0,37839.29417959185,37899.43915918369,54.066942616115696
2026-02-05 14:00:00+01:00,-300.0,300.0,37862.78397551022,37912.79417959185,54.066942616115696
2026-02-05 14:15:00+01:00,-300.0,300.0,37886.27377142858,37936.28397551022,54.066942616115696
2026-02-05 14:30:00+01:00,-300.0,300.0,37909.76356734695,37959.77377142858,54.066942616115696
2026-02-05 14:45:00+01:00,-300.0,300.0,37949.85759183675,37983.26356734695,54.066942616115696
2026-02-05 15:00:00+01:00,-300.0,300.0,37977.07291428573,38023.35759183675,54.066942616115696
2026-02-05 15:15:00+01:00,-300.0,300.0,38025.56781224492,38050.57291428573,54.066942616115696
2026-02-05 15:30:00+01:00,-350.0,350.0,38074.062710204096,38099.06781224492,114.82735077938102
2026-02-05 15:45:00+01:00,-250.0,250.0,38134.807608163275,38159.812710204096,19.918153500469423
2026-02-05 16:00:00+01:00,-250.0,250.0,38171.05250612246,38196.057608163275,19.918153500469423
2026-02-05 16:15:00+01:00,-250.0,250.0,38207.29740408165,38232.30250612246,19.918153500469423
2026-02-05 16:30:00+01:00,-250.0,250.0,38243.542302040834,38268.54740408165,19.918153500469423
2026-02-05 16:45:00+01:00,-250.0,250.0,38279.78720000001,38304.792302040834,19.918153500469423
2026-02-05 17:00:00+01:00,-300.0,300.0,38316.03209795919,38341.03720000001,80.67856166373475
2026-02-05 17:15:00+01:00,-250.0,250.0,38364.52699591838,38389.53209795919,19.918153500469423
2026-02-05 17:30:00+01:00,-250.0,250.0,38400.771893877565,38425.77699591838,19.918153500469423
2026-02-05 17:45:00+01:00,-300.0,300.0,38437.01679183675,38462.021893877565,28.589873617087488
2026-02-05 18:00:00+01:00,-300.0,300.0,38460.506587755124,38510.51679183675,28.589873617087488
2026-02-05 18:15:00+01:00,-300.0,300.0,38509.00148571431,38534.00658775513,28.589873617087488
2026-02-05 18:30:00+01:00,-350.0,350.0,38556.2394857143,38582.50148571431,71.78171035178136
2026-02-05 18:45:00+01:00,-350.0,350.0,38616.98438367349,38641.9894857143,71.78171035178136
2026-02-05 19:00:00+01:00,-350.0,350.0,38677.72928163267,38702.73438367349,71.78171035178136
2026-02-05 19:15:00+01:00,-350.0,350.0,38738.47417959186,38763.47928163267,71.78171035178136
2026-02-05 19:30:00+01:00,-300.0,300.0,38799.21907755104,38824.22417959186,63.109990235163295
2026-02-05 19:45:00+01:00,-300.0,300.0,38847.71397551022,38872.71907755104,63.109990235163295
2026-02-05 20:00:00+01:00,-300.0,300.0,38896.208873469404,38921.21397551022,63.109990235163295
2026-02-05 20:15:00+01:00,-350.0,350.0,38944.70377142859,38969.708873469404,121.47733717393879
2026-02-05 20:30:00+01:00,-350.0,350.0,39005.44866938778,39030.45377142859,121.47733717393879
2026-02-05 20:45:00+01:00,-400.0,400.0,39066.193567346956,39091.19866938778,133.60607186781635
2026-02-05 21:00:00+01:00,-350.0,350.0,39137.36926530614,39164.193567346956,90.41423513312247
2026-02-05 21:15:00+01:00,-400.0,400.0,39198.11416326532,39223.11926530614,91.47854583699585
2026-02-05 21:30:00+01:00,-350.0,350.0,39246.10395918369,39296.11416326532,84.63080531221452
2026-02-05 21:45:00+01:00,-300.0,300.0,39306.848857142875,39331.85395918369,78.31758082241859
2026-02-05 22:00:00+01:00,-250.0,250.0,39330.33865306125,39380.348857142875,66.18884612854104
2026-02-05 22:15:00+01:00,-250.0,250.0,39366.58355102043,39391.58865306125,66.18884612854104
2026-02-05 22:30:00+01:00,-200.0,200.0,39377.82334693879,39427.83355102043,59.6506420469084
2026-02-05 22:45:00+01:00,-150.0,150.0,39401.81824489798,39426.82334693879,1.2832951081328978
2026-02-05 23:00:00+01:00,-150.0,150.0,39388.558040816344,39438.56824489798,1.2832951081328978
2026-02-05 23:15:00+01:00,-150.0,150.0,39400.30293877553,39425.308040816344,1.2832951081328978
2026-02-05 23:30:00+01:00,-150.0,150.0,39387.042734693896,39437.05293877553,1.2832951081328978
2026-02-05 23:45:00+01:00,-150.0,150.0,39398.787632653075,39423.792734693896,1.2832951081328978
2026-02-06 00:00:00+01:00,-150.0,150.0,39385.52742857144,39435.537632653075,1.2832951081328978
2026-02-06 00:15:00+01:00,-150.0,150.0,39397.272326530634,39422.27742857145,1.2832951081328978
2026-02-06 00:30:00+01:00,-150.0,150.0,39384.012122449,39434.022326530634,1.2832951081328978
2026-02-06 00:45:00+01:00,-150.0,150.0,39395.757020408186,39420.762122449,1.2832951081328978
2026-02-06 01:00:00+01:00,-150.0,150.0,39382.49681632655,39432.507020408186,1.2832951081328978
2026-02-06 01:15:00+01:00,-150.0,150.0,39394.24171428573,39419.24681632655,1.2832951081328978
2026-02-06 01:30:00+01:00,-200.0,200.0,39380.981510204096,39430.99171428573,521.6865604142553
2026-02-06 01:45:00+01:00,-150.0,150.0,39404.97640816328,39429.981510204096,1.2832951081328978
2026-02-06 02:00:00+01:00,-200.0,200.0,39391.716204081655,39441.72640816328,3.5140221489492243
2026-02-06 02:15:00+01:00,-200.0,200.0,39390.70600000002,39440.716204081655,3.5140221489492243
2026-02-06 02:30:00+01:00,-200.0,200.0,39389.695795918386,39439.70600000002,3.5140221489492243
2026-02-06 02:45:00+01:00,-200.0,200.0,39388.68559183675,39438.695795918386,3.5140221489492243
2026-02-06 03:00:00+01:00,-250.0,250.0,39387.67538775512,39437.68559183675,35.60957770450479
2026-02-06 03:15:00+01:00,-250.0,250.0,39398.91518367349,39448.92538775512,35.60957770450479
2026-02-06 03:30:00+01:00,-250.0,250.0,39410.15497959186,39460.16518367349,35.60957770450479
2026-02-06 03:45:00+01:00,-300.0,300.0,39421.39477551023,39471.40497959186,214.50549607185172
2026-02-06 04:00:00+01:00,-300.0,300.0,39444.884571428585,39494.89477551023,214.50549607185172
2026-02-06 04:15:00+01:00,-250.0,250.0,39468.37436734696,39518.38457142859,35.60957770450479
2026-02-06 04:30:00+01:00,-350.0,350.0,39479.61416326532,39529.62436734696,55.66247566368847
2026-02-06 04:45:00+01:00,-350.0,350.0,39488.64405714288,39565.36416326532,55.66247566368847
2026-02-06 05:00:00+01:00,-350.0,350.0,39524.38385306125,39574.39405714288,55.66247566368847
2026-02-06 05:15:00+01:00,-300.0,300.0,39535.54955102042,39610.13385306125,23.56692010813291
2026-02-06 05:30:00+01:00,-300.0,300.0,39559.03934693879,39609.04955102042,23.56692010813291
2026-02-06 05:45:00+01:00,-250.0,250.0,39582.529142857165,39632.53934693879,11.414838475479842
2026-02-06 06:00:00+01:00,-250.0,250.0,39593.76893877554,39643.779142857165,11.414838475479842
2026-02-06 06:15:00+01:00,-250.0,250.0,39605.008734693896,39655.01893877553,11.414838475479842
2026-02-06 06:30:00+01:00,-250.0,250.0,39616.24853061226,39666.258734693896,11.414838475479842
2026-02-06 06:45:00+01:00,-250.0,250.0,39627.48832653063,39677.49853061226,11.414838475479842
2026-02-06 07:00:00+01:00,-250.0,250.0,39638.728122449,39688.73832653063,11.414838475479842
2026-02-06 07:15:00+01:00,-200.0,200.0,39649.96791836737,39699.978122449,3.5140221489492243
2026-02-06 07:30:00+01:00,-200.0,200.0,39648.95771428574,39698.96791836737,3.5140221489492243
2026-02-06 07:45:00+01:00,-300.0,300.0,39647.9475102041,39697.95771428574,40.58377271584266
2026-02-06 08:00:00+01:00,-400.0,400.0,39646.432204081655,39721.4475102041,142.52888836210116
2026-02-06 08:15:00+01:00,-350.0,350.0,39672.43882448982,39744.432204081655,112.14868428046849
2026-02-06 08:30:00+01:00,-350.0,350.0,39683.17351836737,39758.18882448982,112.14868428046849
2026-02-06 08:45:00+01:00,-350.0,350.0,39718.913314285746,39768.92351836737,112.14868428046849
2026-02-06 09:00:00+01:00,-350.0,350.0,39729.6480081633,39804.663314285746,112.14868428046849
2026-02-06 09:15:00+01:00,-400.0,400.0,39765.387804081656,39815.3980081633,142.52888836210116
2026-02-06 09:30:00+01:00,-450.0,450.0,39788.3724979592,39863.387804081656,66.49406976799686
2026-02-06 09:45:00+01:00,-400.0,400.0,39823.60719183675,39898.6224979592,36.1138656863642
2026-02-06 10:00:00+01:00,-350.0,350.0,39846.59188571431,39921.60719183675,33.883138645547874
2026-02-06 10:15:00+01:00,-350.0,350.0,39857.32657959187,39932.34188571431,33.883138645547874
2026-02-06 10:30:00+01:00,-350.0,350.0,39868.061273469415,39943.07657959187,97.0511998700377
2026-02-06 10:45:00+01:00,-300.0,300.0,39878.79596734696,39953.811273469415,13.177322319017254
2026-02-06 11:00:00+01:00,-350.0,350.0,39877.28066122451,39952.29596734696,28.352832523098872
2026-02-06 11:15:00+01:00,-350.0,350.0,39888.01535510206,39963.03066122451,28.352832523098872
2026-02-06 11:30:00+01:00,-350.0,350.0,39898.750048979615,39973.76535510206,28.352832523098872
2026-02-06 11:45:00+01:00,-350.0,350.0,39909.48474285716,39984.500048979615,28.352832523098872
2026-02-06 12:00:00+01:00,-300.0,300.0,39920.21943673471,39995.23474285716,13.177322319017254
2026-02-06 12:15:00+01:00,-300.0,300.0,39918.70413061227,39993.71943673471,13.177322319017254
2026-02-06 12:30:00+01:00,-300.0,300.0,39917.18882448982,39992.20413061227,13.177322319017254
2026-02-06 12:45:00+01:00,-350.0,350.0,39915.67351836737,39990.68882448982,97.86834272718053
2026-02-06 13:00:00+01:00,-300.0,300.0,39926.408212244925,40001.42351836737,13.177322319017254
2026-02-06 13:15:00+01:00,-350.0,350.0,39924.89290612247,39999.908212244925,33.411335924459415
2026-02-06 13:30:00+01:00,-350.0,350.0,39935.62760000002,40010.64290612247,33.411335924459415
2026-02-06 13:45:00+01:00,-350.0,350.0,39946.36229387757,40021.37760000002,33.411335924459415
2026-02-06 14:00:00+01:00,-300.0,300.0,39974.674114285735,40032.11229387757,13.177322319017254
2026-02-06 14:15:00+01:00,-300.0,300.0,39973.158808163294,40048.174114285735,13.177322319017254
2026-02-06 14:30:00+01:00,-300.0,300.0,39996.64860408165,40046.658808163294,13.177322319017254
2026-02-06 14:45:00+01:00,-300.0,300.0,39995.133297959204,40070.14860408165,13.177322319017254
2026-02-06 15:00:00+01:00,-300.0,300.0,40018.62309387757,40068.633297959204,13.177322319017254
2026-02-06 15:15:00+01:00,-300.0,300.0,40017.10778775512,40092.12309387757,13.177322319017254
2026-02-06 15:30:00+01:00,-300.0,300.0,40040.597583673494,40090.60778775512,13.177322319017254
2026-02-06 15:45:00+01:00,-300.0,300.0,40039.082277551046,40114.097583673494,13.177322319017254
2026-02-06 16:00:00+01:00,-300.0,300.0,40062.572073469404,40112.582277551046,13.177322319017254
2026-02-06 16:15:00+01:00,-350.0,350.0,40063.90190204083,40136.072073469404,43.55752640064992
2026-02-06 16:30:00+01:00,-350.0,350.0,40099.6416979592,40149.65190204083,43.55752640064992
2026-02-06 16:45:00+01:00,-350.0,350.0,40135.381493877576,40185.3916979592,25.509508907938542
2026-02-06 17:00:00+01:00,-350.0,350.0,40169.97008979594,40221.131493877576,25.509508907938542
2026-02-06 17:15:00+01:00,-350.0,350.0,40205.70988571431,40255.72008979594,25.509508907938542
2026-02-06 17:30:00+01:00,-400.0,400.0,40241.449681632665,40291.45988571431,64.42107353378887
2026-02-06 17:45:00+01:00,-400.0,400.0,40289.43947755104,40339.449681632665,64.42107353378887
2026-02-06 18:00:00+01:00,-500.0,500.0,40337.42927346941,40387.43947755104,121.47111435011541
2026-02-06 18:15:00+01:00,-500.0,500.0,40408.21426938778,40459.92927346941,121.47111435011541
2026-02-06 18:30:00+01:00,-500.0,500.0,40480.70406530615,40530.71426938778,194.29688694486765
2026-02-06 18:45:00+01:00,-450.0,450.0,40553.193861224514,40603.20406530615,109.13892776119413
2026-02-06 19:00:00+01:00,-450.0,450.0,40615.374546938794,40663.443861224514,109.13892776119413
2026-02-06 19:15:00+01:00,-400.0,400.0,40675.61434285716,40725.624546938794,96.98684612854106
2026-02-06 19:30:00+01:00,-400.0,400.0,40748.609240816346,40773.61434285716,96.98684612854106
2026-02-06 19:45:00+01:00,-400.0,400.0,40796.59903673472,40846.609240816346,96.98684612854106
2026-02-06 20:00:00+01:00,-450.0,450.0,40869.5939346939,40894.59903673472,97.29919811884213
2026-02-06 20:15:00+01:00,-450.0,450.0,40904.82862857145,40979.8439346939,97.29919811884213
2026-02-06 20:30:00+01:00,-450.0,450.0,40990.073526530636,41015.07862857145,97.29919811884213
2026-02-06 20:45:00+01:00,-450.0,450.0,41025.30822040819,41100.323526530636,97.29919811884213
2026-02-06 21:00:00+01:00,-500.0,500.0,41110.55311836737,41135.55822040818,97.6537341520054
2026-02-06 21:15:00+01:00,-350.0,350.0,41133.032710204105,41233.05311836737,7.154663857220819
2026-02-06 21:30:00+01:00,-400.0,400.0,41193.777608163284,41218.782710204105,590.8281332449759
2026-02-06 21:45:00+01:00,-250.0,250.0,41191.75720000002,41291.777608163284,1.424149071714778
2026-02-06 22:00:00+01:00,-300.0,300.0,41228.00209795921,41253.00720000002,147.34251641865353
2026-02-06 22:15:00+01:00,-300.0,300.0,41201.48168979594,41301.50209795921,147.34251641865353
2026-02-06 22:30:00+01:00,-300.0,300.0,41249.976587755125,41274.98168979594,147.34251641865353
2026-02-06 22:45:00+01:00,-300.0,300.0,41223.45617959186,41323.476587755125,147.34251641865353
2026-02-06 23:00:00+01:00,-250.0,250.0,41271.95107755104,41296.95617959186,1.424149071714778
2026-02-06 23:15:00+01:00,-250.0,250.0,41233.180669387766,41333.20107755104,1.424149071714778
2026-02-06 23:30:00+01:00,-250.0,250.0,41269.42556734695,41294.430669387766,1.424149071714778
2026-02-06 23:45:00+01:00,-250.0,250.0,41230.6551591837,41330.67556734695,1.424149071714778
2026-02-07 00:00:00+01:00,-250.0,250.0,41266.90005714288,41291.9051591837,1.424149071714778
2026-02-07 00:15:00+01:00,-250.0,250.0,41228.12964897961,41328.15005714288,1.424149071714778
2026-02-07 00:30:00+01:00,-250.0,250.0,41264.374546938794,41289.37964897961,1.424149071714778
2026-02-07 00:45:00+01:00,-300.0,300.0,41225.604138775525,41325.624546938794,56.75639396967396
2026-02-07 01:00:00+01:00,-300.0,300.0,41274.09903673471,41299.104138775525,56.75639396967396
2026-02-07 01:15:00+01:00,-350.0,350.0,41247.57862857146,41347.59903673471,123.77670009212294
2026-02-07 01:30:00+01:00,-300.0,300.0,41308.323526530636,41333.32862857146,68.44445519416375
2026-02-07 01:45:00+01:00,-300.0,300.0,41281.80311836737,41381.823526530636,68.44445519416375
2026-02-07 02:00:00+01:00,-300.0,300.0,41330.29801632655,41355.30311836737,68.44445519416375
2026-02-07 02:15:00+01:00,-300.0,300.0,41303.777608163284,41403.79801632655,585.0976184594698
2026-02-07 02:30:00+01:00,-300.0,300.0,41352.27250612247,41377.277608163284,23.52869717667105
2026-02-07 02:45:00+01:00,-300.0,300.0,41325.75209795921,41425.77250612247,23.52869717667105
2026-02-07 03:00:00+01:00,-300.0,300.0,41374.24699591839,41399.25209795921,23.52869717667105
2026-02-07 03:15:00+01:00,-300.0,300.0,41347.72658775512,41447.74699591839,23.52869717667105
2026-02-07 03:30:00+01:00,-300.0,300.0,41396.221485714304,41421.22658775512,23.52869717667105
2026-02-07 03:45:00+01:00,-300.0,300.0,41369.70107755105,41469.721485714304,23.52869717667105
2026-02-07 04:00:00+01:00,-300.0,300.0,41418.195975510236,41443.20107755105,23.52869717667105
2026-02-07 04:15:00+01:00,-300.0,300.0,41391.67556734696,41491.695975510236,23.52869717667105
2026-02-07 04:30:00+01:00,-300.0,300.0,41440.17046530614,41465.17556734696,23.52869717667105
2026-02-07 04:45:00+01:00,-300.0,300.0,41413.65005714287,41513.67046530614,23.52869717667105
2026-02-07 05:00:00+01:00,-300.0,300.0,41462.14495510206,41487.15005714288,23.52869717667105
2026-02-07 05:15:00+01:00,-300.0,300.0,41435.62454693881,41535.64495510206,23.52869717667105
2026-02-07 05:30:00+01:00,-300.0,300.0,41484.11944489799,41509.12454693881,23.52869717667105
2026-02-07 05:45:00+01:00,-300.0,300.0,41457.59903673471,41557.61944489799,23.52869717667105
2026-02-07 06:00:00+01:00,-300.0,300.0,41506.0939346939,41531.09903673471,11.84688959649612
2026-02-07 06:15:00+01:00,-300.0,300.0,41467.323526530636,41579.5939346939,11.84688959649612
2026-02-07 06:30:00+01:00,-300.0,300.0,41503.56842448982,41540.823526530636,11.84688959649612
2026-02-07 06:45:00+01:00,-300.0,300.0,41464.79801632656,41577.06842448982,11.84688959649612
2026-02-07 07:00:00+01:00,-300.0,300.0,41501.04291428574,41538.29801632656,11.84688959649612
2026-02-07 07:15:00+01:00,-350.0,350.0,41462.27250612247,41574.54291428574,13.641399400417688
2026-02-07 07:30:00+01:00,-350.0,350.0,41485.76230204084,41548.02250612247,13.641399400417688
2026-02-07 07:45:00+01:00,-350.0,350.0,41459.24189387757,41571.51230204084,13.641399400417688
2026-02-07 08:00:00+01:00,-450.0,450.0,41482.731689795946,41544.99189387757,16.84956573316083
2026-02-07 08:15:00+01:00,-450.0,450.0,41430.70107755105,41592.981689795946,16.84956573316083
2026-02-07 08:30:00+01:00,-450.0,450.0,41487.190873469415,41540.95107755105,16.84956573316083
2026-02-07 08:45:00+01:00,-500.0,500.0,41447.41026122451,41597.440873469415,100.23148993141156
2026-02-07 09:00:00+01:00,-500.0,500.0,41519.90005714288,41569.91026122451,100.23148993141156
2026-02-07 09:15:00+01:00,-500.0,500.0,41492.36944489799,41642.40005714288,100.23148993141156
2026-02-07 09:30:00+01:00,-500.0,500.0,41564.85924081636,41614.86944489799,100.23148993141156
2026-02-07 09:45:00+01:00,-500.0,500.0,41537.32862857145,41687.35924081636,100.23148993141156
2026-02-07 10:00:00+01:00,-500.0,500.0,41609.818424489815,41659.82862857145,100.23148993141156
2026-02-07 10:15:00+01:00,-500.0,500.0,41582.28781224492,41732.318424489815,100.23148993141156
2026-02-07 10:30:00+01:00,-450.0,450.0,41654.77760816329,41704.78781224492,16.84956573316083
2026-02-07 10:45:00+01:00,-450.0,450.0,41614.9969959184,41765.02760816329,16.84956573316083
2026-02-07 11:00:00+01:00,-450.0,450.0,41675.23679183677,41725.2469959184,16.84956573316083
2026-02-07 11:15:00+01:00,-450.0,450.0,41635.456179591856,41785.48679183677,16.84956573316083
2026-02-07 11:30:00+01:00,-450.0,450.0,41695.69597551023,41745.706179591856,16.84956573316083
2026-02-07 11:45:00+01:00,-450.0,450.0,41655.915363265325,41805.94597551023,16.84956573316083
2026-02-07 12:00:00+01:00,-450.0,450.0,41716.1551591837,41766.165363265325,16.84956573316083
2026-02-07 12:15:00+01:00,-450.0,450.0,41676.3745469388,41826.4051591837,16.84956573316083
2026-02-07 12:30:00+01:00,-450.0,450.0,41736.61434285717,41786.6245469388,16.84956573316083
2026-02-07 12:45:00+01:00,-450.0,450.0,41696.83373061227,41846.86434285717,16.84956573316083
2026-02-07 13:00:00+01:00,-450.0,450.0,41757.07352653064,41807.08373061227,16.84956573316083
2026-02-07 13:15:00+01:00,-450.0,450.0,41717.29291428574,41867.32352653064,16.84956573316083
2026-02-07 13:30:00+01:00,-450.0,450.0,41777.53271020411,41827.54291428574,16.84956573316083
2026-02-07 13:45:00+01:00,-450.0,450.0,41737.75209795921,41887.78271020411,16.84956573316083
2026-02-07 14:00:00+01:00,-450.0,450.0,41797.99189387757,41848.00209795921,16.84956573316083
2026-02-07 14:15:00+01:00,-450.0,450.0,41758.21128163267,41908.24189387757,16.84956573316083
2026-02-07 14:30:00+01:00,-450.0,450.0,41818.45107755104,41868.46128163267,16.84956573316083
2026-02-07 14:45:00+01:00,-450.0,450.0,41778.67046530615,41928.70107755104,16.84956573316083
2026-02-07 15:00:00+01:00,-450.0,450.0,41838.91026122452,41888.92046530615,16.84956573316083
2026-02-07 15:15:00+01:00,-450.0,450.0,41799.12964897961,41949.16026122452,16.84956573316083
2026-02-07 15:30:00+01:00,-450.0,450.0,41859.36944489798,41909.37964897961,16.84956573316083
2026-02-07 15:45:00+01:00,-450.0,450.0,41819.58883265308,41969.61944489798,16.84956573316083
2026-02-07 16:00:00+01:00,-450.0,450.0,41879.82862857145,41929.83883265308,16.84956573316083
2026-02-07 16:15:00+01:00,-450.0,450.0,41840.04801632657,41990.07862857145,16.84956573316083
2026-02-07 16:30:00+01:00,-450.0,450.0,41900.287812244926,41950.29801632657,16.84956573316083
2026-02-07 16:45:00+01:00,-450.0,450.0,41860.50720000002,42010.537812244926,16.84956573316083
2026-02-07 17:00:00+01:00,-450.0,450.0,41920.746995918395,41970.75720000002,16.84956573316083
2026-02-07 17:15:00+01:00,-450.0,450.0,41880.96638367349,42030.996995918395,16.84956573316083
2026-02-07 17:30:00+01:00,-450.0,450.0,41941.20617959186,41991.21638367349,16.84956573316083
2026-02-07 17:45:00+01:00,-450.0,450.0,41901.42556734697,42051.45617959186,16.84956573316083
2026-02-07 18:00:00+01:00,-450.0,450.0,41961.665363265325,42011.67556734697,16.84956573316083
2026-02-07 18:15:00+01:00,-450.0,450.0,41921.88475102043,42071.91536326533,16.84956573316083
2026-02-07 18:30:00+01:00,-450.0,450.0,41982.1245469388,42032.13475102043,16.84956573316083
2026-02-07 18:45:00+01:00,-450.0,450.0,41942.343934693905,42092.3745469388,16.84956573316083
2026-02-07 19:00:00+01:00,-450.0,450.0,42002.58373061228,42052.593934693905,16.84956573316083
2026-02-07 19:15:00+01:00,-450.0,450.0,41962.80311836737,42112.83373061228,16.84956573316083
2026-02-07 19:30:00+01:00,-450.0,450.0,42023.04291428573,42073.05311836737,16.84956573316083
2026-02-07 19:45:00+01:00,-450.0,450.0,41983.262302040835,42133.29291428573,16.84956573316083
2026-02-07 20:00:00+01:00,-400.0,400.0,42043.5020979592,42093.512302040835,6.426825208379491
2026-02-07 20:15:00+01:00,-400.0,400.0,41991.47148571432,42141.50209795921,6.426825208379491
2026-02-07 20:30:00+01:00,-400.0,400.0,42039.461281632684,42089.47148571432,6.426825208379491
2026-02-07 20:45:00+01:00,-400.0,400.0,41987.43066938777,42137.461281632684,6.426825208379491
2026-02-07 21:00:00+01:00,-400.0,400.0,42035.420465306146,42085.43066938777,6.426825208379491
2026-02-07 21:15:00+01:00,-400.0,400.0,41983.38985306124,42133.420465306146,6.426825208379491
2026-02-07 21:30:00+01:00,-400.0,400.0,42031.379648979615,42081.38985306124,6.426825208379491
2026-02-07 21:45:00+01:00,-400.0,400.0,41979.34903673472,42129.379648979615,6.426825208379491
2026-02-07 22:00:00+01:00,-400.0,400.0,42027.33883265308,42077.34903673472,6.426825208379491
2026-02-07 22:15:00+01:00,-400.0,400.0,41975.30822040819,42125.338832653084,6.426825208379491
2026-02-07 22:30:00+01:00,-400.0,400.0,42023.29801632656,42073.30822040819,6.426825208379491
2026-02-07 22:45:00+01:00,-400.0,400.0,41971.26740408166,42121.29801632656,6.426825208379491
2026-02-07 23:00:00+01:00,-400.0,400.0,42019.25720000003,42069.26740408166,6.426825208379491
2026-02-07 23:15:00+01:00,-400.0,400.0,41967.226587755125,42117.25720000003,6.426825208379491
2026-02-07 23:30:00+01:00,-400.0,400.0,42015.21638367349,42065.226587755125,6.426825208379491
2026-02-07 23:45:00+01:00,-400.0,400.0,41963.18577142859,42113.21638367349,6.426825208379491
2026-02-08 00:00:00+01:00,-400.0,400.0,42011.17556734695,42061.18577142859,6.426825208379491
2026-02-08 00:15:00+01:00,-400.0,400.0,41959.14495510207,42109.17556734696,6.426825208379491
2026-02-08 00:30:00+01:00,-400.0,400.0,42007.13475102044,42057.14495510207,6.426825208379491
2026-02-08 00:45:00+01:00,-400.0,400.0,41955.104138775525,42105.13475102044,6.426825208379491
2026-02-08 01:00:00+01:00,-400.0,400.0,42003.0939346939,42053.104138775525,6.426825208379491
2026-02-08 01:15:00+01:00,-400.0,400.0,41951.063322449,42101.0939346939,6.426825208379491
2026-02-08 01:30:00+01:00,-400.0,400.0,41999.05311836737,42049.063322449,6.426825208379491
2026-02-08 01:45:00+01:00,-400.0,400.0,41947.022506122485,42097.053118367374,6.426825208379491
2026-02-08 02:00:00+01:00,-400.0,400.0,41995.01230204084,42045.022506122485,6.426825208379491
2026-02-08 02:15:00+01:00,-400.0,400.0,41942.98168979594,42093.01230204084,6.426825208379491
2026-02-08 02:30:00+01:00,-400.0,400.0,41990.97148571431,42040.98168979594,6.426825208379491
2026-02-08 02:45:00+01:00,-400.0,400.0,41938.94087346941,42088.97148571431,6.426825208379491
2026-02-08 03:00:00+01:00,-450.0,450.0,41986.93066938778,42036.94087346941,8.867799926624997
2026-02-08 03:15:00+01:00,-450.0,450.0,41922.14495510207,42097.18066938778,8.867799926624997
2026-02-08 03:30:00+01:00,-450.0,450.0,41982.38475102043,42032.39495510207,8.867799926624997
2026-02-08 03:45:00+01:00,-450.0,450.0,41917.59903673471,42092.634751020436,8.867799926624997
2026-02-08 04:00:00+01:00,-450.0,450.0,41977.838832653084,42027.84903673471,8.867799926624997
2026-02-08 04:15:00+01:00,-450.0,450.0,41913.053118367374,42088.088832653084,8.867799926624997
2026-02-08 04:30:00+01:00,-450.0,450.0,41973.29291428575,42023.303118367374,8.867799926624997
2026-02-08 04:45:00+01:00,-450.0,450.0,41908.50720000002,42083.54291428575,8.867799926624997
2026-02-08 05:00:00+01:00,-450.0,450.0,41968.74699591839,42018.75720000002,8.867799926624997
2026-02-08 05:15:00+01:00,-450.0,450.0,41903.96128163267,42078.99699591839,8.867799926624997
2026-02-08 05:30:00+01:00,-450.0,450.0,41964.201077551035,42014.21128163267,8.867799926624997
2026-02-08 05:45:00+01:00,-450.0,450.0,41899.41536326534,42074.451077551035,8.867799926624997
2026-02-08 06:00:00+01:00,-450.0,450.0,41959.655159183705,42009.66536326534,8.867799926624997
2026-02-08 06:15:00+01:00,-450.0,450.0,41894.86944489797,42069.905159183705,8.867799926624997
2026-02-08 06:30:00+01:00,-450.0,450.0,41955.109240816346,42005.11944489797,8.867799926624997
2026-02-08 06:45:00+01:00,-450.0,450.0,41890.32352653063,42065.359240816346,8.867799926624997
2026-02-08 07:00:00+01:00,-450.0,450.0,41950.563322449,42000.57352653063,8.867799926624997
2026-02-08 07:15:00+01:00,-450.0,450.0,41885.7776081633,42060.813322449,8.867799926624997
2026-02-08 07:30:00+01:00,-450.0,450.0,41946.01740408166,41996.0276081633,8.867799926624997
2026-02-08 07:45:00+01:00,-450.0,450.0,41881.23168979594,42056.26740408166,8.867799926624997
2026-02-08 08:00:00+01:00,-450.0,450.0,41941.47148571431,41991.48168979594,8.867799926624997
2026-02-08 08:15:00+01:00,-450.0,450.0,41876.685771428594,42051.72148571431,8.867799926624997
2026-02-08 08:30:00+01:00,-450.0,450.0,41936.92556734697,41986.935771428594,8.867799926624997
2026-02-08 08:45:00+01:00,-450.0,450.0,41872.13985306126,42047.17556734697,8.867799926624997
2026-02-08 09:00:00+01:00,-450.0,450.0,41932.379648979615,41982.38985306126,8.867799926624997
2026-02-08 09:15:00+01:00,-450.0,450.0,41867.5939346939,42042.629648979615,8.867799926624997
2026-02-08 09:30:00+01:00,-450.0,450.0,41927.83373061226,41977.8439346939,8.867799926624997
2026-02-08 09:45:00+01:00,-450.0,450.0,41863.04801632656,42038.08373061226,8.867799926624997
2026-02-08 10:00:00+01:00,-450.0,450.0,41923.28781224493,41973.29801632656,8.867799926624997
2026-02-08 10:15:00+01:00,-450.0,450.0,41858.5020979592,42033.53781224493,8.867799926624997
2026-02-08 10:30:00+01:00,-450.0,450.0,41918.741893877566,41968.7520979592,8.867799926624997
2026-02-08 10:45:00+01:00,-450.0,450.0,41853.956179591856,42028.991893877566,8.867799926624997
2026-02-08 11:00:00+01:00,-450.0,450.0,41914.19597551022,41964.206179591856,8.867799926624997
2026-02-08 11:15:00+01:00,-450.0,450.0,41849.410261224526,42024.44597551022,8.867799926624997
2026-02-08 11:30:00+01:00,-450.0,450.0,41909.65005714289,41959.660261224526,8.867799926624997
2026-02-08 11:45:00+01:00,-450.0,450.0,41844.86434285716,42019.90005714289,8.867799926624997
2026-02-08 12:00:00+01:00,-450.0,450.0,41905.10413877553,41955.11434285716,8.867799926624997
2026-02-08 12:15:00+01:00,-450.0,450.0,41840.318424489815,42015.35413877553,8.867799926624997
2026-02-08 12:30:00+01:00,-450.0,450.0,41900.55822040819,41950.568424489815,8.867799926624997
2026-02-08 12:45:00+01:00,-450.0,450.0,41835.77250612248,42010.80822040819,8.867799926624997
2026-02-08 13:00:00+01:00,-450.0,450.0,41896.012302040835,41946.02250612248,8.867799926624997
2026-02-08 13:15:00+01:00,-450.0,450.0,41831.226587755125,42006.262302040835,8.867799926624997
2026-02-08 13:30:00+01:00,-450.0,450.0,41891.4663836735,41941.476587755125,8.867799926624997
2026-02-08 13:45:00+01:00,-450.0,450.0,41839.24439183676,42001.7163836735,8.867799926624997
2026-02-08 14:00:00+01:00,-450.0,450.0,41899.48418775513,41949.49439183676,8.867799926624997
2026-02-08 14:15:00+01:00,-450.0,450.0,41859.70357551023,42009.73418775513,8.867799926624997
2026-02-08 14:30:00+01:00,-450.0,450.0,41919.9433714286,41969.95357551023,8.867799926624997
2026-02-08 14:45:00+01:00,-450.0,450.0,41880.16275918369,42030.1933714286,8.867799926624997
2026-02-08 15:00:00+01:00,-450.0,450.0,41940.40255510206,41990.41275918369,8.867799926624997
2026-02-08 15:15:00+01:00,-450.0,450.0,41900.62194285718,42050.65255510206,8.867799926624997
2026-02-08 15:30:00+01:00,-450.0,450.0,41981.0121714286,42010.87194285718,8.867799926624997
2026-02-08 15:45:00+01:00,-450.0,450.0,41941.23155918369,42091.2621714286,8.867799926624997
2026-02-08 16:00:00+01:00,-450.0,450.0,42026.476457142875,42051.48155918369,8.867799926624997
2026-02-08 16:15:00+01:00,-450.0,450.0,42018.788432653084,42136.726457142875,8.867799926624997
2026-02-08 16:30:00+01:00,-450.0,450.0,42104.03333061227,42129.038432653084,8.867799926624997
2026-02-08 16:45:00+01:00,-450.0,450.0,42114.262922449016,42214.28333061227,8.867799926624997
2026-02-08 17:00:00+01:00,-450.0,450.0,42199.507820408195,42224.512922449016,8.867799926624997
2026-02-08 17:15:00+01:00,-450.0,450.0,42209.737412244926,42309.757820408195,8.867799926624997
2026-02-08 17:30:00+01:00,-450.0,450.0,42294.98231020411,42319.987412244926,8.867799926624997
2026-02-08 17:45:00+01:00,-450.0,450.0,42305.21190204084,42405.23231020411,8.867799926624997
2026-02-08 18:00:00+01:00,-450.0,450.0,42390.456800000036,42415.46190204085,8.867799926624997
2026-02-08 18:15:00+01:00,-450.0,450.0,42400.68639183677,42500.70680000003,8.867799926624997
2026-02-08 18:30:00+01:00,-450.0,450.0,42485.931289795946,42510.93639183677,8.867799926624997
2026-02-08 18:45:00+01:00,-450.0,450.0,42496.16088163268,42596.181289795946,8.867799926624997
2026-02-08 19:00:00+01:00,-450.0,450.0,42581.40577959186,42606.41088163268,8.867799926624997
2026-02-08 19:15:00+01:00,-450.0,450.0,42591.6353714286,42691.655779591856,8.867799926624997
2026-02-08 19:30:00+01:00,-450.0,450.0,42676.88026938779,42701.8853714286,8.867799926624997
2026-02-08 19:45:00+01:00,-400.0,400.0,42687.10986122452,42787.13026938779,6.426825208379491
2026-02-08 20:00:00+01:00,-350.0,350.0,42760.1047591837,42785.10986122452,5.320682918130058
2026-02-08 20:15:00+01:00,-350.0,350.0,42758.662448979616,42845.8547591837,5.320682918130058
2026-02-08 20:30:00+01:00,-300.0,300.0,42819.4073469388,42844.412448979616,3.218658875636347
2026-02-08 20:45:00+01:00,-400.0,400.0,42817.89204081636,42892.9073469388,53.37566567835744
2026-02-08 21:00:00+01:00,-450.0,450.0,42890.88693877554,42915.89204081636,83.60995139264314
2026-02-08 21:15:00+01:00,-400.0,400.0,42926.12163265308,43001.13693877554,53.31729833141865
2026-02-08 21:30:00+01:00,-250.0,250.0,42999.116530612264,43024.12163265308,1.424149071714778
2026-02-08 21:45:00+01:00,-250.0,250.0,42985.35122448982,43060.366530612264,1.424149071714778
2026-02-08 22:00:00+01:00,-300.0,300.0,43021.59612244901,43046.60122448982,195.98197220096645
2026-02-08 22:15:00+01:00,-300.0,300.0,43020.08081632656,43095.09612244901,195.98197220096645
2026-02-08 22:30:00+01:00,-250.0,250.0,43068.57571428574,43093.58081632656,195.66962021066539
2026-02-08 22:45:00+01:00,-250.0,250.0,43054.81040816329,43129.82571428574,16.30189912223004
2026-02-08 23:00:00+01:00,-250.0,250.0,43091.05530612248,43116.06040816329,16.30189912223004
2026-02-08 23:15:00+01:00,-250.0,250.0,43077.29000000003,43152.30530612248,16.30189912223004
2026-02-08 23:30:00+01:00,-250.0,250.0,43113.534897959216,43138.54000000003,16.30189912223004
2026-02-08 23:45:00+01:00,-200.0,200.0,43099.76959183676,43174.784897959216,1.1117970814137073
2026-02-09 00:00:00+01:00,-200.0,200.0,43123.76448979594,43148.76959183676,1.1117970814137073
2026-02-09 00:15:00+01:00,-250.0,250.0,43097.74918367349,43172.76448979594,36.575797081413704
2026-02-09 00:30:00+01:00,-250.0,250.0,43133.99408163268,43158.99918367349,36.575797081413704
2026-02-09 00:45:00+01:00,-250.0,250.0,43130.804734693906,43195.24408163268,36.575797081413704
2026-02-09 01:00:00+01:00,-350.0,350.0,43167.04963265309,43192.054734693906,61.49263219641209
2026-02-09 01:15:00+01:00,-400.0,400.0,43177.78432653064,43252.79963265309,127.84171382906513
2026-02-09 01:30:00+01:00,-350.0,350.0,43250.77922448982,43275.784326530644,92.37771382906513
2026-02-09 01:45:00+01:00,-350.0,350.0,43261.513918367375,43336.52922448982,92.37771382906513
2026-02-09 02:00:00+01:00,-350.0,350.0,43322.25881632656,43347.263918367375,92.37771382906513
2026-02-09 02:15:00+01:00,-350.0,350.0,43332.99351020412,43408.00881632656,30.37283044714095
2026-02-09 02:30:00+01:00,-350.0,350.0,43368.733306122485,43418.74351020412,30.37283044714095
2026-02-09 02:45:00+01:00,-350.0,350.0,43390.29920816329,43454.483306122485,30.37283044714095
2026-02-09 03:00:00+01:00,-350.0,350.0,43426.03900408166,43476.04920816329,30.37283044714095
2026-02-09 03:15:00+01:00,-350.0,350.0,43461.77880000003,43511.78900408166,62.137637703376775
2026-02-09 03:30:00+01:00,-350.0,350.0,43497.5185959184,43547.52880000003,62.137637703376775
2026-02-09 03:45:00+01:00,-350.0,350.0,43533.25839183677,43583.2685959184,62.137637703376775
2026-02-09 04:00:00+01:00,-350.0,350.0,43568.99818775513,43619.00839183677,62.137637703376775
2026-02-09 04:15:00+01:00,-350.0,350.0,43604.7379836735,43654.74818775513,62.137637703376775
2026-02-09 04:30:00+01:00,-300.0,300.0,43653.60568979595,43690.4879836735,56.13830825731264
2026-02-09 04:45:00+01:00,-250.0,250.0,43677.09548571432,43727.10568979595,5.455995332142569
2026-02-09 05:00:00+01:00,-200.0,200.0,43713.34038367351,43738.34548571432,4.9177186881516395
2026-02-09 05:15:00+01:00,-200.0,200.0,43712.330179591874,43762.34038367351,4.9177186881516395
2026-02-09 05:30:00+01:00,-200.0,200.0,43736.32507755105,43761.330179591874,4.9177186881516395
2026-02-09 05:45:00+01:00,-200.0,200.0,43735.31487346942,43785.32507755105,3.9108147099705066
2026-02-09 06:00:00+01:00,-200.0,200.0,43734.30466938779,43784.31487346942,3.9108147099705066
2026-02-09 06:15:00+01:00,-200.0,200.0,43733.294465306164,43783.30466938779,3.9108147099705066
2026-02-09 06:30:00+01:00,-200.0,200.0,43732.28426122452,43782.294465306164,3.9108147099705066
2026-02-09 06:45:00+01:00,-200.0,200.0,43731.27405714288,43781.28426122452,3.9108147099705066
2026-02-09 07:00:00+01:00,-200.0,200.0,43730.26385306125,43780.27405714288,3.9108147099705066
2026-02-09 07:15:00+01:00,-200.0,200.0,43729.253648979626,43779.26385306125,3.9108147099705066
2026-02-09 07:30:00+01:00,-200.0,200.0,43728.24344489799,43778.253648979626,3.9108147099705066
2026-02-09 07:45:00+01:00,-200.0,200.0,43727.233240816364,43777.24344489799,3.9108147099705066
2026-02-09 08:00:00+01:00,-350.0,350.0,43726.22303673473,43776.233240816364,623.6255252472466
2026-02-09 08:15:00+01:00,-300.0,300.0,43736.957730612274,43811.97303673473,39.95205585949154
2026-02-09 08:30:00+01:00,-250.0,250.0,43760.44752653065,43810.457730612274,9.542668104389499
2026-02-09 08:45:00+01:00,-350.0,350.0,43746.6822204082,43821.69752653065,23.727626853846733
2026-02-09 09:00:00+01:00,-350.0,350.0,43732.41181224493,43832.4322204082,23.727626853846733
2026-02-09 09:15:00+01:00,-400.0,400.0,43743.14650612249,43818.161812244936,25.6342935205134
2026-02-09 09:30:00+01:00,-400.0,400.0,43716.1209959184,43841.14650612249,25.6342935205134
2026-02-09 09:45:00+01:00,-400.0,400.0,43742.67413877555,43814.1209959184,25.6342935205134
2026-02-09 10:00:00+01:00,-450.0,450.0,43739.25433469392,43840.67413877555,86.39470168377872
2026-02-09 10:15:00+01:00,-400.0,400.0,43799.494130612286,43849.50433469392,25.6342935205134
2026-02-09 10:30:00+01:00,-450.0,450.0,43797.47372244902,43897.494130612286,28.50382288327891
2026-02-09 10:45:00+01:00,-450.0,450.0,43832.70841632657,43907.72372244902,28.50382288327891
2026-02-09 11:00:00+01:00,-450.0,450.0,43842.9380081633,43942.95841632657,28.50382288327891
2026-02-09 11:15:00+01:00,-500.0,500.0,43878.17270204085,43953.1880081633,125.78273444790476
2026-02-09 11:30:00+01:00,-500.0,500.0,43900.652293877596,44000.67270204085,148.40273444790472
2026-02-09 11:45:00+01:00,-500.0,500.0,43948.13698775514,44023.15229387759,148.40273444790472
2026-02-09 12:00:00+01:00,-450.0,450.0,43970.61657959188,44070.63698775515,118.05171403974148
2026-02-09 12:15:00+01:00,-450.0,450.0,44005.85127346942,44080.86657959188,118.05171403974148
2026-02-09 12:30:00+01:00,-450.0,450.0,44016.08086530616,44116.10127346942,118.05171403974148
2026-02-09 12:45:00+01:00,-400.0,400.0,44051.315559183706,44126.33086530616,20.772802475115643
2026-02-09 13:00:00+01:00,-350.0,350.0,44049.295151020444,44149.315559183706,20.41826644195238
2026-02-09 13:15:00+01:00,-400.0,400.0,44060.029844897996,44135.045151020444,81.17867460521771
2026-02-09 13:30:00+01:00,-350.0,350.0,44058.009436734734,44158.029844897996,20.41826644195238
2026-02-09 13:45:00+01:00,-350.0,350.0,44068.74413061228,44143.75943673473,20.41826644195238
2026-02-09 14:00:00+01:00,-400.0,400.0,44054.47372244902,44154.494130612286,32.57535099005734
2026-02-09 14:15:00+01:00,-400.0,400.0,44075.106016326565,44152.47372244902,32.57535099005734
2026-02-09 14:30:00+01:00,-400.0,400.0,44094.6652326531,44173.106016326565,32.57535099005734
2026-02-09 14:45:00+01:00,-400.0,400.0,44137.912955102074,44192.6652326531,32.57535099005734
2026-02-09 15:00:00+01:00,-400.0,400.0,44160.89764897962,44235.912955102074,32.57535099005734
2026-02-09 15:15:00+01:00,-400.0,400.0,44208.88744489799,44258.89764897962,32.57535099005734
2026-02-09 15:30:00+01:00,-450.0,450.0,44231.87213877555,44306.88744489799,119.25086119413898
2026-02-09 15:45:00+01:00,-350.0,350.0,44292.111934693916,44342.12213877555,20.41826644195238
2026-02-09 16:00:00+01:00,-350.0,350.0,44302.84662857146,44377.861934693916,20.41826644195238
2026-02-09 16:15:00+01:00,-400.0,400.0,44338.586424489826,44388.59662857146,51.96581746236053
2026-02-09 16:30:00+01:00,-400.0,400.0,44361.57111836738,44436.586424489826,51.96581746236053
2026-02-09 16:45:00+01:00,-400.0,400.0,44409.56091428574,44459.57111836738,41.270001135829936
2026-02-09 17:00:00+01:00,-400.0,400.0,44450.93695510207,44507.56091428574,41.270001135829936
2026-02-09 17:15:00+01:00,-400.0,400.0,44498.926751020444,44548.93695510207,41.270001135829936
2026-02-09 17:30:00+01:00,-400.0,400.0,44546.91654693881,44596.926751020444,41.270001135829936
2026-02-09 17:45:00+01:00,-350.0,350.0,44594.906342857175,44644.91654693881,20.41826644195238
2026-02-09 18:00:00+01:00,-400.0,400.0,44630.64613877554,44680.656342857175,40.69119161202041
2026-02-09 18:15:00+01:00,-400.0,400.0,44678.63593469391,44728.64613877554,40.69119161202041
2026-02-09 18:30:00+01:00,-400.0,400.0,44726.62573061228,44776.63593469391,40.69119161202041
2026-02-09 18:45:00+01:00,-350.0,350.0,44774.615526530644,44824.62573061228,20.41826644195238
2026-02-09 19:00:00+01:00,-400.0,400.0,44810.35532244901,44860.365526530644,22.264909950419597
2026-02-09 19:15:00+01:00,-400.0,400.0,44833.34001632657,44908.35532244901,22.264909950419597
2026-02-09 19:30:00+01:00,-400.0,400.0,44881.32981224494,44931.34001632657,22.264909950419597
2026-02-09 19:45:00+01:00,-400.0,400.0,44916.956244898,44979.32981224494,22.264909950419597
2026-02-09 20:00:00+01:00,-450.0,450.0,44985.603485714324,45014.956244898,37.44042015450122
2026-02-09 20:15:00+01:00,-400.0,400.0,45045.84328163269,45095.853485714324,31.808566760082222
2026-02-09 20:30:00+01:00,-350.0,350.0,45118.83817959187,45143.84328163269,25.354628418788256
2026-02-09 20:45:00+01:00,-400.0,400.0,45154.57797551024,45204.58817959187,45.21898216028487
2026-02-09 21:00:00+01:00,-400.0,400.0,45227.57287346943,45252.57797551024,59.89836991538689
2026-02-09 21:15:00+01:00,-350.0,350.0,45275.56266938779,45325.57287346943,56.561075642839164
2026-02-09 21:30:00+01:00,-250.0,250.0,45336.30756734697,45361.31266938779,6.8418239421589115
2026-02-09 21:45:00+01:00,-250.0,250.0,45347.54736326534,45397.55756734697,6.8418239421589115
2026-02-09 22:00:00+01:00,-250.0,250.0,45383.792261224524,45408.79736326534,121.66985115304325
2026-02-09 22:15:00+01:00,-300.0,300.0,45395.03205714289,45445.042261224524,184.7065858469208
2026-02-09 22:30:00+01:00,-250.0,250.0,45443.526955102076,45468.53205714289,121.66985115304325
2026-02-09 22:45:00+01:00,-200.0,200.0,45454.76675102045,45504.776955102076,118.80032179027774
2026-02-09 23:00:00+01:00,-200.0,200.0,45478.76164897963,45503.76675102045,118.80032179027774
2026-02-09 23:15:00+01:00,-200.0,200.0,45477.75144489799,45527.76164897963,16.859097300481835
2026-02-09 23:30:00+01:00,-200.0,200.0,45501.74634285718,45526.75144489799,16.859097300481835
2026-02-09 23:45:00+01:00,-200.0,200.0,45500.736138775545,45550.74634285718,16.859097300481835
2026-02-10 00:00:00+01:00,-250.0,250.0,45524.73103673473,45549.736138775545,104.00154628007367
2026-02-10 00:15:00+01:00,-250.0,250.0,45535.970832653096,45585.98103673473,104.00154628007367
2026-02-10 00:30:00+01:00,-200.0,200.0,45572.215730612275,45597.220832653096,16.859097300481835
2026-02-10 00:45:00+01:00,-200.0,200.0,45571.20552653065,45621.215730612275,16.859097300481835
2026-02-10 01:00:00+01:00,-250.0,250.0,45595.200424489834,45620.20552653065,40.42004968143423
2026-02-10 01:15:00+01:00,-250.0,250.0,45606.4402204082,45656.450424489834,40.42004968143423
2026-02-10 01:30:00+01:00,-250.0,250.0,45642.685118367386,45667.6902204082,40.42004968143423
2026-02-10 01:45:00+01:00,-200.0,200.0,45653.92491428575,45703.935118367386,16.859097300481835
2026-02-10 02:00:00+01:00,-200.0,200.0,45677.91981224493,45702.92491428575,18.970270769869586
2026-02-10 02:15:00+01:00,-200.0,200.0,45676.909608163296,45726.91981224493,18.970270769869586
2026-02-10 02:30:00+01:00,-250.0,250.0,45700.90450612248,45725.909608163296,325.1070054637471
2026-02-10 02:45:00+01:00,-200.0,200.0,45712.144302040855,45762.15450612248,18.970270769869586
2026-02-10 03:00:00+01:00,-250.0,250.0,45736.139200000034,45761.144302040855,75.92512791272674
2026-02-10 03:15:00+01:00,-250.0,250.0,45747.3789959184,45797.389200000034,75.92512791272674
2026-02-10 03:30:00+01:00,-300.0,300.0,45783.623893877586,45808.6289959184,83.50558709640019
2026-02-10 03:45:00+01:00,-300.0,300.0,45782.10858775514,45857.123893877586,83.50558709640019
2026-02-10 04:00:00+01:00,-350.0,350.0,45830.603485714324,45855.60858775514,196.97170954537978
2026-02-10 04:15:00+01:00,-350.0,350.0,45852.779183673505,45916.353485714324,305.34236260660424
2026-02-10 04:30:00+01:00,-350.0,350.0,45913.524081632684,45938.529183673505,305.34236260660424
2026-02-10 04:45:00+01:00,-250.0,250.0,45958.67231836738,45999.274081632684,26.550729953543055
2026-02-10 05:00:00+01:00,-250.0,250.0,45994.91721632657,46019.92231836738,26.550729953543055
2026-02-10 05:15:00+01:00,-250.0,250.0,46031.162114285755,46056.16721632657,26.550729953543055
2026-02-10 05:30:00+01:00,-200.0,200.0,46067.40701224494,46092.412114285755,18.970270769869586
2026-02-10 05:45:00+01:00,-200.0,200.0,46091.40191020412,46116.40701224494,18.970270769869586
2026-02-10 06:00:00+01:00,-250.0,250.0,46115.3968081633,46140.40191020412,35.78006668823693
2026-02-10 06:15:00+01:00,-250.0,250.0,46151.641706122486,46176.6468081633,35.78006668823693
2026-02-10 06:30:00+01:00,-250.0,250.0,46187.88660408167,46212.891706122486,35.78006668823693
2026-02-10 06:45:00+01:00,-250.0,250.0,46224.13150204086,46249.13660408167,41.03691170017788
2026-02-10 07:00:00+01:00,-250.0,250.0,46235.371297959224,46285.38150204086,41.03691170017788
2026-02-10 07:15:00+01:00,-250.0,250.0,46271.6161959184,46296.621297959224,84.98752394507586
2026-02-10 07:30:00+01:00,-200.0,200.0,46282.855991836776,46332.8661959184,24.227115781810532
2026-02-10 07:45:00+01:00,-250.0,250.0,46306.85088979596,46331.855991836776,170.14548312874928
2026-02-10 08:00:00+01:00,-350.0,350.0,46318.09068571433,46368.10088979596,249.23431910758526
2026-02-10 08:15:00+01:00,-350.0,350.0,46353.8304816327,46403.84068571433,249.23431910758526
2026-02-10 08:30:00+01:00,-400.0,400.0,46389.570277551065,46439.5804816327,254.62681343865103
2026-02-10 08:45:00+01:00,-500.0,500.0,46412.5549714286,46487.570277551065,515.0035481325285
2026-02-10 09:00:00+01:00,-500.0,500.0,46485.04476734697,46535.0549714286,215.88436445905919
2026-02-10 09:15:00+01:00,-350.0,350.0,46532.52946122453,46607.54476734697,77.32028282640614
2026-02-10 09:30:00+01:00,-350.0,350.0,46568.2692571429,46618.27946122453,77.32028282640614
2026-02-10 09:45:00+01:00,-350.0,350.0,46579.00395102045,46654.0192571429,77.32028282640614
2026-02-10 10:00:00+01:00,-300.0,300.0,46614.74374693882,46664.75395102045,60.41563996926329
2026-02-10 10:15:00+01:00,-350.0,350.0,46613.22844081636,46688.24374693882,88.97672840463744
2026-02-10 10:30:00+01:00,-350.0,350.0,46648.96823673473,46698.97844081636,88.97672840463744
2026-02-10 10:45:00+01:00,-400.0,400.0,46659.702930612286,46734.71823673473,119.32774881280068
2026-02-10 11:00:00+01:00,-350.0,350.0,46707.69272653066,46757.702930612286,90.76666037742652
2026-02-10 11:15:00+01:00,-300.0,300.0,46718.4274204082,46793.44272653066,60.41563996926329
2026-02-10 11:30:00+01:00,-300.0,300.0,46741.91721632657,46791.9274204082,60.41563996926329
2026-02-10 11:45:00+01:00,-300.0,300.0,46740.40191020412,46815.41721632657,60.41563996926329
2026-02-10 12:00:00+01:00,-300.0,300.0,46763.891706122486,46813.90191020412,60.41563996926329
2026-02-10 12:15:00+01:00,-250.0,250.0,46762.376400000045,46837.391706122486,15.517680785589823
2026-02-10 12:30:00+01:00,-250.0,250.0,46773.61619591841,46823.626400000045,15.517680785589823
2026-02-10 12:45:00+01:00,-300.0,300.0,46759.85088979595,46834.86619591841,28.362388268583018
2026-02-10 13:00:00+01:00,-350.0,350.0,46783.34068571431,46833.35088979595,58.684225003276886
2026-02-10 13:15:00+01:00,-400.0,400.0,46794.07537959187,46869.09068571431,175.4189188808279
2026-02-10 13:30:00+01:00,-400.0,400.0,46853.66740408167,46892.07537959187,257.7898372481748
2026-02-10 13:45:00+01:00,-400.0,400.0,46876.652097959224,46951.66740408168,257.7898372481748
2026-02-10 14:00:00+01:00,-450.0,450.0,46949.6469959184,46974.652097959224,299.8726943910319
2026-02-10 14:15:00+01:00,-450.0,450.0,46984.881689795955,47059.8969959184,299.8726943910319
2026-02-10 14:30:00+01:00,-300.0,300.0,47070.12658775514,47095.131689795955,28.362388268583018
2026-02-10 14:45:00+01:00,-350.0,350.0,47068.61128163269,47143.62658775514,89.18116377878708
2026-02-10 15:00:00+01:00,-350.0,350.0,47129.35617959189,47154.3612816327,43.74218418695037
2026-02-10 15:15:00+01:00,-350.0,350.0,47140.09087346943,47215.10617959189,43.74218418695037
2026-02-10 15:30:00+01:00,-350.0,350.0,47200.83577142861,47225.84087346943,43.74218418695037
2026-02-10 15:45:00+01:00,-350.0,350.0,47211.57046530616,47286.58577142861,43.74218418695037
2026-02-10 16:00:00+01:00,-350.0,350.0,47272.31536326535,47297.32046530616,43.74218418695037
2026-02-10 16:15:00+01:00,-350.0,350.0,47307.00248979597,47358.06536326535,43.74218418695037
2026-02-10 16:30:00+01:00,-300.0,300.0,47367.747387755146,47392.75248979597,28.362388268583018
2026-02-10 16:45:00+01:00,-300.0,300.0,47391.23718367351,47441.247387755146,28.362388268583018
2026-02-10 17:00:00+01:00,-400.0,400.0,47439.73208163269,47464.73718367351,59.80195969715445
2026-02-10 17:15:00+01:00,-400.0,400.0,47487.72187755106,47537.73208163269,59.80195969715445
2026-02-10 17:30:00+01:00,-400.0,400.0,47560.71677551025,47585.72187755106,59.80195969715445
2026-02-10 17:45:00+01:00,-450.0,450.0,47608.70657142862,47658.71677551025,90.18216377878711
2026-02-10 18:00:00+01:00,-450.0,450.0,47693.9514693878,47718.95657142862,90.18216377878711
2026-02-10 18:15:00+01:00,-350.0,350.0,47766.11800816331,47804.2014693878,42.98049030939934
2026-02-10 18:30:00+01:00,-400.0,400.0,47826.86290612249,47851.86800816331,53.74926581960342
2026-02-10 18:45:00+01:00,-400.0,400.0,47886.28500408168,47924.86290612249,53.74926581960342
2026-02-10 19:00:00+01:00,-400.0,400.0,47959.279902040864,47984.28500408168,53.74926581960342
2026-02-10 19:15:00+01:00,-400.0,400.0,48032.27480000004,48057.279902040864,53.74926581960342
2026-02-10 19:30:00+01:00,-400.0,400.0,48105.26969795922,48130.27480000004,53.74926581960342
2026-02-10 19:45:00+01:00,-400.0,400.0,48178.26459591841,48203.26969795922,53.74926581960342
2026-02-10 20:00:00+01:00,-450.0,450.0,48251.259493877595,48276.26459591841,84.12946990123608
2026-02-10 20:15:00+01:00,-400.0,400.0,48336.50439183678,48361.509493877595,71.28476241824289
2026-02-10 20:30:00+01:00,-350.0,350.0,48409.49928979597,48434.50439183678,42.11276241824288
2026-02-10 20:45:00+01:00,-350.0,350.0,48467.68138775514,48495.24928979596,42.11276241824288
2026-02-10 21:00:00+01:00,-350.0,350.0,48528.42628571432,48553.43138775514,42.11276241824288
2026-02-10 21:15:00+01:00,-350.0,350.0,48589.171183673505,48614.17628571432,42.11276241824288
2026-02-10 21:30:00+01:00,-350.0,350.0,48649.9160816327,48674.92118367351,54.47096725573342
2026-02-10 21:45:00+01:00,-350.0,350.0,48710.660979591885,48735.6660816327,237.05181079314838
2026-02-10 22:00:00+01:00,-250.0,250.0,48771.405877551064,48796.410979591885,217.0412144212663
2026-02-10 22:15:00+01:00,-250.0,250.0,48807.65077551024,48832.655877551064,217.0412144212663
2026-02-10 22:30:00+01:00,-150.0,150.0,48843.89567346943,48868.90077551024,7.322472924667676
2026-02-10 22:45:00+01:00,-100.0,100.0,48855.640571428616,48880.64567346943,0.21898440425951227
2026-02-10 23:00:00+01:00,-100.0,100.0,48855.1354693878,48880.140571428616,0.21898440425951227
2026-02-10 23:15:00+01:00,-100.0,100.0,48854.63036734699,48879.6354693878,0.21898440425951227
2026-02-10 23:30:00+01:00,-100.0,100.0,48854.12526530617,48879.13036734699,0.21898440425951227
2026-02-10 23:45:00+01:00,-100.0,100.0,48853.62016326535,48878.62526530617,0.21898440425951227
2026-02-11 00:00:00+01:00,-200.0,200.0,48853.11506122453,48878.12016326535,18.90139937024589
2026-02-11 00:15:00+01:00,-200.0,200.0,48852.104857142906,48902.11506122453,18.90139937024589
2026-02-11 00:30:00+01:00,-200.0,200.0,48876.09975510209,48901.104857142906,18.90139937024589
2026-02-11 00:45:00+01:00,-250.0,250.0,48875.08955102045,48925.09975510209,30.512853451878545
2026-02-11 01:00:00+01:00,-250.0,250.0,48902.21049795922,48936.33955102045,70.84469018657242
2026-02-11 01:15:00+01:00,-250.0,250.0,48913.45029387759,48963.46049795922,70.84469018657242
2026-02-11 01:30:00+01:00,-250.0,250.0,48974.70029387759,48974.70029387759,70.84469018657242
2026-02-11 01:45:00+01:00,-200.0,200.0,48985.94008979597,49035.9502938776,15.337343247796928
2026-02-11 02:00:00+01:00,-200.0,200.0,49034.94008979597,49034.94008979597,15.337343247796928
2026-02-11 02:15:00+01:00,-200.0,200.0,49033.92988571433,49083.94008979597,15.337343247796928
2026-02-11 02:30:00+01:00,-200.0,200.0,49082.92988571433,49082.92988571433,15.337343247796928
2026-02-11 02:45:00+01:00,-250.0,250.0,49081.9196816327,49131.92988571433,45.6591799824908
2026-02-11 03:00:00+01:00,-250.0,250.0,49143.1696816327,49143.1696816327,45.6591799824908
2026-02-11 03:15:00+01:00,-200.0,200.0,49154.40947755107,49204.4196816327,15.337343247796928
2026-02-11 03:30:00+01:00,-250.0,250.0,49203.40947755107,49203.40947755107,22.881322839633665
2026-02-11 03:45:00+01:00,-350.0,350.0,49189.64417142862,49264.65947755107,120.83278542466766
2026-02-11 04:00:00+01:00,-400.0,400.0,49273.08857142862,49275.39417142862,191.16543848589217
2026-02-11 04:15:00+01:00,-400.0,400.0,49320.756587755146,49371.08857142861,191.16543848589217
2026-02-11 04:30:00+01:00,-400.0,400.0,49418.756587755146,49418.756587755146,191.16543848589217
2026-02-11 04:45:00+01:00,-250.0,250.0,49491.751485714325,49516.756587755146,23.698576240994207
2026-02-11 05:00:00+01:00,-250.0,250.0,49553.001485714325,49553.001485714325,23.698576240994207
2026-02-11 05:15:00+01:00,-250.0,250.0,49589.24638367351,49614.251485714325,23.698576240994207
2026-02-11 05:30:00+01:00,-200.0,200.0,49650.49638367351,49650.49638367351,16.15459664915747
2026-02-11 05:45:00+01:00,-200.0,200.0,49674.4912816327,49699.49638367351,16.15459664915747
2026-02-11 06:00:00+01:00,-150.0,150.0,49723.4912816327,49723.4912816327,12.647691887252709
2026-02-11 06:15:00+01:00,-150.0,150.0,49735.23617959188,49760.2412816327,12.647691887252709
2026-02-11 06:30:00+01:00,-150.0,150.0,49771.98617959188,49771.98617959188,12.647691887252709
2026-02-11 06:45:00+01:00,-200.0,200.0,49783.73107755106,49808.73617959188,33.698848349837746
2026-02-11 07:00:00+01:00,-200.0,200.0,49832.73107755106,49832.73107755106,33.698848349837746
2026-02-11 07:15:00+01:00,-200.0,200.0,49856.72597551025,49881.73107755106,33.698848349837746
2026-02-11 07:30:00+01:00,-200.0,200.0,49905.72597551025,49905.72597551025,44.60381433623231
2026-02-11 07:45:00+01:00,-300.0,300.0,49929.72087346943,49954.72597551025,635.3227531117425
2026-02-11 08:00:00+01:00,-200.0,200.0,49978.215771428615,50003.22087346943,19.69316127500781
2026-02-11 08:15:00+01:00,-300.0,300.0,50002.2106693878,50027.215771428615,28.023172826798337
2026-02-11 08:30:00+01:00,-450.0,450.0,50000.69536326535,50075.7106693878,151.14623004968752
2026-02-11 08:45:00+01:00,-400.0,400.0,50060.93515918372,50110.94536326535,64.93765862111604
2026-02-11 09:00:00+01:00,-350.0,350.0,50083.91985306128,50158.93515918372,34.5866382129528
2026-02-11 09:15:00+01:00,-400.0,400.0,50119.65964897964,50169.66985306128,36.469359301388174
2026-02-11 09:30:00+01:00,-400.0,400.0,50117.639240816374,50217.65964897964,36.469359301388174
2026-02-11 09:45:00+01:00,-450.0,450.0,50165.62903673475,50215.639240816374,43.522828689143275
2026-02-11 10:00:00+01:00,-450.0,450.0,50150.853526530664,50275.87903673475,43.522828689143275
2026-02-11 10:15:00+01:00,-400.0,400.0,50211.09332244902,50261.103526530664,43.344270686995046
2026-02-11 10:30:00+01:00,-500.0,500.0,50184.06781224494,50309.09332244902,121.01953599311744
2026-02-11 10:45:00+01:00,-500.0,500.0,50256.55760816331,50306.56781224494,60.2819142471331
2026-02-11 11:00:00+01:00,-500.0,500.0,50234.65350204086,50379.05760816331,60.2819142471331
2026-02-11 11:15:00+01:00,-500.0,500.0,50307.143297959235,50357.15350204086,60.2819142471331
2026-02-11 11:30:00+01:00,-500.0,500.0,50304.617787755145,50429.643297959235,60.2819142471331
2026-02-11 11:45:00+01:00,-450.0,450.0,50377.10758367351,50427.117787755145,43.4837917981535
2026-02-11 12:00:00+01:00,-450.0,450.0,50362.332073469435,50487.35758367351,147.7897781927113
2026-02-11 12:15:00+01:00,-450.0,450.0,50422.5718693878,50472.582073469435,147.7897781927113
2026-02-11 12:30:00+01:00,-450.0,450.0,50407.79635918372,50532.8218693878,147.7897781927113
2026-02-11 12:45:00+01:00,-450.0,450.0,50468.03615510209,50518.04635918372,147.7897781927113
2026-02-11 13:00:00+01:00,-400.0,400.0,50453.26064489801,50578.28615510209,140.7363088049562
2026-02-11 13:15:00+01:00,-350.0,350.0,50501.25044081637,50551.26064489801,24.0016149274052
2026-02-11 13:30:00+01:00,-350.0,350.0,50468.036955102085,50587.00044081637,24.0016149274052
2026-02-11 13:45:00+01:00,-350.0,350.0,50503.77675102046,50553.786955102085,24.0016149274052
2026-02-11 14:00:00+01:00,-350.0,350.0,50489.50634285719,50589.52675102046,24.0016149274052
2026-02-11 14:15:00+01:00,-400.0,400.0,50528.59936326535,50575.25634285719,54.440186355976614
2026-02-11 14:30:00+01:00,-400.0,400.0,50526.578955102086,50626.59936326535,54.440186355976614
2026-02-11 14:45:00+01:00,-400.0,400.0,50599.57385306127,50624.578955102086,87.7971251314868
2026-02-11 15:00:00+01:00,-350.0,350.0,50597.55344489801,50697.57385306127,24.0016149274052
2026-02-11 15:15:00+01:00,-350.0,350.0,50658.2983428572,50683.30344489801,24.0016149274052
2026-02-11 15:30:00+01:00,-400.0,400.0,50657.39886530617,50744.0483428572,108.92610472332356
2026-02-11 15:45:00+01:00,-350.0,350.0,50730.39376326535,50755.39886530617,24.0016149274052
2026-02-11 16:00:00+01:00,-350.0,350.0,50741.128457142906,50816.14376326535,24.0016149274052
2026-02-11 16:15:00+01:00,-350.0,350.0,50801.873355102085,50826.8784571429,24.0016149274052
2026-02-11 16:30:00+01:00,-350.0,350.0,50812.608048979644,50887.623355102085,24.0016149274052
2026-02-11 16:45:00+01:00,-350.0,350.0,50873.35294693883,50898.358048979644,24.0016149274052
2026-02-11 17:00:00+01:00,-350.0,350.0,50884.087640816375,50959.10294693883,24.0016149274052
2026-02-11 17:15:00+01:00,-350.0,350.0,50944.832538775554,50969.837640816375,24.0016149274052
2026-02-11 17:30:00+01:00,-400.0,400.0,50955.567232653106,51030.582538775554,55.636716968221556
2026-02-11 17:45:00+01:00,-400.0,400.0,51028.56213061229,51053.567232653106,55.636716968221556
2026-02-11 18:00:00+01:00,-350.0,350.0,51051.546824489844,51126.56213061229,24.0016149274052
2026-02-11 18:15:00+01:00,-350.0,350.0,51112.29172244903,51137.296824489844,24.0016149274052
2026-02-11 18:30:00+01:00,-350.0,350.0,51143.99995918372,51198.04172244903,24.0016149274052
2026-02-11 18:45:00+01:00,-350.0,350.0,51204.7448571429,51229.74995918372,24.0016149274052
2026-02-11 19:00:00+01:00,-350.0,350.0,51240.48465306127,51290.4948571429,24.0016149274052
2026-02-11 19:15:00+01:00,-350.0,350.0,51301.22955102046,51326.23465306127,24.0016149274052
2026-02-11 19:30:00+01:00,-400.0,400.0,51336.96934693882,51386.97955102046,607.6750843151602
2026-02-11 19:45:00+01:00,-400.0,400.0,51409.964244898,51434.96934693882,84.76202309067052
2026-02-11 20:00:00+01:00,-350.0,350.0,51457.954040816374,51507.964244898,24.0016149274052
2026-02-11 20:15:00+01:00,-350.0,350.0,51518.69893877556,51543.704040816374,24.0016149274052
2026-02-11 20:30:00+01:00,-350.0,350.0,51554.438734693926,51604.44893877556,24.0016149274052
2026-02-11 20:45:00+01:00,-350.0,350.0,51615.18363265311,51640.188734693926,24.0016149274052
2026-02-11 21:00:00+01:00,-350.0,350.0,51650.92342857147,51700.93363265311,24.0016149274052
2026-02-11 21:15:00+01:00,-300.0,300.0,51711.66832653065,51736.67342857147,17.438149541250738
2026-02-11 21:30:00+01:00,-150.0,150.0,51735.15812244902,51785.16832653065,2.06266860170511
2026-02-11 21:45:00+01:00,-200.0,200.0,51746.90302040821,51771.90812244902,196.6204917309568
2026-02-11 22:00:00+01:00,-200.0,200.0,51745.89281632658,51795.90302040821,196.6204917309568
2026-02-11 22:15:00+01:00,-200.0,200.0,51769.88771428577,51794.89281632658,196.6204917309568
2026-02-11 22:30:00+01:00,-150.0,150.0,51768.87751020413,51818.88771428577,2.06266860170511
2026-02-11 22:45:00+01:00,-150.0,150.0,51780.62240816331,51805.62751020413,2.06266860170511
2026-02-11 23:00:00+01:00,-150.0,150.0,51767.36220408168,51817.37240816331,2.06266860170511
2026-02-11 23:15:00+01:00,-200.0,200.0,51779.10710204086,51804.11220408168,22.31613798946022
2026-02-11 23:30:00+01:00,-200.0,200.0,51778.09689795923,51828.10710204086,22.31613798946022
2026-02-11 23:45:00+01:00,-200.0,200.0,51802.091795918415,51827.09689795923,22.31613798946022
2026-02-12 00:00:00+01:00,-150.0,150.0,51801.08159183678,51851.091795918415,2.06266860170511
2026-02-12 00:15:00+01:00,-150.0,150.0,51812.82648979596,51837.83159183678,2.06266860170511
2026-02-12 00:30:00+01:00,-150.0,150.0,51799.56628571433,51849.57648979596,2.06266860170511
2026-02-12 00:45:00+01:00,-150.0,150.0,51811.31118367352,51836.31628571433,2.06266860170511
2026-02-12 01:00:00+01:00,-200.0,200.0,51798.050979591884,51848.06118367352,12.48124003027654
2026-02-12 01:15:00+01:00,-200.0,200.0,51805.72747755107,51847.050979591884,12.48124003027654
2026-02-12 01:30:00+01:00,-200.0,200.0,51818.30084081637,51854.72747755107,12.48124003027654
2026-02-12 01:45:00+01:00,-200.0,200.0,51842.29573877556,51867.30084081637,12.48124003027654
2026-02-12 02:00:00+01:00,-200.0,200.0,51866.290636734746,51891.29573877556,12.48124003027654
2026-02-12 02:15:00+01:00,-250.0,250.0,51890.28553469393,51915.290636734746,45.890709418031655
2026-02-12 02:30:00+01:00,-250.0,250.0,51926.53043265311,51951.53553469393,45.890709418031655
2026-02-12 02:45:00+01:00,-250.0,250.0,51962.77533061229,51987.78043265311,45.890709418031655
2026-02-12 03:00:00+01:00,-200.0,200.0,51999.02022857148,52024.02533061229,35.47213798946022
2026-02-12 03:15:00+01:00,-200.0,200.0,52023.01512653066,52048.02022857148,35.47213798946022
2026-02-12 03:30:00+01:00,-200.0,200.0,52047.01002448985,52072.01512653066,4.13470941803164
2026-02-12 03:45:00+01:00,-200.0,200.0,52045.99982040822,52096.01002448985,4.13470941803164
2026-02-12 04:00:00+01:00,-250.0,250.0,52069.9947183674,52094.99982040822,58.54766860170512
2026-02-12 04:15:00+01:00,-250.0,250.0,52081.23451428576,52131.2447183674,58.54766860170512
2026-02-12 04:30:00+01:00,-300.0,300.0,52117.479412244946,52142.48451428576,64.06603594864389
2026-02-12 04:45:00+01:00,-300.0,300.0,52115.964106122505,52190.979412244946,156.8551515949024
2026-02-12 05:00:00+01:00,-250.0,250.0,52164.459004081684,52189.464106122505,102.44219241122892
2026-02-12 05:15:00+01:00,-200.0,200.0,52150.69369795923,52225.709004081684,7.770355676535036
2026-02-12 05:30:00+01:00,-200.0,200.0,52174.688595918415,52199.69369795923,7.770355676535036
2026-02-12 05:45:00+01:00,-200.0,200.0,52148.67328979597,52223.688595918415,7.770355676535036
2026-02-12 06:00:00+01:00,-200.0,200.0,52172.66818775515,52197.67328979597,7.770355676535036
2026-02-12 06:15:00+01:00,-200.0,200.0,52171.41128979597,52221.66818775515,7.770355676535036
2026-02-12 06:30:00+01:00,-200.0,200.0,52195.40618775515,52220.41128979597,7.770355676535036
2026-02-12 06:45:00+01:00,-200.0,200.0,52194.39598367351,52244.40618775515,7.770355676535036
2026-02-12 07:00:00+01:00,-250.0,250.0,52218.390881632695,52243.39598367351,11.792196261825755
2026-02-12 07:15:00+01:00,-200.0,200.0,52204.62557551025,52279.640881632695,6.273828914886986
2026-02-12 07:30:00+01:00,-250.0,250.0,52228.62047346943,52253.62557551025,48.47342075162166
2026-02-12 07:45:00+01:00,-300.0,300.0,52214.85516734699,52289.87047346943,68.6879785747509
2026-02-12 08:00:00+01:00,-250.0,250.0,52263.35006530617,52288.35516734699,26.488386738016228
2026-02-12 08:15:00+01:00,-300.0,300.0,52249.584759183716,52324.60006530617,28.466141840057045
2026-02-12 08:30:00+01:00,-250.0,250.0,52273.07455510209,52323.084759183716,8.251584016927803
2026-02-12 08:45:00+01:00,-350.0,350.0,52259.30924897964,52334.32455510209,597.4069146291727
2026-02-12 09:00:00+01:00,-300.0,300.0,52270.043942857184,52345.05924897964,13.733445241417598
2026-02-12 09:15:00+01:00,-350.0,350.0,52268.52863673474,52343.543942857184,17.486341463736313
2026-02-12 09:30:00+01:00,-400.0,400.0,52254.25822857149,52354.27863673474,24.077446585030113
2026-02-12 09:45:00+01:00,-450.0,450.0,52252.23782040821,52352.25822857149,84.83785474829544
2026-02-12 10:00:00+01:00,-400.0,400.0,52262.46741224494,52362.48782040821,24.077446585030113
2026-02-12 10:15:00+01:00,-450.0,450.0,52283.49763265312,52360.46741224494,45.045915972785224
2026-02-12 10:30:00+01:00,-450.0,450.0,52293.72722448984,52393.74763265312,45.045915972785224
2026-02-12 10:45:00+01:00,-500.0,500.0,52328.96191836739,52403.97722448984,53.550038421764825
2026-02-12 11:00:00+01:00,-500.0,500.0,52326.43640816331,52451.46191836739,53.550038421764825
2026-02-12 11:15:00+01:00,-500.0,500.0,52373.92110204087,52448.93640816331,44.72197719727501
2026-02-12 11:30:00+01:00,-450.0,450.0,52380.48419591842,52496.42110204087,42.64993638094848
2026-02-12 11:45:00+01:00,-450.0,450.0,52415.71888979597,52490.73419591842,42.64993638094848
2026-02-12 12:00:00+01:00,-500.0,500.0,52425.9484816327,52525.96888979597,188.56830372788724
2026-02-12 12:15:00+01:00,-500.0,500.0,52473.433175510254,52548.4484816327,188.56830372788724
2026-02-12 12:30:00+01:00,-450.0,450.0,52495.91276734698,52595.933175510254,176.42789556462193
2026-02-12 12:45:00+01:00,-450.0,450.0,52531.14746122454,52606.16276734698,176.42789556462193
2026-02-12 13:00:00+01:00,-400.0,400.0,52541.37705306127,52641.39746122454,30.50952821768318
2026-02-12 13:15:00+01:00,-350.0,350.0,52564.36174693883,52639.37705306127,22.005405768703582
2026-02-12 13:30:00+01:00,-400.0,400.0,52550.091338775565,52650.11174693883,82.7658139319689
2026-02-12 13:45:00+01:00,-350.0,350.0,52573.07603265311,52648.091338775565,22.005405768703582
2026-02-12 14:00:00+01:00,-450.0,450.0,52558.80562448984,52658.82603265311,86.28244658503012
2026-02-12 14:15:00+01:00,-450.0,450.0,52594.0403183674,52669.05562448984,86.28244658503012
2026-02-12 14:30:00+01:00,-400.0,400.0,52604.26991020412,52704.2903183674,43.32407923809135
2026-02-12 14:45:00+01:00,-400.0,400.0,52627.25460408168,52702.26991020412,43.32407923809135
2026-02-12 15:00:00+01:00,-350.0,350.0,52625.23419591841,52725.25460408168,22.005405768703582
2026-02-12 15:15:00+01:00,-350.0,350.0,52635.968889795964,52710.98419591841,22.005405768703582
2026-02-12 15:30:00+01:00,-350.0,350.0,52627.88111020413,52721.718889795964,22.005405768703582
2026-02-12 15:45:00+01:00,-350.0,350.0,52666.510367346986,52713.63111020413,22.005405768703582
2026-02-12 16:00:00+01:00,-350.0,350.0,52677.24506122454,52752.260367346986,22.005405768703582
2026-02-12 16:15:00+01:00,-350.0,350.0,52737.98995918372,52762.99506122454,22.005405768703582
2026-02-12 16:30:00+01:00,-400.0,400.0,52748.72465306127,52823.73995918372,82.70744658503006
2026-02-12 16:45:00+01:00,-350.0,350.0,52821.719551020455,52846.72465306127,22.005405768703582
2026-02-12 17:00:00+01:00,-350.0,350.0,52832.454244898014,52907.46955102045,22.005405768703582
2026-02-12 17:15:00+01:00,-350.0,350.0,52893.19914285719,52918.20424489801,22.005405768703582
2026-02-12 17:30:00+01:00,-350.0,350.0,52926.12897142862,52978.94914285719,22.005405768703582
2026-02-12 17:45:00+01:00,-350.0,350.0,52986.8738693878,53011.87897142862,22.005405768703582
2026-02-12 18:00:00+01:00,-400.0,400.0,53022.61366530616,53072.6238693878,25.91134862584644
2026-02-12 18:15:00+01:00,-400.0,400.0,53070.603461224535,53120.61366530616,25.91134862584644
2026-02-12 18:30:00+01:00,-400.0,400.0,53118.5932571429,53168.603461224535,25.91134862584644
2026-02-12 18:45:00+01:00,-450.0,450.0,53166.583053061266,53216.5932571429,86.67175678911177
2026-02-12 19:00:00+01:00,-400.0,400.0,53240.721493877594,53276.833053061266,25.91134862584644
2026-02-12 19:15:00+01:00,-400.0,400.0,53288.71128979597,53338.7214938776,25.91134862584644
2026-02-12 19:30:00+01:00,-400.0,400.0,53361.706187755146,53386.71128979596,25.91134862584644
2026-02-12 19:45:00+01:00,-400.0,400.0,53409.69598367352,53459.706187755146,25.91134862584644
2026-02-12 20:00:00+01:00,-400.0,400.0,53482.6908816327,53507.69598367352,25.91134862584644
2026-02-12 20:15:00+01:00,-350.0,350.0,53530.680677551056,53580.6908816327,21.88950804055572
2026-02-12 20:30:00+01:00,-400.0,400.0,53591.42557551024,53616.430677551056,42.12352164599788
2026-02-12 20:45:00+01:00,-400.0,400.0,53639.415371428615,53689.42557551024,42.12352164599788
2026-02-12 21:00:00+01:00,-400.0,400.0,53712.4102693878,53737.415371428615,68.19633970939344
2026-02-12 21:15:00+01:00,-250.0,250.0,53760.40006530617,53810.4102693878,40.50270977742067
2026-02-12 21:30:00+01:00,-200.0,200.0,53796.644963265346,53821.65006530617,10.676995491706395
2026-02-12 21:45:00+01:00,-250.0,250.0,53795.63475918371,53845.644963265346,302.51373018558394
2026-02-12 22:00:00+01:00,-250.0,250.0,53831.8796571429,53856.88475918371,302.51373018558394
2026-02-12 22:15:00+01:00,-200.0,200.0,53857.610971428614,53893.1296571429,10.676995491706395
2026-02-12 22:30:00+01:00,-250.0,250.0,53881.6058693878,53906.610971428614,41.02801589986964
2026-02-12 22:45:00+01:00,-200.0,200.0,53917.85076734699,53942.8558693878,34.43691077857583
2026-02-12 23:00:00+01:00,-150.0,150.0,53941.845665306166,53966.85076734699,4.085890370412593
2026-02-12 23:15:00+01:00,-150.0,150.0,53953.590563265345,53978.595665306166,4.085890370412593
2026-02-12 23:30:00+01:00,-150.0,150.0,53965.33546122453,53990.340563265345,4.085890370412593
2026-02-12 23:45:00+01:00,-150.0,150.0,53977.08035918372,54002.08546122453,4.085890370412593
2026-02-13 00:00:00+01:00,-200.0,200.0,53988.8252571429,54013.83035918372,92.36650261531054
2026-02-13 00:15:00+01:00,-150.0,150.0,54012.82015510208,54037.8252571429,88.46055975816768
2026-02-13 00:30:00+01:00,-100.0,100.0,54024.56505306127,54049.57015510208,0.1799475132697355
2026-02-13 00:45:00+01:00,-100.0,100.0,54024.05995102045,54049.06505306127,0.1799475132697355
2026-02-13 01:00:00+01:00,-200.0,200.0,54023.554848979635,54048.55995102045,332.3485189418411
2026-02-13 01:15:00+01:00,-150.0,150.0,54047.54974693882,54072.554848979635,30.53096792143297
2026-02-13 01:30:00+01:00,-100.0,100.0,54059.294644898,54084.29974693882,0.1799475132697355
2026-02-13 01:45:00+01:00,-100.0,100.0,54058.78954285718,54083.794644898,0.1799475132697355
2026-02-13 02:00:00+01:00,-100.0,100.0,54058.284440816366,54083.28954285718,0.1799475132697355
2026-02-13 02:15:00+01:00,-100.0,100.0,54057.77933877555,54082.784440816366,0.1799475132697355
2026-02-13 02:30:00+01:00,-100.0,100.0,54057.27423673474,54082.27933877555,0.1799475132697355
2026-02-13 02:45:00+01:00,-100.0,100.0,54056.769134693925,54081.77423673474,0.1799475132697355
2026-02-13 03:00:00+01:00,-100.0,100.0,54056.264032653104,54081.269134693925,0.1799475132697355
2026-02-13 03:15:00+01:00,-150.0,150.0,54055.75893061228,54080.764032653104,37.84634207109286
2026-02-13 03:30:00+01:00,-200.0,200.0,54067.50382857147,54092.50893061228,58.85858696905205
2026-02-13 03:45:00+01:00,-300.0,300.0,54091.498726530655,54116.50382857147,66.31249887212172
2026-02-13 04:00:00+01:00,-300.0,300.0,54089.983420408214,54164.998726530655,66.31249887212172
2026-02-13 04:15:00+01:00,-350.0,350.0,54138.4783183674,54163.483420408214,128.79474377008088
2026-02-13 04:30:00+01:00,-300.0,300.0,54149.21301224494,54224.2283183674,107.7824988721217
2026-02-13 04:45:00+01:00,-250.0,250.0,54197.70791020412,54222.71301224494,70.1161043142986
2026-02-13 05:00:00+01:00,-250.0,250.0,54208.31031020413,54258.95791020412,70.1161043142986
2026-02-13 05:15:00+01:00,-250.0,250.0,54244.555208163314,54269.56031020413,70.1161043142986
2026-02-13 05:30:00+01:00,-250.0,250.0,54255.79500408168,54305.805208163314,70.1161043142986
2026-02-13 05:45:00+01:00,-200.0,200.0,54292.03990204086,54317.04500408168,7.63385941633942
2026-02-13 06:00:00+01:00,-250.0,250.0,54291.029697959224,54341.03990204086,85.85073664342072
2026-02-13 06:15:00+01:00,-300.0,300.0,54323.94979591841,54352.279697959224,86.08713485862077
2026-02-13 06:30:00+01:00,-350.0,350.0,54322.43448979597,54397.44979591841,98.22754302188606
2026-02-13 06:45:00+01:00,-450.0,450.0,54381.41738775515,54408.18448979597,120.25433213753233
2026-02-13 07:00:00+01:00,-450.0,450.0,54391.646979591875,54491.66738775515,120.25433213753233
2026-02-13 07:15:00+01:00,-450.0,450.0,54476.891877551054,54501.896979591875,120.25433213753233
2026-02-13 07:30:00+01:00,-450.0,450.0,54487.1214693878,54587.141877551054,120.25433213753233
2026-02-13 07:45:00+01:00,-350.0,350.0,54572.366367346985,54597.3714693878,96.0985886972991
2026-02-13 08:00:00+01:00,-300.0,300.0,54558.09595918373,54658.116367346985,23.139405023829728
2026-02-13 08:15:00+01:00,-300.0,300.0,54606.59085714292,54631.59595918373,23.139405023829728
2026-02-13 08:30:00+01:00,-300.0,300.0,54580.07044897963,54680.09085714292,23.139405023829728
2026-02-13 08:45:00+01:00,-300.0,300.0,54628.56534693881,54653.57044897963,23.139405023829728
2026-02-13 09:00:00+01:00,-400.0,400.0,54602.04493877556,54702.06534693881,46.94044175852362
2026-02-13 09:15:00+01:00,-450.0,450.0,54650.03473469392,54700.04493877556,74.50928529593858
2026-02-13 09:30:00+01:00,-450.0,450.0,54660.264326530654,54760.28473469392,74.50928529593858
2026-02-13 09:45:00+01:00,-400.0,400.0,54720.50412244903,54770.514326530654,54.255815908183486
2026-02-13 10:00:00+01:00,-400.0,400.0,54718.483714285765,54818.50412244903,61.23787616085596
2026-02-13 10:15:00+01:00,-400.0,400.0,54741.46840816331,54816.483714285765,61.23787616085596
2026-02-13 10:30:00+01:00,-350.0,350.0,54739.448000000055,54839.46840816331,18.279508813917182
2026-02-13 10:45:00+01:00,-350.0,350.0,54773.93089795923,54825.198000000055,18.279508813917182
2026-02-13 11:00:00+01:00,-350.0,350.0,54759.660489795955,54859.68089795923,18.279508813917182
2026-02-13 11:15:00+01:00,-350.0,350.0,54795.40028571431,54845.410489795955,18.279508813917182
2026-02-13 11:30:00+01:00,-350.0,350.0,54781.12987755106,54881.15028571431,18.279508813917182
2026-02-13 11:45:00+01:00,-300.0,300.0,54816.86967346943,54866.87987755106,9.607788697299117
2026-02-13 12:00:00+01:00,-300.0,300.0,54790.34926530618,54890.36967346943,9.607788697299117
2026-02-13 12:15:00+01:00,-350.0,350.0,54813.83906122454,54863.84926530618,14.41012429820615
2026-02-13 12:30:00+01:00,-350.0,350.0,54774.56355102045,54899.58906122454,14.41012429820615
2026-02-13 12:45:00+01:00,-350.0,350.0,54810.30334693881,54860.31355102045,14.41012429820615
2026-02-13 13:00:00+01:00,-400.0,400.0,54771.027836734735,54896.05334693881,34.313389604328584
2026-02-13 13:15:00+01:00,-400.0,400.0,54819.0176326531,54869.027836734735,34.313389604328584
2026-02-13 13:30:00+01:00,-400.0,400.0,54791.992122449024,54917.0176326531,34.313389604328584
2026-02-13 13:45:00+01:00,-350.0,350.0,54839.9819183674,54889.992122449024,14.41012429820615
2026-02-13 14:00:00+01:00,-350.0,350.0,54800.706408163314,54925.7319183674,14.41012429820615
2026-02-13 14:15:00+01:00,-350.0,350.0,54836.44620408167,54886.456408163314,14.41012429820615
2026-02-13 14:30:00+01:00,-350.0,350.0,54797.1706938776,54922.19620408167,14.41012429820615
2026-02-13 14:45:00+01:00,-350.0,350.0,54832.91048979596,54882.9206938776,14.41012429820615
2026-02-13 15:00:00+01:00,-350.0,350.0,54807.878791836774,54918.66048979596,14.41012429820615
2026-02-13 15:15:00+01:00,-350.0,350.0,54843.61858775514,54893.628791836774,14.41012429820615
2026-02-13 15:30:00+01:00,-350.0,350.0,54835.35921632657,54929.36858775514,14.41012429820615
2026-02-13 15:45:00+01:00,-350.0,350.0,54871.09901224494,54921.10921632657,14.41012429820615
2026-02-13 16:00:00+01:00,-350.0,350.0,54881.833706122496,54956.84901224494,14.41012429820615
2026-02-13 16:15:00+01:00,-400.0,400.0,54917.57350204087,54967.583706122496,20.23624674718574
2026-02-13 16:30:00+01:00,-450.0,450.0,54915.553093877585,55015.57350204087,51.75461409412453
2026-02-13 16:45:00+01:00,-400.0,400.0,54975.79288979595,55025.80309387759,46.95227849321749
2026-02-13 17:00:00+01:00,-350.0,350.0,54973.772481632695,55073.79288979595,15.433911146278708
2026-02-13 17:15:00+01:00,-400.0,400.0,55009.51227755107,55059.522481632695,25.54119005784333
2026-02-13 17:30:00+01:00,-400.0,400.0,54993.422669387815,55107.51227755107,25.54119005784333
2026-02-13 17:45:00+01:00,-400.0,400.0,55052.83510204088,55091.422669387815,25.54119005784333
2026-02-13 18:00:00+01:00,-400.0,400.0,55050.8146938776,55150.83510204088,25.54119005784333
2026-02-13 18:15:00+01:00,-400.0,400.0,55123.809591836776,55148.8146938776,25.54119005784333
2026-02-13 18:30:00+01:00,-400.0,400.0,55121.78918367352,55221.809591836776,25.54119005784333
2026-02-13 18:45:00+01:00,-350.0,350.0,55194.78408163271,55219.78918367352,15.433911146278708
2026-02-13 19:00:00+01:00,-350.0,350.0,55186.65548571434,55280.53408163271,15.433911146278708
2026-02-13 19:15:00+01:00,-350.0,350.0,55247.40038367352,55272.40548571434,15.433911146278708
2026-02-13 19:30:00+01:00,-350.0,350.0,55258.13507755107,55333.15038367352,15.433911146278708
2026-02-13 19:45:00+01:00,-350.0,350.0,55318.87997551025,55343.88507755107,15.433911146278708
2026-02-13 20:00:00+01:00,-350.0,350.0,55329.61466938781,55404.62997551025,15.433911146278708
2026-02-13 20:15:00+01:00,-400.0,400.0,55390.359567347,55415.36466938781,15.73441629883478
2026-02-13 20:30:00+01:00,-450.0,450.0,55388.33915918373,55488.359567347,52.65176323761026
2026-02-13 20:45:00+01:00,-450.0,450.0,55473.58405714291,55498.58915918373,52.65176323761026
2026-02-13 21:00:00+01:00,-400.0,400.0,55483.81364897964,55583.83405714291,15.73441629883478
2026-02-13 21:15:00+01:00,-400.0,400.0,55556.808546938824,55581.81364897964,15.73441629883478
2026-02-13 21:30:00+01:00,-350.0,350.0,55554.78813877557,55654.808546938824,12.186848951896005
2026-02-13 21:45:00+01:00,-300.0,300.0,55615.533036734756,55640.53813877557,195.97094418999123
2026-02-13 22:00:00+01:00,-300.0,300.0,55589.01262857148,55689.033036734756,195.97094418999123
2026-02-13 22:15:00+01:00,-300.0,300.0,55637.50752653066,55662.51262857148,195.97094418999123
2026-02-13 22:30:00+01:00,-250.0,250.0,55610.9871183674,55711.00752653066,1.413121060739542
2026-02-13 22:45:00+01:00,-250.0,250.0,55647.23201632658,55672.2371183674,1.413121060739542
2026-02-13 23:00:00+01:00,-250.0,250.0,55608.46160816333,55708.48201632658,1.413121060739542
2026-02-13 23:15:00+01:00,-250.0,250.0,55644.706506122515,55669.71160816333,1.413121060739542
2026-02-13 23:30:00+01:00,-250.0,250.0,55605.93609795923,55705.956506122515,1.413121060739542
2026-02-13 23:45:00+01:00,-250.0,250.0,55642.18099591841,55667.18609795923,1.413121060739542
2026-02-14 00:00:00+01:00,-250.0,250.0,55603.410587755156,55703.43099591841,1.413121060739542
2026-02-14 00:15:00+01:00,-250.0,250.0,55639.65548571434,55664.660587755156,1.413121060739542
2026-02-14 00:30:00+01:00,-250.0,250.0,55600.88507755107,55700.90548571434,1.413121060739542
2026-02-14 00:45:00+01:00,-250.0,250.0,55637.12997551026,55662.13507755107,1.413121060739542
2026-02-14 01:00:00+01:00,-300.0,300.0,55598.35956734699,55698.37997551026,19.487542829447023
2026-02-14 01:15:00+01:00,-300.0,300.0,55646.85446530617,55671.85956734699,19.487542829447023
2026-02-14 01:30:00+01:00,-300.0,300.0,55620.334057142914,55720.35446530617,19.487542829447023
2026-02-14 01:45:00+01:00,-350.0,350.0,55668.8289551021,55693.834057142914,61.20560405393683
2026-02-14 02:00:00+01:00,-350.0,350.0,55654.558546938824,55754.5789551021,61.20560405393683
2026-02-14 02:15:00+01:00,-350.0,350.0,55715.303444898,55740.308546938824,61.20560405393683
2026-02-14 02:30:00+01:00,-350.0,350.0,55701.03303673474,55801.053444898,66.276080244413
2026-02-14 02:45:00+01:00,-300.0,300.0,55761.77793469393,55786.78303673474,24.55801901992321
2026-02-14 03:00:00+01:00,-300.0,300.0,55735.25752653067,55835.27793469393,24.55801901992321
2026-02-14 03:15:00+01:00,-300.0,300.0,55783.75242448986,55808.75752653067,24.55801901992321
2026-02-14 03:30:00+01:00,-300.0,300.0,55757.232016326576,55857.25242448986,24.55801901992321
2026-02-14 03:45:00+01:00,-300.0,300.0,55805.726914285755,55830.732016326576,24.55801901992321
2026-02-14 04:00:00+01:00,-300.0,300.0,55779.2065061225,55879.226914285755,24.55801901992321
2026-02-14 04:15:00+01:00,-300.0,300.0,55827.70140408169,55852.7065061225,24.55801901992321
2026-02-14 04:30:00+01:00,-300.0,300.0,55801.180995918425,55901.20140408169,24.55801901992321
2026-02-14 04:45:00+01:00,-300.0,300.0,55849.67589387761,55874.680995918425,24.55801901992321
2026-02-14 05:00:00+01:00,-300.0,300.0,55823.155485714335,55923.17589387761,24.55801901992321
2026-02-14 05:15:00+01:00,-300.0,300.0,55871.650383673514,55896.655485714335,24.55801901992321
2026-02-14 05:30:00+01:00,-300.0,300.0,55845.12997551027,55945.15038367352,24.55801901992321
2026-02-14 05:45:00+01:00,-250.0,250.0,55893.62487346945,55918.62997551027,1.413121060739542
2026-02-14 06:00:00+01:00,-250.0,250.0,55854.85446530618,55954.87487346945,1.413121060739542
2026-02-14 06:15:00+01:00,-250.0,250.0,55891.09936326536,55916.10446530618,1.413121060739542
2026-02-14 06:30:00+01:00,-250.0,250.0,55852.32895510209,55952.34936326536,1.413121060739542
2026-02-14 06:45:00+01:00,-250.0,250.0,55888.57385306128,55913.57895510209,1.413121060739542
2026-02-14 07:00:00+01:00,-250.0,250.0,55849.803444898025,55949.82385306128,1.413121060739542
2026-02-14 07:15:00+01:00,-250.0,250.0,55886.04834285721,55911.053444898025,1.413121060739542
2026-02-14 07:30:00+01:00,-250.0,250.0,55847.277934693935,55947.29834285721,1.413121060739542
2026-02-14 07:45:00+01:00,-350.0,350.0,55883.522832653114,55908.527934693935,9.019864819467523
2026-02-14 08:00:00+01:00,-400.0,400.0,55819.24222040821,55969.272832653114,20.222504275249833
2026-02-14 08:15:00+01:00,-400.0,400.0,55867.23201632658,55917.24222040821,20.222504275249833
2026-02-14 08:30:00+01:00,-450.0,450.0,55815.2014040817,55965.23201632658,110.07903488749471
2026-02-14 08:45:00+01:00,-450.0,450.0,55887.309004081704,55925.4514040817,110.07903488749471
2026-02-14 09:00:00+01:00,-400.0,400.0,55847.52839183679,55997.559004081704,20.222504275249833
2026-02-14 09:15:00+01:00,-450.0,450.0,55920.52328979597,55945.52839183679,24.113660737834866
2026-02-14 09:30:00+01:00,-450.0,450.0,55868.492677551076,56030.77328979597,24.113660737834866
2026-02-14 09:45:00+01:00,-450.0,450.0,55941.48757551026,55978.742677551076,24.113660737834866
2026-02-14 10:00:00+01:00,-450.0,450.0,55889.456963265366,56051.73757551027,24.113660737834866
2026-02-14 10:15:00+01:00,-450.0,450.0,55962.45186122455,55999.706963265366,24.113660737834866
2026-02-14 10:30:00+01:00,-450.0,450.0,55910.42124897965,56072.70186122455,24.113660737834866
2026-02-14 10:45:00+01:00,-450.0,450.0,55983.41614693883,56020.67124897965,24.113660737834866
2026-02-14 11:00:00+01:00,-450.0,450.0,55931.38553469394,56093.66614693883,24.113660737834866
2026-02-14 11:15:00+01:00,-450.0,450.0,56004.380432653124,56041.63553469394,24.113660737834866
2026-02-14 11:30:00+01:00,-450.0,450.0,55952.34982040822,56114.630432653124,24.113660737834866
2026-02-14 11:45:00+01:00,-450.0,450.0,56025.3447183674,56062.59982040822,24.113660737834866
2026-02-14 12:00:00+01:00,-450.0,450.0,55989.03842448985,56135.5947183674,24.113660737834866
2026-02-14 12:15:00+01:00,-450.0,450.0,56062.03332244904,56099.28842448985,24.113660737834866
2026-02-14 12:30:00+01:00,-500.0,500.0,56035.00781224497,56172.28332244904,81.54713012558994
2026-02-14 12:45:00+01:00,-500.0,500.0,56120.25271020416,56157.50781224497,81.54713012558994
2026-02-14 13:00:00+01:00,-450.0,450.0,56105.47720000006,56242.75271020416,24.113660737834866
2026-02-14 13:15:00+01:00,-450.0,450.0,56178.472097959246,56215.72720000007,24.113660737834866
2026-02-14 13:30:00+01:00,-450.0,450.0,56151.44658775516,56288.722097959246,24.113660737834866
2026-02-14 13:45:00+01:00,-450.0,450.0,56224.44148571435,56261.69658775516,24.113660737834866
2026-02-14 14:00:00+01:00,-450.0,450.0,56197.41597551027,56334.69148571435,24.113660737834866
2026-02-14 14:15:00+01:00,-450.0,450.0,56270.41087346945,56307.66597551027,24.113660737834866
2026-02-14 14:30:00+01:00,-450.0,450.0,56243.38536326536,56380.66087346945,24.113660737834866
2026-02-14 14:45:00+01:00,-450.0,450.0,56316.38026122454,56353.63536326536,24.113660737834866
2026-02-14 15:00:00+01:00,-450.0,450.0,56289.35475102047,56426.63026122454,24.113660737834866
2026-02-14 15:15:00+01:00,-450.0,450.0,56362.34964897966,56399.60475102047,24.113660737834866
2026-02-14 15:30:00+01:00,-400.0,400.0,56335.32413877557,56472.59964897966,12.911021282052557
2026-02-14 15:45:00+01:00,-400.0,400.0,56396.069036734756,56433.32413877557,12.911021282052557
2026-02-14 16:00:00+01:00,-450.0,450.0,56356.79352653067,56494.069036734756,15.039344897212908
2026-02-14 16:15:00+01:00,-400.0,400.0,56404.78332244904,56467.04352653067,8.821505761558647
2026-02-14 16:30:00+01:00,-400.0,400.0,56365.50781224497,56502.78332244904,8.821505761558647
2026-02-14 16:45:00+01:00,-400.0,400.0,56401.247608163336,56463.50781224497,8.821505761558647
2026-02-14 17:00:00+01:00,-400.0,400.0,56361.97209795924,56499.247608163336,8.821505761558647
2026-02-14 17:15:00+01:00,-400.0,400.0,56397.711893877604,56459.97209795924,8.821505761558647
2026-02-14 17:30:00+01:00,-400.0,400.0,56358.43638367353,56495.711893877604,8.821505761558647
2026-02-14 17:45:00+01:00,-450.0,450.0,56394.1761795919,56456.43638367353,11.316188706165061
2026-02-14 18:00:00+01:00,-450.0,450.0,56342.14556734701,56504.4261795919,11.316188706165061
2026-02-14 18:15:00+01:00,-450.0,450.0,56390.13536326538,56452.39556734701,11.316188706165061
2026-02-14 18:30:00+01:00,-450.0,450.0,56338.104751020466,56500.38536326538,11.316188706165061
2026-02-14 18:45:00+01:00,-450.0,450.0,56386.09454693883,56448.354751020466,11.316188706165061
2026-02-14 19:00:00+01:00,-450.0,450.0,56334.06393469394,56496.34454693883,11.316188706165061
2026-02-14 19:15:00+01:00,-450.0,450.0,56382.05373061231,56444.31393469394,11.316188706165061
2026-02-14 19:30:00+01:00,-450.0,450.0,56330.02311836741,56492.30373061231,11.316188706165061
2026-02-14 19:45:00+01:00,-450.0,450.0,56378.012914285784,56440.27311836741,11.316188706165061
2026-02-14 20:00:00+01:00,-450.0,450.0,56325.98230204087,56488.262914285784,11.316188706165061
2026-02-14 20:15:00+01:00,-450.0,450.0,56373.97209795924,56436.23230204087,11.316188706165061
2026-02-14 20:30:00+01:00,-450.0,450.0,56321.94148571436,56484.22209795924,11.316188706165061
2026-02-14 20:45:00+01:00,-450.0,450.0,56369.93128163272,56432.19148571436,11.316188706165061
2026-02-14 21:00:00+01:00,-450.0,450.0,56317.90066938782,56480.18128163272,11.316188706165061
2026-02-14 21:15:00+01:00,-500.0,500.0,56365.89046530618,56428.15066938782,12.67997628571301
2026-02-14 21:30:00+01:00,-500.0,500.0,56301.10475102046,56488.39046530618,12.67997628571301
2026-02-14 21:45:00+01:00,-500.0,500.0,56376.806971428625,56423.60475102046,12.67997628571301
2026-02-14 22:00:00+01:00,-500.0,500.0,56312.02125714292,56499.306971428625,12.67997628571301
2026-02-14 22:15:00+01:00,-500.0,500.0,56397.26615510211,56434.52125714292,12.67997628571301
2026-02-14 22:30:00+01:00,-500.0,500.0,56332.48044081639,56519.76615510211,12.67997628571301
2026-02-14 22:45:00+01:00,-500.0,500.0,56417.72533877557,56454.98044081639,12.67997628571301
2026-02-14 23:00:00+01:00,-450.0,450.0,56352.93962448985,56540.22533877557,10.55165267055266
2026-02-14 23:15:00+01:00,-450.0,450.0,56425.93452244904,56463.18962448985,10.55165267055266
2026-02-14 23:30:00+01:00,-450.0,450.0,56348.898808163336,56536.18452244904,10.55165267055266
2026-02-14 23:45:00+01:00,-450.0,450.0,56421.89370612252,56459.148808163336,10.55165267055266
2026-02-15 00:00:00+01:00,-450.0,450.0,56344.85799183679,56532.14370612252,10.55165267055266
2026-02-15 00:15:00+01:00,-450.0,450.0,56417.85288979597,56455.10799183679,10.55165267055266
2026-02-15 00:30:00+01:00,-450.0,450.0,56340.81717551027,56528.10288979596,10.55165267055266
2026-02-15 00:45:00+01:00,-450.0,450.0,56413.81207346945,56451.06717551027,10.55165267055266
2026-02-15 01:00:00+01:00,-450.0,450.0,56336.776359183736,56524.06207346945,10.55165267055266
2026-02-15 01:15:00+01:00,-450.0,450.0,56409.77125714292,56447.026359183736,10.55165267055266
2026-02-15 01:30:00+01:00,-450.0,450.0,56332.735542857205,56520.02125714292,10.55165267055266
2026-02-15 01:45:00+01:00,-450.0,450.0,56405.73044081638,56442.985542857205,10.55165267055266
2026-02-15 02:00:00+01:00,-450.0,450.0,56328.69472653068,56515.980440816376,10.55165267055266
2026-02-15 02:15:00+01:00,-450.0,450.0,56401.68962448987,56438.94472653068,10.55165267055266
2026-02-15 02:30:00+01:00,-500.0,500.0,56324.65391020414,56511.93962448987,12.69706958017365
2026-02-15 02:45:00+01:00,-500.0,500.0,56384.89370612251,56447.15391020414,12.69706958017365
2026-02-15 03:00:00+01:00,-500.0,500.0,56320.10799183679,56507.39370612251,12.69706958017365
2026-02-15 03:15:00+01:00,-500.0,500.0,56380.347787755156,56442.60799183679,12.69706958017365
2026-02-15 03:30:00+01:00,-500.0,500.0,56315.56207346945,56502.847787755156,12.69706958017365
2026-02-15 03:45:00+01:00,-500.0,500.0,56375.801869387826,56438.06207346945,12.69706958017365
2026-02-15 04:00:00+01:00,-500.0,500.0,56311.016155102094,56498.301869387826,12.69706958017365
2026-02-15 04:15:00+01:00,-500.0,500.0,56371.25595102046,56433.516155102094,12.69706958017365
2026-02-15 04:30:00+01:00,-500.0,500.0,56306.470236734756,56493.75595102046,12.69706958017365
2026-02-15 04:45:00+01:00,-500.0,500.0,56366.71003265312,56428.970236734756,12.69706958017365
2026-02-15 05:00:00+01:00,-500.0,500.0,56301.92431836741,56489.21003265312,12.69706958017365
2026-02-15 05:15:00+01:00,-500.0,500.0,56362.164114285784,56424.42431836741,12.69706958017365
2026-02-15 05:30:00+01:00,-500.0,500.0,56297.37840000006,56484.664114285784,12.69706958017365
2026-02-15 05:45:00+01:00,-500.0,500.0,56357.61819591842,56419.87840000006,12.69706958017365
2026-02-15 06:00:00+01:00,-500.0,500.0,56292.832481632715,56480.11819591841,12.69706958017365
2026-02-15 06:15:00+01:00,-500.0,500.0,56353.07227755109,56415.332481632715,12.69706958017365
2026-02-15 06:30:00+01:00,-500.0,500.0,56288.28656326537,56475.57227755109,12.69706958017365
2026-02-15 06:45:00+01:00,-500.0,500.0,56348.52635918374,56410.78656326537,12.69706958017365
2026-02-15 07:00:00+01:00,-500.0,500.0,56283.74064489802,56471.02635918374,12.69706958017365
2026-02-15 07:15:00+01:00,-500.0,500.0,56343.980440816376,56406.24064489802,12.69706958017365
2026-02-15 07:30:00+01:00,-500.0,500.0,56279.19472653067,56466.480440816376,12.69706958017365
2026-02-15 07:45:00+01:00,-500.0,500.0,56339.434522449046,56401.69472653067,12.69706958017365
2026-02-15 08:00:00+01:00,-500.0,500.0,56274.64880816333,56461.934522449046,12.69706958017365
2026-02-15 08:15:00+01:00,-500.0,500.0,56334.888604081694,56397.14880816333,12.69706958017365
2026-02-15 08:30:00+01:00,-500.0,500.0,56270.10288979598,56457.388604081694,12.69706958017365
2026-02-15 08:45:00+01:00,-500.0,500.0,56330.34268571434,56392.60288979598,12.69706958017365
2026-02-15 09:00:00+01:00,-500.0,500.0,56265.55697142864,56452.84268571434,12.69706958017365
2026-02-15 09:15:00+01:00,-500.0,500.0,56325.79676734701,56388.05697142864,12.69706958017365
2026-02-15 09:30:00+01:00,-500.0,500.0,56261.01105306128,56448.29676734701,12.69706958017365
2026-02-15 09:45:00+01:00,-500.0,500.0,56321.25084897964,56383.51105306128,12.69706958017365
2026-02-15 10:00:00+01:00,-500.0,500.0,56256.465134693935,56443.75084897963,12.69706958017365
2026-02-15 10:15:00+01:00,-500.0,500.0,56316.70493061231,56378.965134693935,12.69706958017365
2026-02-15 10:30:00+01:00,-500.0,500.0,56251.91921632659,56439.20493061231,12.69706958017365
2026-02-15 10:45:00+01:00,-500.0,500.0,56312.15901224496,56374.41921632659,12.69706958017365
2026-02-15 11:00:00+01:00,-500.0,500.0,56247.373297959246,56434.65901224496,12.69706958017365
2026-02-15 11:15:00+01:00,-500.0,500.0,56316.113093877604,56369.873297959246,12.69706958017365
2026-02-15 11:30:00+01:00,-500.0,500.0,56263.5773795919,56438.613093877604,12.69706958017365
2026-02-15 11:45:00+01:00,-500.0,500.0,56336.067175510274,56386.0773795919,12.69706958017365
2026-02-15 12:00:00+01:00,-500.0,500.0,56283.53146122456,56458.567175510274,12.69706958017365
2026-02-15 12:15:00+01:00,-500.0,500.0,56356.02125714292,56406.03146122456,12.69706958017365
2026-02-15 12:30:00+01:00,-500.0,500.0,56303.4855428572,56478.52125714292,12.69706958017365
2026-02-15 12:45:00+01:00,-500.0,500.0,56375.97533877556,56425.9855428572,12.69706958017365
2026-02-15 13:00:00+01:00,-500.0,500.0,56323.43962448986,56498.47533877556,12.69706958017365
2026-02-15 13:15:00+01:00,-500.0,500.0,56395.92942040823,56445.93962448986,12.69706958017365
2026-02-15 13:30:00+01:00,-500.0,500.0,56343.393706122515,56518.42942040823,12.69706958017365
2026-02-15 13:45:00+01:00,-500.0,500.0,56415.88350204088,56465.893706122515,12.69706958017365
2026-02-15 14:00:00+01:00,-500.0,500.0,56363.34778775516,56538.38350204088,12.69706958017365
2026-02-15 14:15:00+01:00,-500.0,500.0,56435.83758367353,56485.84778775516,12.69706958017365
2026-02-15 14:30:00+01:00,-500.0,500.0,56383.301869387826,56558.33758367353,12.69706958017365
2026-02-15 14:45:00+01:00,-500.0,500.0,56455.7916653062,56505.801869387826,12.69706958017365
2026-02-15 15:00:00+01:00,-500.0,500.0,56403.25595102047,56578.2916653062,12.69706958017365
2026-02-15 15:15:00+01:00,-500.0,500.0,56475.745746938825,56525.75595102047,12.69706958017365
2026-02-15 15:30:00+01:00,-500.0,500.0,56425.25092244904,56598.245746938825,12.69706958017365
2026-02-15 15:45:00+01:00,-500.0,500.0,56497.740718367415,56547.75092244904,12.69706958017365
2026-02-15 16:00:00+01:00,-500.0,500.0,56494.87733877557,56620.240718367415,12.69706958017365
2026-02-15 16:15:00+01:00,-500.0,500.0,56567.367134693945,56617.37733877557,12.69706958017365
2026-02-15 16:30:00+01:00,-500.0,500.0,56564.841624489854,56689.867134693945,12.69706958017365
2026-02-15 16:45:00+01:00,-500.0,500.0,56652.15497959189,56687.341624489854,12.69706958017365
2026-02-15 17:00:00+01:00,-500.0,500.0,56649.62946938782,56774.6549795919,12.69706958017365
2026-02-15 17:15:00+01:00,-500.0,500.0,56747.12436734701,56772.12946938782,12.69706958017365
2026-02-15 17:30:00+01:00,-500.0,500.0,56755.35469387761,56869.62436734701,12.69706958017365
2026-02-15 17:45:00+01:00,-500.0,500.0,56852.84959183679,56877.85469387761,12.69706958017365
2026-02-15 18:00:00+01:00,-500.0,500.0,56900.33428571434,56975.34959183679,12.69706958017365
2026-02-15 18:15:00+01:00,-500.0,500.0,56997.82918367353,57022.83428571434,12.69706958017365
2026-02-15 18:30:00+01:00,-500.0,500.0,57045.31387755109,57120.32918367353,12.69706958017365
2026-02-15 18:45:00+01:00,-500.0,500.0,57142.808775510275,57167.81387755109,12.69706958017365
2026-02-15 19:00:00+01:00,-500.0,500.0,57190.29346938781,57265.308775510275,12.69706958017365
2026-02-15 19:15:00+01:00,-500.0,500.0,57287.78836734699,57312.79346938781,12.69706958017365
2026-02-15 19:30:00+01:00,-500.0,500.0,57335.27306122454,57410.288367346984,12.69706958017365
2026-02-15 19:45:00+01:00,-500.0,500.0,57432.76795918373,57457.77306122454,12.69706958017365
2026-02-15 20:00:00+01:00,-450.0,450.0,57480.25265306128,57555.26795918373,10.55165267055266
2026-02-15 20:15:00+01:00,-450.0,450.0,57565.49755102047,57590.50265306128,10.55165267055266
2026-02-15 20:30:00+01:00,-350.0,350.0,57611.215142857196,57675.74755102047,7.798960467930991
2026-02-15 20:45:00+01:00,-450.0,450.0,57671.960040816375,57696.965142857196,57.55712373323708
2026-02-15 21:00:00+01:00,-500.0,500.0,57732.19983673475,57782.210040816375,60.30038903935953
2026-02-15 21:15:00+01:00,-450.0,450.0,57804.68963265312,57854.69983673475,30.445491080175866
2026-02-15 21:30:00+01:00,-400.0,400.0,57864.92942857148,57914.93963265312,10.542225774053442
2026-02-15 21:45:00+01:00,-350.0,350.0,57912.91922448984,57962.92942857148,8.047542829447027
2026-02-15 22:00:00+01:00,-350.0,350.0,57948.65902040821,57998.66922448984,8.047542829447027
2026-02-15 22:15:00+01:00,-350.0,350.0,57984.39881632658,58034.40902040821,8.047542829447027
2026-02-15 22:30:00+01:00,-350.0,350.0,58020.138612244955,58070.14881632658,8.047542829447027
2026-02-15 22:45:00+01:00,-200.0,200.0,58055.87840816333,58105.888612244955,3.159611034592245
2026-02-15 23:00:00+01:00,-200.0,200.0,58054.868204081686,58104.87840816333,3.159611034592245
2026-02-15 23:15:00+01:00,-200.0,200.0,58053.858000000044,58103.868204081686,3.159611034592245
2026-02-15 23:30:00+01:00,-200.0,200.0,58052.84779591842,58102.858000000044,3.159611034592245
2026-02-15 23:45:00+01:00,-200.0,200.0,58051.83759183679,58101.84779591842,3.159611034592245
2026-02-16 00:00:00+01:00,-250.0,250.0,58050.82738775516,58100.83759183679,18.33512123867386
2026-02-16 00:15:00+01:00,-300.0,300.0,58062.06718367353,58112.07738775516,28.6753575437222
2026-02-16 00:30:00+01:00,-300.0,300.0,58060.55187755107,58135.56718367353,28.6753575437222
2026-02-16 00:45:00+01:00,-300.0,300.0,58084.04167346944,58134.05187755107,28.6753575437222
2026-02-16 01:00:00+01:00,-250.0,250.0,58092.32177142862,58157.54167346944,13.499847339640583
2026-02-16 01:15:00+01:00,-250.0,250.0,58118.25228571434,58153.57177142862,13.499847339640583
2026-02-16 01:30:00+01:00,-250.0,250.0,58152.066857142905,58179.50228571434,13.499847339640583
2026-02-16 01:45:00+01:00,-250.0,250.0,58188.3117551021,58213.31685714291,13.499847339640583
2026-02-16 02:00:00+01:00,-250.0,250.0,58224.556653061285,58249.5617551021,13.499847339640583
2026-02-16 02:15:00+01:00,-250.0,250.0,58260.801551020464,58285.806653061285,13.499847339640583
2026-02-16 02:30:00+01:00,-200.0,200.0,58297.04644897965,58322.051551020464,10.756582033518132
2026-02-16 02:45:00+01:00,-250.0,250.0,58321.04134693884,58346.04644897965,54.64048873905749
2026-02-16 03:00:00+01:00,-250.0,250.0,58357.286244898016,58382.29134693884,54.64048873905749
2026-02-16 03:15:00+01:00,-250.0,250.0,58393.531142857195,58418.536244898016,54.64048873905749
2026-02-16 03:30:00+01:00,-300.0,300.0,58429.77604081638,58454.781142857195,127.07436629007786
2026-02-16 03:45:00+01:00,-350.0,350.0,58478.27093877557,58503.27604081638,243.12810778667654
2026-02-16 04:00:00+01:00,-300.0,300.0,58539.015836734754,58564.02093877557,242.89170957147647
2026-02-16 04:15:00+01:00,-300.0,300.0,58587.51073469394,58612.515836734754,242.89170957147647
2026-02-16 04:30:00+01:00,-200.0,200.0,58636.00563265312,58661.01073469394,10.9908747804172
2026-02-16 04:45:00+01:00,-200.0,200.0,58634.995428571485,58685.00563265312,10.9908747804172
2026-02-16 05:00:00+01:00,-150.0,150.0,58658.99032653067,58683.995428571485,0.6506384753688609
2026-02-16 05:15:00+01:00,-150.0,150.0,58645.73012244904,58695.74032653067,0.6506384753688609
2026-02-16 05:30:00+01:00,-150.0,150.0,58657.47502040822,58682.48012244904,0.6506384753688609
2026-02-16 05:45:00+01:00,-200.0,200.0,58644.214816326596,58694.22502040822,61.469413985572935
2026-02-16 06:00:00+01:00,-150.0,150.0,58668.209714285775,58693.214816326596,0.6506384753688609
2026-02-16 06:15:00+01:00,-150.0,150.0,58654.94951020414,58704.959714285775,0.6506384753688609
2026-02-16 06:30:00+01:00,-200.0,200.0,58666.69440816333,58691.69951020414,5.169499914681429
2026-02-16 06:45:00+01:00,-200.0,200.0,58640.67910204088,58715.69440816333,5.169499914681429
2026-02-16 07:00:00+01:00,-200.0,200.0,58688.60677551026,58689.67910204088,5.169499914681429
2026-02-16 07:15:00+01:00,-250.0,250.0,58662.591469387815,58737.60677551026,35.52052032284467
2026-02-16 07:30:00+01:00,-250.0,250.0,58723.841469387815,58723.841469387815,35.52052032284467
2026-02-16 07:45:00+01:00,-250.0,250.0,58710.07616326536,58785.091469387815,8.860936815972558
2026-02-16 08:00:00+01:00,-250.0,250.0,58746.321061224546,58771.32616326536,8.860936815972558
2026-02-16 08:15:00+01:00,-350.0,350.0,58732.555755102105,58807.571061224546,44.50176825966114
2026-02-16 08:30:00+01:00,-400.0,400.0,58768.29555102047,58818.305755102105,50.65297192480067
2026-02-16 08:45:00+01:00,-400.0,400.0,58766.275142857194,58866.29555102047,50.65297192480067
2026-02-16 09:00:00+01:00,-450.0,450.0,58814.26493877556,58864.275142857194,70.88698553024281
2026-02-16 09:15:00+01:00,-450.0,450.0,58825.91634285719,58924.51493877556,70.88698553024281
2026-02-16 09:30:00+01:00,-450.0,450.0,58886.156138775565,58936.16634285719,70.88698553024281
2026-02-16 09:45:00+01:00,-350.0,350.0,58921.390832653124,58996.406138775565,22.27671342139931
2026-02-16 10:00:00+01:00,-350.0,350.0,58957.130628571475,59007.140832653124,22.27671342139931
2026-02-16 10:15:00+01:00,-350.0,350.0,58967.865322449026,59042.880628571475,22.27671342139931
2026-02-16 10:30:00+01:00,-350.0,350.0,59003.6051183674,59053.615322449026,28.624479725206847
2026-02-16 10:45:00+01:00,-350.0,350.0,58989.33471020414,59089.3551183674,28.624479725206847
2026-02-16 11:00:00+01:00,-400.0,400.0,59025.0745061225,59075.08471020414,49.65618040547895
2026-02-16 11:15:00+01:00,-400.0,400.0,59023.05409795924,59123.0745061225,161.87201284371739
2026-02-16 11:30:00+01:00,-500.0,500.0,59071.0438938776,59121.05409795924,182.11575434031602
2026-02-16 11:45:00+01:00,-450.0,450.0,59057.70958367352,59193.5438938776,161.0840536600439
2026-02-16 12:00:00+01:00,-450.0,450.0,59117.94937959189,59167.95958367352,161.0840536600439
2026-02-16 12:15:00+01:00,-450.0,450.0,59118.86807346944,59228.19937959189,161.0840536600439
2026-02-16 12:30:00+01:00,-400.0,400.0,59179.10786938781,59229.11807346944,44.349359782492925
2026-02-16 12:45:00+01:00,-400.0,400.0,59177.08746122454,59277.10786938781,44.349359782492925
2026-02-16 13:00:00+01:00,-350.0,350.0,59225.077257142904,59275.08746122454,33.68759107500993
2026-02-16 13:15:00+01:00,-350.0,350.0,59210.80684897964,59310.827257142904,33.68759107500993
2026-02-16 13:30:00+01:00,-350.0,350.0,59246.546644898015,59296.55684897964,33.68759107500993
2026-02-16 13:45:00+01:00,-350.0,350.0,59232.276236734746,59332.296644898015,33.68759107500993
2026-02-16 14:00:00+01:00,-400.0,400.0,59291.018457142905,59318.026236734746,46.00310127909157
2026-02-16 14:15:00+01:00,-450.0,450.0,59287.732448979645,59389.018457142905,56.42167270766299
2026-02-16 14:30:00+01:00,-400.0,400.0,59356.658946938835,59397.982448979645,46.83969991854735
2026-02-16 14:45:00+01:00,-400.0,400.0,59374.83566530618,59454.658946938835,46.83969991854735
2026-02-16 15:00:00+01:00,-400.0,400.0,59447.83056326536,59472.83566530618,46.83969991854735
2026-02-16 15:15:00+01:00,-400.0,400.0,59470.81525714291,59545.83056326536,46.83969991854735
2026-02-16 15:30:00+01:00,-400.0,400.0,59543.810155102095,59568.81525714291,46.83969991854735
2026-02-16 15:45:00+01:00,-350.0,350.0,59566.79484897965,59641.810155102095,34.52418971446571
2026-02-16 16:00:00+01:00,-350.0,350.0,59629.639281632706,59652.54484897965,34.52418971446571
2026-02-16 16:15:00+01:00,-300.0,300.0,59657.59720000005,59715.389281632706,24.105618285894277
2026-02-16 16:30:00+01:00,-300.0,300.0,59731.09720000005,59731.09720000005,24.105618285894277
2026-02-16 16:45:00+01:00,-300.0,300.0,59754.58699591842,59804.59720000005,24.105618285894277
2026-02-16 17:00:00+01:00,-350.0,350.0,59828.08699591842,59828.08699591842,31.819835972969106
2026-02-16 17:15:00+01:00,-350.0,350.0,59838.821689795965,59913.83699591842,31.819835972969106
2026-02-16 17:30:00+01:00,-350.0,350.0,59924.571689795965,59924.571689795965,31.819835972969106
2026-02-16 17:45:00+01:00,-450.0,450.0,59935.30638367352,60010.321689795965,56.396542322175456
2026-02-16 18:00:00+01:00,-450.0,450.0,60020.5512816327,60045.55638367352,56.396542322175456
2026-02-16 18:15:00+01:00,-450.0,450.0,60074.5204816327,60130.8012816327,56.396542322175456
2026-02-16 18:30:00+01:00,-500.0,500.0,60163.589583673514,60184.7704816327,64.83062395482851
2026-02-16 18:45:00+01:00,-500.0,500.0,60211.074277551066,60286.089583673514,64.83062395482851
2026-02-16 19:00:00+01:00,-500.0,500.0,60333.574277551066,60333.574277551066,64.83062395482851
2026-02-16 19:15:00+01:00,-500.0,500.0,60391.223175510255,60456.074277551066,64.83062395482851
2026-02-16 19:30:00+01:00,-500.0,500.0,60513.723175510255,60513.723175510255,64.83062395482851
2026-02-16 19:45:00+01:00,-500.0,500.0,60586.21297142862,60636.223175510255,64.83062395482851
2026-02-16 20:00:00+01:00,-350.0,350.0,60708.71297142862,60708.71297142862,46.161477302970496
2026-02-16 20:15:00+01:00,-350.0,350.0,60744.452767346986,60794.46297142862,46.161477302970496
2026-02-16 20:30:00+01:00,-350.0,350.0,60830.202767346986,60830.202767346986,46.161477302970496
2026-02-16 20:45:00+01:00,-400.0,400.0,60865.94256326536,60915.952767346986,143.65608996436157
2026-02-16 21:00:00+01:00,-300.0,300.0,60963.94256326536,60963.94256326536,46.56200833170853
2026-02-16 21:15:00+01:00,-350.0,350.0,60987.432359183724,61037.44256326536,66.44581785551804
2026-02-16 21:30:00+01:00,-350.0,350.0,61073.182359183724,61073.182359183724,66.44581785551804
2026-02-16 21:45:00+01:00,-200.0,200.0,61108.92215510209,61158.932359183724,26.882214302985915
2026-02-16 22:00:00+01:00,-150.0,150.0,61157.92215510209,61157.92215510209,6.998404779176396
2026-02-16 22:15:00+01:00,-150.0,150.0,61144.661951020455,61194.67215510209,6.998404779176396
2026-02-16 22:30:00+01:00,-150.0,150.0,61181.411951020455,61181.411951020455,195.0689404934621
2026-02-16 22:45:00+01:00,-150.0,150.0,61168.15174693882,61218.161951020455,195.0689404934621
2026-02-16 23:00:00+01:00,-200.0,200.0,61204.90174693882,61204.90174693882,225.38104933699952
2026-02-16 23:15:00+01:00,-150.0,150.0,61203.89154285719,61253.90174693882,30.82322620774784
2026-02-16 23:30:00+01:00,-150.0,150.0,61240.64154285719,61240.64154285719,30.82322620774784
2026-02-16 23:45:00+01:00,-100.0,100.0,61227.38133877556,61277.39154285719,0.5111173642104099
2026-02-17 00:00:00+01:00,-100.0,100.0,61251.88133877556,61251.88133877556,0.5111173642104099
2026-02-17 00:15:00+01:00,-150.0,150.0,61226.37113469392,61276.38133877556,15.07111736421041
2026-02-17 00:30:00+01:00,-150.0,150.0,61263.12113469392,61263.12113469392,15.07111736421041
2026-02-17 00:45:00+01:00,-200.0,200.0,61249.860930612296,61299.87113469392,66.95968879278185
2026-02-17 01:00:00+01:00,-200.0,200.0,61298.860930612296,61298.860930612296,66.95968879278185
2026-02-17 01:15:00+01:00,-200.0,200.0,61297.85072653066,61347.860930612296,66.95968879278185
2026-02-17 01:30:00+01:00,-200.0,200.0,61346.85072653066,61346.85072653066,66.95968879278185
2026-02-17 01:45:00+01:00,-150.0,150.0,61345.84052244903,61395.85072653066,15.07111736421041
2026-02-17 02:00:00+01:00,-150.0,150.0,61382.59052244903,61382.59052244903,15.07111736421041
2026-02-17 02:15:00+01:00,-200.0,200.0,61369.3303183674,61419.34052244903,30.921500017271637
2026-02-17 02:30:00+01:00,-200.0,200.0,61418.3303183674,61418.3303183674,30.921500017271637
2026-02-17 02:45:00+01:00,-200.0,200.0,61417.32011428576,61467.3303183674,30.921500017271637
2026-02-17 03:00:00+01:00,-150.0,150.0,61466.32011428576,61466.32011428576,16.361500017271634
2026-02-17 03:15:00+01:00,-200.0,200.0,61453.05991020413,61503.07011428576,95.21578573155733
2026-02-17 03:30:00+01:00,-250.0,250.0,61502.05991020413,61502.05991020413,105.13823471114917
2026-02-17 03:45:00+01:00,-250.0,250.0,61498.14370612249,61563.30991020413,105.13823471114917
2026-02-17 04:00:00+01:00,-250.0,250.0,61559.39370612249,61559.39370612249,165.84027552747568
2026-02-17 04:15:00+01:00,-200.0,200.0,61570.63350204086,61620.64370612249,26.28394899686346
2026-02-17 04:30:00+01:00,-200.0,200.0,61619.63350204086,61619.63350204086,26.28394899686346
2026-02-17 04:45:00+01:00,-200.0,200.0,61618.62329795923,61668.63350204086,26.28394899686346
2026-02-17 05:00:00+01:00,-150.0,150.0,61667.62329795923,61667.62329795923,16.361500017271634
2026-02-17 05:15:00+01:00,-150.0,150.0,61654.3630938776,61704.37329795923,16.361500017271634
2026-02-17 05:30:00+01:00,-150.0,150.0,61691.1130938776,61691.1130938776,16.361500017271634
2026-02-17 05:45:00+01:00,-150.0,150.0,61677.85288979596,61727.8630938776,16.361500017271634
2026-02-17 06:00:00+01:00,-200.0,200.0,61714.60288979596,61714.60288979596,24.678846956047142
2026-02-17 06:15:00+01:00,-200.0,200.0,61688.58758367352,61763.60288979596,16.501117364210405
2026-02-17 06:30:00+01:00,-200.0,200.0,61712.58248163271,61737.58758367352,16.501117364210405
2026-02-17 06:45:00+01:00,-200.0,200.0,61695.58737959189,61761.58248163271,16.501117364210405
2026-02-17 07:00:00+01:00,-200.0,200.0,61719.58227755107,61744.58737959189,16.501117364210405
2026-02-17 07:15:00+01:00,-200.0,200.0,61718.57207346943,61768.58227755107,16.501117364210405
2026-02-17 07:30:00+01:00,-200.0,200.0,61765.543477551066,61767.57207346943,16.501117364210405
2026-02-17 07:45:00+01:00,-200.0,200.0,61764.53327346944,61814.543477551066,16.501117364210405
2026-02-17 08:00:00+01:00,-200.0,200.0,61813.53327346944,61813.53327346944,16.501117364210405
2026-02-17 08:15:00+01:00,-200.0,200.0,61812.5230693878,61862.53327346944,16.501117364210405
2026-02-17 08:30:00+01:00,-250.0,250.0,61861.5230693878,61861.5230693878,121.81168306417466
2026-02-17 08:45:00+01:00,-250.0,250.0,61847.757763265356,61922.7730693878,49.572363336283445
2026-02-17 09:00:00+01:00,-250.0,250.0,61909.007763265356,61909.007763265356,49.15360415260998
2026-02-17 09:15:00+01:00,-300.0,300.0,61870.23735510208,61970.257763265356,137.58013476485485
2026-02-17 09:30:00+01:00,-250.0,250.0,61943.73735510208,61943.73735510208,23.474403472337873
2026-02-17 09:45:00+01:00,-250.0,250.0,61894.99774693882,62004.98735510208,23.474403472337873
2026-02-17 10:00:00+01:00,-250.0,250.0,61956.24774693882,61956.24774693882,23.474403472337873
2026-02-17 10:15:00+01:00,-350.0,350.0,61917.47733877556,62017.49774693882,57.88430548684937
2026-02-17 10:30:00+01:00,-350.0,350.0,61978.22223673475,62003.22733877556,57.88430548684937
2026-02-17 10:45:00+01:00,-400.0,400.0,61963.95182857148,62063.97223673475,74.79916262970652
2026-02-17 11:00:00+01:00,-400.0,400.0,62036.94672653066,62061.95182857148,74.79916262970652
2026-02-17 11:15:00+01:00,-400.0,400.0,62034.92631836739,62134.94672653066,74.79916262970652
2026-02-17 11:30:00+01:00,-350.0,350.0,62107.92121632658,62132.92631836739,63.57074426235958
2026-02-17 11:45:00+01:00,-350.0,350.0,62093.650808163315,62193.67121632658,63.57074426235958
2026-02-17 12:00:00+01:00,-350.0,350.0,62154.3957061225,62179.400808163315,83.31058099705345
2026-02-17 12:15:00+01:00,-350.0,350.0,62140.125297959225,62240.1457061225,83.31058099705345
2026-02-17 12:30:00+01:00,-350.0,350.0,62200.8701959184,62225.875297959225,83.31058099705345
2026-02-17 12:45:00+01:00,-350.0,350.0,62186.59978775515,62286.6201959184,83.31058099705345
2026-02-17 13:00:00+01:00,-350.0,350.0,62247.344685714335,62272.34978775515,47.45573594792269
2026-02-17 13:15:00+01:00,-400.0,400.0,62208.06917551025,62333.094685714335,119.88961349894309
2026-02-17 13:30:00+01:00,-400.0,400.0,62281.06407346943,62306.06917551025,119.88961349894309
2026-02-17 13:45:00+01:00,-400.0,400.0,62278.95920000005,62379.06407346943,119.88961349894309
2026-02-17 14:00:00+01:00,-400.0,400.0,62351.954097959235,62376.95920000005,90.20981758057574
2026-02-17 14:15:00+01:00,-450.0,450.0,62367.930612244956,62449.954097959235,151.3787971724125
2026-02-17 14:30:00+01:00,-400.0,400.0,62453.17551020414,62478.180612244956,108.62471553975944
2026-02-17 14:45:00+01:00,-350.0,350.0,62476.16020408169,62551.17551020414,47.45573594792269
2026-02-17 15:00:00+01:00,-300.0,300.0,62536.905102040866,62561.91020408169,16.736079664356627
2026-02-17 15:15:00+01:00,-300.0,300.0,62535.38979591842,62610.405102040866,16.736079664356627
2026-02-17 15:30:00+01:00,-250.0,250.0,62583.884693877604,62608.88979591842,16.2653887022575
2026-02-17 15:45:00+01:00,-250.0,250.0,62570.119387755156,62645.134693877604,16.2653887022575
2026-02-17 16:00:00+01:00,-250.0,250.0,62606.36428571434,62631.369387755156,16.2653887022575
2026-02-17 16:15:00+01:00,-250.0,250.0,62592.59897959189,62667.61428571434,16.2653887022575
2026-02-17 16:30:00+01:00,-250.0,250.0,62628.843877551066,62653.84897959189,16.2653887022575
2026-02-17 16:45:00+01:00,-250.0,250.0,62615.078571428625,62690.093877551066,16.2653887022575
2026-02-17 17:00:00+01:00,-300.0,300.0,62651.32346938781,62676.328571428625,101.94865400837996
2026-02-17 17:15:00+01:00,-350.0,350.0,62651.95720000006,62724.82346938781,643.626817273686
2026-02-17 17:30:00+01:00,-350.0,350.0,62712.70209795924,62737.70720000006,76.13083087912827
2026-02-17 17:45:00+01:00,-300.0,300.0,62748.4418938776,62798.45209795924,32.442871695454784
2026-02-17 18:00:00+01:00,-350.0,350.0,62796.936791836786,62821.9418938776,240.05552475667926
2026-02-17 18:15:00+01:00,-300.0,300.0,62832.67658775516,62882.686791836786,32.442871695454784
2026-02-17 18:30:00+01:00,-300.0,300.0,62883.21382040822,62906.17658775516,32.442871695454784
2026-02-17 18:45:00+01:00,-350.0,350.0,62906.70361632659,62956.71382040822,64.51572883831192
2026-02-17 19:00:00+01:00,-350.0,350.0,62992.45361632659,62992.45361632659,64.51572883831192
2026-02-17 19:15:00+01:00,-350.0,350.0,63028.19341224495,63078.20361632659,64.51572883831192
2026-02-17 19:30:00+01:00,-350.0,350.0,63113.94341224495,63113.94341224495,64.51572883831192
2026-02-17 19:45:00+01:00,-350.0,350.0,63149.683208163326,63199.69341224495,64.51572883831192
2026-02-17 20:00:00+01:00,-400.0,400.0,63235.433208163326,63235.433208163326,148.79817781790373
2026-02-17 20:15:00+01:00,-300.0,300.0,63283.423004081684,63333.433208163326,32.442871695454784
2026-02-17 20:30:00+01:00,-300.0,300.0,63356.923004081684,63356.923004081684,32.442871695454784
2026-02-17 20:45:00+01:00,-350.0,350.0,63380.41280000006,63430.423004081684,66.56831387232553
2026-02-17 21:00:00+01:00,-350.0,350.0,63466.16280000006,63466.16280000006,66.56831387232553
2026-02-17 21:15:00+01:00,-350.0,350.0,63501.90259591843,63551.91280000006,66.56831387232553
2026-02-17 21:30:00+01:00,-250.0,250.0,63587.65259591843,63587.65259591843,25.18897781790376
2026-02-17 21:45:00+01:00,-300.0,300.0,63598.89239183679,63648.90259591843,27.42778248262679
2026-02-17 22:00:00+01:00,-250.0,250.0,63647.38728979597,63672.39239183679,11.250299489429516
2026-02-17 22:15:00+01:00,-250.0,250.0,63658.627085714346,63708.63728979597,11.250299489429516
2026-02-17 22:30:00+01:00,-250.0,250.0,63694.871983673525,63719.877085714346,104.83896532310992
2026-02-17 22:45:00+01:00,-200.0,200.0,63706.1117795919,63756.121983673525,100.35799145988041
2026-02-17 23:00:00+01:00,-200.0,200.0,63730.106677551084,63755.1117795919,100.35799145988041
2026-02-17 23:15:00+01:00,-200.0,200.0,63729.09647346944,63779.106677551084,100.35799145988041
2026-02-17 23:30:00+01:00,-200.0,200.0,63753.09137142863,63778.09647346944,100.35799145988041
2026-02-17 23:45:00+01:00,-250.0,250.0,63752.081167347,63802.09137142863,120.59978737824775
2026-02-18 00:00:00+01:00,-200.0,200.0,63788.32606530618,63813.331167347,23.320875813621917
2026-02-18 00:15:00+01:00,-200.0,200.0,63787.315861224546,63837.32606530618,23.320875813621917
2026-02-18 00:30:00+01:00,-200.0,200.0,63811.31075918373,63836.315861224546,23.320875813621917
2026-02-18 00:45:00+01:00,-250.0,250.0,63810.3005551021,63860.31075918373,73.34169214015252
2026-02-18 01:00:00+01:00,-250.0,250.0,63846.54545306128,63871.5505551021,73.34169214015252
2026-02-18 01:15:00+01:00,-250.0,250.0,63857.78524897965,63907.79545306128,73.34169214015252
2026-02-18 01:30:00+01:00,-250.0,250.0,63894.030146938836,63919.03524897965,73.34169214015252
2026-02-18 01:45:00+01:00,-200.0,200.0,63905.269942857194,63955.280146938836,23.320875813621917
2026-02-18 02:00:00+01:00,-200.0,200.0,63929.26484081638,63954.269942857194,23.320875813621917
2026-02-18 02:15:00+01:00,-200.0,200.0,63928.25463673475,63978.26484081638,80.78547445307768
2026-02-18 02:30:00+01:00,-200.0,200.0,63952.24953469393,63977.25463673475,80.78547445307768
2026-02-18 02:45:00+01:00,-250.0,250.0,63951.239330612305,64001.24953469393,87.71173295647904
2026-02-18 03:00:00+01:00,-250.0,250.0,63962.47912653068,64012.489330612305,60.91139282042466
2026-02-18 03:15:00+01:00,-250.0,250.0,63973.718922449036,64023.72912653068,60.91139282042466
2026-02-18 03:30:00+01:00,-250.0,250.0,63985.80852244903,64034.968922449036,60.91139282042466
2026-02-18 03:45:00+01:00,-300.0,300.0,63997.0483183674,64047.05852244903,156.71166492926818
2026-02-18 04:00:00+01:00,-350.0,350.0,64045.54321632658,64070.5483183674,241.6945220721253
2026-02-18 04:15:00+01:00,-300.0,300.0,64081.283012244945,64131.29321632658,156.71166492926818
2026-02-18 04:30:00+01:00,-200.0,200.0,64129.77791020413,64154.783012244945,10.005338398655937
2026-02-18 04:45:00+01:00,-200.0,200.0,64128.7677061225,64178.77791020413,10.005338398655937
2026-02-18 05:00:00+01:00,-150.0,150.0,64152.76260408168,64177.767706122504,3.0790798952545737
2026-02-18 05:15:00+01:00,-150.0,150.0,64139.502400000056,64189.51260408168,3.0790798952545737
2026-02-18 05:30:00+01:00,-200.0,200.0,64151.24729795924,64176.252400000056,18.004907559653667
2026-02-18 05:45:00+01:00,-200.0,200.0,64150.23709387761,64200.24729795924,18.004907559653667
2026-02-18 06:00:00+01:00,-250.0,250.0,64176.96792653067,64199.23709387761,58.66749259366728
2026-02-18 06:15:00+01:00,-300.0,300.0,64188.207722449035,64238.21792653067,66.13402320591217
2026-02-18 06:30:00+01:00,-300.0,300.0,64236.702620408214,64261.707722449035,66.13402320591217
2026-02-18 06:45:00+01:00,-250.0,250.0,64260.192416326594,64310.20262040822,25.471438171898562
2026-02-18 07:00:00+01:00,-250.0,250.0,64296.43731428577,64321.442416326594,25.471438171898562
2026-02-18 07:15:00+01:00,-250.0,250.0,64307.67711020413,64357.68731428577,25.471438171898562
2026-02-18 07:30:00+01:00,-300.0,300.0,64354.810914285765,64368.92711020413,27.530711131082235
2026-02-18 07:45:00+01:00,-300.0,300.0,64374.73148571434,64428.310914285765,27.530711131082235
2026-02-18 08:00:00+01:00,-350.0,350.0,64448.23148571434,64448.23148571434,32.66919941528481
2026-02-18 08:15:00+01:00,-300.0,300.0,64458.966179591895,64533.98148571434,30.430394750561774
2026-02-18 08:30:00+01:00,-300.0,300.0,64532.466179591895,64532.466179591895,30.430394750561774
2026-02-18 08:45:00+01:00,-350.0,350.0,64530.95087346944,64605.966179591895,38.6377416893373
2026-02-18 09:00:00+01:00,-400.0,400.0,64591.69577142862,64616.70087346944,43.240115083139266
2026-02-18 09:15:00+01:00,-450.0,450.0,64589.67536326536,64689.69577142862,649.4314907445148
2026-02-18 09:30:00+01:00,-350.0,350.0,64674.92026122455,64699.92536326536,58.291490744514924
2026-02-18 09:45:00+01:00,-400.0,400.0,64660.64985306127,64760.67026122455,78.2142118329503
2026-02-18 10:00:00+01:00,-350.0,350.0,64733.64475102046,64758.64985306127,63.288384168551225
2026-02-18 10:15:00+01:00,-300.0,300.0,64719.3743428572,64819.39475102046,39.97062906651039
2026-02-18 10:30:00+01:00,-250.0,250.0,64767.86924081638,64792.8743428572,20.047907978075003
2026-02-18 10:45:00+01:00,-350.0,350.0,64729.098832653115,64829.11924081638,44.77628512093215
2026-02-18 11:00:00+01:00,-350.0,350.0,64764.83862857149,64814.848832653115,44.77628512093215
2026-02-18 11:15:00+01:00,-400.0,400.0,64750.56822040821,64850.58862857149,161.51097899848315
2026-02-18 11:30:00+01:00,-450.0,450.0,64798.55801632658,64848.56822040821,198.01002661753077
2026-02-18 11:45:00+01:00,-400.0,400.0,64808.78760816332,64908.80801632658,173.75839396446955
2026-02-18 12:00:00+01:00,-400.0,400.0,64856.77740408169,64906.78760816332,173.75839396446955
2026-02-18 12:15:00+01:00,-350.0,350.0,64854.75699591842,64954.77740408169,137.25934634542193
2026-02-18 12:30:00+01:00,-350.0,350.0,64890.49679183679,64940.50699591842,106.55812185562601
2026-02-18 12:45:00+01:00,-350.0,350.0,64876.22638367352,64976.24679183679,65.42859804610222
2026-02-18 13:00:00+01:00,-350.0,350.0,64918.25849795923,64961.97638367352,65.42859804610222
2026-02-18 13:15:00+01:00,-350.0,350.0,64903.988089795974,65004.00849795923,65.42859804610222
2026-02-18 13:30:00+01:00,-300.0,300.0,64964.73298775516,64989.738089795974,20.524652467870922
2026-02-18 13:45:00+01:00,-300.0,300.0,64938.212579591884,65038.23298775516,20.524652467870922
2026-02-18 14:00:00+01:00,-300.0,300.0,64986.70747755106,65011.712579591884,20.524652467870922
2026-02-18 14:15:00+01:00,-350.0,350.0,64982.83729795923,65060.20747755106,107.20016267195257
2026-02-18 14:30:00+01:00,-300.0,300.0,65043.58219591842,65068.58729795923,20.524652467870922
2026-02-18 14:45:00+01:00,-300.0,300.0,65042.06688979598,65117.08219591842,20.524652467870922
2026-02-18 15:00:00+01:00,-300.0,300.0,65090.56178775516,65115.56688979598,20.524652467870922
2026-02-18 15:15:00+01:00,-350.0,350.0,65089.0464816327,65164.06178775516,62.695060631136236
2026-02-18 15:30:00+01:00,-300.0,300.0,65149.79137959188,65174.7964816327,60.63578767195256
2026-02-18 15:45:00+01:00,-250.0,250.0,65158.7865061225,65223.29137959188,18.46537950868725
2026-02-18 16:00:00+01:00,-250.0,250.0,65195.03140408169,65220.0365061225,18.46537950868725
2026-02-18 16:15:00+01:00,-300.0,300.0,65206.271200000054,65256.28140408169,18.670072437021375
2026-02-18 16:30:00+01:00,-300.0,300.0,65229.76099591843,65279.771200000054,18.670072437021375
2026-02-18 16:45:00+01:00,-300.0,300.0,65253.25079183679,65303.26099591843,18.670072437021375
2026-02-18 17:00:00+01:00,-400.0,400.0,65276.74058775515,65326.75079183679,48.589040300028664
2026-02-18 17:15:00+01:00,-400.0,400.0,65306.869616326585,65374.74058775515,48.589040300028664
2026-02-18 17:30:00+01:00,-400.0,400.0,65354.85941224496,65404.869616326585,48.589040300028664
2026-02-18 17:45:00+01:00,-350.0,350.0,65402.84920816332,65452.85941224496,28.413394041525244
2026-02-18 18:00:00+01:00,-450.0,450.0,65438.58900408169,65488.59920816332,628.1456661503687
2026-02-18 18:15:00+01:00,-400.0,400.0,65498.828800000054,65548.83900408167,44.47219676261369
2026-02-18 18:30:00+01:00,-400.0,400.0,65546.81859591842,65596.82880000005,44.47219676261369
2026-02-18 18:45:00+01:00,-450.0,450.0,65616.48400000005,65644.81859591842,87.51811512996063
2026-02-18 19:00:00+01:00,-450.0,450.0,65676.72379591843,65726.73400000005,87.51811512996063
2026-02-18 19:15:00+01:00,-400.0,400.0,65761.9686938776,65786.97379591843,44.47219676261369
2026-02-18 19:30:00+01:00,-400.0,400.0,65809.95848979597,65859.9686938776,44.47219676261369
2026-02-18 19:45:00+01:00,-400.0,400.0,65882.95338775516,65907.95848979597,44.47219676261369
2026-02-18 20:00:00+01:00,-500.0,500.0,65930.94318367353,65980.95338775516,69.78664574220552
2026-02-18 20:15:00+01:00,-500.0,500.0,66003.4329795919,66053.44318367353,69.78664574220552
2026-02-18 20:30:00+01:00,-500.0,500.0,66075.92277551026,66125.9329795919,69.78664574220552
2026-02-18 20:45:00+01:00,-500.0,500.0,66150.44517551025,66198.42277551026,69.78664574220552
2026-02-18 21:00:00+01:00,-500.0,500.0,66222.9349714286,66272.94517551025,69.78664574220552
2026-02-18 21:15:00+01:00,-450.0,450.0,66320.42986938781,66345.43497142862,52.52158451771573
2026-02-18 21:30:00+01:00,-400.0,400.0,66380.66966530618,66430.67986938781,47.38309623351315
2026-02-18 21:45:00+01:00,-350.0,350.0,66453.66456326537,66478.66966530618,169.03531392058795
2026-02-18 22:00:00+01:00,-350.0,350.0,66489.40435918374,66539.41456326537,169.03531392058795
2026-02-18 22:15:00+01:00,-350.0,350.0,66550.14925714291,66575.15435918373,169.03531392058795
2026-02-18 22:30:00+01:00,-300.0,300.0,66585.88905306128,66635.89925714291,164.43294052678598
2026-02-18 22:45:00+01:00,-200.0,200.0,66634.38395102047,66659.38905306128,10.465185424745197
2026-02-18 23:00:00+01:00,-200.0,200.0,66633.37374693883,66683.38395102047,10.465185424745197
2026-02-18 23:15:00+01:00,-250.0,250.0,66657.36864489802,66682.37374693883,26.795072046060394
2026-02-18 23:30:00+01:00,-250.0,250.0,66668.60844081639,66718.61864489802,26.795072046060394
2026-02-18 23:45:00+01:00,-250.0,250.0,66704.85333877556,66729.85844081639,26.795072046060394
2026-02-19 00:00:00+01:00,-250.0,250.0,66716.09313469393,66766.10333877556,26.795072046060394
2026-02-19 00:15:00+01:00,-200.0,200.0,66752.33803265312,66777.34313469393,17.051750441556525
2026-02-19 00:30:00+01:00,-200.0,200.0,66751.32782857149,66801.33803265312,17.051750441556525
2026-02-19 00:45:00+01:00,-200.0,200.0,66775.32272653068,66800.32782857149,17.051750441556525
2026-02-19 01:00:00+01:00,-200.0,200.0,66774.31252244904,66824.32272653066,17.051750441556525
2026-02-19 01:15:00+01:00,-250.0,250.0,66798.30742040822,66823.31252244904,31.2544715299919
2026-02-19 01:30:00+01:00,-200.0,200.0,66809.54721632658,66859.55742040822,14.924584908676703
2026-02-19 01:45:00+01:00,-250.0,250.0,66833.54211428577,66858.54721632658,110.64703388826852
2026-02-19 02:00:00+01:00,-250.0,250.0,66844.78191020412,66894.79211428577,110.64703388826852
2026-02-19 02:15:00+01:00,-250.0,250.0,66881.02680816331,66906.03191020412,110.64703388826852
2026-02-19 02:30:00+01:00,-200.0,200.0,66892.26660408168,66942.27680816331,14.924584908676703
2026-02-19 02:45:00+01:00,-150.0,150.0,66916.26150204087,66941.26660408168,0.7218638202413276
2026-02-19 03:00:00+01:00,-150.0,150.0,66903.00129795924,66953.01150204087,0.7218638202413276
2026-02-19 03:15:00+01:00,-200.0,200.0,66914.74619591843,66939.75129795924,23.412169942690316
2026-02-19 03:30:00+01:00,-250.0,250.0,66913.7359918368,66963.74619591843,56.185435248812766
2026-02-19 03:45:00+01:00,-250.0,250.0,66949.98088979599,66974.9859918368,56.185435248812766
2026-02-19 04:00:00+01:00,-250.0,250.0,66961.22068571436,67011.23088979599,56.185435248812766
2026-02-19 04:15:00+01:00,-300.0,300.0,66997.46558367353,67022.47068571436,303.66298626922094
2026-02-19 04:30:00+01:00,-250.0,250.0,67020.95537959188,67070.96558367353,56.185435248812766
2026-02-19 04:45:00+01:00,-250.0,250.0,67057.20027755106,67082.20537959188,56.185435248812766
2026-02-19 05:00:00+01:00,-200.0,200.0,67068.44007346944,67118.45027755106,23.412169942690316
2026-02-19 05:15:00+01:00,-150.0,150.0,67092.43497142862,67117.44007346944,0.7218638202413276
2026-02-19 05:30:00+01:00,-150.0,150.0,67079.174767347,67129.18497142862,0.7218638202413276
2026-02-19 05:45:00+01:00,-150.0,150.0,67090.91966530618,67115.924767347,0.7218638202413276
2026-02-19 06:00:00+01:00,-150.0,150.0,67077.65946122455,67127.66966530618,0.7218638202413276
2026-02-19 06:15:00+01:00,-150.0,150.0,67089.40435918374,67114.40946122455,0.7218638202413276
2026-02-19 06:30:00+01:00,-200.0,200.0,67076.14415510211,67126.15435918374,8.367986269220921
2026-02-19 06:45:00+01:00,-250.0,250.0,67075.13395102049,67125.14415510211,13.537080433202306
2026-02-19 07:00:00+01:00,-300.0,300.0,67061.368644898,67136.38395102049,20.72112805224993
2026-02-19 07:15:00+01:00,-300.0,300.0,67059.85333877556,67134.868644898,20.72112805224993
2026-02-19 07:30:00+01:00,-300.0,300.0,67058.3380326531,67133.35333877555,20.72112805224993
2026-02-19 07:45:00+01:00,-300.0,300.0,67079.5132326531,67131.8380326531,20.72112805224993
2026-02-19 08:00:00+01:00,-350.0,350.0,67077.99792653066,67153.0132326531,41.41818927673973
2026-02-19 08:15:00+01:00,-450.0,450.0,67126.23742857148,67163.74792653066,666.4040668277601
2026-02-19 08:30:00+01:00,-450.0,450.0,67161.47212244903,67236.48742857149,88.22508723592338
2026-02-19 08:45:00+01:00,-450.0,450.0,67221.71191836742,67271.72212244905,88.22508723592338
2026-02-19 09:00:00+01:00,-450.0,450.0,67256.94661224497,67331.96191836741,88.22508723592338
2026-02-19 09:15:00+01:00,-350.0,350.0,67317.18640816334,67367.19661224497,59.88190356245401
2026-02-19 09:30:00+01:00,-300.0,300.0,67327.9211020409,67402.93640816334,18.569495399188703
2026-02-19 09:45:00+01:00,-300.0,300.0,67351.41089795926,67401.42110204088,18.569495399188703
2026-02-19 10:00:00+01:00,-300.0,300.0,67349.89559183677,67424.91089795924,16.90675042886014
2026-02-19 10:15:00+01:00,-300.0,300.0,67348.38028571433,67423.39559183677,16.90675042886014
2026-02-19 10:30:00+01:00,-300.0,300.0,67346.86497959189,67421.88028571432,16.90675042886014
2026-02-19 10:45:00+01:00,-300.0,300.0,67345.34967346943,67420.36497959188,16.90675042886014
2026-02-19 11:00:00+01:00,-350.0,350.0,67343.834367347,67418.84967346943,32.023893286002995
2026-02-19 11:15:00+01:00,-450.0,450.0,67354.56906122455,67429.584367347,233.44960757171728
2026-02-19 11:30:00+01:00,-400.0,400.0,67389.8037551021,67464.81906122455,148.75858716355398
2026-02-19 11:45:00+01:00,-450.0,450.0,67412.78844897966,67487.8037551021,186.98919940845195
2026-02-19 12:00:00+01:00,-450.0,450.0,67448.02314285722,67523.03844897966,186.98919940845195
2026-02-19 12:15:00+01:00,-450.0,450.0,67483.25783673475,67558.27314285722,186.98919940845195
2026-02-19 12:30:00+01:00,-350.0,350.0,67518.49253061229,67593.50783673476,136.70573002069685
2026-02-19 12:45:00+01:00,-350.0,350.0,67529.22722448985,67604.24253061229,136.70573002069685
2026-02-19 13:00:00+01:00,-300.0,300.0,67539.9619183674,67614.97722448985,16.90675042886014
2026-02-19 13:15:00+01:00,-300.0,300.0,67538.44661224494,67613.4619183674,16.90675042886014
2026-02-19 13:30:00+01:00,-300.0,300.0,67536.9313061225,67611.94661224494,16.90675042886014
2026-02-19 13:45:00+01:00,-300.0,300.0,67535.41600000006,67610.4313061225,16.90675042886014
2026-02-19 14:00:00+01:00,-300.0,300.0,67533.90069387761,67608.91600000006,16.90675042886014
2026-02-19 14:15:00+01:00,-300.0,300.0,67532.38538775516,67607.40069387761,16.90675042886014
2026-02-19 14:30:00+01:00,-300.0,300.0,67530.87008163273,67605.88538775517,16.90675042886014
2026-02-19 14:45:00+01:00,-300.0,300.0,67529.35477551028,67604.37008163272,16.90675042886014
2026-02-19 15:00:00+01:00,-300.0,300.0,67543.42180408172,67602.85477551028,16.90675042886014
2026-02-19 15:15:00+01:00,-300.0,300.0,67541.90649795925,67616.9218040817,16.90675042886014
2026-02-19 15:30:00+01:00,-350.0,350.0,67565.3962938776,67615.40649795925,28.54205655130912
2026-02-19 15:45:00+01:00,-350.0,350.0,67554.09858775514,67651.1462938776,28.54205655130912
2026-02-19 16:00:00+01:00,-350.0,350.0,67592.29060408167,67639.84858775514,28.54205655130912
2026-02-19 16:15:00+01:00,-350.0,350.0,67606.65282448985,67678.04060408167,28.54205655130912
2026-02-19 16:30:00+01:00,-350.0,350.0,67667.39772244904,67692.40282448985,28.54205655130912
2026-02-19 16:45:00+01:00,-350.0,350.0,67703.13751836741,67753.14772244902,28.54205655130912
2026-02-19 17:00:00+01:00,-400.0,400.0,67763.8824163266,67788.88751836741,46.371564354430376
2026-02-19 17:15:00+01:00,-400.0,400.0,67811.87221224495,67861.8824163266,46.371564354430376
2026-02-19 17:30:00+01:00,-400.0,400.0,67884.86711020414,67909.87221224495,46.371564354430376
2026-02-19 17:45:00+01:00,-400.0,400.0,67954.837444898,67982.86711020414,46.371564354430376
2026-02-19 18:00:00+01:00,-350.0,350.0,68027.83234285717,68052.837444898,45.89481986463446
2026-02-19 18:15:00+01:00,-400.0,400.0,68088.57724081636,68113.58234285717,629.5682892523895
2026-02-19 18:30:00+01:00,-350.0,350.0,68161.57213877555,68186.57724081636,45.89481986463446
2026-02-19 18:45:00+01:00,-350.0,350.0,68222.31703673473,68247.32213877555,45.89481986463446
2026-02-19 19:00:00+01:00,-350.0,350.0,68283.06193469392,68308.06703673473,45.89481986463446
2026-02-19 19:15:00+01:00,-400.0,400.0,68343.8068326531,68368.81193469392,46.86371782381813
2026-02-19 19:30:00+01:00,-400.0,400.0,68391.79662857148,68441.8068326531,46.86371782381813
2026-02-19 19:45:00+01:00,-400.0,400.0,68464.79152653067,68489.79662857148,46.86371782381813
2026-02-19 20:00:00+01:00,-400.0,400.0,68512.78132244904,68562.79152653067,46.86371782381813
2026-02-19 20:15:00+01:00,-400.0,400.0,68585.77622040822,68610.78132244904,46.86371782381813
2026-02-19 20:30:00+01:00,-400.0,400.0,68633.76601632658,68683.77622040822,46.86371782381813
2026-02-19 20:45:00+01:00,-400.0,400.0,68706.76091428575,68731.76601632658,46.86371782381813
2026-02-19 21:00:00+01:00,-350.0,350.0,68754.7507102041,68804.76091428574,41.69462365983674
2026-02-19 21:15:00+01:00,-300.0,300.0,68815.49560816328,68840.5007102041,23.865115856715494
2026-02-19 21:30:00+01:00,-300.0,300.0,68838.98540408166,68888.99560816328,23.865115856715494
2026-02-19 21:45:00+01:00,-250.0,250.0,68887.48030204084,68912.48540408166,18.343813207996433
2026-02-19 22:00:00+01:00,-250.0,250.0,68898.72009795922,68948.73030204084,201.2663302147991
2026-02-19 22:15:00+01:00,-250.0,250.0,68934.9649959184,68959.97009795922,201.2663302147991
2026-02-19 22:30:00+01:00,-250.0,250.0,68946.20479183678,68996.2149959184,201.2663302147991
2026-02-19 22:45:00+01:00,-200.0,200.0,68982.44968979596,69007.45479183678,6.708507085547452
2026-02-19 23:00:00+01:00,-200.0,200.0,68981.43948571433,69031.44968979596,6.708507085547452
2026-02-19 23:15:00+01:00,-200.0,200.0,69024.3836571429,69030.43948571433,6.708507085547452
2026-02-19 23:30:00+01:00,-200.0,200.0,69023.37345306123,69073.38365714288,6.708507085547452
2026-02-19 23:45:00+01:00,-200.0,200.0,69072.37345306123,69072.37345306123,6.708507085547452
2026-02-20 00:00:00+01:00,-200.0,200.0,69071.3632489796,69121.37345306123,6.708507085547452
2026-02-20 00:15:00+01:00,-200.0,200.0,69120.3632489796,69120.3632489796,6.708507085547452
2026-02-20 00:30:00+01:00,-200.0,200.0,69119.35304489799,69169.36324897961,6.708507085547452
2026-02-20 00:45:00+01:00,-250.0,250.0,69168.35304489799,69168.35304489799,72.09939143928895
2026-02-20 01:00:00+01:00,-250.0,250.0,69179.59284081636,69229.60304489799,139.09714654132972
2026-02-20 01:15:00+01:00,-250.0,250.0,69240.84284081636,69240.84284081636,139.09714654132972
2026-02-20 01:30:00+01:00,-200.0,200.0,69252.08263673473,69302.09284081636,73.70626218758827
2026-02-20 01:45:00+01:00,-200.0,200.0,69301.08263673473,69301.08263673473,73.70626218758827
2026-02-20 02:00:00+01:00,-150.0,150.0,69300.07243265309,69350.08263673473,1.214017289629083
2026-02-20 02:15:00+01:00,-150.0,150.0,69336.82243265309,69336.82243265309,1.214017289629083
2026-02-20 02:30:00+01:00,-200.0,200.0,69323.56222857145,69373.57243265309,33.97932341207807
2026-02-20 02:45:00+01:00,-200.0,200.0,69372.56222857143,69372.56222857143,33.97932341207807
2026-02-20 03:00:00+01:00,-200.0,200.0,69371.5520244898,69421.56222857143,33.97932341207807
2026-02-20 03:15:00+01:00,-200.0,200.0,69420.5520244898,69420.5520244898,33.97932341207807
2026-02-20 03:30:00+01:00,-200.0,200.0,69419.54182040818,69469.5520244898,33.97932341207807
2026-02-20 03:45:00+01:00,-300.0,300.0,69468.54182040818,69468.54182040818,194.27356831003726
2026-02-20 04:00:00+01:00,-300.0,300.0,69492.03161632655,69542.04182040818,194.27356831003726
2026-02-20 04:15:00+01:00,-250.0,250.0,69565.53161632655,69565.53161632655,94.26111933044542
2026-02-20 04:30:00+01:00,-250.0,250.0,69576.77141224493,69626.78161632655,94.26111933044542
2026-02-20 04:45:00+01:00,-250.0,250.0,69638.02141224493,69638.02141224493,94.26111933044542
2026-02-20 05:00:00+01:00,-200.0,200.0,69649.26120816327,69699.27141224493,33.97932341207807
2026-02-20 05:15:00+01:00,-150.0,150.0,69698.26120816327,69698.26120816327,1.214017289629083
2026-02-20 05:30:00+01:00,-150.0,150.0,69685.00100408164,69735.01120816327,1.214017289629083
2026-02-20 05:45:00+01:00,-150.0,150.0,69721.75100408164,69721.75100408164,1.214017289629083
2026-02-20 06:00:00+01:00,-200.0,200.0,69708.49080000001,69758.50100408164,20.825445861057656
2026-02-20 06:15:00+01:00,-200.0,200.0,69757.49080000001,69757.49080000001,20.825445861057656
2026-02-20 06:30:00+01:00,-200.0,200.0,69756.48059591839,69806.49080000001,20.825445861057656
2026-02-20 06:45:00+01:00,-200.0,200.0,69805.48059591839,69805.48059591839,20.825445861057656
2026-02-20 07:00:00+01:00,-250.0,250.0,69804.47039183676,69854.48059591839,79.1490172896291
2026-02-20 07:15:00+01:00,-250.0,250.0,69865.72039183676,69865.72039183676,79.1490172896291
2026-02-20 07:30:00+01:00,-250.0,250.0,69876.9601877551,69926.97039183676,79.1490172896291
2026-02-20 07:45:00+01:00,-250.0,250.0,69938.2101877551,69938.2101877551,662.7820602752729
2026-02-20 08:00:00+01:00,-150.0,150.0,69949.44998367348,69999.4601877551,20.785019458946373
2026-02-20 08:15:00+01:00,-300.0,300.0,69986.19998367348,69986.19998367348,87.52159542266523
2026-02-20 08:30:00+01:00,-300.0,300.0,69984.68467755103,70059.69998367348,87.52159542266523
2026-02-20 08:45:00+01:00,-300.0,300.0,70058.18467755103,70058.18467755103,75.82867025259715
2026-02-20 09:00:00+01:00,-350.0,350.0,70056.6693714286,70131.68467755103,82.81991106892369
2026-02-20 09:15:00+01:00,-350.0,350.0,70117.41426938777,70142.4193714286,82.81991106892369
2026-02-20 09:30:00+01:00,-250.0,250.0,70128.14896326534,70203.16426938777,42.974468892052954
2026-02-20 09:45:00+01:00,-300.0,300.0,70164.39386122451,70189.39896326534,56.689286606893994
2026-02-20 10:00:00+01:00,-300.0,300.0,70137.87345306124,70237.89386122451,56.689286606893994
2026-02-20 10:15:00+01:00,-250.0,250.0,70186.36835102043,70211.37345306124,14.985817219138882
2026-02-20 10:30:00+01:00,-250.0,250.0,70147.59794285714,70247.61835102043,14.985817219138882
2026-02-20 10:45:00+01:00,-300.0,300.0,70183.84284081633,70208.84794285714,209.54364034839054
2026-02-20 11:00:00+01:00,-350.0,350.0,70157.32243265308,70257.34284081633,221.88249749124768
2026-02-20 11:15:00+01:00,-350.0,350.0,70217.27773061226,70243.07243265308,221.88249749124768
2026-02-20 11:30:00+01:00,-350.0,350.0,70203.00732244899,70303.02773061226,35.59567076055545
2026-02-20 11:45:00+01:00,-350.0,350.0,70238.74711836736,70288.75732244899,35.59567076055545
2026-02-20 12:00:00+01:00,-350.0,350.0,70227.11417959185,70324.49711836736,35.59567076055545
2026-02-20 12:15:00+01:00,-350.0,350.0,70262.85397551022,70312.86417959185,103.62865035239219
2026-02-20 12:30:00+01:00,-350.0,350.0,70273.58866938778,70348.60397551022,103.62865035239219
2026-02-20 12:45:00+01:00,-300.0,300.0,70313.8885714286,70359.33866938778,23.25681361769831
2026-02-20 13:00:00+01:00,-300.0,300.0,70312.37326530613,70387.3885714286,23.25681361769831
2026-02-20 13:15:00+01:00,-300.0,300.0,70360.86816326532,70385.87326530613,23.25681361769831
2026-02-20 13:30:00+01:00,-300.0,300.0,70359.35285714288,70434.36816326532,23.25681361769831
2026-02-20 13:45:00+01:00,-300.0,300.0,70407.84775510206,70432.85285714288,23.25681361769831
2026-02-20 14:00:00+01:00,-250.0,250.0,70406.33244897962,70481.34775510206,22.287915658514635
2026-02-20 14:15:00+01:00,-250.0,250.0,70447.70426938777,70467.58244897962,22.287915658514635
2026-02-20 14:30:00+01:00,-250.0,250.0,70433.93896326533,70508.95426938777,22.287915658514635
2026-02-20 14:45:00+01:00,-300.0,300.0,70495.18896326532,70495.18896326532,26.470908855793546
2026-02-20 15:00:00+01:00,-350.0,350.0,70468.66855510206,70568.68896326532,37.13024559048743
2026-02-20 15:15:00+01:00,-350.0,350.0,70539.98775510206,70554.41855510206,37.13024559048743
2026-02-20 15:30:00+01:00,-350.0,350.0,70542.68267755106,70625.73775510206,37.13024559048743
2026-02-20 15:45:00+01:00,-300.0,300.0,70628.43267755106,70628.43267755106,28.859249191928
2026-02-20 16:00:00+01:00,-300.0,300.0,70626.91737142859,70701.93267755106,28.859249191928
2026-02-20 16:15:00+01:00,-300.0,300.0,70700.41737142859,70700.41737142859,28.859249191928
2026-02-20 16:30:00+01:00,-350.0,350.0,70698.90206530615,70773.91737142859,115.70986143682597
2026-02-20 16:45:00+01:00,-300.0,300.0,70784.65206530615,70784.65206530615,28.859249191928
2026-02-20 17:00:00+01:00,-250.0,250.0,70785.90226938778,70858.15206530615,18.19991245723412
2026-02-20 17:15:00+01:00,-300.0,300.0,70847.15226938778,70847.15226938778,36.82524006196022
2026-02-20 17:30:00+01:00,-300.0,300.0,70870.64206530615,70920.65226938778,36.82524006196022
2026-02-20 17:45:00+01:00,-300.0,300.0,70944.14206530615,70944.14206530615,36.82524006196022
2026-02-20 18:00:00+01:00,-350.0,350.0,70967.63186122452,71017.64206530615,100.09544414359293
2026-02-20 18:15:00+01:00,-350.0,350.0,71053.38186122452,71053.38186122452,53.2381380211439
2026-02-20 18:30:00+01:00,-300.0,300.0,71089.12165714288,71139.13186122454,49.055144823864985
2026-02-20 18:45:00+01:00,-350.0,350.0,71162.62165714288,71162.62165714288,49.28502237488539
2026-02-20 19:00:00+01:00,-350.0,350.0,71173.35635102044,71248.37165714288,49.28502237488539
2026-02-20 19:15:00+01:00,-400.0,400.0,71259.10635102045,71259.10635102045,49.651938474658635
2026-02-20 19:30:00+01:00,-450.0,450.0,71257.0859428572,71357.10635102045,80.11969357669948
2026-02-20 19:45:00+01:00,-450.0,450.0,71367.3359428572,71367.3359428572,80.11969357669948
2026-02-20 20:00:00+01:00,-400.0,400.0,71377.56553469392,71477.5859428572,49.651938474658635
2026-02-20 20:15:00+01:00,-400.0,400.0,71475.56553469392,71475.56553469392,49.651938474658635
2026-02-20 20:30:00+01:00,-400.0,400.0,71473.54512653065,71573.56553469392,49.651938474658635
2026-02-20 20:45:00+01:00,-350.0,350.0,71571.54512653065,71571.54512653065,33.23904051547496
2026-02-20 21:00:00+01:00,-350.0,350.0,71557.2747183674,71657.29512653065,33.23904051547496
2026-02-20 21:15:00+01:00,-450.0,450.0,71643.0247183674,71643.0247183674,93.3012640334536
2026-02-20 21:30:00+01:00,-350.0,350.0,71628.24920816331,71753.2747183674,26.54185995182093
2026-02-20 21:45:00+01:00,-300.0,300.0,71713.99920816331,71713.99920816331,20.808889430278978
2026-02-20 22:00:00+01:00,-300.0,300.0,71662.47369795924,71787.49920816331,294.0202965194304
2026-02-20 22:15:00+01:00,-300.0,300.0,71735.97369795924,71735.97369795924,294.0202965194304
2026-02-20 22:30:00+01:00,-250.0,250.0,71684.44818775514,71809.47369795924,2.1835618255528764
2026-02-20 22:45:00+01:00,-250.0,250.0,71745.69818775514,71745.69818775514,2.1835618255528764
2026-02-20 23:00:00+01:00,-250.0,250.0,71681.92267755106,71806.94818775514,2.1835618255528764
2026-02-20 23:15:00+01:00,-250.0,250.0,71743.17267755106,71743.17267755106,2.1835618255528764
2026-02-20 23:30:00+01:00,-250.0,250.0,71679.39716734698,71804.42267755106,2.1835618255528764
2026-02-20 23:45:00+01:00,-250.0,250.0,71740.64716734698,71740.64716734698,2.1835618255528764
2026-02-21 00:00:00+01:00,-250.0,250.0,71676.8716571429,71801.89716734698,2.1835618255528764
2026-02-21 00:15:00+01:00,-250.0,250.0,71738.1216571429,71738.1216571429,2.1835618255528764
2026-02-21 00:30:00+01:00,-250.0,250.0,71674.34614693883,71799.3716571429,2.1835618255528764
2026-02-21 00:45:00+01:00,-300.0,300.0,71735.59614693883,71735.59614693883,26.61029651943043
2026-02-21 01:00:00+01:00,-300.0,300.0,71684.07063673476,71809.09614693883,26.61029651943043
2026-02-21 01:15:00+01:00,-300.0,300.0,71757.57063673476,71757.57063673476,26.61029651943043
2026-02-21 01:30:00+01:00,-300.0,300.0,71706.04512653065,71831.07063673476,26.61029651943043
2026-02-21 01:45:00+01:00,-300.0,300.0,71779.54512653065,71779.54512653065,26.61029651943043
2026-02-21 02:00:00+01:00,-300.0,300.0,71728.01961632656,71853.04512653065,26.61029651943043
2026-02-21 02:15:00+01:00,-350.0,350.0,71801.51961632656,71801.51961632656,90.67818767589301
2026-02-21 02:30:00+01:00,-350.0,350.0,71762.2441061225,71887.26961632656,90.67818767589301
2026-02-21 02:45:00+01:00,-300.0,300.0,71847.9941061225,71847.9941061225,66.25145298201546
2026-02-21 03:00:00+01:00,-250.0,250.0,71796.4685959184,71921.4941061225,2.1835618255528764
2026-02-21 03:15:00+01:00,-250.0,250.0,71857.7185959184,71857.7185959184,2.1835618255528764
2026-02-21 03:30:00+01:00,-300.0,300.0,71793.94308571435,71918.9685959184,50.99163438791115
2026-02-21 03:45:00+01:00,-300.0,300.0,71867.44308571435,71867.44308571435,50.99163438791115
2026-02-21 04:00:00+01:00,-300.0,300.0,71815.91757551025,71940.94308571435,50.99163438791115
2026-02-21 04:15:00+01:00,-350.0,350.0,71889.41757551025,71889.41757551025,111.2121445919928
2026-02-21 04:30:00+01:00,-350.0,350.0,71850.14206530617,71975.16757551025,111.2121445919928
2026-02-21 04:45:00+01:00,-350.0,350.0,71935.89206530617,71935.89206530617,111.2121445919928
2026-02-21 05:00:00+01:00,-350.0,350.0,71896.61655510208,72021.64206530618,111.2121445919928
2026-02-21 05:15:00+01:00,-300.0,300.0,71982.36655510208,71982.36655510208,50.99163438791115
2026-02-21 05:30:00+01:00,-300.0,300.0,71930.841044898,72055.86655510208,50.99163438791115
2026-02-21 05:45:00+01:00,-250.0,250.0,72004.341044898,72004.341044898,2.1835618255528764
2026-02-21 06:00:00+01:00,-250.0,250.0,71940.56553469393,72065.591044898,2.1835618255528764
2026-02-21 06:15:00+01:00,-250.0,250.0,72001.81553469393,72001.81553469393,2.1835618255528764
2026-02-21 06:30:00+01:00,-250.0,250.0,71938.04002448986,72063.06553469393,2.1835618255528764
2026-02-21 06:45:00+01:00,-250.0,250.0,71999.29002448986,71999.29002448986,2.1835618255528764
2026-02-21 07:00:00+01:00,-250.0,250.0,71935.51451428577,72060.54002448986,2.1835618255528764
2026-02-21 07:15:00+01:00,-350.0,350.0,71996.76451428577,71996.76451428577,56.7484944924972
2026-02-21 07:30:00+01:00,-400.0,400.0,71932.48390204087,72082.51451428577,67.79694687344958
2026-02-21 07:45:00+01:00,-450.0,450.0,72005.47880000004,72030.48390204087,121.9034774856945
2026-02-21 08:00:00+01:00,-450.0,450.0,71965.69818775514,72115.72880000004,121.9034774856945
2026-02-21 08:15:00+01:00,-450.0,450.0,72066.81288979595,72075.94818775513,121.9034774856945
2026-02-21 08:30:00+01:00,-500.0,500.0,72027.03227755107,72177.06288979595,705.5769468734495
2026-02-21 08:45:00+01:00,-350.0,350.0,72149.53227755107,72149.53227755107,14.809123744197885
2026-02-21 09:00:00+01:00,-350.0,350.0,72085.25166530619,72235.28227755107,14.809123744197885
2026-02-21 09:15:00+01:00,-400.0,400.0,72171.00166530619,72171.00166530619,91.00769517276932
2026-02-21 09:30:00+01:00,-400.0,400.0,72118.97105306126,72269.00166530619,91.00769517276932
2026-02-21 09:45:00+01:00,-350.0,350.0,72216.97105306126,72216.97105306126,14.809123744197885
2026-02-21 10:00:00+01:00,-350.0,350.0,72152.69044081637,72302.72105306126,14.809123744197885
2026-02-21 10:15:00+01:00,-350.0,350.0,72238.44044081637,72238.44044081637,14.809123744197885
2026-02-21 10:30:00+01:00,-350.0,350.0,72174.15982857149,72324.19044081637,14.809123744197885
2026-02-21 10:45:00+01:00,-350.0,350.0,72259.90982857149,72259.90982857149,14.809123744197885
2026-02-21 11:00:00+01:00,-350.0,350.0,72195.62921632658,72345.65982857149,14.809123744197885
2026-02-21 11:15:00+01:00,-350.0,350.0,72281.37921632658,72281.37921632658,14.809123744197885
2026-02-21 11:30:00+01:00,-350.0,350.0,72217.0986040817,72367.12921632658,14.809123744197885
2026-02-21 11:45:00+01:00,-350.0,350.0,72302.8486040817,72302.8486040817,14.809123744197885
2026-02-21 12:00:00+01:00,-350.0,350.0,72238.5679918368,72388.5986040817,14.809123744197885
2026-02-21 12:15:00+01:00,-400.0,400.0,72324.3179918368,72324.3179918368,198.92891966256525
2026-02-21 12:30:00+01:00,-400.0,400.0,72272.2873795919,72422.3179918368,198.92891966256525
2026-02-21 12:45:00+01:00,-350.0,350.0,72370.2873795919,72370.2873795919,14.809123744197885
2026-02-21 13:00:00+01:00,-350.0,350.0,72306.006767347,72456.0373795919,14.809123744197885
2026-02-21 13:15:00+01:00,-350.0,350.0,72391.756767347,72391.756767347,14.809123744197885
2026-02-21 13:30:00+01:00,-300.0,300.0,72327.47615510208,72477.506767347,3.7606713632455038
2026-02-21 13:45:00+01:00,-350.0,350.0,72400.97615510208,72400.97615510208,33.327901683945214
2026-02-21 14:00:00+01:00,-350.0,350.0,72336.6955428572,72486.72615510208,33.327901683945214
2026-02-21 14:15:00+01:00,-350.0,350.0,72422.4455428572,72422.4455428572,33.327901683945214
2026-02-21 14:30:00+01:00,-400.0,400.0,72358.16493061231,72508.1955428572,48.44504454108806
2026-02-21 14:45:00+01:00,-400.0,400.0,72456.16493061231,72456.16493061231,48.44504454108806
2026-02-21 15:00:00+01:00,-400.0,400.0,72404.1343183674,72554.16493061231,48.44504454108806
2026-02-21 15:15:00+01:00,-400.0,400.0,72502.1343183674,72502.1343183674,48.44504454108806
2026-02-21 15:30:00+01:00,-300.0,300.0,72450.1037061225,72600.1343183674,3.7606713632455038
2026-02-21 15:45:00+01:00,-300.0,300.0,72523.6037061225,72523.6037061225,3.7606713632455038
2026-02-21 16:00:00+01:00,-300.0,300.0,72447.07309387761,72597.1037061225,3.7606713632455038
2026-02-21 16:15:00+01:00,-350.0,350.0,72520.57309387761,72520.57309387761,7.90010426915123
2026-02-21 16:30:00+01:00,-350.0,350.0,72431.28737959189,72606.32309387763,7.90010426915123
2026-02-21 16:45:00+01:00,-350.0,350.0,72517.03737959189,72517.03737959189,7.90010426915123
2026-02-21 17:00:00+01:00,-350.0,350.0,72427.75166530619,72602.7873795919,7.90010426915123
2026-02-21 17:15:00+01:00,-350.0,350.0,72513.50166530619,72513.50166530619,7.90010426915123
2026-02-21 17:30:00+01:00,-350.0,350.0,72424.21595102047,72599.2516653062,7.90010426915123
2026-02-21 17:45:00+01:00,-400.0,400.0,72509.96595102047,72509.96595102047,135.4911246773145
2026-02-21 18:00:00+01:00,-350.0,350.0,72432.93023673476,72607.96595102048,7.90010426915123
2026-02-21 18:15:00+01:00,-350.0,350.0,72518.68023673476,72518.68023673476,7.90010426915123
2026-02-21 18:30:00+01:00,-350.0,350.0,72429.39452244905,72604.43023673476,7.90010426915123
2026-02-21 18:45:00+01:00,-350.0,350.0,72515.14452244905,72515.14452244905,7.90010426915123
2026-02-21 19:00:00+01:00,-350.0,350.0,72425.8588081633,72600.89452244905,7.90010426915123
2026-02-21 19:15:00+01:00,-400.0,400.0,72511.6088081633,72511.6088081633,9.810106212785826
2026-02-21 19:30:00+01:00,-450.0,450.0,72409.5679918368,72609.60880816332,10.962427893933532
2026-02-21 19:45:00+01:00,-450.0,450.0,72494.81288979598,72519.8179918368,10.962427893933532
2026-02-21 20:00:00+01:00,-450.0,450.0,72405.02207346947,72605.062889796,10.962427893933532
2026-02-21 20:15:00+01:00,-450.0,450.0,72490.26697142865,72515.27207346947,10.962427893933532
2026-02-21 20:30:00+01:00,-450.0,450.0,72400.4761551021,72600.51697142866,10.962427893933532
2026-02-21 20:45:00+01:00,-450.0,450.0,72485.72105306128,72510.7261551021,10.962427893933532
2026-02-21 21:00:00+01:00,-450.0,450.0,72395.93023673476,72595.97105306128,10.962427893933532
2026-02-21 21:15:00+01:00,-450.0,450.0,72481.17513469394,72506.18023673476,10.962427893933532
2026-02-21 21:30:00+01:00,-450.0,450.0,72391.38431836742,72591.42513469394,10.962427893933532
2026-02-21 21:45:00+01:00,-450.0,450.0,72476.62921632659,72501.63431836742,10.962427893933532
2026-02-21 22:00:00+01:00,-450.0,450.0,72386.83840000005,72586.8792163266,10.962427893933532
2026-02-21 22:15:00+01:00,-450.0,450.0,72472.08329795924,72497.08840000005,10.962427893933532
2026-02-21 22:30:00+01:00,-450.0,450.0,72382.29248163273,72582.33329795925,10.962427893933532
2026-02-21 22:45:00+01:00,-450.0,450.0,72467.53737959191,72492.54248163273,10.962427893933532
2026-02-21 23:00:00+01:00,-450.0,450.0,72377.74656326536,72577.78737959191,10.962427893933532
2026-02-21 23:15:00+01:00,-450.0,450.0,72462.99146122455,72487.99656326536,10.962427893933532
2026-02-21 23:30:00+01:00,-450.0,450.0,72373.20064489802,72573.24146122455,10.962427893933532
2026-02-21 23:45:00+01:00,-450.0,450.0,72458.44554285721,72483.45064489802,10.962427893933532
2026-02-22 00:00:00+01:00,-450.0,450.0,72368.65472653067,72568.69554285721,10.962427893933532
2026-02-22 00:15:00+01:00,-450.0,450.0,72453.89962448986,72478.90472653069,10.962427893933532
2026-02-22 00:30:00+01:00,-450.0,450.0,72364.1088081633,72564.14962448987,10.962427893933532
2026-02-22 00:45:00+01:00,-450.0,450.0,72449.35370612249,72474.3588081633,10.962427893933532
2026-02-22 01:00:00+01:00,-450.0,450.0,72359.56288979598,72559.6037061225,10.962427893933532
2026-02-22 01:15:00+01:00,-450.0,450.0,72444.80778775517,72469.81288979598,10.962427893933532
2026-02-22 01:30:00+01:00,-450.0,450.0,72355.01697142865,72555.05778775518,10.962427893933532
2026-02-22 01:45:00+01:00,-450.0,450.0,72440.26186938783,72465.26697142865,10.962427893933532
2026-02-22 02:00:00+01:00,-450.0,450.0,72350.47105306128,72550.51186938783,10.962427893933532
2026-02-22 02:15:00+01:00,-450.0,450.0,72435.71595102047,72460.72105306128,10.962427893933532
2026-02-22 02:30:00+01:00,-450.0,450.0,72345.92513469393,72545.96595102047,10.962427893933532
2026-02-22 02:45:00+01:00,-450.0,450.0,72431.17003265311,72456.17513469394,10.962427893933532
2026-02-22 03:00:00+01:00,-450.0,450.0,72341.37921632659,72541.42003265311,10.962427893933532
2026-02-22 03:15:00+01:00,-450.0,450.0,72426.62411428578,72451.62921632659,10.962427893933532
2026-02-22 03:30:00+01:00,-450.0,450.0,72336.83329795924,72536.87411428578,10.962427893933532
2026-02-22 03:45:00+01:00,-450.0,450.0,72422.07819591842,72447.08329795924,10.962427893933532
2026-02-22 04:00:00+01:00,-450.0,450.0,72332.28737959191,72532.32819591842,10.962427893933532
2026-02-22 04:15:00+01:00,-450.0,450.0,72417.5322775511,72442.53737959191,10.962427893933532
2026-02-22 04:30:00+01:00,-450.0,450.0,72327.74146122455,72527.7822775511,10.962427893933532
2026-02-22 04:45:00+01:00,-450.0,450.0,72412.98635918373,72437.99146122455,10.962427893933532
2026-02-22 05:00:00+01:00,-450.0,450.0,72323.1955428572,72523.23635918373,10.962427893933532
2026-02-22 05:15:00+01:00,-450.0,450.0,72408.4404408164,72433.44554285721,10.962427893933532
2026-02-22 05:30:00+01:00,-450.0,450.0,72318.64962448986,72518.6904408164,10.962427893933532
2026-02-22 05:45:00+01:00,-450.0,450.0,72403.89452244905,72428.89962448986,10.962427893933532
2026-02-22 06:00:00+01:00,-450.0,450.0,72314.10370612249,72514.14452244905,10.962427893933532
2026-02-22 06:15:00+01:00,-450.0,450.0,72399.34860408168,72424.35370612249,10.962427893933532
2026-02-22 06:30:00+01:00,-450.0,450.0,72309.55778775517,72509.59860408168,10.962427893933532
2026-02-22 06:45:00+01:00,-450.0,450.0,72394.80268571436,72419.80778775517,10.962427893933532
2026-02-22 07:00:00+01:00,-450.0,450.0,72305.01186938783,72505.05268571436,10.962427893933532
2026-02-22 07:15:00+01:00,-450.0,450.0,72390.25676734702,72415.26186938783,10.962427893933532
2026-02-22 07:30:00+01:00,-450.0,450.0,72300.46595102045,72500.50676734702,10.962427893933532
2026-02-22 07:45:00+01:00,-450.0,450.0,72385.71084897965,72410.71595102047,10.962427893933532
2026-02-22 08:00:00+01:00,-450.0,450.0,72295.92003265313,72495.96084897965,10.962427893933532
2026-02-22 08:15:00+01:00,-450.0,450.0,72381.1649306123,72406.17003265313,10.962427893933532
2026-02-22 08:30:00+01:00,-450.0,450.0,72291.37411428576,72491.4149306123,10.962427893933532
2026-02-22 08:45:00+01:00,-450.0,450.0,72376.61901224495,72401.62411428578,10.962427893933532
2026-02-22 09:00:00+01:00,-450.0,450.0,72286.82819591842,72486.86901224495,10.962427893933532
2026-02-22 09:15:00+01:00,-450.0,450.0,72372.07309387761,72397.07819591842,10.962427893933532
2026-02-22 09:30:00+01:00,-450.0,450.0,72282.2822775511,72482.32309387761,10.962427893933532
2026-02-22 09:45:00+01:00,-450.0,450.0,72367.52717551027,72392.5322775511,10.962427893933532
2026-02-22 10:00:00+01:00,-450.0,450.0,72277.7363591837,72477.77717551029,10.962427893933532
2026-02-22 10:15:00+01:00,-450.0,450.0,72362.9812571429,72387.98635918372,10.962427893933532
2026-02-22 10:30:00+01:00,-450.0,450.0,72273.19044081638,72473.2312571429,10.962427893933532
2026-02-22 10:45:00+01:00,-450.0,450.0,72358.43533877555,72383.44044081638,10.962427893933532
2026-02-22 11:00:00+01:00,-450.0,450.0,72292.98920000005,72468.68533877557,10.962427893933532
2026-02-22 11:15:00+01:00,-450.0,450.0,72378.23409795924,72403.23920000005,10.962427893933532
2026-02-22 11:30:00+01:00,-450.0,450.0,72313.44838367352,72488.48409795924,10.962427893933532
2026-02-22 11:45:00+01:00,-450.0,450.0,72398.6932816327,72423.69838367352,10.962427893933532
2026-02-22 12:00:00+01:00,-450.0,450.0,72333.907567347,72508.9432816327,10.962427893933532
2026-02-22 12:15:00+01:00,-450.0,450.0,72419.1524653062,72444.157567347,10.962427893933532
2026-02-22 12:30:00+01:00,-450.0,450.0,72354.36675102047,72529.40246530621,10.962427893933532
2026-02-22 12:45:00+01:00,-450.0,450.0,72439.61164897966,72464.61675102048,10.962427893933532
2026-02-22 13:00:00+01:00,-450.0,450.0,72374.82593469393,72549.86164897966,10.962427893933532
2026-02-22 13:15:00+01:00,-450.0,450.0,72460.07083265313,72485.07593469394,10.962427893933532
2026-02-22 13:30:00+01:00,-450.0,450.0,72395.2851183674,72570.32083265313,10.962427893933532
2026-02-22 13:45:00+01:00,-450.0,450.0,72480.5300163266,72505.53511836742,10.962427893933532
2026-02-22 14:00:00+01:00,-450.0,450.0,72415.74430204087,72590.7800163266,10.962427893933532
2026-02-22 14:15:00+01:00,-450.0,450.0,72500.98920000005,72525.99430204087,10.962427893933532
2026-02-22 14:30:00+01:00,-450.0,450.0,72437.97331428577,72611.23920000005,10.962427893933532
2026-02-22 14:45:00+01:00,-450.0,450.0,72523.21821224496,72548.22331428577,10.962427893933532
2026-02-22 15:00:00+01:00,-450.0,450.0,72483.43760000008,72633.46821224496,10.962427893933532
2026-02-22 15:15:00+01:00,-450.0,450.0,72568.68249795926,72593.68760000008,10.962427893933532
2026-02-22 15:30:00+01:00,-450.0,450.0,72528.90188571434,72678.93249795926,10.962427893933532
2026-02-22 15:45:00+01:00,-450.0,450.0,72614.14678367352,72639.15188571434,10.962427893933532
2026-02-22 16:00:00+01:00,-450.0,450.0,72574.36617142863,72724.39678367352,10.962427893933532
2026-02-22 16:15:00+01:00,-450.0,450.0,72659.61106938781,72684.61617142861,10.962427893933532
2026-02-22 16:30:00+01:00,-450.0,450.0,72630.37408163272,72769.8610693878,10.962427893933532
2026-02-22 16:45:00+01:00,-450.0,450.0,72715.6189795919,72740.62408163272,10.962427893933532
2026-02-22 17:00:00+01:00,-450.0,450.0,72711.35715918372,72825.86897959189,10.962427893933532
2026-02-22 17:15:00+01:00,-450.0,450.0,72796.60205714291,72821.60715918374,10.962427893933532
2026-02-22 17:30:00+01:00,-450.0,450.0,72806.83164897966,72906.85205714291,10.962427893933532
2026-02-22 17:45:00+01:00,-450.0,450.0,72894.11293877558,72917.08164897966,10.962427893933532
2026-02-22 18:00:00+01:00,-450.0,450.0,72904.34253061231,73004.36293877558,10.962427893933532
2026-02-22 18:15:00+01:00,-450.0,450.0,73014.59253061231,73014.59253061231,10.962427893933532
2026-02-22 18:30:00+01:00,-450.0,450.0,73024.82212244904,73124.84253061231,10.962427893933532
2026-02-22 18:45:00+01:00,-450.0,450.0,73135.07212244903,73135.07212244903,10.962427893933532
2026-02-22 19:00:00+01:00,-450.0,450.0,73145.30171428576,73245.32212244903,10.962427893933532
2026-02-22 19:15:00+01:00,-450.0,450.0,73255.55171428576,73255.55171428576,10.962427893933532
2026-02-22 19:30:00+01:00,-450.0,450.0,73265.78130612247,73365.80171428574,10.962427893933532
2026-02-22 19:45:00+01:00,-450.0,450.0,73376.03130612247,73376.03130612247,10.962427893933532
2026-02-22 20:00:00+01:00,-400.0,400.0,73386.26089795922,73486.28130612247,9.385318356240903
2026-02-22 20:15:00+01:00,-400.0,400.0,73484.26089795922,73484.26089795922,9.385318356240903
2026-02-22 20:30:00+01:00,-350.0,350.0,73482.24048979596,73582.26089795922,5.24588545033518
2026-02-22 20:45:00+01:00,-400.0,400.0,73567.99048979596,73567.99048979596,36.23062499367726
2026-02-22 21:00:00+01:00,-400.0,400.0,73564.09368163267,73665.99048979596,36.23062499367726
2026-02-22 21:15:00+01:00,-400.0,400.0,73662.09368163267,73662.09368163267,36.23062499367726
2026-02-22 21:30:00+01:00,-300.0,300.0,73660.07327346942,73760.09368163269,14.300623050042674
2026-02-22 21:45:00+01:00,-300.0,300.0,73733.57327346942,73733.57327346942,14.300623050042674
2026-02-22 22:00:00+01:00,-250.0,250.0,73707.05286530616,73807.07327346942,2.1835618255528764
2026-02-22 22:15:00+01:00,-250.0,250.0,73768.30286530616,73768.30286530616,2.1835618255528764
2026-02-22 22:30:00+01:00,-300.0,300.0,73729.53245714288,73829.55286530615,196.74138495480457
2026-02-22 22:45:00+01:00,-300.0,300.0,73803.03245714288,73803.03245714288,196.74138495480457
2026-02-22 23:00:00+01:00,-250.0,250.0,73776.51204897962,73876.53245714288,195.65336996105196
2026-02-22 23:15:00+01:00,-250.0,250.0,73837.76204897962,73837.76204897962,18.158267920235648
2026-02-22 23:30:00+01:00,-250.0,250.0,73812.52454693882,73899.01204897962,18.158267920235648
2026-02-22 23:45:00+01:00,-250.0,250.0,73873.77454693882,73873.77454693882,18.158267920235648
2026-02-23 00:00:00+01:00,-250.0,250.0,73879.82806530615,73935.02454693882,18.158267920235648
2026-02-23 00:15:00+01:00,-250.0,250.0,73941.07806530615,73941.07806530615,18.158267920235648
2026-02-23 00:30:00+01:00,-250.0,250.0,73952.31786122451,74002.32806530615,18.158267920235648
2026-02-23 00:45:00+01:00,-250.0,250.0,74013.56786122451,74013.56786122451,18.158267920235648
2026-02-23 01:00:00+01:00,-250.0,250.0,74024.80765714288,74074.81786122451,18.158267920235648
2026-02-23 01:15:00+01:00,-250.0,250.0,74086.05765714288,74086.05765714288,18.158267920235648
2026-02-23 01:30:00+01:00,-200.0,200.0,74097.29745306126,74147.30765714288,1.095546831800273
2026-02-23 01:45:00+01:00,-150.0,150.0,74146.29745306126,74146.29745306126,0.8014865791277754
2026-02-23 02:00:00+01:00,-150.0,150.0,74133.03724897963,74183.04745306126,0.8014865791277754
2026-02-23 02:15:00+01:00,-150.0,150.0,74169.78724897963,74169.78724897963,0.8014865791277754
2026-02-23 02:30:00+01:00,-250.0,250.0,74156.52704489799,74206.53724897963,72.05316004851554
2026-02-23 02:45:00+01:00,-300.0,300.0,74217.77704489799,74217.77704489799,121.33465664715499
2026-02-23 03:00:00+01:00,-300.0,300.0,74259.47946938778,74291.27704489799,121.33465664715499
2026-02-23 03:15:00+01:00,-350.0,350.0,74332.97946938778,74332.97946938778,141.47139134103253
2026-02-23 03:30:00+01:00,-350.0,350.0,74393.72436734696,74418.72946938778,141.47139134103253
2026-02-23 03:45:00+01:00,-250.0,250.0,74479.47436734696,74479.47436734696,101.15665759637187
2026-02-23 04:00:00+01:00,-250.0,250.0,74515.71926530615,74540.72436734696,451.0105351473923
2026-02-23 04:15:00+01:00,-150.0,150.0,74576.96926530615,74576.96926530615,31.738426303854872
2026-02-23 04:30:00+01:00,-150.0,150.0,74588.71416326534,74613.71926530615,31.738426303854872
2026-02-23 04:45:00+01:00,-150.0,150.0,74625.46416326534,74625.46416326534,31.738426303854872
2026-02-23 05:00:00+01:00,-150.0,150.0,74637.20906122452,74662.21416326534,31.738426303854872
2026-02-23 05:15:00+01:00,-100.0,100.0,74673.95906122452,74673.95906122452,0.596793650793651
2026-02-23 05:30:00+01:00,-100.0,100.0,74673.4539591837,74698.45906122452,0.596793650793651
2026-02-23 05:45:00+01:00,-100.0,100.0,74697.9539591837,74697.9539591837,30.318244897959193
2026-02-23 06:00:00+01:00,-100.0,100.0,74697.44885714288,74722.4539591837,30.318244897959193
2026-02-23 06:15:00+01:00,-50.0,50.0,74721.94885714288,74721.94885714288,0.22987755102040827
2026-02-23 06:30:00+01:00,-50.0,50.0,74709.19375510207,74734.19885714288,0.22987755102040827
2026-02-23 06:45:00+01:00,-100.0,100.0,74721.44375510207,74721.44375510207,6.337603498542274
2026-02-23 07:00:00+01:00,-100.0,100.0,74695.93355102044,74745.94375510207,6.337603498542274
2026-02-23 07:15:00+01:00,-100.0,100.0,74720.43355102044,74720.43355102044,6.337603498542274
2026-02-23 07:30:00+01:00,-100.0,100.0,74694.92334693881,74744.93355102044,6.337603498542274
2026-02-23 07:45:00+01:00,-150.0,150.0,74719.42334693881,74719.42334693881,12.86127696793003
2026-02-23 08:00:00+01:00,-200.0,200.0,74681.15804081634,74756.17334693881,16.173181729834795
2026-02-23 08:15:00+01:00,-200.0,200.0,74705.15293877553,74730.15804081634,16.173181729834795
2026-02-23 08:30:00+01:00,-250.0,250.0,74691.45604081635,74754.15293877553,102.84869193391644
2026-02-23 08:45:00+01:00,-350.0,350.0,74727.70093877552,74752.70604081635,112.48575826044706
2026-02-23 09:00:00+01:00,-400.0,400.0,74713.43053061226,74813.45093877552,117.92163042063189
2026-02-23 09:15:00+01:00,-350.0,350.0,74761.42032653063,74811.43053061226,31.246120216550235
2026-02-23 09:30:00+01:00,-350.0,350.0,74795.2475836735,74847.17032653063,31.246120216550235
2026-02-23 09:45:00+01:00,-350.0,350.0,74830.98737959187,74880.9975836735,31.246120216550235
2026-02-23 10:00:00+01:00,-400.0,400.0,74866.72717551021,74916.73737959187,37.45640593083594
2026-02-23 10:15:00+01:00,-350.0,350.0,74889.71186938777,74964.72717551021,31.34867998331408
2026-02-23 10:30:00+01:00,-350.0,350.0,74925.45166530613,74975.46186938777,31.34867998331408
2026-02-23 10:45:00+01:00,-350.0,350.0,74936.18635918369,75011.20166530613,31.34867998331408
2026-02-23 11:00:00+01:00,-300.0,300.0,74971.92615510206,75021.93635918369,24.825006513926326
2026-02-23 11:15:00+01:00,-300.0,300.0,74970.4108489796,75045.42615510206,24.825006513926326
2026-02-23 11:30:00+01:00,-350.0,350.0,75007.59085714287,75043.9108489796,170.7433738608651
2026-02-23 11:45:00+01:00,-300.0,300.0,75018.32555102043,75093.34085714287,170.51349630984467
2026-02-23 12:00:00+01:00,-350.0,350.0,75066.82044897962,75091.82555102043,263.95961875882426
2026-02-23 12:15:00+01:00,-400.0,400.0,75077.55514285716,75152.57044897962,323.9612514118855
2026-02-23 12:30:00+01:00,-300.0,300.0,75150.55004081634,75175.55514285716,118.0412514118855
2026-02-23 12:45:00+01:00,-250.0,250.0,75149.0347346939,75224.05004081635,38.533981003722246
2026-02-23 13:00:00+01:00,-250.0,250.0,75185.27963265307,75210.2847346939,38.533981003722246
2026-02-23 13:15:00+01:00,-300.0,300.0,75171.51432653063,75246.52963265307,58.72908304453858
2026-02-23 13:30:00+01:00,-300.0,300.0,75220.00922448981,75245.01432653063,58.72908304453858
2026-02-23 13:45:00+01:00,-300.0,300.0,75218.49391836736,75293.50922448981,58.72908304453858
2026-02-23 14:00:00+01:00,-200.0,200.0,75266.98881632654,75291.99391836736,20.79030753433449
2026-02-23 14:15:00+01:00,-250.0,250.0,75240.9735102041,75315.98881632656,49.23466127583109
2026-02-23 14:30:00+01:00,-300.0,300.0,75277.21840816329,75302.2235102041,49.79779808611075
2026-02-23 14:45:00+01:00,-300.0,300.0,75250.69800000002,75350.71840816329,49.79779808611075
2026-02-23 15:00:00+01:00,-250.0,250.0,75299.1928979592,75324.19800000002,21.353444344614157
2026-02-23 15:15:00+01:00,-250.0,250.0,75260.42248979594,75360.4428979592,21.353444344614157
2026-02-23 15:30:00+01:00,-250.0,250.0,75306.95001632655,75321.67248979594,21.353444344614157
2026-02-23 15:45:00+01:00,-300.0,300.0,75268.17960816328,75368.20001632655,51.90875046706316
2026-02-23 16:00:00+01:00,-300.0,300.0,75341.6796081633,75341.6796081633,51.90875046706316
2026-02-23 16:15:00+01:00,-300.0,300.0,75340.19525714288,75415.1796081633,31.224011238038194
2026-02-23 16:30:00+01:00,-300.0,300.0,75390.50365714288,75413.69525714288,31.224011238038194
2026-02-23 16:45:00+01:00,-350.0,350.0,75413.99345306124,75464.00365714288,47.202072462527994
2026-02-23 17:00:00+01:00,-400.0,400.0,75499.74345306124,75499.74345306124,77.67816575698865
2026-02-23 17:15:00+01:00,-400.0,400.0,75547.73324897961,75597.74345306125,77.67816575698865
2026-02-23 17:30:00+01:00,-400.0,400.0,75645.73324897961,75645.73324897961,77.67816575698865
2026-02-23 17:45:00+01:00,-350.0,350.0,75693.72304489798,75743.73324897961,61.700104532498834
2026-02-23 18:00:00+01:00,-350.0,350.0,75779.47304489798,75779.47304489798,61.700104532498834
2026-02-23 18:15:00+01:00,-400.0,400.0,75815.21284081636,75865.22304489798,645.3735739202538
2026-02-23 18:30:00+01:00,-300.0,300.0,75913.21284081636,75913.21284081636,51.8295376390748
2026-02-23 18:45:00+01:00,-300.0,300.0,75936.70263673471,75986.71284081636,51.8295376390748
2026-02-23 19:00:00+01:00,-300.0,300.0,76010.20263673471,76010.20263673471,51.8295376390748
2026-02-23 19:15:00+01:00,-300.0,300.0,76033.69243265309,76083.70263673471,51.8295376390748
2026-02-23 19:30:00+01:00,-300.0,300.0,76107.19243265309,76107.19243265309,51.8295376390748
2026-02-23 19:45:00+01:00,-300.0,300.0,76136.51867755105,76180.69243265309,51.8295376390748
2026-02-23 20:00:00+01:00,-300.0,300.0,76210.01867755105,76210.01867755105,51.8295376390748
2026-02-23 20:15:00+01:00,-300.0,300.0,76258.51357551024,76283.51867755105,51.8295376390748
2026-02-23 20:30:00+01:00,-250.0,250.0,76332.01357551024,76332.01357551024,21.353444344614157
2026-02-23 20:45:00+01:00,-350.0,350.0,76368.25847346942,76393.26357551024,124.98466883441009
2026-02-23 21:00:00+01:00,-350.0,350.0,76454.00847346942,76454.00847346942,124.98466883441009
2026-02-23 21:15:00+01:00,-300.0,300.0,76514.7533714286,76539.75847346942,80.21691373236926
2026-02-23 21:30:00+01:00,-300.0,300.0,76588.2533714286,76588.2533714286,80.21691373236926
2026-02-23 21:45:00+01:00,-200.0,200.0,76636.74826938778,76661.7533714286,15.521199446654974
2026-02-23 22:00:00+01:00,-200.0,200.0,76685.74826938778,76685.74826938778,15.521199446654974
2026-02-23 22:15:00+01:00,-250.0,250.0,76709.74316734697,76734.74826938778,162.78079213907785
2026-02-23 22:30:00+01:00,-200.0,200.0,76745.98806530616,76770.99316734697,156.57050642479214
2026-02-23 22:45:00+01:00,-200.0,200.0,76769.98296326534,76794.98806530616,156.57050642479214
2026-02-23 23:00:00+01:00,-200.0,200.0,76793.97786122453,76818.98296326534,156.57050642479214
2026-02-23 23:15:00+01:00,-150.0,150.0,76817.97275918371,76842.97786122453,10.652139077853365
2026-02-23 23:30:00+01:00,-150.0,150.0,76854.25696326535,76854.72275918371,10.652139077853365
2026-02-23 23:45:00+01:00,-150.0,150.0,76866.00186122453,76891.00696326535,10.652139077853365
2026-02-24 00:00:00+01:00,-150.0,150.0,76902.75186122453,76902.75186122453,10.652139077853365
2026-02-24 00:15:00+01:00,-150.0,150.0,76914.4967591837,76939.50186122453,10.652139077853365
2026-02-24 00:30:00+01:00,-50.0,50.0,76951.2467591837,76951.2467591837,0.5631368102796673
2026-02-24 00:45:00+01:00,-100.0,100.0,76938.49165714289,76963.4967591837,49.79599395313682
2026-02-24 01:00:00+01:00,-100.0,100.0,76962.99165714289,76962.99165714289,49.79599395313682
2026-02-24 01:15:00+01:00,-100.0,100.0,76962.48655510208,76987.49165714289,49.79599395313682
2026-02-24 01:30:00+01:00,-100.0,100.0,76986.98655510208,76986.98655510208,49.79599395313682
2026-02-24 01:45:00+01:00,-50.0,50.0,76986.48145306126,77011.48655510208,0.5631368102796673
2026-02-24 02:00:00+01:00,-50.0,50.0,76998.73145306126,76998.73145306126,0.5631368102796673
2026-02-24 02:15:00+01:00,-150.0,150.0,76985.97635102045,77010.98145306126,115.09932728647013
2026-02-24 02:30:00+01:00,-150.0,150.0,77022.72635102045,77022.72635102045,106.46825585789873
2026-02-24 02:45:00+01:00,-150.0,150.0,77034.47124897962,77059.47635102045,106.46825585789873
2026-02-24 03:00:00+01:00,-100.0,100.0,77071.22124897962,77071.22124897962,53.159412320483746
2026-02-24 03:15:00+01:00,-200.0,200.0,77070.71614693881,77095.72124897962,156.56967471115433
2026-02-24 03:30:00+01:00,-150.0,150.0,77119.71614693881,77119.71614693881,96.80151144584818
2026-02-24 03:45:00+01:00,-200.0,200.0,77131.461044898,77156.46614693881,255.15212369074615
2026-02-24 04:00:00+01:00,-200.0,200.0,77180.461044898,77180.461044898,255.15212369074615
2026-02-24 04:15:00+01:00,-150.0,150.0,77204.45594285718,77229.461044898,96.80151144584818
2026-02-24 04:30:00+01:00,-150.0,150.0,77241.20594285718,77241.20594285718,79.69258287441961
2026-02-24 04:45:00+01:00,-150.0,150.0,77252.95084081637,77277.95594285718,79.69258287441961
2026-02-24 05:00:00+01:00,-50.0,50.0,77289.70084081637,77289.70084081637,0.5631368102796673
2026-02-24 05:15:00+01:00,-50.0,50.0,77276.94573877554,77301.95084081637,0.5631368102796673
2026-02-24 05:30:00+01:00,-50.0,50.0,77289.19573877554,77289.19573877554,0.5631368102796673
2026-02-24 05:45:00+01:00,-50.0,50.0,77276.44063673473,77301.44573877554,0.5631368102796673
2026-02-24 06:00:00+01:00,-50.0,50.0,77288.69063673473,77288.69063673473,0.5631368102796673
2026-02-24 06:15:00+01:00,-50.0,50.0,77275.93553469391,77300.94063673473,0.5631368102796673
2026-02-24 06:30:00+01:00,-50.0,50.0,77288.18553469391,77288.18553469391,0.5631368102796673
2026-02-24 06:45:00+01:00,-100.0,100.0,77275.4304326531,77300.43553469391,30.884973544973533
2026-02-24 07:00:00+01:00,-100.0,100.0,77299.9304326531,77299.9304326531,30.884973544973533
2026-02-24 07:15:00+01:00,-50.0,50.0,77299.42533061228,77324.4304326531,0.5631368102796673
2026-02-24 07:30:00+01:00,-50.0,50.0,77311.67533061228,77311.67533061228,0.5631368102796673
2026-02-24 07:45:00+01:00,-100.0,100.0,77298.92022857147,77323.92533061228,4.469504157218442
2026-02-24 08:00:00+01:00,-150.0,150.0,77298.41512653066,77323.42022857147,101.49062660619805
2026-02-24 08:15:00+01:00,-150.0,150.0,77310.16002448983,77335.16512653066,101.49062660619805
2026-02-24 08:30:00+01:00,-200.0,200.0,77321.90492244902,77346.91002448983,106.98266357192774
2026-02-24 08:45:00+01:00,-250.0,250.0,77320.89471836737,77370.90492244902,127.15830983043116
2026-02-24 09:00:00+01:00,-200.0,200.0,77357.13961632657,77382.14471836737,30.137187381451547
2026-02-24 09:15:00+01:00,-250.0,250.0,77356.12941224493,77406.13961632657,36.93757888499174
2026-02-24 09:30:00+01:00,-250.0,250.0,77367.3692081633,77417.37941224493,26.991932626488317
2026-02-24 09:45:00+01:00,-300.0,300.0,77353.60390204086,77428.6192081633,48.25710269451552
2026-02-24 10:00:00+01:00,-300.0,300.0,77377.09369795924,77427.10390204086,48.25710269451552
2026-02-24 10:15:00+01:00,-300.0,300.0,77375.57839183678,77450.59369795924,48.25710269451552
2026-02-24 10:30:00+01:00,-250.0,250.0,77399.06818775514,77449.07839183678,26.991932626488317
2026-02-24 10:45:00+01:00,-250.0,250.0,77385.30288163268,77460.31818775514,26.991932626488317
2026-02-24 11:00:00+01:00,-250.0,250.0,77396.54267755106,77446.55288163268,26.991932626488317
2026-02-24 11:15:00+01:00,-250.0,250.0,77382.77737142862,77457.79267755106,26.991932626488317
2026-02-24 11:30:00+01:00,-300.0,300.0,77394.01716734697,77444.02737142862,33.377320381590366
2026-02-24 11:45:00+01:00,-300.0,300.0,77376.84306938779,77467.51716734697,33.377320381590366
2026-02-24 12:00:00+01:00,-350.0,350.0,77400.33286530616,77450.34306938779,96.23895303465159
2026-02-24 12:15:00+01:00,-350.0,350.0,77411.06755918372,77486.08286530616,173.59514351084206
2026-02-24 12:30:00+01:00,-350.0,350.0,77446.8073551021,77496.81755918372,173.59514351084206
2026-02-24 12:45:00+01:00,-350.0,350.0,77472.63415510207,77532.5573551021,173.59514351084206
2026-02-24 13:00:00+01:00,-300.0,300.0,77508.37395102045,77558.38415510207,33.377320381590366
2026-02-24 13:15:00+01:00,-300.0,300.0,77531.8637469388,77581.87395102045,33.377320381590366
2026-02-24 13:30:00+01:00,-300.0,300.0,77555.35354285718,77605.3637469388,33.377320381590366
2026-02-24 13:45:00+01:00,-300.0,300.0,77578.84333877555,77628.85354285718,33.377320381590366
2026-02-24 14:00:00+01:00,-250.0,250.0,77602.33313469391,77652.34333877555,26.991932626488317
2026-02-24 14:15:00+01:00,-250.0,250.0,77613.57293061228,77663.58313469391,26.991932626488317
2026-02-24 14:30:00+01:00,-250.0,250.0,77626.17364897963,77674.82293061228,26.991932626488317
2026-02-24 14:45:00+01:00,-250.0,250.0,77637.41344489799,77687.42364897963,26.991932626488317
2026-02-24 15:00:00+01:00,-250.0,250.0,77673.65834285718,77698.66344489799,26.991932626488317
2026-02-24 15:15:00+01:00,-250.0,250.0,77684.89813877555,77734.90834285718,26.991932626488317
2026-02-24 15:30:00+01:00,-250.0,250.0,77721.14303673473,77746.14813877555,26.991932626488317
2026-02-24 15:45:00+01:00,-250.0,250.0,77755.32836734697,77782.39303673473,26.991932626488317
2026-02-24 16:00:00+01:00,-300.0,300.0,77791.57326530617,77816.57836734697,90.4372387489373
2026-02-24 16:15:00+01:00,-300.0,300.0,77865.07326530617,77865.07326530617,90.84581017750878
2026-02-24 16:30:00+01:00,-250.0,250.0,77913.56816326534,77938.57326530617,26.991932626488317
2026-02-24 16:45:00+01:00,-250.0,250.0,77974.81816326534,77974.81816326534,26.991932626488317
2026-02-24 17:00:00+01:00,-250.0,250.0,78022.96320000004,78036.06816326534,26.991932626488317
2026-02-24 17:15:00+01:00,-250.0,250.0,78084.21320000004,78084.21320000004,26.991932626488317
2026-02-24 17:30:00+01:00,-250.0,250.0,78145.46320000004,78145.46320000004,46.448795816208644
2026-02-24 17:45:00+01:00,-250.0,250.0,78206.71320000004,78206.71320000004,46.448795816208644
2026-02-24 18:00:00+01:00,-300.0,300.0,78267.96320000004,78267.96320000004,46.543206064979685
2026-02-24 18:15:00+01:00,-250.0,250.0,78316.45809795923,78341.46320000004,26.523206064979693
2026-02-24 18:30:00+01:00,-250.0,250.0,78377.70809795923,78377.70809795923,26.523206064979693
2026-02-24 18:45:00+01:00,-300.0,300.0,78413.95299591841,78438.95809795923,60.67977749355112
2026-02-24 19:00:00+01:00,-300.0,300.0,78487.45299591841,78487.45299591841,60.67977749355112
2026-02-24 19:15:00+01:00,-300.0,300.0,78535.94789387759,78560.95299591841,60.67977749355112
2026-02-24 19:30:00+01:00,-350.0,350.0,78609.44789387759,78609.44789387759,124.59202239151033
2026-02-24 19:45:00+01:00,-300.0,300.0,78670.19279183677,78695.19789387759,60.67977749355112
2026-02-24 20:00:00+01:00,-350.0,350.0,78743.69279183677,78743.69279183677,122.84100198334704
2026-02-24 20:15:00+01:00,-300.0,300.0,78804.43768979596,78829.44279183677,60.67977749355112
2026-02-24 20:30:00+01:00,-300.0,300.0,78877.93768979596,78877.93768979596,60.67977749355112
2026-02-24 20:45:00+01:00,-300.0,300.0,78926.43258775515,78951.43768979596,60.67977749355112
2026-02-24 21:00:00+01:00,-300.0,300.0,78999.93258775515,78999.93258775515,60.67977749355112
2026-02-24 21:15:00+01:00,-250.0,250.0,79048.42748571433,79073.43258775515,26.523206064979693
2026-02-24 21:30:00+01:00,-150.0,150.0,79109.67748571433,79109.67748571433,15.816447214500728
2026-02-24 21:45:00+01:00,-100.0,100.0,79121.42238367352,79146.42748571433,10.32441024877104
2026-02-24 22:00:00+01:00,-100.0,100.0,79145.92238367352,79145.92238367352,10.32441024877104
2026-02-24 22:15:00+01:00,-150.0,150.0,79145.41728163269,79170.42238367352,156.2427775957098
2026-02-24 22:30:00+01:00,-100.0,100.0,79182.16728163269,79182.16728163269,146.01277759570982
2026-02-24 22:45:00+01:00,-100.0,100.0,79181.66217959188,79206.66728163269,146.01277759570982
2026-02-24 23:00:00+01:00,-100.0,100.0,79206.16217959188,79206.16217959188,146.01277759570982
2026-02-24 23:15:00+01:00,-50.0,50.0,79205.65707755106,79230.66217959188,0.09441024877104132
2026-02-24 23:30:00+01:00,-100.0,100.0,79217.90707755106,79217.90707755106,60.329512289587356
2026-02-24 23:45:00+01:00,-50.0,50.0,79217.40197551025,79242.40707755106,0.09441024877104132
2026-02-25 00:00:00+01:00,-50.0,50.0,79229.65197551025,79229.65197551025,0.09441024877104132
2026-02-25 00:15:00+01:00,-50.0,50.0,79216.89687346944,79241.90197551025,0.09441024877104132
2026-02-25 00:30:00+01:00,-100.0,100.0,79229.14687346944,79229.14687346944,65.97168916033566
2026-02-25 00:45:00+01:00,-100.0,100.0,79228.6417714286,79253.64687346944,65.97168916033566
2026-02-25 01:00:00+01:00,-100.0,100.0,79253.1417714286,79253.1417714286,65.97168916033566
2026-02-25 01:15:00+01:00,-50.0,50.0,79252.6366693878,79277.6417714286,0.09441024877104132
2026-02-25 01:30:00+01:00,-50.0,50.0,79264.8866693878,79264.8866693878,0.09441024877104132
2026-02-25 01:45:00+01:00,-100.0,100.0,79252.13156734698,79277.1366693878,12.0363694324445
2026-02-25 02:00:00+01:00,-150.0,150.0,79273.89716734698,79276.63156734698,109.31528099707035
2026-02-25 02:15:00+01:00,-150.0,150.0,79285.64206530617,79310.64716734698,109.31528099707035
2026-02-25 02:30:00+01:00,-150.0,150.0,79322.39206530617,79322.39206530617,109.31528099707035
2026-02-25 02:45:00+01:00,-100.0,100.0,79334.13696326535,79359.14206530617,12.0363694324445
2026-02-25 03:00:00+01:00,-100.0,100.0,79358.63696326535,79358.63696326535,97.07759392224042
2026-02-25 03:15:00+01:00,-150.0,150.0,79358.13186122454,79383.13696326535,147.28324018074386
2026-02-25 03:30:00+01:00,-150.0,150.0,79394.88186122454,79394.88186122454,147.28324018074386
2026-02-25 03:45:00+01:00,-200.0,200.0,79406.62675918371,79431.63186122454,206.99303609911115
2026-02-25 04:00:00+01:00,-150.0,150.0,79455.62675918371,79455.62675918371,147.28324018074386
2026-02-25 04:15:00+01:00,-100.0,100.0,79467.3716571429,79492.37675918371,50.30005650727445
2026-02-25 04:30:00+01:00,-100.0,100.0,79491.8716571429,79491.8716571429,50.30005650727445
2026-02-25 04:45:00+01:00,-150.0,150.0,79491.36655510208,79516.3716571429,5.559747955282219
2026-02-25 05:00:00+01:00,-150.0,150.0,79478.10635102045,79528.11655510208,5.559747955282219
2026-02-25 05:15:00+01:00,-150.0,150.0,79489.85124897964,79514.85635102045,5.559747955282219
2026-02-25 05:30:00+01:00,-150.0,150.0,79476.59104489801,79526.60124897964,5.559747955282219
2026-02-25 05:45:00+01:00,-150.0,150.0,79488.3359428572,79513.34104489801,5.559747955282219
2026-02-25 06:00:00+01:00,-150.0,150.0,79475.07573877554,79525.0859428572,5.559747955282219
2026-02-25 06:15:00+01:00,-150.0,150.0,79486.82063673472,79511.82573877554,5.559747955282219
2026-02-25 06:30:00+01:00,-150.0,150.0,79473.5604326531,79523.57063673472,5.559747955282219
2026-02-25 06:45:00+01:00,-150.0,150.0,79485.30533061229,79510.3104326531,5.559747955282219
2026-02-25 07:00:00+01:00,-200.0,200.0,79483.97183673472,79522.05533061229,68.69132958793527
2026-02-25 07:15:00+01:00,-200.0,200.0,79507.96673469391,79532.97183673472,68.69132958793527
2026-02-25 07:30:00+01:00,-200.0,200.0,79531.9616326531,79556.96673469391,68.69132958793527
2026-02-25 07:45:00+01:00,-250.0,250.0,79555.95653061228,79580.9616326531,73.5585727563891
2026-02-25 08:00:00+01:00,-250.0,250.0,79567.19632653064,79617.20653061228,73.5585727563891
2026-02-25 08:15:00+01:00,-200.0,200.0,79603.44122448983,79628.44632653064,69.3019255260684
2026-02-25 08:30:00+01:00,-200.0,200.0,79602.4310204082,79652.44122448983,69.3019255260684
2026-02-25 08:45:00+01:00,-250.0,250.0,79626.42591836737,79651.4310204082,111.73498675055818
2026-02-25 09:00:00+01:00,-200.0,200.0,79637.66571428574,79687.67591836737,48.603405117905126
2026-02-25 09:15:00+01:00,-200.0,200.0,79661.66061224493,79686.66571428574,100.6962622607623
2026-02-25 09:30:00+01:00,-200.0,200.0,79660.6504081633,79710.66061224493,100.6962622607623
2026-02-25 09:45:00+01:00,-200.0,200.0,79684.64530612249,79709.6504081633,100.6962622607623
2026-02-25 10:00:00+01:00,-200.0,200.0,79683.63510204085,79733.64530612249,100.6962622607623
2026-02-25 10:15:00+01:00,-150.0,150.0,79707.63000000003,79732.63510204085,6.170343893415339
2026-02-25 10:30:00+01:00,-150.0,150.0,79694.3697959184,79744.38000000003,6.170343893415339
2026-02-25 10:45:00+01:00,-150.0,150.0,79706.1146938776,79731.1197959184,6.170343893415339
2026-02-25 11:00:00+01:00,-150.0,150.0,79692.85448979595,79742.8646938776,6.170343893415339
2026-02-25 11:15:00+01:00,-200.0,200.0,79704.59938775514,79729.60448979595,23.236956138313296
2026-02-25 11:30:00+01:00,-250.0,250.0,79703.58918367351,79753.59938775514,89.2837782957477
2026-02-25 11:45:00+01:00,-250.0,250.0,79739.83408163268,79764.83918367351,89.2837782957477
2026-02-25 12:00:00+01:00,-250.0,250.0,79751.07387755105,79801.08408163268,89.2837782957477
2026-02-25 12:15:00+01:00,-250.0,250.0,79787.31877551024,79812.32387755105,89.2837782957477
2026-02-25 12:30:00+01:00,-200.0,200.0,79798.5585714286,79848.56877551024,72.21716605084974
2026-02-25 12:45:00+01:00,-300.0,300.0,79822.55346938779,79847.5585714286,126.17777829574769
2026-02-25 13:00:00+01:00,-350.0,350.0,79833.28966530616,79896.05346938779,340.7653293161558
2026-02-25 13:15:00+01:00,-250.0,250.0,79894.03456326535,79919.03966530616,231.08891532198675
2026-02-25 13:30:00+01:00,-200.0,200.0,79905.2743591837,79955.28456326535,16.501364301578604
2026-02-25 13:45:00+01:00,-200.0,200.0,79929.26925714289,79954.2743591837,16.501364301578604
2026-02-25 14:00:00+01:00,-200.0,200.0,79928.25905306127,79978.26925714289,16.501364301578604
2026-02-25 14:15:00+01:00,-150.0,150.0,79952.25395102044,79977.25905306127,6.170343893415339
2026-02-25 14:30:00+01:00,-150.0,150.0,79938.99374693881,79989.00395102044,6.170343893415339
2026-02-25 14:45:00+01:00,-150.0,150.0,79950.738644898,79975.74374693881,6.170343893415339
2026-02-25 15:00:00+01:00,-150.0,150.0,79937.47844081635,79987.488644898,6.170343893415339
2026-02-25 15:15:00+01:00,-150.0,150.0,79949.22333877554,79974.22844081635,6.170343893415339
2026-02-25 15:30:00+01:00,-150.0,150.0,79935.96313469391,79985.97333877554,6.170343893415339
2026-02-25 15:45:00+01:00,-200.0,200.0,79947.7080326531,79972.71313469391,18.94111940361943
2026-02-25 16:00:00+01:00,-250.0,250.0,79946.69782857147,79996.7080326531,80.16846634239492
2026-02-25 16:15:00+01:00,-200.0,200.0,79982.94272653066,80007.94782857147,18.94111940361943
2026-02-25 16:30:00+01:00,-200.0,200.0,79990.69835918372,80031.94272653066,18.94111940361943
2026-02-25 16:45:00+01:00,-200.0,200.0,80014.6932571429,80039.69835918372,18.94111940361943
2026-02-25 17:00:00+01:00,-150.0,150.0,80038.68815510208,80063.6932571429,6.170343893415339
2026-02-25 17:15:00+01:00,-150.0,150.0,80050.43305306125,80075.43815510208,6.170343893415339
2026-02-25 17:30:00+01:00,-150.0,150.0,80062.17795102044,80087.18305306125,6.170343893415339
2026-02-25 17:45:00+01:00,-200.0,200.0,80073.92284897962,80098.92795102044,43.863976546476565
2026-02-25 18:00:00+01:00,-200.0,200.0,80097.91774693881,80122.92284897962,43.863976546476565
2026-02-25 18:15:00+01:00,-200.0,200.0,80121.912644898,80146.91774693881,43.863976546476565
2026-02-25 18:30:00+01:00,-200.0,200.0,80145.90754285718,80170.912644898,43.863976546476565
2026-02-25 18:45:00+01:00,-200.0,200.0,80169.90244081637,80194.90754285718,43.863976546476565
2026-02-25 19:00:00+01:00,-200.0,200.0,80193.89733877555,80218.90244081637,43.863976546476565
2026-02-25 19:15:00+01:00,-200.0,200.0,80217.89223673474,80242.89733877555,43.863976546476565
2026-02-25 19:30:00+01:00,-200.0,200.0,80241.88713469391,80266.89223673474,43.863976546476565
2026-02-25 19:45:00+01:00,-200.0,200.0,80265.88203265308,80290.88713469391,43.863976546476565
2026-02-25 20:00:00+01:00,-250.0,250.0,80289.87693061228,80314.88203265308,106.70615341722487
2026-02-25 20:15:00+01:00,-250.0,250.0,80326.12182857147,80351.12693061228,106.70615341722487
2026-02-25 20:30:00+01:00,-250.0,250.0,80365.81519183677,80387.37182857147,106.70615341722487
2026-02-25 20:45:00+01:00,-250.0,250.0,80402.06008979595,80427.06519183677,106.70615341722487
2026-02-25 21:00:00+01:00,-250.0,250.0,80463.31008979595,80463.31008979595,106.70615341722487
2026-02-25 21:15:00+01:00,-250.0,250.0,80499.55498775514,80524.56008979595,106.70615341722487
2026-02-25 21:30:00+01:00,-150.0,150.0,80560.80498775514,80560.80498775514,6.170343893415339
2026-02-25 21:45:00+01:00,-150.0,150.0,80572.54988571432,80597.55498775514,6.170343893415339
2026-02-25 22:00:00+01:00,-200.0,200.0,80609.29988571432,80609.29988571432,122.90503777096635
2026-02-25 22:15:00+01:00,-250.0,250.0,80633.29478367351,80658.29988571432,153.83973164851736
2026-02-25 22:30:00+01:00,-200.0,200.0,80694.54478367351,80694.54478367351,148.97248848006356
2026-02-25 22:45:00+01:00,-100.0,100.0,80718.53968163268,80743.54478367351,116.82910412632205
2026-02-25 23:00:00+01:00,-100.0,100.0,80743.03968163268,80743.03968163268,116.82910412632205
2026-02-25 23:15:00+01:00,-50.0,50.0,80742.53457959187,80767.53968163268,0.09441024877104132
2026-02-25 23:30:00+01:00,-50.0,50.0,80754.78457959187,80754.78457959187,0.09441024877104132
2026-02-25 23:45:00+01:00,-50.0,50.0,80742.02947755106,80767.03457959187,0.09441024877104132
2026-02-26 00:00:00+01:00,-100.0,100.0,80754.27947755106,80754.27947755106,2.4921408610159412
2026-02-26 00:15:00+01:00,-100.0,100.0,80728.76927346943,80778.77947755106,2.4921408610159412
2026-02-26 00:30:00+01:00,-150.0,150.0,80753.26927346943,80753.26927346943,140.68656262972345
2026-02-26 00:45:00+01:00,-150.0,150.0,80740.0090693878,80790.01927346943,140.68656262972345
2026-02-26 01:00:00+01:00,-150.0,150.0,80776.7590693878,80776.7590693878,140.68656262972345
2026-02-26 01:15:00+01:00,-100.0,100.0,80763.49886530614,80813.5090693878,2.4921408610159412
2026-02-26 01:30:00+01:00,-100.0,100.0,80787.99886530614,80787.99886530614,2.4921408610159412
2026-02-26 01:45:00+01:00,-100.0,100.0,80762.48866122452,80812.49886530614,2.4921408610159412
2026-02-26 02:00:00+01:00,-100.0,100.0,80786.98866122452,80786.98866122452,2.4921408610159412
2026-02-26 02:15:00+01:00,-150.0,150.0,80761.47845714289,80811.48866122452,60.859487799791445
2026-02-26 02:30:00+01:00,-200.0,200.0,80798.22845714289,80798.22845714289,119.73268507870301
2026-02-26 02:45:00+01:00,-200.0,200.0,80797.21825306126,80847.22845714289,119.73268507870301
2026-02-26 03:00:00+01:00,-200.0,200.0,80846.21825306126,80846.21825306126,119.73268507870301
2026-02-26 03:15:00+01:00,-150.0,150.0,80845.20804897964,80895.21825306126,60.859487799791445
2026-02-26 03:30:00+01:00,-200.0,200.0,80881.95804897964,80881.95804897964,139.26629052087992
2026-02-26 03:45:00+01:00,-200.0,200.0,80880.94784489801,80930.95804897964,139.26629052087992
2026-02-26 04:00:00+01:00,-200.0,200.0,80929.94784489801,80929.94784489801,139.26629052087992
2026-02-26 04:15:00+01:00,-150.0,150.0,80928.93764081635,80978.94784489801,60.859487799791445
2026-02-26 04:30:00+01:00,-150.0,150.0,80965.68764081635,80965.68764081635,60.859487799791445
2026-02-26 04:45:00+01:00,-100.0,100.0,80954.97285714289,81002.43764081635,2.4921408610159412
2026-02-26 05:00:00+01:00,-100.0,100.0,80979.47285714289,80979.47285714289,2.4921408610159412
2026-02-26 05:15:00+01:00,-100.0,100.0,80978.96775510207,81003.97285714289,2.4921408610159412
2026-02-26 05:30:00+01:00,-100.0,100.0,81003.46775510207,81003.46775510207,2.4921408610159412
2026-02-26 05:45:00+01:00,-100.0,100.0,81002.96265306126,81027.96775510207,2.4921408610159412
2026-02-26 06:00:00+01:00,-100.0,100.0,81027.46265306126,81027.46265306126,2.4921408610159412
2026-02-26 06:15:00+01:00,-100.0,100.0,81026.95755102044,81051.96265306126,28.052369432444525
2026-02-26 06:30:00+01:00,-100.0,100.0,81051.45755102044,81051.45755102044,28.052369432444525
2026-02-26 06:45:00+01:00,-150.0,150.0,81050.95244897962,81075.95755102044,36.1060905208799
2026-02-26 07:00:00+01:00,-100.0,100.0,81062.6973469388,81087.70244897962,8.148131337206415
2026-02-26 07:15:00+01:00,-200.0,200.0,81062.19224489799,81087.1973469388,82.054836876565
2026-02-26 07:30:00+01:00,-200.0,200.0,81086.18714285716,81111.19224489799,82.054836876565
2026-02-26 07:45:00+01:00,-250.0,250.0,81110.18204081635,81135.18714285716,86.01532667248337
2026-02-26 08:00:00+01:00,-250.0,250.0,81121.42183673472,81171.43204081635,86.01532667248337
2026-02-26 08:15:00+01:00,-300.0,300.0,81157.6667346939,81182.67183673472,94.49610218268745
2026-02-26 08:30:00+01:00,-300.0,300.0,81156.15142857147,81231.1667346939,94.49610218268745
2026-02-26 08:45:00+01:00,-300.0,300.0,81204.64632653065,81229.65142857147,94.49610218268745
2026-02-26 09:00:00+01:00,-300.0,300.0,81213.75282448984,81278.14632653065,94.49610218268745
2026-02-26 09:15:00+01:00,-300.0,300.0,81262.24772244901,81287.25282448984,94.49610218268745
2026-02-26 09:30:00+01:00,-300.0,300.0,81285.73751836739,81335.74772244901,94.49610218268745
2026-02-26 09:45:00+01:00,-300.0,300.0,81334.23241632657,81359.23751836739,94.49610218268745
2026-02-26 10:00:00+01:00,-250.0,250.0,81357.72221224493,81407.73241632657,41.43487769289155
2026-02-26 10:15:00+01:00,-300.0,300.0,81393.96711020412,81418.97221224493,51.50741413604023
2026-02-26 10:30:00+01:00,-300.0,300.0,81392.45180408168,81467.46711020412,51.50741413604023
2026-02-26 10:45:00+01:00,-350.0,350.0,81440.94670204086,81465.95180408168,106.76594323656934
2026-02-26 11:00:00+01:00,-300.0,300.0,81426.67629387758,81526.69670204086,44.896555481467296
2026-02-26 11:15:00+01:00,-300.0,300.0,81475.17119183677,81500.17629387758,44.896555481467296
2026-02-26 11:30:00+01:00,-300.0,300.0,81448.65078367351,81548.67119183677,44.896555481467296
2026-02-26 11:45:00+01:00,-400.0,400.0,81497.1456816327,81522.15078367351,74.97033099167137
2026-02-26 12:00:00+01:00,-400.0,400.0,81508.7401959184,81595.1456816327,74.97033099167137
2026-02-26 12:15:00+01:00,-400.0,400.0,81581.73509387759,81606.74019591842,74.97033099167137
2026-02-26 12:30:00+01:00,-400.0,400.0,81613.17849795922,81679.73509387759,74.97033099167137
2026-02-26 12:45:00+01:00,-300.0,300.0,81686.1733959184,81711.17849795922,44.896555481467296
2026-02-26 13:00:00+01:00,-300.0,300.0,81709.66319183676,81759.67339591839,44.896555481467296
2026-02-26 13:15:00+01:00,-300.0,300.0,81758.15808979595,81783.16319183676,44.896555481467296
2026-02-26 13:30:00+01:00,-350.0,350.0,81781.64788571432,81831.65808979595,94.67329017534483
2026-02-26 13:45:00+01:00,-350.0,350.0,81842.39278367351,81867.39788571432,94.67329017534483
2026-02-26 14:00:00+01:00,-350.0,350.0,81878.13257959187,81928.14278367351,94.67329017534483
2026-02-26 14:15:00+01:00,-300.0,300.0,81938.87747755105,81963.88257959187,73.82780912578215
2026-02-26 14:30:00+01:00,-300.0,300.0,81962.36727346943,82012.37747755104,73.82780912578215
2026-02-26 14:45:00+01:00,-300.0,300.0,82010.86217142858,82035.86727346941,73.82780912578215
2026-02-26 15:00:00+01:00,-350.0,350.0,82034.35196734696,82084.3621714286,104.12046218700665
2026-02-26 15:15:00+01:00,-350.0,350.0,82095.09686530614,82120.10196734696,104.12046218700665
2026-02-26 15:30:00+01:00,-300.0,300.0,82130.83666122452,82180.84686530614,73.82780912578215
2026-02-26 15:45:00+01:00,-300.0,300.0,82179.3315591837,82204.33666122452,73.82780912578215
2026-02-26 16:00:00+01:00,-300.0,300.0,82202.82135510207,82252.8315591837,73.82780912578215
2026-02-26 16:15:00+01:00,-250.0,250.0,82251.31625306126,82276.32135510207,24.051074431904613
2026-02-26 16:30:00+01:00,-300.0,300.0,82262.55604897962,82312.56625306126,56.00719688088421
2026-02-26 16:45:00+01:00,-300.0,300.0,82311.0509469388,82336.05604897962,56.00719688088421
2026-02-26 17:00:00+01:00,-250.0,250.0,82349.35808163269,82384.5509469388,24.051074431904613
2026-02-26 17:15:00+01:00,-250.0,250.0,82385.60297959187,82410.60808163269,24.051074431904613
2026-02-26 17:30:00+01:00,-250.0,250.0,82421.84787755106,82446.85297959187,24.051074431904613
2026-02-26 17:45:00+01:00,-250.0,250.0,82458.09277551023,82483.09787755106,24.051074431904613
2026-02-26 18:00:00+01:00,-250.0,250.0,82494.3376734694,82519.34277551023,24.051074431904613
2026-02-26 18:15:00+01:00,-250.0,250.0,82530.58257142859,82555.5876734694,24.051074431904613
2026-02-26 18:30:00+01:00,-250.0,250.0,82566.82746938778,82591.83257142859,24.051074431904613
2026-02-26 18:45:00+01:00,-300.0,300.0,82603.07236734696,82628.07746938778,25.971890758435226
2026-02-26 19:00:00+01:00,-350.0,350.0,82626.56216326533,82676.57236734696,106.18808123462571
2026-02-26 19:15:00+01:00,-350.0,350.0,82687.30706122452,82712.31216326533,106.18808123462571
2026-02-26 19:30:00+01:00,-350.0,350.0,82723.04685714288,82773.05706122452,106.18808123462571
2026-02-26 19:45:00+01:00,-350.0,350.0,82783.79175510207,82808.79685714288,106.18808123462571
2026-02-26 20:00:00+01:00,-400.0,400.0,82819.53155102042,82869.54175510207,136.62665266319712
2026-02-26 20:15:00+01:00,-400.0,400.0,82892.5264489796,82917.53155102042,136.62665266319712
2026-02-26 20:30:00+01:00,-300.0,300.0,82940.51624489797,82990.5264489796,25.971890758435226
2026-02-26 20:45:00+01:00,-350.0,350.0,82989.01114285715,83014.01624489797,317.80862545231275
2026-02-26 21:00:00+01:00,-400.0,400.0,83024.75093877553,83074.76114285715,515.6447479012924
2026-02-26 21:15:00+01:00,-400.0,400.0,83097.7458367347,83122.75093877551,253.60454381965974
2026-02-26 21:30:00+01:00,-300.0,300.0,83145.73563265307,83195.7458367347,51.80793157476177
2026-02-26 21:45:00+01:00,-200.0,200.0,83194.23053061226,83219.23563265307,13.957679874081482
2026-02-26 22:00:00+01:00,-250.0,250.0,83205.79367346941,83243.23053061226,56.624210486326376
2026-02-26 22:15:00+01:00,-300.0,300.0,83242.0385714286,83267.04367346941,202.54257783326517
2026-02-26 22:30:00+01:00,-200.0,200.0,83290.53346938778,83315.5385714286,149.80351077787157
2026-02-26 22:45:00+01:00,-200.0,200.0,83314.52836734697,83339.53346938778,149.80351077787157
2026-02-26 23:00:00+01:00,-200.0,200.0,83338.52326530614,83363.52836734697,149.80351077787157
2026-02-26 23:15:00+01:00,-150.0,150.0,83362.51816326531,83387.52326530614,3.885143430932796
2026-02-26 23:30:00+01:00,-200.0,200.0,83374.2630612245,83399.26816326531,22.854531186034837
2026-02-26 23:45:00+01:00,-250.0,250.0,83398.25795918368,83423.2630612245,25.229633226851163
2026-02-27 00:00:00+01:00,-250.0,250.0,83409.49775510206,83459.50795918368,25.229633226851163
2026-02-27 00:15:00+01:00,-200.0,200.0,83445.74265306124,83470.74775510206,23.35971637122002
2026-02-27 00:30:00+01:00,-200.0,200.0,83444.73244897962,83494.74265306124,23.35971637122002
2026-02-27 00:45:00+01:00,-250.0,250.0,83468.7273469388,83493.73244897962,72.21318575897513
2026-02-27 01:00:00+01:00,-250.0,250.0,83479.96714285716,83529.9773469388,72.21318575897513
2026-02-27 01:15:00+01:00,-250.0,250.0,83516.21204081635,83541.21714285716,72.21318575897513
2026-02-27 01:30:00+01:00,-300.0,300.0,83527.4518367347,83577.46204081635,159.3750905208799
2026-02-27 01:45:00+01:00,-250.0,250.0,83575.94673469388,83600.9518367347,110.52162113312477
2026-02-27 02:00:00+01:00,-250.0,250.0,83587.18653061225,83637.19673469388,110.52162113312477
2026-02-27 02:15:00+01:00,-200.0,200.0,83623.43142857144,83648.43653061225,23.35971637122002
2026-02-27 02:30:00+01:00,-200.0,200.0,83622.42122448981,83672.43142857144,23.35971637122002
2026-02-27 02:45:00+01:00,-200.0,200.0,83646.41612244901,83671.42122448982,23.35971637122002
2026-02-27 03:00:00+01:00,-200.0,200.0,83645.40591836738,83695.41612244901,23.35971637122002
2026-02-27 03:15:00+01:00,-250.0,250.0,83669.40081632657,83694.40591836738,49.33318575897513
2026-02-27 03:30:00+01:00,-250.0,250.0,83680.64061224494,83730.65081632657,49.33318575897513
2026-02-27 03:45:00+01:00,-300.0,300.0,83716.88551020413,83741.89061224494,126.23216535081187
2026-02-27 04:00:00+01:00,-300.0,300.0,83759.29784489798,83790.38551020413,126.23216535081187
2026-02-27 04:15:00+01:00,-300.0,300.0,83807.79274285717,83832.79784489798,126.23216535081187
2026-02-27 04:30:00+01:00,-300.0,300.0,83856.28764081636,83881.29274285717,126.23216535081187
2026-02-27 04:45:00+01:00,-250.0,250.0,83904.78253877553,83929.78764081636,49.33318575897513
2026-02-27 05:00:00+01:00,-200.0,200.0,83958.1011591837,83966.03253877553,23.35971637122002
2026-02-27 05:15:00+01:00,-200.0,200.0,83982.09605714289,84007.1011591837,23.35971637122002
2026-02-27 05:30:00+01:00,-150.0,150.0,84031.09605714289,84031.09605714289,4.390328616117982
2026-02-27 05:45:00+01:00,-100.0,100.0,84042.84095510207,84067.84605714289,2.4695122895873687
2026-02-27 06:00:00+01:00,-100.0,100.0,84067.34095510207,84067.34095510207,2.4695122895873687
2026-02-27 06:15:00+01:00,-50.0,50.0,84066.83585306126,84091.84095510207,0.09441024877104132
2026-02-27 06:30:00+01:00,-100.0,100.0,84079.08585306126,84079.08585306126,21.26716535081186
2026-02-27 06:45:00+01:00,-150.0,150.0,84078.58075102045,84103.58585306126,51.53063473856699
2026-02-27 07:00:00+01:00,-150.0,150.0,84115.33075102045,84115.33075102045,51.53063473856699
2026-02-27 07:15:00+01:00,-150.0,150.0,84127.07564897962,84152.08075102045,47.74259392224043
2026-02-27 07:30:00+01:00,-100.0,100.0,84163.8256489796,84163.8256489796,26.569838820199614
2026-02-27 07:45:00+01:00,-100.0,100.0,84163.32054693879,84188.3256489796,26.569838820199614
2026-02-27 08:00:00+01:00,-200.0,200.0,84187.82054693879,84187.82054693879,615.2113994444493
2026-02-27 08:15:00+01:00,-150.0,150.0,84186.81034285716,84236.82054693879,31.53793005669421
2026-02-27 08:30:00+01:00,-150.0,150.0,84223.56034285716,84223.56034285716,6.282567318050367
2026-02-27 08:45:00+01:00,-200.0,200.0,84185.29503673472,84260.31034285716,13.57541371976895
2026-02-27 09:00:00+01:00,-300.0,300.0,84209.28993469391,84234.29503673472,48.36235249527914
2026-02-27 09:15:00+01:00,-350.0,350.0,84207.77462857144,84282.78993469391,59.82829353836304
2026-02-27 09:30:00+01:00,-350.0,350.0,84243.51442448981,84293.52462857144,59.82829353836304
2026-02-27 09:45:00+01:00,-300.0,300.0,84254.24911836736,84329.26442448981,39.98339557917939
2026-02-27 10:00:00+01:00,-250.0,250.0,84291.26751836736,84327.74911836736,25.04135476285285
2026-02-27 10:15:00+01:00,-250.0,250.0,84277.50221224492,84352.51751836736,25.04135476285285
2026-02-27 10:30:00+01:00,-250.0,250.0,84316.81031836737,84338.75221224492,25.04135476285285
2026-02-27 10:45:00+01:00,-350.0,350.0,84303.04501224491,84378.06031836737,60.26776532707856
2026-02-27 11:00:00+01:00,-400.0,400.0,84363.7899102041,84388.79501224491,81.55239117741871
2026-02-27 11:15:00+01:00,-400.0,400.0,84386.77460408166,84461.7899102041,51.61654203917682
2026-02-27 11:30:00+01:00,-400.0,400.0,84434.76440000003,84484.77460408166,51.61654203917682
2026-02-27 11:45:00+01:00,-350.0,350.0,84457.74909387759,84532.76440000003,30.331916188836672
2026-02-27 12:00:00+01:00,-350.0,350.0,84493.48888979595,84543.49909387759,30.331916188836672
2026-02-27 12:15:00+01:00,-350.0,350.0,84504.22358367348,84579.23888979595,30.331916188836672
2026-02-27 12:30:00+01:00,-400.0,400.0,84539.96337959185,84589.97358367349,77.66783455618362
2026-02-27 12:45:00+01:00,-400.0,400.0,84562.9480734694,84637.96337959185,77.66783455618362
2026-02-27 13:00:00+01:00,-400.0,400.0,84610.93786938777,84660.9480734694,77.66783455618362
2026-02-27 13:15:00+01:00,-350.0,350.0,84633.92256326531,84708.93786938777,30.331916188836672
2026-02-27 13:30:00+01:00,-300.0,300.0,84690.72217142858,84719.67256326531,23.039069787118088
2026-02-27 13:45:00+01:00,-300.0,300.0,84689.20686530614,84764.22217142858,23.039069787118088
2026-02-27 14:00:00+01:00,-300.0,300.0,84737.70176326533,84762.70686530614,23.039069787118088
2026-02-27 14:15:00+01:00,-300.0,300.0,84736.18645714289,84811.20176326533,23.039069787118088
2026-02-27 14:30:00+01:00,-300.0,300.0,84784.68135510208,84809.68645714289,23.039069787118088
2026-02-27 14:45:00+01:00,-300.0,300.0,84783.16604897962,84858.18135510208,23.039069787118088
2026-02-27 15:00:00+01:00,-250.0,250.0,84831.6609469388,84856.66604897962,18.280414324933215
2026-02-27 15:15:00+01:00,-250.0,250.0,84817.89564081635,84892.9109469388,18.280414324933215
2026-02-27 15:30:00+01:00,-250.0,250.0,84854.14053877552,84879.14564081635,18.280414324933215
2026-02-27 15:45:00+01:00,-250.0,250.0,84864.01206530613,84915.39053877552,18.280414324933215
2026-02-27 16:00:00+01:00,-250.0,250.0,84900.25696326532,84925.26206530613,18.280414324933215
2026-02-27 16:15:00+01:00,-250.0,250.0,84911.4967591837,84961.50696326533,18.280414324933215
2026-02-27 16:30:00+01:00,-250.0,250.0,84947.74165714288,84972.74675918369,18.280414324933215
2026-02-27 16:45:00+01:00,-300.0,300.0,84958.98145306125,85008.99165714288,32.90143473309647
2026-02-27 17:00:00+01:00,-300.0,300.0,85007.47635102044,85032.48145306125,32.90143473309647
2026-02-27 17:15:00+01:00,-300.0,300.0,85030.96614693881,85080.97635102044,32.90143473309647
2026-02-27 17:30:00+01:00,-300.0,300.0,85079.461044898,85104.46614693881,32.90143473309647
2026-02-27 17:45:00+01:00,-350.0,350.0,85102.95084081637,85152.961044898,50.13439391676995
2026-02-27 18:00:00+01:00,-350.0,350.0,85163.69573877554,85188.70084081637,50.13439391676995
2026-02-27 18:15:00+01:00,-250.0,250.0,85199.4355346939,85249.44573877554,24.047432465522785
2026-02-27 18:30:00+01:00,-250.0,250.0,85235.68043265308,85260.6855346939,24.047432465522785
2026-02-27 18:45:00+01:00,-250.0,250.0,85246.92022857144,85296.93043265308,24.047432465522785
2026-02-27 19:00:00+01:00,-250.0,250.0,85283.16512653063,85308.17022857144,24.047432465522785
2026-02-27 19:15:00+01:00,-250.0,250.0,85294.40492244902,85344.41512653063,24.047432465522785
2026-02-27 19:30:00+01:00,-300.0,300.0,85330.6498204082,85355.65492244902,34.13914675123708
2026-02-27 19:45:00+01:00,-300.0,300.0,85330.53841632657,85404.1498204082,34.13914675123708
2026-02-27 20:00:00+01:00,-300.0,300.0,85379.03331428576,85404.03841632657,34.13914675123708
2026-02-27 20:15:00+01:00,-350.0,350.0,85402.52311020413,85452.53331428576,42.787241989332315
2026-02-27 20:30:00+01:00,-350.0,350.0,85438.26290612249,85488.27311020413,42.787241989332315
2026-02-27 20:45:00+01:00,-300.0,300.0,85474.00270204085,85524.01290612249,37.819150752837714
2026-02-27 21:00:00+01:00,-350.0,350.0,85502.20430204085,85547.50270204085,38.10416887223501
2026-02-27 21:15:00+01:00,-400.0,400.0,85512.93899591839,85587.95430204085,68.07580152529626
2026-02-27 21:30:00+01:00,-400.0,400.0,85585.93389387758,85610.93899591839,68.07580152529626
2026-02-27 21:45:00+01:00,-300.0,300.0,85608.91858775514,85683.93389387758,20.871209688561535
2026-02-27 22:00:00+01:00,-300.0,300.0,85657.41348571432,85682.41858775514,205.33731853209895
2026-02-27 22:15:00+01:00,-300.0,300.0,85655.89817959187,85730.91348571432,205.33731853209895
2026-02-27 22:30:00+01:00,-300.0,300.0,85704.39307755105,85729.39817959187,205.33731853209895
2026-02-27 22:45:00+01:00,-250.0,250.0,85702.87777142861,85777.89307755105,10.779495402847243
2026-02-27 23:00:00+01:00,-250.0,250.0,85739.12266938778,85764.1277714286,10.779495402847243
2026-02-27 23:15:00+01:00,-200.0,200.0,85725.35736326534,85800.37266938778,2.131400164752007
2026-02-27 23:30:00+01:00,-200.0,200.0,85749.35226122451,85774.35736326534,2.131400164752007
2026-02-27 23:45:00+01:00,-200.0,200.0,85723.33695510206,85798.35226122451,2.131400164752007
2026-02-28 00:00:00+01:00,-200.0,200.0,85747.33185306125,85772.33695510206,2.131400164752007
2026-02-28 00:15:00+01:00,-200.0,200.0,85721.3165469388,85796.33185306125,2.131400164752007
2026-02-28 00:30:00+01:00,-200.0,200.0,85745.31144489799,85770.3165469388,2.131400164752007
2026-02-28 00:45:00+01:00,-200.0,200.0,85719.29613877555,85794.31144489799,2.131400164752007
2026-02-28 01:00:00+01:00,-250.0,250.0,85743.29103673474,85768.29613877555,34.39395118516017
2026-02-28 01:15:00+01:00,-250.0,250.0,85729.52573061228,85804.54103673474,34.39395118516017
2026-02-28 01:30:00+01:00,-250.0,250.0,85765.77062857147,85790.77573061228,34.39395118516017
2026-02-28 01:45:00+01:00,-250.0,250.0,85752.00532244901,85827.02062857147,34.39395118516017
2026-02-28 02:00:00+01:00,-200.0,200.0,85788.25022040818,85813.25532244901,2.131400164752007
2026-02-28 02:15:00+01:00,-200.0,200.0,85762.23491428573,85837.25022040818,2.131400164752007
2026-02-28 02:30:00+01:00,-200.0,200.0,85786.22981224491,85811.23491428573,2.131400164752007
2026-02-28 02:45:00+01:00,-200.0,200.0,85760.21450612247,85835.22981224491,2.131400164752007
2026-02-28 03:00:00+01:00,-300.0,300.0,85784.20940408166,85809.21450612247,335.0087179490086
2026-02-28 03:15:00+01:00,-300.0,300.0,85782.69409795922,85857.70940408166,85.47371794900856
2026-02-28 03:30:00+01:00,-300.0,300.0,85831.1889959184,85856.19409795922,85.47371794900856
2026-02-28 03:45:00+01:00,-300.0,300.0,85829.67368979595,85904.6889959184,85.47371794900856
2026-02-28 04:00:00+01:00,-300.0,300.0,85878.16858775514,85903.17368979595,85.47371794900856
2026-02-28 04:15:00+01:00,-300.0,300.0,85876.65328163268,85951.66858775514,85.47371794900856
2026-02-28 04:30:00+01:00,-300.0,300.0,85925.14817959187,85950.15328163268,85.47371794900856
2026-02-28 04:45:00+01:00,-250.0,250.0,85923.63287346943,85998.64817959187,42.39027771577241
2026-02-28 05:00:00+01:00,-250.0,250.0,85959.8777714286,85984.88287346943,42.39027771577241
2026-02-28 05:15:00+01:00,-200.0,200.0,85946.11246530614,86021.1277714286,2.131400164752007
2026-02-28 05:30:00+01:00,-200.0,200.0,85970.10736326533,85995.11246530614,2.131400164752007
2026-02-28 05:45:00+01:00,-200.0,200.0,85944.09205714289,86019.10736326533,2.131400164752007
2026-02-28 06:00:00+01:00,-200.0,200.0,85968.08695510207,85993.09205714289,2.131400164752007
2026-02-28 06:15:00+01:00,-200.0,200.0,85942.07164897963,86017.08695510207,2.131400164752007
2026-02-28 06:30:00+01:00,-200.0,200.0,85966.06654693882,85991.07164897963,2.131400164752007
2026-02-28 06:45:00+01:00,-200.0,200.0,85940.05124081635,86015.06654693882,2.131400164752007
2026-02-28 07:00:00+01:00,-200.0,200.0,85964.04613877553,85989.05124081635,2.131400164752007
2026-02-28 07:15:00+01:00,-200.0,200.0,85938.0308326531,86013.04613877553,2.131400164752007
2026-02-28 07:30:00+01:00,-250.0,250.0,85962.02573061227,85987.0308326531,13.751171593323436
2026-02-28 07:45:00+01:00,-300.0,300.0,85926.69482448982,86023.27573061227,27.79902465454793
2026-02-28 08:00:00+01:00,-300.0,300.0,85975.18972244901,86000.19482448982,27.79902465454793
2026-02-28 08:15:00+01:00,-300.0,300.0,85973.67441632655,86048.68972244901,27.79902465454793
2026-02-28 08:30:00+01:00,-350.0,350.0,86022.16931428574,86047.17441632655,121.65371853209894
2026-02-28 08:45:00+01:00,-450.0,450.0,86032.9040081633,86107.91931428574,736.1159634300581
2026-02-28 09:00:00+01:00,-350.0,350.0,86118.1489061225,86143.15400816331,58.58780016475202
2026-02-28 09:15:00+01:00,-350.0,350.0,86128.88360000003,86203.89890612249,58.58780016475202
2026-02-28 09:30:00+01:00,-350.0,350.0,86189.62849795922,86214.63360000003,58.58780016475202
2026-02-28 09:45:00+01:00,-350.0,350.0,86200.36319183678,86275.37849795922,58.58780016475202
2026-02-28 10:00:00+01:00,-350.0,350.0,86261.10808979596,86286.11319183678,58.58780016475202
2026-02-28 10:15:00+01:00,-300.0,300.0,86271.84278367352,86346.85808979596,27.79902465454793
2026-02-28 10:30:00+01:00,-300.0,300.0,86320.33768163269,86345.34278367352,27.79902465454793
2026-02-28 10:45:00+01:00,-300.0,300.0,86318.82237551024,86393.83768163269,27.79902465454793
2026-02-28 11:00:00+01:00,-400.0,400.0,86367.31727346942,86392.32237551024,95.75241240964996
2026-02-28 11:15:00+01:00,-400.0,400.0,86365.29686530615,86465.31727346942,95.75241240964996
2026-02-28 11:30:00+01:00,-350.0,350.0,86438.29176326534,86463.29686530615,28.33812669536426
2026-02-28 11:45:00+01:00,-350.0,350.0,86424.02135510207,86524.04176326534,28.33812669536426
2026-02-28 12:00:00+01:00,-350.0,350.0,86484.76625306126,86509.77135510207,28.33812669536426
2026-02-28 12:15:00+01:00,-350.0,350.0,86470.49584489799,86570.51625306126,28.33812669536426
2026-02-28 12:30:00+01:00,-350.0,350.0,86531.24074285718,86556.24584489799,28.33812669536426
2026-02-28 12:45:00+01:00,-400.0,400.0,86516.97033469392,86616.99074285718,159.37282057291526
2026-02-28 13:00:00+01:00,-400.0,400.0,86589.96523265309,86614.97033469392,159.37282057291526
2026-02-28 13:15:00+01:00,-350.0,350.0,86587.94482448981,86687.96523265309,28.33812669536426
2026-02-28 13:30:00+01:00,-350.0,350.0,86648.689722449,86673.69482448981,28.33812669536426
2026-02-28 13:45:00+01:00,-300.0,300.0,86634.41931428574,86734.439722449,16.718355266792827
2026-02-28 14:00:00+01:00,-250.0,250.0,86682.91421224493,86707.91931428574,2.670502205568334
2026-02-28 14:15:00+01:00,-300.0,300.0,86644.14380408167,86744.16421224493,14.670828736180578
2026-02-28 14:30:00+01:00,-300.0,300.0,86690.19030204086,86717.64380408167,14.670828736180578
2026-02-28 14:45:00+01:00,-300.0,300.0,86663.6698938776,86763.69030204086,14.670828736180578
2026-02-28 15:00:00+01:00,-300.0,300.0,86712.16479183678,86737.1698938776,14.670828736180578
2026-02-28 15:15:00+01:00,-300.0,300.0,86685.6443836735,86785.66479183678,14.670828736180578
2026-02-28 15:30:00+01:00,-250.0,250.0,86734.13928163268,86759.1443836735,2.670502205568334
2026-02-28 15:45:00+01:00,-250.0,250.0,86695.36887346942,86795.38928163268,2.670502205568334
2026-02-28 16:00:00+01:00,-250.0,250.0,86731.61377142859,86756.61887346942,2.670502205568334
2026-02-28 16:15:00+01:00,-250.0,250.0,86692.84336326533,86792.86377142859,2.670502205568334
2026-02-28 16:30:00+01:00,-250.0,250.0,86729.08826122452,86754.09336326533,2.670502205568334
2026-02-28 16:45:00+01:00,-250.0,250.0,86690.31785306126,86790.33826122452,2.670502205568334
2026-02-28 17:00:00+01:00,-250.0,250.0,86726.56275102045,86751.56785306126,2.670502205568334
2026-02-28 17:15:00+01:00,-250.0,250.0,86687.79234285718,86787.81275102045,2.670502205568334
2026-02-28 17:30:00+01:00,-300.0,300.0,86724.03724081637,86749.04234285718,6.073886709812509
2026-02-28 17:45:00+01:00,-300.0,300.0,86672.51173061227,86797.53724081637,6.073886709812509
2026-02-28 18:00:00+01:00,-350.0,350.0,86721.00662857146,86746.01173061227,10.340817710784325
2026-02-28 18:15:00+01:00,-350.0,350.0,86656.72601632656,86806.75662857146,10.340817710784325
2026-02-28 18:30:00+01:00,-350.0,350.0,86717.47091428573,86742.47601632656,10.340817710784325
2026-02-28 18:45:00+01:00,-350.0,350.0,86653.19030204084,86803.22091428573,10.340817710784325
2026-02-28 19:00:00+01:00,-350.0,350.0,86713.93520000002,86738.94030204084,10.340817710784325
2026-02-28 19:15:00+01:00,-350.0,350.0,86649.65458775513,86799.68520000002,10.340817710784325
2026-02-28 19:30:00+01:00,-350.0,350.0,86710.39948571431,86735.40458775513,10.340817710784325
2026-02-28 19:45:00+01:00,-400.0,400.0,86646.11887346943,86796.14948571431,12.504578643728932
2026-02-28 20:00:00+01:00,-400.0,400.0,86694.10866938779,86744.11887346943,12.504578643728932
2026-02-28 20:15:00+01:00,-400.0,400.0,86642.07805714289,86792.10866938779,12.504578643728932
2026-02-28 20:30:00+01:00,-400.0,400.0,86690.06785306126,86740.07805714289,12.504578643728932
2026-02-28 20:45:00+01:00,-400.0,400.0,86638.03724081635,86788.06785306126,12.504578643728932
2026-02-28 21:00:00+01:00,-400.0,400.0,86686.02703673473,86736.03724081635,12.504578643728932
2026-02-28 21:15:00+01:00,-400.0,400.0,86633.99642448983,86784.02703673473,12.504578643728932
2026-02-28 21:30:00+01:00,-400.0,400.0,86681.98622040817,86731.99642448983,12.504578643728932
2026-02-28 21:45:00+01:00,-400.0,400.0,86629.95560816328,86779.98622040817,12.504578643728932
2026-02-28 22:00:00+01:00,-400.0,400.0,86677.94540408165,86727.95560816328,12.504578643728932
2026-02-28 22:15:00+01:00,-400.0,400.0,86625.91479183677,86775.94540408165,12.504578643728932
2026-02-28 22:30:00+01:00,-400.0,400.0,86673.90458775514,86723.91479183677,12.504578643728932
2026-02-28 22:45:00+01:00,-400.0,400.0,86621.87397551024,86771.90458775514,12.504578643728932
2026-02-28 23:00:00+01:00,-400.0,400.0,86669.8637714286,86719.87397551024,12.504578643728932
2026-02-28 23:15:00+01:00,-400.0,400.0,86617.83315918369,86767.8637714286,12.504578643728932
2026-02-28 23:30:00+01:00,-400.0,400.0,86665.82295510206,86715.83315918369,12.504578643728932
2026-02-28 23:45:00+01:00,-400.0,400.0,86613.79234285718,86763.82295510206,12.504578643728932
2026-03-01 00:00:00+01:00,-400.0,400.0,86661.78213877552,86711.79234285718,12.504578643728932
2026-03-01 00:15:00+01:00,-400.0,400.0,86609.75152653063,86759.78213877552,12.504578643728932
2026-03-01 00:30:00+01:00,-400.0,400.0,86657.741322449,86707.75152653063,12.504578643728932
2026-03-01 00:45:00+01:00,-400.0,400.0,86605.7107102041,86755.741322449,12.504578643728932
2026-03-01 01:00:00+01:00,-400.0,400.0,86653.70050612248,86703.7107102041,12.504578643728932
2026-03-01 01:15:00+01:00,-400.0,400.0,86601.6698938776,86751.70050612248,12.504578643728932
2026-03-01 01:30:00+01:00,-400.0,400.0,86649.65968979595,86699.6698938776,12.504578643728932
2026-03-01 01:45:00+01:00,-400.0,400.0,86597.62907755104,86747.65968979595,12.504578643728932
2026-03-01 02:00:00+01:00,-400.0,400.0,86645.61887346942,86695.62907755104,12.504578643728932
2026-03-01 02:15:00+01:00,-400.0,400.0,86593.58826122452,86743.61887346942,12.504578643728932
2026-03-01 02:30:00+01:00,-400.0,400.0,86641.57805714288,86691.58826122452,12.504578643728932
2026-03-01 02:45:00+01:00,-400.0,400.0,86589.54744489798,86739.57805714288,12.504578643728932
2026-03-01 03:00:00+01:00,-400.0,400.0,86637.53724081634,86687.54744489798,12.504578643728932
2026-03-01 03:15:00+01:00,-400.0,400.0,86585.50662857144,86735.53724081634,12.504578643728932
2026-03-01 03:30:00+01:00,-400.0,400.0,86633.49642448981,86683.50662857144,12.504578643728932
2026-03-01 03:45:00+01:00,-400.0,400.0,86581.46581224493,86731.49642448981,12.504578643728932
2026-03-01 04:00:00+01:00,-400.0,400.0,86629.4556081633,86679.46581224493,12.504578643728932
2026-03-01 04:15:00+01:00,-400.0,400.0,86577.42499591841,86727.4556081633,12.504578643728932
2026-03-01 04:30:00+01:00,-400.0,400.0,86625.41479183677,86675.42499591841,12.504578643728932
2026-03-01 04:45:00+01:00,-400.0,400.0,86573.38417959186,86723.41479183677,12.504578643728932
2026-03-01 05:00:00+01:00,-400.0,400.0,86621.37397551023,86671.38417959186,12.504578643728932
2026-03-01 05:15:00+01:00,-400.0,400.0,86569.34336326535,86719.37397551023,12.504578643728932
2026-03-01 05:30:00+01:00,-400.0,400.0,86617.33315918369,86667.34336326535,12.504578643728932
2026-03-01 05:45:00+01:00,-400.0,400.0,86565.3025469388,86715.33315918369,12.504578643728932
2026-03-01 06:00:00+01:00,-400.0,400.0,86613.29234285717,86663.3025469388,12.504578643728932
2026-03-01 06:15:00+01:00,-400.0,400.0,86561.26173061227,86711.29234285717,12.504578643728932
2026-03-01 06:30:00+01:00,-400.0,400.0,86609.25152653064,86659.26173061227,12.504578643728932
2026-03-01 06:45:00+01:00,-400.0,400.0,86557.22091428576,86707.25152653064,12.504578643728932
2026-03-01 07:00:00+01:00,-400.0,400.0,86605.21071020412,86655.22091428576,12.504578643728932
2026-03-01 07:15:00+01:00,-400.0,400.0,86553.1800979592,86703.21071020412,12.504578643728932
2026-03-01 07:30:00+01:00,-400.0,400.0,86601.16989387758,86651.1800979592,12.504578643728932
2026-03-01 07:45:00+01:00,-400.0,400.0,86549.13928163268,86699.16989387757,12.504578643728932
2026-03-01 08:00:00+01:00,-400.0,400.0,86597.12907755104,86647.13928163268,12.504578643728932
2026-03-01 08:15:00+01:00,-400.0,400.0,86545.09846530615,86695.12907755104,12.504578643728932
2026-03-01 08:30:00+01:00,-400.0,400.0,86593.0882612245,86643.09846530615,12.504578643728932
2026-03-01 08:45:00+01:00,-400.0,400.0,86541.05764897961,86691.0882612245,12.504578643728932
2026-03-01 09:00:00+01:00,-400.0,400.0,86589.047444898,86639.05764897961,12.504578643728932
2026-03-01 09:15:00+01:00,-400.0,400.0,86537.0168326531,86687.04744489798,12.504578643728932
2026-03-01 09:30:00+01:00,-400.0,400.0,86585.00662857146,86635.0168326531,12.504578643728932
2026-03-01 09:45:00+01:00,-400.0,400.0,86532.97601632656,86683.00662857146,12.504578643728932
2026-03-01 10:00:00+01:00,-400.0,400.0,86580.96581224493,86630.97601632656,12.504578643728932
2026-03-01 10:15:00+01:00,-400.0,400.0,86528.93520000004,86678.96581224493,12.504578643728932
2026-03-01 10:30:00+01:00,-400.0,400.0,86576.92499591841,86626.93520000002,12.504578643728932
2026-03-01 10:45:00+01:00,-400.0,400.0,86527.88505306127,86674.9249959184,12.504578643728932
2026-03-01 11:00:00+01:00,-400.0,400.0,86575.87484897961,86625.88505306127,12.504578643728932
2026-03-01 11:15:00+01:00,-400.0,400.0,86548.84933877553,86673.87484897961,12.504578643728932
2026-03-01 11:30:00+01:00,-400.0,400.0,86596.8391346939,86646.84933877553,12.504578643728932
2026-03-01 11:45:00+01:00,-400.0,400.0,86569.81362448982,86694.8391346939,12.504578643728932
2026-03-01 12:00:00+01:00,-400.0,400.0,86617.80342040819,86667.81362448982,12.504578643728932
2026-03-01 12:15:00+01:00,-400.0,400.0,86590.77791020411,86715.80342040819,12.504578643728932
2026-03-01 12:30:00+01:00,-400.0,400.0,86638.76770612248,86688.77791020411,12.504578643728932
2026-03-01 12:45:00+01:00,-400.0,400.0,86611.74219591838,86736.76770612248,12.504578643728932
2026-03-01 13:00:00+01:00,-400.0,400.0,86659.73199183676,86709.74219591838,12.504578643728932
2026-03-01 13:15:00+01:00,-400.0,400.0,86632.70648163269,86757.73199183676,12.504578643728932
2026-03-01 13:30:00+01:00,-400.0,400.0,86680.69627755105,86730.70648163269,12.504578643728932
2026-03-01 13:45:00+01:00,-400.0,400.0,86671.52075102043,86778.69627755105,12.504578643728932
2026-03-01 14:00:00+01:00,-400.0,400.0,86719.51054693879,86769.52075102043,12.504578643728932
2026-03-01 14:15:00+01:00,-400.0,400.0,86717.49013877552,86817.51054693879,12.504578643728932
2026-03-01 14:30:00+01:00,-400.0,400.0,86765.4799346939,86815.49013877552,12.504578643728932
2026-03-01 14:45:00+01:00,-400.0,400.0,86763.45952653064,86863.4799346939,12.504578643728932
2026-03-01 15:00:00+01:00,-400.0,400.0,86811.44932244901,86861.45952653064,12.504578643728932
2026-03-01 15:15:00+01:00,-400.0,400.0,86818.51493877554,86909.44932244901,12.504578643728932
2026-03-01 15:30:00+01:00,-400.0,400.0,86874.01641632656,86916.51493877554,12.504578643728932
2026-03-01 15:45:00+01:00,-400.0,400.0,86897.0011102041,86972.01641632656,12.504578643728932
2026-03-01 16:00:00+01:00,-400.0,400.0,86969.99600816329,86995.0011102041,12.504578643728932
2026-03-01 16:15:00+01:00,-400.0,400.0,86992.98070204083,87067.99600816329,12.504578643728932
2026-03-01 16:30:00+01:00,-400.0,400.0,87065.9756,87090.98070204083,12.504578643728932
2026-03-01 16:45:00+01:00,-400.0,400.0,87088.96029387756,87163.9756,12.504578643728932
2026-03-01 17:00:00+01:00,-400.0,400.0,87161.95519183674,87186.96029387755,12.504578643728932
2026-03-01 17:15:00+01:00,-400.0,400.0,87184.9398857143,87259.95519183674,12.504578643728932
2026-03-01 17:30:00+01:00,-400.0,400.0,87257.9347836735,87282.93988571431,12.504578643728932
2026-03-01 17:45:00+01:00,-400.0,400.0,87280.91947755104,87355.9347836735,12.504578643728932
2026-03-01 18:00:00+01:00,-400.0,400.0,87353.91437551023,87378.91947755104,12.504578643728932
2026-03-01 18:15:00+01:00,-400.0,400.0,87376.89906938776,87451.91437551021,12.504578643728932
2026-03-01 18:30:00+01:00,-400.0,400.0,87449.89396734694,87474.89906938776,12.504578643728932
2026-03-01 18:45:00+01:00,-400.0,400.0,87472.8786612245,87547.89396734694,12.504578643728932
2026-03-01 19:00:00+01:00,-400.0,400.0,87545.87355918367,87570.8786612245,12.504578643728932
2026-03-01 19:15:00+01:00,-400.0,400.0,87568.85825306122,87643.87355918367,12.504578643728932
2026-03-01 19:30:00+01:00,-400.0,400.0,87641.8531510204,87666.85825306122,12.504578643728932
2026-03-01 19:45:00+01:00,-400.0,400.0,87664.83784489795,87739.85315102039,12.504578643728932
2026-03-01 20:00:00+01:00,-400.0,400.0,87737.83274285714,87762.83784489795,12.504578643728932
2026-03-01 20:15:00+01:00,-300.0,300.0,87760.8174367347,87835.83274285714,6.073886709812509
2026-03-01 20:30:00+01:00,-300.0,300.0,87809.31233469388,87834.3174367347,6.073886709812509
2026-03-01 20:45:00+01:00,-400.0,400.0,87807.79702857143,87882.81233469388,46.36681187988052
2026-03-01 21:00:00+01:00,-400.0,400.0,87880.79192653061,87905.79702857143,46.36681187988052
2026-03-01 21:15:00+01:00,-400.0,400.0,87903.77662040816,87978.79192653061,46.36681187988052
2026-03-01 21:30:00+01:00,-300.0,300.0,87976.77151836734,88001.77662040816,6.073886709812509
2026-03-01 21:45:00+01:00,-250.0,250.0,87975.25621224489,88050.27151836734,2.670502205568334
2026-03-01 22:00:00+01:00,-300.0,300.0,88011.50111020407,88036.5062122449,10.176543021894865
2026-03-01 22:15:00+01:00,-300.0,300.0,87984.98070204082,88085.00111020407,10.176543021894865
2026-03-01 22:30:00+01:00,-300.0,300.0,88033.4756,88058.48070204082,47.86804181496048
2026-03-01 22:45:00+01:00,-300.0,300.0,88008.02459591838,88106.9756,47.86804181496048
2026-03-01 23:00:00+01:00,-300.0,300.0,88056.51949387757,88081.52459591838,47.86804181496048
2026-03-01 23:15:00+01:00,-300.0,300.0,88055.00418775511,88130.01949387757,47.86804181496048
2026-03-01 23:30:00+01:00,-300.0,300.0,88103.4990857143,88128.50418775511,47.86804181496048
2026-03-01 23:45:00+01:00,-300.0,300.0,88101.98377959184,88176.9990857143,47.86804181496048
2026-03-02 00:00:00+01:00,-300.0,300.0,88150.47867755103,88175.48377959184,47.86804181496048
2026-03-02 00:15:00+01:00,-300.0,300.0,88162.76288163268,88223.97867755103,47.86804181496048
2026-03-02 00:30:00+01:00,-300.0,300.0,88211.25777959185,88236.26288163268,105.20812344761354
2026-03-02 00:45:00+01:00,-300.0,300.0,88234.7475755102,88284.75777959185,105.20812344761354
2026-03-02 01:00:00+01:00,-300.0,300.0,88283.24247346939,88308.2475755102,105.20812344761354
2026-03-02 01:15:00+01:00,-250.0,250.0,88306.73226938776,88356.74247346939,40.362000998633945
2026-03-02 01:30:00+01:00,-250.0,250.0,88342.97716734695,88367.98226938776,40.362000998633945
2026-03-02 01:45:00+01:00,-250.0,250.0,88370.537722449,88404.22716734695,40.362000998633945
2026-03-02 02:00:00+01:00,-250.0,250.0,88406.78262040818,88431.787722449,40.362000998633945
2026-03-02 02:15:00+01:00,-200.0,200.0,88443.02751836737,88468.03262040818,1.4504363727836067
2026-03-02 02:30:00+01:00,-150.0,150.0,88467.02241632655,88492.02751836737,1.1654182533863149
2026-03-02 02:45:00+01:00,-150.0,150.0,88478.76731428574,88503.77241632655,1.1654182533863149
2026-03-02 03:00:00+01:00,-200.0,200.0,88490.51221224491,88515.51731428574,51.10841145066523
2026-03-02 03:15:00+01:00,-250.0,250.0,88514.50711020408,88539.51221224491,81.63453389964481
2026-03-02 03:30:00+01:00,-250.0,250.0,88550.75200816327,88575.75711020408,81.63453389964481
2026-03-02 03:45:00+01:00,-250.0,250.0,88586.99690612245,88612.00200816327,140.96494206291015
2026-03-02 04:00:00+01:00,-300.0,300.0,88623.24180408164,88648.24690612245,270.13188083842033
2026-03-02 04:15:00+01:00,-250.0,250.0,88671.73670204083,88696.74180408164,269.592778797604
2026-03-02 04:30:00+01:00,-150.0,150.0,88707.9816,88732.98670204081,90.4828468248149
2026-03-02 04:45:00+01:00,-150.0,150.0,88719.72649795919,88744.7316,30.627132539100607
2026-03-02 05:00:00+01:00,-150.0,150.0,88731.47139591837,88756.47649795919,30.627132539100607
2026-03-02 05:15:00+01:00,-100.0,100.0,88743.21629387756,88768.22139591837,0.6263162125699885
2026-03-02 05:30:00+01:00,-100.0,100.0,88749.15856326532,88767.71629387756,0.6263162125699885
2026-03-02 05:45:00+01:00,-100.0,100.0,88748.6534612245,88773.65856326532,0.6263162125699885
2026-03-02 06:00:00+01:00,-100.0,100.0,88773.1534612245,88773.1534612245,0.6263162125699885
2026-03-02 06:15:00+01:00,-100.0,100.0,88772.64835918367,88797.6534612245,0.6263162125699885
2026-03-02 06:30:00+01:00,-150.0,150.0,88797.14835918367,88797.14835918367,8.155703967672027
2026-03-02 06:45:00+01:00,-200.0,200.0,88783.88815510205,88833.89835918367,18.224071314610804
2026-03-02 07:00:00+01:00,-200.0,200.0,88813.82415510205,88832.88815510205,18.224071314610804
2026-03-02 07:15:00+01:00,-200.0,200.0,88823.85455510205,88862.82415510205,18.224071314610804
2026-03-02 07:30:00+01:00,-250.0,250.0,88872.85455510205,88872.85455510205,50.238561110529176
2026-03-02 07:45:00+01:00,-250.0,250.0,88909.09945306124,88934.10455510205,50.238561110529176
2026-03-02 08:00:00+01:00,-250.0,250.0,88970.34945306124,88970.34945306124,68.98420736903257
2026-03-02 08:15:00+01:00,-250.0,250.0,89006.59435102042,89031.59945306124,68.98420736903257
2026-03-02 08:30:00+01:00,-200.0,200.0,89067.84435102042,89067.84435102042,61.45481961393053
2026-03-02 08:45:00+01:00,-150.0,150.0,89091.8392489796,89116.84435102042,51.38645226699176
2026-03-02 09:00:00+01:00,-200.0,200.0,89128.5892489796,89128.5892489796,72.73722777719584
2026-03-02 09:15:00+01:00,-250.0,250.0,89152.58414693878,89177.5892489796,81.04303698459974
2026-03-02 09:30:00+01:00,-200.0,200.0,89188.82904489797,89213.8341469388,30.282900930177963
2026-03-02 09:45:00+01:00,-250.0,250.0,89212.82394285715,89237.82904489797,60.7506560322188
2026-03-02 10:00:00+01:00,-250.0,250.0,89249.06884081634,89274.07394285715,67.52517455821577
2026-03-02 10:15:00+01:00,-200.0,200.0,89260.30863673471,89310.31884081634,37.057419456174934
2026-03-02 10:30:00+01:00,-200.0,200.0,89284.3035346939,89309.30863673471,37.057419456174934
2026-03-02 10:45:00+01:00,-200.0,200.0,89283.29333061227,89333.3035346939,37.057419456174934
2026-03-02 11:00:00+01:00,-200.0,200.0,89307.28822857146,89332.29333061227,37.057419456174934
2026-03-02 11:15:00+01:00,-200.0,200.0,89306.27802448983,89356.28822857146,37.057419456174934
2026-03-02 11:30:00+01:00,-150.0,150.0,89330.272922449,89355.27802448983,15.706643945970853
2026-03-02 11:45:00+01:00,-200.0,200.0,89317.01271836738,89367.02292244902,88.66582761944024
2026-03-02 12:00:00+01:00,-300.0,300.0,89341.00761632655,89366.01271836738,174.21290244937222
2026-03-02 12:15:00+01:00,-300.0,300.0,89339.4923102041,89414.50761632656,174.21290244937222
2026-03-02 12:30:00+01:00,-300.0,300.0,89387.98720816328,89412.9923102041,174.21290244937222
2026-03-02 12:45:00+01:00,-300.0,300.0,89410.48770612247,89461.48720816328,174.21290244937222
2026-03-02 13:00:00+01:00,-250.0,250.0,89482.28022040818,89483.98770612247,98.2186167350865
2026-03-02 13:15:00+01:00,-300.0,300.0,89493.52001632655,89543.53022040818,159.62106571467834
2026-03-02 13:30:00+01:00,-300.0,300.0,89567.02001632655,89567.02001632655,100.17106171307769
2026-03-02 13:45:00+01:00,-250.0,250.0,89565.50471020411,89640.52001632655,27.211878039608308
2026-03-02 14:00:00+01:00,-300.0,300.0,89626.75471020411,89626.75471020411,43.18993926409811
2026-03-02 14:15:00+01:00,-250.0,250.0,89625.23940408166,89700.25471020411,33.63715014845185
2026-03-02 14:30:00+01:00,-250.0,250.0,89686.48940408166,89686.48940408166,33.63715014845185
2026-03-02 14:45:00+01:00,-250.0,250.0,89672.72409795919,89747.73940408166,33.63715014845185
2026-03-02 15:00:00+01:00,-200.0,200.0,89733.97409795919,89733.97409795919,17.65908892396205
2026-03-02 15:15:00+01:00,-200.0,200.0,89728.52971428573,89782.97409795919,17.65908892396205
2026-03-02 15:30:00+01:00,-200.0,200.0,89777.52971428573,89777.52971428573,17.65908892396205
2026-03-02 15:45:00+01:00,-200.0,200.0,89776.51951020409,89826.52971428572,17.65908892396205
2026-03-02 16:00:00+01:00,-200.0,200.0,89825.51951020409,89825.51951020409,17.65908892396205
2026-03-02 16:15:00+01:00,-200.0,200.0,89824.50930612246,89874.51951020409,17.65908892396205
2026-03-02 16:30:00+01:00,-200.0,200.0,89873.50930612246,89873.50930612246,17.65908892396205
2026-03-02 16:45:00+01:00,-200.0,200.0,89872.49910204082,89922.50930612246,17.65908892396205
2026-03-02 17:00:00+01:00,-250.0,250.0,89921.49910204082,89921.49910204082,27.698272597431437
2026-03-02 17:15:00+01:00,-250.0,250.0,89918.26929795921,89982.74910204083,27.698272597431437
2026-03-02 17:30:00+01:00,-300.0,300.0,89979.51929795921,89979.51929795921,443.6823542300845
2026-03-02 17:45:00+01:00,-250.0,250.0,90003.00909387757,90053.01929795921,27.698272597431437
2026-03-02 18:00:00+01:00,-250.0,250.0,90064.25909387757,90064.25909387757,27.698272597431437
2026-03-02 18:15:00+01:00,-300.0,300.0,90075.49888979594,90125.50909387757,43.27548748338582
2026-03-02 18:30:00+01:00,-300.0,300.0,90148.99888979594,90148.99888979594,45.07653704606803
2026-03-02 18:45:00+01:00,-350.0,350.0,90167.96268571432,90222.49888979594,61.040006433823145
2026-03-02 19:00:00+01:00,-450.0,450.0,90253.71268571432,90253.71268571432,362.8478295630749
2026-03-02 19:15:00+01:00,-450.0,450.0,90299.0824816327,90363.96268571432,362.8478295630749
2026-03-02 19:30:00+01:00,-400.0,400.0,90409.3324816327,90409.3324816327,71.0110948691973
2026-03-02 19:45:00+01:00,-350.0,350.0,90457.32227755105,90507.3324816327,55.04762548144218
2026-03-02 20:00:00+01:00,-300.0,300.0,90543.07227755105,90543.07227755105,46.74181627403829
2026-03-02 20:15:00+01:00,-250.0,250.0,90566.56207346941,90616.57227755105,34.90158303788669
2026-03-02 20:30:00+01:00,-250.0,250.0,90627.81207346941,90627.81207346941,36.89580072496152
2026-03-02 20:45:00+01:00,-250.0,250.0,90636.43186938779,90689.06207346941,36.89580072496152
2026-03-02 21:00:00+01:00,-250.0,250.0,90697.68186938779,90697.68186938779,36.89580072496152
2026-03-02 21:15:00+01:00,-250.0,250.0,90708.92166530616,90758.93186938779,36.89580072496152
2026-03-02 21:30:00+01:00,-300.0,300.0,90770.17166530616,90770.17166530616,61.60464426237649
2026-03-02 21:45:00+01:00,-250.0,250.0,90793.66146122453,90843.67166530616,49.63933813992751
2026-03-02 22:00:00+01:00,-250.0,250.0,90854.91146122453,90854.91146122453,49.63933813992751
2026-03-02 22:15:00+01:00,-200.0,200.0,90866.15125714289,90916.16146122453,24.930494602512535
2026-03-02 22:30:00+01:00,-150.0,150.0,90915.15125714288,90915.15125714288,118.78154910431324
2026-03-02 22:45:00+01:00,-150.0,150.0,90901.89105306125,90951.90125714288,118.78154910431324
2026-03-02 23:00:00+01:00,-150.0,150.0,90938.64105306125,90938.64105306125,118.78154910431324
2026-03-02 23:15:00+01:00,-150.0,150.0,90925.3808489796,90975.39105306125,118.78154910431324
2026-03-02 23:30:00+01:00,-150.0,150.0,90962.1308489796,90962.1308489796,118.78154910431324
2026-03-02 23:45:00+01:00,-100.0,100.0,90948.87064489798,90998.8808489796,2.0468552267622377
2026-03-03 00:00:00+01:00,-150.0,150.0,90973.37064489798,90973.37064489798,62.22358992063981
2026-03-03 00:15:00+01:00,-100.0,100.0,90960.11044081635,91010.12064489798,2.0468552267622377
2026-03-03 00:30:00+01:00,-150.0,150.0,90984.61044081635,90984.61044081635,51.25052869615001
2026-03-03 00:45:00+01:00,-150.0,150.0,90971.35023673472,91021.36044081635,51.25052869615001
2026-03-03 01:00:00+01:00,-150.0,150.0,91008.10023673472,91008.10023673472,51.25052869615001
2026-03-03 01:15:00+01:00,-150.0,150.0,90994.84003265308,91044.85023673472,51.25052869615001
2026-03-03 01:30:00+01:00,-100.0,100.0,91031.59003265308,91031.59003265308,2.0468552267622377
2026-03-03 01:45:00+01:00,-100.0,100.0,91006.07982857144,91056.09003265308,2.0468552267622377
2026-03-03 02:00:00+01:00,-100.0,100.0,91030.57982857144,91030.57982857144,2.0468552267622377
2026-03-03 02:15:00+01:00,-200.0,200.0,91005.06962448981,91055.07982857144,37.407167351612195
2026-03-03 02:30:00+01:00,-200.0,200.0,91029.064522449,91054.06962448981,37.407167351612195
2026-03-03 02:45:00+01:00,-150.0,150.0,91028.05431836737,91078.064522449,6.93941224957136
2026-03-03 03:00:00+01:00,-200.0,200.0,91039.79921632656,91064.80431836737,49.127330616918314
2026-03-03 03:15:00+01:00,-200.0,200.0,91038.78901224493,91088.79921632656,49.127330616918314
2026-03-03 03:30:00+01:00,-200.0,200.0,91062.7839102041,91087.78901224493,49.127330616918314
2026-03-03 03:45:00+01:00,-300.0,300.0,91061.77370612246,91111.7839102041,115.19430340603395
2026-03-03 04:00:00+01:00,-350.0,350.0,91110.26860408165,91135.27370612246,130.23848707950336
2026-03-03 04:15:00+01:00,-300.0,300.0,91146.0084,91196.01860408165,88.05056871215639
2026-03-03 04:30:00+01:00,-250.0,250.0,91194.50329795919,91219.5084,66.82431020875504
2026-03-03 04:45:00+01:00,-200.0,200.0,91205.74309387757,91255.75329795919,21.983595923040752
2026-03-03 05:00:00+01:00,-150.0,150.0,91253.02860408164,91254.74309387757,6.93941224957136
2026-03-03 05:15:00+01:00,-150.0,150.0,91239.76840000002,91289.77860408164,6.93941224957136
2026-03-03 05:30:00+01:00,-150.0,150.0,91276.51840000002,91276.51840000002,6.93941224957136
2026-03-03 05:45:00+01:00,-150.0,150.0,91263.25819591839,91313.26840000002,6.93941224957136
2026-03-03 06:00:00+01:00,-150.0,150.0,91300.00819591839,91300.00819591839,6.93941224957136
2026-03-03 06:15:00+01:00,-150.0,150.0,91286.74799183676,91336.75819591839,6.93941224957136
2026-03-03 06:30:00+01:00,-100.0,100.0,91323.49799183676,91323.49799183676,2.0468552267622377
2026-03-03 06:45:00+01:00,-100.0,100.0,91297.98778775512,91347.99799183676,2.0468552267622377
2026-03-03 07:00:00+01:00,-100.0,100.0,91322.48778775512,91322.48778775512,2.0468552267622377
2026-03-03 07:15:00+01:00,-100.0,100.0,91296.97758367348,91346.98778775512,2.0468552267622377
2026-03-03 07:30:00+01:00,-150.0,150.0,91321.47758367348,91321.47758367348,62.34032461451729
2026-03-03 07:45:00+01:00,-100.0,100.0,91308.21737959185,91358.22758367348,2.0468552267622377
2026-03-03 08:00:00+01:00,-100.0,100.0,91332.71737959185,91332.71737959185,2.0468552267622377
2026-03-03 08:15:00+01:00,-200.0,200.0,91307.20717551022,91357.21737959185,34.241851447472754
2026-03-03 08:30:00+01:00,-300.0,300.0,91331.20207346942,91356.20717551022,632.9595045086971
2026-03-03 08:45:00+01:00,-300.0,300.0,91354.6918693878,91404.70207346942,56.254638562318696
2026-03-03 09:00:00+01:00,-250.0,250.0,91378.18166530614,91428.1918693878,27.693550126944537
2026-03-03 09:15:00+01:00,-350.0,350.0,91389.4214612245,91439.43166530614,118.0753868616384
2026-03-03 09:30:00+01:00,-350.0,350.0,91425.16125714287,91475.1714612245,108.9769636810454
2026-03-03 09:45:00+01:00,-250.0,250.0,91435.89595102043,91510.91125714287,18.595126946351538
2026-03-03 10:00:00+01:00,-250.0,250.0,91447.1357469388,91497.14595102043,18.595126946351538
2026-03-03 10:15:00+01:00,-250.0,250.0,91433.37044081635,91508.3857469388,18.595126946351538
2026-03-03 10:30:00+01:00,-250.0,250.0,91444.6102367347,91494.62044081635,18.595126946351538
2026-03-03 10:45:00+01:00,-300.0,300.0,91430.84493061226,91505.8602367347,49.09206572186175
2026-03-03 11:00:00+01:00,-300.0,300.0,91454.33472653064,91504.34493061226,49.09206572186175
2026-03-03 11:15:00+01:00,-250.0,250.0,91452.8194204082,91527.83472653064,18.595126946351538
2026-03-03 11:30:00+01:00,-250.0,250.0,91464.05921632657,91514.0694204082,18.595126946351538
2026-03-03 11:45:00+01:00,-300.0,300.0,91450.29391020413,91525.30921632657,602.2685963341065
2026-03-03 12:00:00+01:00,-250.0,250.0,91473.78370612247,91523.79391020413,18.595126946351538
2026-03-03 12:15:00+01:00,-250.0,250.0,91460.01840000003,91535.03370612247,18.595126946351538
2026-03-03 12:30:00+01:00,-250.0,250.0,91471.2581959184,91521.26840000003,18.595126946351538
2026-03-03 12:45:00+01:00,-250.0,250.0,91457.49288979593,91532.5081959184,18.595126946351538
2026-03-03 13:00:00+01:00,-250.0,250.0,91468.73268571429,91518.74288979593,18.595126946351538
2026-03-03 13:15:00+01:00,-250.0,250.0,91454.96737959185,91529.98268571429,18.595126946351538
2026-03-03 13:30:00+01:00,-250.0,250.0,91466.20717551022,91516.21737959185,18.595126946351538
2026-03-03 13:45:00+01:00,-250.0,250.0,91452.44186938778,91527.45717551022,18.595126946351538
2026-03-03 14:00:00+01:00,-250.0,250.0,91463.68166530615,91513.69186938778,18.595126946351538
2026-03-03 14:15:00+01:00,-250.0,250.0,91449.91635918371,91524.93166530615,18.595126946351538
2026-03-03 14:30:00+01:00,-250.0,250.0,91484.75817959187,91511.16635918371,18.595126946351538
2026-03-03 14:45:00+01:00,-250.0,250.0,91470.9928734694,91546.00817959187,18.595126946351538
2026-03-03 15:00:00+01:00,-300.0,300.0,91507.2377714286,91532.2428734694,22.14180161621948
2026-03-03 15:15:00+01:00,-300.0,300.0,91480.71736326531,91580.7377714286,22.14180161621948
2026-03-03 15:30:00+01:00,-300.0,300.0,91529.21226122451,91554.21736326531,22.14180161621948
2026-03-03 15:45:00+01:00,-350.0,350.0,91502.69185306125,91602.71226122451,107.88343426928074
2026-03-03 16:00:00+01:00,-300.0,300.0,91563.43675102043,91588.44185306125,22.14180161621948
2026-03-03 16:15:00+01:00,-300.0,300.0,91546.56057142859,91636.93675102043,22.14180161621948
2026-03-03 16:30:00+01:00,-300.0,300.0,91595.05546938778,91620.06057142859,22.14180161621948
2026-03-03 16:45:00+01:00,-350.0,350.0,91617.37184489799,91668.55546938778,107.47486284070925
2026-03-03 17:00:00+01:00,-300.0,300.0,91678.11674285716,91703.12184489799,22.14180161621948
2026-03-03 17:15:00+01:00,-350.0,350.0,91701.60653877555,91751.61674285718,605.8152710039744
2026-03-03 17:30:00+01:00,-300.0,300.0,91768.25477551024,91787.35653877555,22.14180161621948
2026-03-03 17:45:00+01:00,-300.0,300.0,91792.61278367351,91841.75477551024,22.14180161621948
2026-03-03 18:00:00+01:00,-300.0,300.0,91866.11278367351,91866.11278367351,22.14180161621948
2026-03-03 18:15:00+01:00,-300.0,300.0,91914.60768163268,91939.61278367351,22.14180161621948
2026-03-03 18:30:00+01:00,-300.0,300.0,91988.10768163268,91988.10768163268,22.14180161621948
2026-03-03 18:45:00+01:00,-350.0,350.0,92036.60257959187,92061.60768163268,64.98343426928072
2026-03-03 19:00:00+01:00,-350.0,350.0,92122.35257959187,92122.35257959187,64.98343426928072
2026-03-03 19:15:00+01:00,-250.0,250.0,92183.09747755105,92208.10257959187,18.595126946351538
2026-03-03 19:30:00+01:00,-250.0,250.0,92244.34747755105,92244.34747755105,18.595126946351538
2026-03-03 19:45:00+01:00,-350.0,350.0,92280.59237551024,92305.59747755105,64.84708029912123
2026-03-03 20:00:00+01:00,-350.0,350.0,92341.33727346943,92366.34237551024,64.84708029912123
2026-03-03 20:15:00+01:00,-300.0,300.0,92402.08217142861,92427.08727346943,22.85177417667224
2026-03-03 20:30:00+01:00,-300.0,300.0,92450.5770693878,92475.58217142861,22.85177417667224
2026-03-03 20:45:00+01:00,-300.0,300.0,92499.07196734697,92524.0770693878,22.85177417667224
2026-03-03 21:00:00+01:00,-300.0,300.0,92547.56686530614,92572.57196734697,22.85177417667224
2026-03-03 21:15:00+01:00,-250.0,250.0,92614.88789387757,92621.06686530614,22.7573639279012
2026-03-03 21:30:00+01:00,-200.0,200.0,92651.13279183676,92676.13789387757,15.788760486524648
2026-03-03 21:45:00+01:00,-200.0,200.0,92700.13279183676,92700.13279183676,17.577709844045433
2026-03-03 22:00:00+01:00,-250.0,250.0,92711.04929795921,92749.13279183676,42.48111120458966
2026-03-03 22:15:00+01:00,-250.0,250.0,92772.29929795921,92772.29929795921,42.48111120458966
2026-03-03 22:30:00+01:00,-300.0,300.0,92808.5441959184,92833.54929795921,237.03893433384135
2026-03-03 22:45:00+01:00,-200.0,200.0,92882.0441959184,92882.0441959184,206.18977248042074
2026-03-03 23:00:00+01:00,-200.0,200.0,92906.03909387757,92931.0441959184,206.18977248042074
2026-03-03 23:15:00+01:00,-100.0,100.0,92955.03909387757,92955.03909387757,7.375302120848337
2026-03-03 23:30:00+01:00,-100.0,100.0,92978.26280000003,92979.53909387757,7.375302120848337
2026-03-03 23:45:00+01:00,-100.0,100.0,93002.76280000003,93002.76280000003,7.375302120848337
2026-03-04 00:00:00+01:00,-100.0,100.0,93027.26280000003,93027.26280000003,7.375302120848337
2026-03-04 00:15:00+01:00,-100.0,100.0,93051.76280000003,93051.76280000003,7.375302120848337
2026-03-04 00:30:00+01:00,-150.0,150.0,93076.26280000003,93076.26280000003,123.08414565826325
2026-03-04 00:45:00+01:00,-150.0,150.0,93113.01280000003,93113.01280000003,65.1743987194878
2026-03-04 01:00:00+01:00,-200.0,200.0,93124.75769795921,93149.76280000003,95.1168476990796
2026-03-04 01:15:00+01:00,-200.0,200.0,93173.75769795921,93173.75769795921,49.16715382152859
2026-03-04 01:30:00+01:00,-150.0,150.0,93197.7525959184,93222.75769795921,19.224704841936777
2026-03-04 01:45:00+01:00,-150.0,150.0,93234.5025959184,93234.5025959184,19.224704841936777
2026-03-04 02:00:00+01:00,-150.0,150.0,93246.24749387757,93271.2525959184,19.224704841936777
2026-03-04 02:15:00+01:00,-150.0,150.0,93282.99749387757,93282.99749387757,19.224704841936777
2026-03-04 02:30:00+01:00,-250.0,250.0,93294.74239183676,93319.74749387757,140.96509356885613
2026-03-04 02:45:00+01:00,-250.0,250.0,93330.98728979594,93355.99239183676,140.96509356885613
2026-03-04 03:00:00+01:00,-250.0,250.0,93367.23218775513,93392.23728979594,140.96509356885613
2026-03-04 03:15:00+01:00,-200.0,200.0,93426.36728979595,93428.48218775513,27.771352072257475
2026-03-04 03:30:00+01:00,-200.0,200.0,93450.36218775513,93475.36728979595,27.771352072257475
2026-03-04 03:45:00+01:00,-200.0,200.0,93499.36218775513,93499.36218775513,78.65594791059281
2026-03-04 04:00:00+01:00,-200.0,200.0,93523.35708571432,93548.36218775513,78.65594791059281
2026-03-04 04:15:00+01:00,-100.0,100.0,93572.35708571432,93572.35708571432,55.22076326530612
2026-03-04 04:30:00+01:00,-100.0,100.0,93571.8519836735,93596.85708571432,55.22076326530612
2026-03-04 04:45:00+01:00,-50.0,50.0,93596.3519836735,93596.3519836735,2.3837224489795927
2026-03-04 05:00:00+01:00,-50.0,50.0,93583.59688163268,93608.6019836735,2.3837224489795927
2026-03-04 05:15:00+01:00,-50.0,50.0,93595.84688163268,93595.84688163268,2.3837224489795927
2026-03-04 05:30:00+01:00,-50.0,50.0,93585.29400000002,93608.09688163268,2.3837224489795927
2026-03-04 05:45:00+01:00,-50.0,50.0,93597.54400000002,93597.54400000002,2.3837224489795927
2026-03-04 06:00:00+01:00,-50.0,50.0,93609.79400000002,93609.79400000002,2.3837224489795927
2026-03-04 06:15:00+01:00,-50.0,50.0,93622.04400000002,93622.04400000002,2.3837224489795927
2026-03-04 06:30:00+01:00,-100.0,100.0,93634.29400000002,93634.29400000002,3.9396475814635257
2026-03-04 06:45:00+01:00,-150.0,150.0,93633.78889795921,93658.79400000002,7.568817276738896
2026-03-04 07:00:00+01:00,-100.0,100.0,93645.5337959184,93670.53889795921,5.185094827759303
2026-03-04 07:15:00+01:00,-100.0,100.0,93645.02869387758,93670.0337959184,5.185094827759303
2026-03-04 07:30:00+01:00,-150.0,150.0,93644.52359183677,93669.52869387758,20.27305401143278
2026-03-04 07:45:00+01:00,-200.0,200.0,93656.26848979594,93681.27359183677,21.63009482775931
2026-03-04 08:00:00+01:00,-250.0,250.0,93655.2582857143,93705.26848979594,86.07737373932393
2026-03-04 08:15:00+01:00,-250.0,250.0,93691.50318367349,93716.5082857143,86.07737373932393
2026-03-04 08:30:00+01:00,-200.0,200.0,93702.74297959187,93752.75318367349,70.98941455565046
2026-03-04 08:45:00+01:00,-300.0,300.0,93726.73787755106,93751.74297959187,86.17722359355133
2026-03-04 09:00:00+01:00,-350.0,350.0,93700.21746938778,93800.23787755106,378.0139582874288
2026-03-04 09:15:00+01:00,-400.0,400.0,93760.96236734696,93785.96746938778,386.47722359355123
2026-03-04 09:30:00+01:00,-300.0,300.0,93744.55866122452,93858.96236734696,30.193209988109157
2026-03-04 09:45:00+01:00,-300.0,300.0,93793.05355918371,93818.05866122452,30.193209988109157
2026-03-04 10:00:00+01:00,-300.0,300.0,93776.98335510207,93866.55355918371,30.193209988109157
2026-03-04 10:15:00+01:00,-300.0,300.0,93825.47825306126,93850.48335510207,30.193209988109157
2026-03-04 10:30:00+01:00,-300.0,300.0,93823.96294693882,93898.97825306126,30.193209988109157
2026-03-04 10:45:00+01:00,-300.0,300.0,93872.45784489799,93897.46294693882,30.193209988109157
2026-03-04 11:00:00+01:00,-300.0,300.0,93870.94253877555,93945.95784489799,30.193209988109157
2026-03-04 11:15:00+01:00,-300.0,300.0,93919.43743673473,93944.44253877555,138.44712835545607
2026-03-04 11:30:00+01:00,-350.0,350.0,93917.92213061228,93992.93743673473,148.62250250511593
2026-03-04 11:45:00+01:00,-300.0,300.0,93964.99822857147,94003.67213061228,140.15923719899348
2026-03-04 12:00:00+01:00,-300.0,300.0,93963.48292244901,94038.49822857147,140.15923719899348
2026-03-04 12:15:00+01:00,-300.0,300.0,94011.9778204082,94036.98292244901,140.15923719899348
2026-03-04 12:30:00+01:00,-300.0,300.0,94010.46251428575,94085.4778204082,104.01817597450372
2026-03-04 12:45:00+01:00,-300.0,300.0,94058.95741224494,94083.96251428575,104.01817597450372
2026-03-04 13:00:00+01:00,-250.0,250.0,94057.44210612249,94132.45741224494,93.84280182484386
2026-03-04 13:15:00+01:00,-300.0,300.0,94093.68700408166,94118.69210612249,129.34474060035407
2026-03-04 13:30:00+01:00,-300.0,300.0,94092.17169795922,94167.18700408166,129.34474060035407
2026-03-04 13:45:00+01:00,-300.0,300.0,94140.6665959184,94165.67169795922,50.72053520206571
2026-03-04 14:00:00+01:00,-300.0,300.0,94114.14618775513,94214.1665959184,50.72053520206571
2026-03-04 14:15:00+01:00,-250.0,250.0,94162.64108571432,94187.64618775513,15.218596426555502
2026-03-04 14:30:00+01:00,-250.0,250.0,94123.87067755105,94223.89108571432,15.218596426555502
2026-03-04 14:45:00+01:00,-250.0,250.0,94160.11557551024,94185.12067755105,15.218596426555502
2026-03-04 15:00:00+01:00,-250.0,250.0,94128.49349387758,94221.36557551024,15.218596426555502
2026-03-04 15:15:00+01:00,-250.0,250.0,94164.73839183677,94189.74349387758,15.218596426555502
2026-03-04 15:30:00+01:00,-250.0,250.0,94150.97308571433,94225.98839183677,15.218596426555502
2026-03-04 15:45:00+01:00,-300.0,300.0,94187.21798367352,94212.22308571433,100.14308622247387
2026-03-04 16:00:00+01:00,-250.0,250.0,94185.70267755106,94260.71798367352,15.218596426555502
2026-03-04 16:15:00+01:00,-250.0,250.0,94221.94757551023,94246.95267755106,15.218596426555502
2026-03-04 16:30:00+01:00,-300.0,300.0,94208.1822693878,94283.19757551023,307.05533112043304
2026-03-04 16:45:00+01:00,-300.0,300.0,94256.67716734699,94281.6822693878,307.05533112043304
2026-03-04 17:00:00+01:00,-250.0,250.0,94255.16186122454,94330.17716734699,15.218596426555502
2026-03-04 17:15:00+01:00,-250.0,250.0,94291.40675918372,94316.41186122454,15.218596426555502
2026-03-04 17:30:00+01:00,-250.0,250.0,94297.2590938776,94352.65675918372,15.218596426555502
2026-03-04 17:45:00+01:00,-250.0,250.0,94333.50399183678,94358.5090938776,15.218596426555502
2026-03-04 18:00:00+01:00,-250.0,250.0,94344.74378775514,94394.75399183678,15.218596426555502
2026-03-04 18:15:00+01:00,-250.0,250.0,94380.98868571433,94405.99378775514,15.218596426555502
2026-03-04 18:30:00+01:00,-250.0,250.0,94392.22848163269,94442.23868571433,15.218596426555502
2026-03-04 18:45:00+01:00,-250.0,250.0,94428.47337959186,94453.47848163269,53.95461683471878
2026-03-04 19:00:00+01:00,-250.0,250.0,94439.71317551025,94489.72337959186,53.95461683471878
2026-03-04 19:15:00+01:00,-300.0,300.0,94475.95807346943,94500.96317551025,54.575985882337825
2026-03-04 19:30:00+01:00,-300.0,300.0,94489.9562204082,94549.45807346943,54.575985882337825
2026-03-04 19:45:00+01:00,-300.0,300.0,94538.45111836739,94563.4562204082,54.575985882337825
2026-03-04 20:00:00+01:00,-350.0,350.0,94567.08844081637,94611.95111836739,56.69034302519497
2026-03-04 20:15:00+01:00,-350.0,350.0,94602.82823673473,94652.83844081635,56.69034302519497
2026-03-04 20:30:00+01:00,-350.0,350.0,94663.5731346939,94688.57823673473,56.69034302519497
2026-03-04 20:45:00+01:00,-350.0,350.0,94699.31293061227,94749.3231346939,56.69034302519497
2026-03-04 21:00:00+01:00,-350.0,350.0,94760.05782857146,94785.06293061227,56.69034302519497
2026-03-04 21:15:00+01:00,-400.0,400.0,94795.7976244898,94845.80782857146,98.94830220886843
2026-03-04 21:30:00+01:00,-300.0,300.0,94868.79252244899,94893.7976244898,56.88581372960575
2026-03-04 21:45:00+01:00,-300.0,300.0,94892.28231836736,94942.29252244899,56.88581372960575
2026-03-04 22:00:00+01:00,-250.0,250.0,94940.77721632656,94965.78231836738,14.627854545932289
2026-03-04 22:15:00+01:00,-300.0,300.0,94952.01701224493,95002.02721632656,17.26453600112306
2026-03-04 22:30:00+01:00,-350.0,350.0,94975.5068081633,95025.51701224493,133.99922987867407
2026-03-04 22:45:00+01:00,-300.0,300.0,95011.24660408168,95061.2568081633,127.29219635097726
2026-03-04 23:00:00+01:00,-300.0,300.0,95034.73640000005,95084.74660408168,127.29219635097726
2026-03-04 23:15:00+01:00,-300.0,300.0,95058.22619591843,95108.23640000005,127.29219635097726
2026-03-04 23:30:00+01:00,-300.0,300.0,95081.71599183677,95131.72619591843,127.29219635097726
2026-03-04 23:45:00+01:00,-250.0,250.0,95105.20578775514,95155.21599183677,10.557502473426267
2026-03-05 00:00:00+01:00,-250.0,250.0,95116.44558367351,95166.45578775514,10.557502473426267
2026-03-05 00:15:00+01:00,-250.0,250.0,95127.68537959186,95177.69558367351,10.557502473426267
2026-03-05 00:30:00+01:00,-250.0,250.0,95138.92517551023,95188.93537959186,10.557502473426267
2026-03-05 00:45:00+01:00,-300.0,300.0,95150.1649714286,95200.17517551023,40.4853596162834
2026-03-05 01:00:00+01:00,-250.0,250.0,95173.65476734698,95223.6649714286,36.856189921008024
2026-03-05 01:15:00+01:00,-250.0,250.0,95184.89456326535,95234.90476734698,36.856189921008024
2026-03-05 01:30:00+01:00,-250.0,250.0,95196.13435918372,95246.14456326535,36.856189921008024
2026-03-05 01:45:00+01:00,-200.0,200.0,95207.3741551021,95257.38435918372,6.928332778150896
2026-03-05 02:00:00+01:00,-200.0,200.0,95206.36395102045,95256.3741551021,6.928332778150896
2026-03-05 02:15:00+01:00,-200.0,200.0,95205.35374693882,95255.36395102045,6.928332778150896
2026-03-05 02:30:00+01:00,-200.0,200.0,95207.07026122454,95254.35374693882,6.928332778150896
2026-03-05 02:45:00+01:00,-200.0,200.0,95206.06005714288,95256.07026122454,6.928332778150896
2026-03-05 03:00:00+01:00,-250.0,250.0,95230.05495510207,95255.06005714288,557.5658837985591
2026-03-05 03:15:00+01:00,-200.0,200.0,95241.29475102044,95291.30495510207,6.928332778150896
2026-03-05 03:30:00+01:00,-200.0,200.0,95265.28964897963,95290.29475102044,6.928332778150896
2026-03-05 03:45:00+01:00,-250.0,250.0,95264.279444898,95314.28964897963,55.971496043457016
2026-03-05 04:00:00+01:00,-200.0,200.0,95300.52434285718,95325.529444898,53.33481458826625
2026-03-05 04:15:00+01:00,-250.0,250.0,95317.48367346944,95349.52434285718,66.11726356785809
2026-03-05 04:30:00+01:00,-250.0,250.0,95353.72857142863,95378.73367346944,66.11726356785809
2026-03-05 04:45:00+01:00,-200.0,200.0,95389.97346938781,95414.97857142863,17.07410030255196
2026-03-05 05:00:00+01:00,-200.0,200.0,95413.96836734698,95438.97346938781,17.07410030255196
2026-03-05 05:15:00+01:00,-200.0,200.0,95437.96326530617,95462.96836734698,17.07410030255196
2026-03-05 05:30:00+01:00,-150.0,150.0,95461.95816326536,95486.96326530617,4.291651322960124
2026-03-05 05:45:00+01:00,-150.0,150.0,95473.70306122453,95498.70816326536,4.291651322960124
2026-03-05 06:00:00+01:00,-100.0,100.0,95485.44795918372,95510.45306122453,2.1772941801029804
2026-03-05 06:15:00+01:00,-100.0,100.0,95484.9428571429,95509.94795918372,2.1772941801029804
2026-03-05 06:30:00+01:00,-100.0,100.0,95484.43775510209,95509.4428571429,2.1772941801029804
2026-03-05 06:45:00+01:00,-100.0,100.0,95483.93265306127,95508.93775510209,2.1772941801029804
2026-03-05 07:00:00+01:00,-200.0,200.0,95483.42755102046,95508.43265306127,60.86566152704177
2026-03-05 07:15:00+01:00,-200.0,200.0,95507.42244897965,95532.42755102046,60.86566152704177
2026-03-05 07:30:00+01:00,-150.0,150.0,95531.41734693882,95556.42244897965,30.777294180102984
2026-03-05 07:45:00+01:00,-100.0,100.0,95543.162244898,95568.16734693882,2.1772941801029804
2026-03-05 08:00:00+01:00,-150.0,150.0,95542.65714285719,95567.662244898,522.1719880576541
2026-03-05 08:15:00+01:00,-150.0,150.0,95554.40204081636,95579.40714285719,33.34545744540912
2026-03-05 08:30:00+01:00,-150.0,150.0,95566.14693877555,95591.15204081636,33.34545744540912
2026-03-05 08:45:00+01:00,-200.0,200.0,95577.89183673474,95602.89693877555,107.02733499642952
2026-03-05 09:00:00+01:00,-200.0,200.0,95576.88163265311,95626.89183673474,107.02733499642952
2026-03-05 09:15:00+01:00,-250.0,250.0,95600.8765306123,95625.88163265311,177.24325336377646
2026-03-05 09:30:00+01:00,-250.0,250.0,95612.11632653065,95662.1265306123,177.24325336377646
2026-03-05 09:45:00+01:00,-300.0,300.0,95648.36122448984,95673.36632653065,191.3584234318037
2026-03-05 10:00:00+01:00,-200.0,200.0,95671.8510204082,95721.86122448984,21.322668329762845
2026-03-05 10:15:00+01:00,-200.0,200.0,95695.84591836738,95720.8510204082,21.322668329762845
2026-03-05 10:30:00+01:00,-250.0,250.0,95694.83571428576,95744.84591836738,25.061752044881548
2026-03-05 10:45:00+01:00,-250.0,250.0,95706.07551020413,95756.08571428576,25.061752044881548
2026-03-05 11:00:00+01:00,-250.0,250.0,95717.3153061225,95767.32551020413,25.061752044881548
2026-03-05 11:15:00+01:00,-200.0,200.0,95728.55510204086,95778.5653061225,10.946581976854334
2026-03-05 11:30:00+01:00,-200.0,200.0,95727.54489795922,95777.55510204086,10.946581976854334
2026-03-05 11:45:00+01:00,-300.0,300.0,95726.5346938776,95776.54489795922,216.13699014011962
2026-03-05 12:00:00+01:00,-300.0,300.0,95739.04408979596,95800.0346938776,216.13699014011962
2026-03-05 12:15:00+01:00,-300.0,300.0,95762.53388571432,95812.54408979596,216.13699014011962
2026-03-05 12:30:00+01:00,-250.0,250.0,95786.02368163271,95836.03388571432,21.57916701086793
2026-03-05 12:45:00+01:00,-250.0,250.0,95797.26347755107,95847.27368163271,21.57916701086793
2026-03-05 13:00:00+01:00,-300.0,300.0,95808.50327346943,95858.51347755107,42.66923503807884
2026-03-05 13:15:00+01:00,-250.0,250.0,95831.9930693878,95882.00327346943,32.03665000406524
2026-03-05 13:30:00+01:00,-300.0,300.0,95843.23286530617,95893.2430693878,67.23216020814687
2026-03-05 13:45:00+01:00,-300.0,300.0,95866.72266122453,95916.73286530617,214.33733027617413
2026-03-05 14:00:00+01:00,-250.0,250.0,95890.21245714289,95940.22266122453,179.1418200720925
2026-03-05 14:15:00+01:00,-250.0,250.0,95901.45225306127,95951.46245714289,179.1418200720925
2026-03-05 14:30:00+01:00,-200.0,200.0,95912.69204897963,95962.70225306127,10.946581976854334
2026-03-05 14:45:00+01:00,-250.0,250.0,95911.68184489802,95961.69204897963,30.88875884760263
2026-03-05 15:00:00+01:00,-250.0,250.0,95922.92164081638,95972.93184489802,30.88875884760263
2026-03-05 15:15:00+01:00,-300.0,300.0,95934.16143673474,95984.17164081638,42.77068304585336
2026-03-05 15:30:00+01:00,-300.0,300.0,95953.41123265309,96007.66143673474,86.74075107306426
2026-03-05 15:45:00+01:00,-250.0,250.0,95976.90102857146,96026.91123265309,22.82850617510506
2026-03-05 16:00:00+01:00,-250.0,250.0,95988.14082448983,96038.15102857146,22.82850617510506
2026-03-05 16:15:00+01:00,-250.0,250.0,95999.3806204082,96049.39082448983,22.82850617510506
2026-03-05 16:30:00+01:00,-300.0,300.0,96010.62041632658,96060.6306204082,52.68340413428871
2026-03-05 16:45:00+01:00,-300.0,300.0,96034.11021224494,96084.12041632658,52.68340413428871
2026-03-05 17:00:00+01:00,-200.0,200.0,96080.06474285717,96107.61021224494,10.946581976854334
2026-03-05 17:15:00+01:00,-200.0,200.0,96079.05453877556,96129.06474285717,10.946581976854334
2026-03-05 17:30:00+01:00,-200.0,200.0,96110.73742857148,96128.05453877556,10.946581976854334
2026-03-05 17:45:00+01:00,-200.0,200.0,96109.72722448983,96159.73742857148,10.946581976854334
2026-03-05 18:00:00+01:00,-200.0,200.0,96158.72722448983,96158.72722448983,10.946581976854334
2026-03-05 18:15:00+01:00,-250.0,250.0,96157.7170204082,96207.72722448983,23.740704425833933
2026-03-05 18:30:00+01:00,-250.0,250.0,96218.9670204082,96218.9670204082,23.740704425833933
2026-03-05 18:45:00+01:00,-250.0,250.0,96234.59435102045,96280.2170204082,23.740704425833933
2026-03-05 19:00:00+01:00,-250.0,250.0,96295.84435102045,96295.84435102045,23.740704425833933
2026-03-05 19:15:00+01:00,-250.0,250.0,96332.08924897962,96357.09435102045,44.23372313331694
2026-03-05 19:30:00+01:00,-250.0,250.0,96393.33924897962,96393.33924897962,104.3987843578067
2026-03-05 19:45:00+01:00,-300.0,300.0,96429.58414693881,96454.58924897962,104.53591407866057
2026-03-05 20:00:00+01:00,-350.0,350.0,96478.079044898,96503.08414693881,116.54791407866057
2026-03-05 20:15:00+01:00,-300.0,300.0,96536.43274285717,96563.82904489798,95.43352632355852
2026-03-05 20:30:00+01:00,-300.0,300.0,96584.92764081636,96609.93274285717,95.43352632355852
2026-03-05 20:45:00+01:00,-300.0,300.0,96633.42253877556,96658.42764081637,95.43352632355852
2026-03-05 21:00:00+01:00,-350.0,350.0,96681.91743673473,96706.92253877556,110.66740387457892
2026-03-05 21:15:00+01:00,-300.0,300.0,96751.80029387759,96767.66743673473,98.65540387457892
2026-03-05 21:30:00+01:00,-250.0,250.0,96800.29519183678,96825.30029387759,25.696220201109544
2026-03-05 21:45:00+01:00,-250.0,250.0,96861.54519183678,96861.54519183678,25.696220201109544
2026-03-05 22:00:00+01:00,-250.0,250.0,96897.79008979596,96922.79519183678,25.696220201109544
2026-03-05 22:15:00+01:00,-250.0,250.0,96959.04008979596,96959.04008979596,127.19703652764017
2026-03-05 22:30:00+01:00,-200.0,200.0,96995.28498775515,97020.29008979596,122.1668324460075
2026-03-05 22:45:00+01:00,-150.0,150.0,97044.28498775515,97044.28498775515,118.42774873088881
2026-03-05 23:00:00+01:00,-200.0,200.0,97056.02988571434,97081.03498775515,126.16142220027656
2026-03-05 23:15:00+01:00,-200.0,200.0,97080.02478367352,97105.02988571434,126.16142220027656
2026-03-05 23:30:00+01:00,-150.0,150.0,97104.01968163271,97129.02478367352,9.426728322725548
2026-03-05 23:45:00+01:00,-150.0,150.0,97128.40678367352,97140.76968163271,9.426728322725548
2026-03-06 00:00:00+01:00,-150.0,150.0,97140.15168163269,97165.15678367352,9.426728322725548
2026-03-06 00:15:00+01:00,-150.0,150.0,97176.90168163269,97176.90168163269,9.426728322725548
2026-03-06 00:30:00+01:00,-150.0,150.0,97188.64657959188,97213.65168163269,9.426728322725548
2026-03-06 00:45:00+01:00,-200.0,200.0,97225.39657959188,97225.39657959188,71.15019771048065
2026-03-06 01:00:00+01:00,-150.0,150.0,97249.39147755106,97274.39657959188,63.4165242410929
2026-03-06 01:15:00+01:00,-100.0,100.0,97286.14147755106,97286.14147755106,1.6930548533377916
2026-03-06 01:30:00+01:00,-100.0,100.0,97285.63637551025,97310.64147755106,1.6930548533377916
2026-03-06 01:45:00+01:00,-100.0,100.0,97310.13637551025,97310.13637551025,1.6930548533377916
2026-03-06 02:00:00+01:00,-100.0,100.0,97309.63127346944,97334.63637551025,1.6930548533377916
2026-03-06 02:15:00+01:00,-150.0,150.0,97334.13127346944,97334.13127346944,31.868973220684747
2026-03-06 02:30:00+01:00,-150.0,150.0,97345.87617142861,97370.88127346944,31.868973220684747
2026-03-06 02:45:00+01:00,-100.0,100.0,97382.62617142861,97382.62617142861,1.6930548533377916
2026-03-06 03:00:00+01:00,-100.0,100.0,97382.1210693878,97407.12617142861,1.6930548533377916
2026-03-06 03:15:00+01:00,-100.0,100.0,97406.6210693878,97406.6210693878,1.6930548533377916
2026-03-06 03:30:00+01:00,-100.0,100.0,97406.11596734698,97431.1210693878,1.6930548533377916
2026-03-06 03:45:00+01:00,-100.0,100.0,97430.61596734698,97430.61596734698,122.06651747595589
2026-03-06 04:00:00+01:00,-150.0,150.0,97430.11086530617,97455.11596734698,413.9032521698334
2026-03-06 04:15:00+01:00,-150.0,150.0,97466.86086530617,97466.86086530617,293.9565302310579
2026-03-06 04:30:00+01:00,-150.0,150.0,97453.60066122454,97503.61086530617,32.38326492493552
2026-03-06 04:45:00+01:00,-150.0,150.0,97490.35066122454,97490.35066122454,32.38326492493552
2026-03-06 05:00:00+01:00,-100.0,100.0,97477.09045714291,97527.10066122454,2.1197955371803894
2026-03-06 05:15:00+01:00,-100.0,100.0,97501.59045714291,97501.59045714291,2.1197955371803894
2026-03-06 05:30:00+01:00,-100.0,100.0,97476.08025306126,97526.09045714291,2.1197955371803894
2026-03-06 05:45:00+01:00,-100.0,100.0,97500.58025306126,97500.58025306126,2.1197955371803894
2026-03-06 06:00:00+01:00,-100.0,100.0,97475.07004897963,97525.08025306126,2.1197955371803894
2026-03-06 06:15:00+01:00,-100.0,100.0,97499.57004897963,97499.57004897963,2.1197955371803894
2026-03-06 06:30:00+01:00,-150.0,150.0,97474.059844898,97524.07004897963,3.854139560504003
2026-03-06 06:45:00+01:00,-150.0,150.0,97485.80474285719,97510.809844898,3.854139560504003
2026-03-06 07:00:00+01:00,-150.0,150.0,97472.54453877556,97522.55474285719,3.854139560504003
2026-03-06 07:15:00+01:00,-150.0,150.0,97484.28943673475,97509.29453877556,3.854139560504003
2026-03-06 07:30:00+01:00,-150.0,150.0,97471.02923265312,97521.03943673475,3.854139560504003
2026-03-06 07:45:00+01:00,-150.0,150.0,97482.77413061229,97507.77923265312,3.854139560504003
2026-03-06 08:00:00+01:00,-200.0,200.0,97469.51392653065,97519.52413061229,42.76570418635434
2026-03-06 08:15:00+01:00,-250.0,250.0,97493.50882448984,97518.51392653065,140.0446157509802
2026-03-06 08:30:00+01:00,-250.0,250.0,97504.7486204082,97554.75882448984,140.0446157509802
2026-03-06 08:45:00+01:00,-300.0,300.0,97540.99351836738,97565.9986204082,145.90996188943558
2026-03-06 09:00:00+01:00,-300.0,300.0,97539.47821224494,97614.49351836738,145.90996188943558
2026-03-06 09:15:00+01:00,-350.0,350.0,97587.97311020413,97612.97821224494,146.51007350959384
2026-03-06 09:30:00+01:00,-350.0,350.0,97573.70270204086,97673.72311020413,146.51007350959384
2026-03-06 09:45:00+01:00,-300.0,300.0,97634.44760000004,97659.45270204086,49.231161944967994
2026-03-06 10:00:00+01:00,-300.0,300.0,97607.92719183677,97707.94760000004,49.231161944967994
2026-03-06 10:15:00+01:00,-350.0,350.0,97656.42208979596,97681.42719183677,70.43310072047821
2026-03-06 10:30:00+01:00,-350.0,350.0,97642.15168163269,97742.17208979596,70.43310072047821
2026-03-06 10:45:00+01:00,-350.0,350.0,97702.89657959186,97727.90168163269,70.43310072047821
2026-03-06 11:00:00+01:00,-350.0,350.0,97708.87400000003,97788.64657959186,70.43310072047821
2026-03-06 11:15:00+01:00,-300.0,300.0,97769.61889795921,97794.62400000003,49.231161944967994
2026-03-06 11:30:00+01:00,-300.0,300.0,97768.10359183677,97843.11889795921,49.231161944967994
2026-03-06 11:45:00+01:00,-250.0,250.0,97816.59848979596,97841.60359183677,10.319597319117653
2026-03-06 12:00:00+01:00,-250.0,250.0,97802.8331836735,97877.84848979596,10.319597319117653
2026-03-06 12:15:00+01:00,-200.0,200.0,97839.07808163269,97864.0831836735,8.336931502791122
2026-03-06 12:30:00+01:00,-200.0,200.0,97813.06277551023,97888.07808163269,8.336931502791122
2026-03-06 12:45:00+01:00,-200.0,200.0,97837.05767346942,97862.06277551023,8.336931502791122
2026-03-06 13:00:00+01:00,-250.0,250.0,97811.04236734698,97886.05767346942,202.8947546320428
2026-03-06 13:15:00+01:00,-250.0,250.0,97847.28726530615,97872.29236734698,202.8947546320428
2026-03-06 13:30:00+01:00,-250.0,250.0,97833.5219591837,97908.53726530615,202.8947546320428
2026-03-06 13:45:00+01:00,-200.0,200.0,97875.58138775513,97894.7719591837,8.336931502791122
2026-03-06 14:00:00+01:00,-250.0,250.0,97849.56608163269,97924.58138775513,19.00356415585235
2026-03-06 14:15:00+01:00,-250.0,250.0,97896.44248163268,97910.81608163269,19.00356415585235
2026-03-06 14:30:00+01:00,-250.0,250.0,97882.67717551024,97957.69248163268,19.00356415585235
2026-03-06 14:45:00+01:00,-250.0,250.0,97943.92717551024,97943.92717551024,19.00356415585235
2026-03-06 15:00:00+01:00,-250.0,250.0,97930.16186938778,98005.17717551024,19.00356415585235
2026-03-06 15:15:00+01:00,-200.0,200.0,97991.41186938778,97991.41186938778,17.269220132528734
2026-03-06 15:30:00+01:00,-200.0,200.0,97983.86799183676,98040.41186938778,17.269220132528734
2026-03-06 15:45:00+01:00,-250.0,250.0,98032.86799183676,98032.86799183676,17.50850300105463
2026-03-06 16:00:00+01:00,-200.0,200.0,98019.1026857143,98094.11799183676,6.841870347993405
2026-03-06 16:15:00+01:00,-200.0,200.0,98068.1026857143,98068.1026857143,6.841870347993405
2026-03-06 16:30:00+01:00,-200.0,200.0,98042.08737959186,98117.10268571432,6.841870347993405
2026-03-06 16:45:00+01:00,-200.0,200.0,98091.08737959186,98091.08737959186,6.841870347993405
2026-03-06 17:00:00+01:00,-200.0,200.0,98065.0720734694,98140.08737959186,6.841870347993405
2026-03-06 17:15:00+01:00,-200.0,200.0,98114.0720734694,98114.0720734694,6.841870347993405
2026-03-06 17:30:00+01:00,-200.0,200.0,98088.05676734696,98163.0720734694,6.841870347993405
2026-03-06 17:45:00+01:00,-200.0,200.0,98137.05676734696,98137.05676734696,6.841870347993405
2026-03-06 18:00:00+01:00,-250.0,250.0,98111.04146122451,98186.05676734696,43.3214621847281
2026-03-06 18:15:00+01:00,-250.0,250.0,98172.29146122451,98172.29146122451,43.3214621847281
2026-03-06 18:30:00+01:00,-250.0,250.0,98158.52615510207,98233.54146122451,43.3214621847281
2026-03-06 18:45:00+01:00,-250.0,250.0,98219.77615510207,98219.77615510207,43.3214621847281
2026-03-06 19:00:00+01:00,-250.0,250.0,98206.01084897961,98281.02615510207,43.3214621847281
2026-03-06 19:15:00+01:00,-250.0,250.0,98267.26084897961,98267.26084897961,43.3214621847281
2026-03-06 19:30:00+01:00,-250.0,250.0,98253.49554285716,98328.51084897961,43.3214621847281
2026-03-06 19:45:00+01:00,-250.0,250.0,98314.74554285716,98314.74554285716,43.3214621847281
2026-03-06 20:00:00+01:00,-250.0,250.0,98300.9802367347,98375.99554285716,43.3214621847281
2026-03-06 20:15:00+01:00,-250.0,250.0,98362.2302367347,98362.2302367347,43.3214621847281
2026-03-06 20:30:00+01:00,-250.0,250.0,98348.46493061226,98423.4802367347,43.3214621847281
2026-03-06 20:45:00+01:00,-250.0,250.0,98409.71493061226,98409.71493061226,43.3214621847281
2026-03-06 21:00:00+01:00,-250.0,250.0,98395.94962448982,98470.96493061226,43.3214621847281
2026-03-06 21:15:00+01:00,-250.0,250.0,98457.19962448982,98457.19962448982,43.3214621847281
2026-03-06 21:30:00+01:00,-200.0,200.0,98443.43431836736,98518.44962448982,37.45611604627271
2026-03-06 21:45:00+01:00,-200.0,200.0,98492.43431836736,98492.43431836736,37.45611604627271
2026-03-06 22:00:00+01:00,-150.0,150.0,98466.4190122449,98541.43431836736,0.9765242095380224
2026-03-06 22:15:00+01:00,-150.0,150.0,98503.1690122449,98503.1690122449,0.9765242095380224
2026-03-06 22:30:00+01:00,-150.0,150.0,98464.90370612245,98539.9190122449,0.9765242095380224
2026-03-06 22:45:00+01:00,-150.0,150.0,98501.65370612245,98501.65370612245,0.9765242095380224
2026-03-06 23:00:00+01:00,-150.0,150.0,98463.38840000001,98538.40370612245,0.9765242095380224
2026-03-06 23:15:00+01:00,-150.0,150.0,98500.13840000001,98500.13840000001,0.9765242095380224
2026-03-06 23:30:00+01:00,-150.0,150.0,98461.87309387757,98536.88840000001,0.9765242095380224
2026-03-06 23:45:00+01:00,-150.0,150.0,98498.62309387757,98498.62309387757,0.9765242095380224
2026-03-07 00:00:00+01:00,-150.0,150.0,98460.35778775513,98535.37309387757,0.9765242095380224
2026-03-07 00:15:00+01:00,-150.0,150.0,98497.10778775513,98497.10778775513,0.9765242095380224
2026-03-07 00:30:00+01:00,-200.0,200.0,98458.84248163267,98533.85778775513,92.117136454436
2026-03-07 00:45:00+01:00,-250.0,250.0,98507.84248163267,98507.84248163267,145.1783609442319
2026-03-07 01:00:00+01:00,-200.0,200.0,98494.07717551022,98569.09248163267,54.03774869933393
2026-03-07 01:15:00+01:00,-200.0,200.0,98543.07717551022,98543.07717551022,54.03774869933393
2026-03-07 01:30:00+01:00,-200.0,200.0,98517.06186938776,98592.07717551022,54.03774869933393
2026-03-07 01:45:00+01:00,-200.0,200.0,98566.06186938776,98566.06186938776,54.03774869933393
2026-03-07 02:00:00+01:00,-200.0,200.0,98540.04656326532,98615.06186938776,54.03774869933393
2026-03-07 02:15:00+01:00,-200.0,200.0,98589.04656326532,98589.04656326532,54.03774869933393
2026-03-07 02:30:00+01:00,-200.0,200.0,98563.03125714288,98638.04656326532,54.03774869933393
2026-03-07 02:45:00+01:00,-200.0,200.0,98612.03125714288,98612.03125714288,54.03774869933393
2026-03-07 03:00:00+01:00,-200.0,200.0,98586.01595102042,98661.03125714288,54.03774869933393
2026-03-07 03:15:00+01:00,-200.0,200.0,98635.01595102042,98635.01595102042,54.03774869933393
2026-03-07 03:30:00+01:00,-200.0,200.0,98609.00064489797,98684.01595102042,117.71121808708904
2026-03-07 03:45:00+01:00,-200.0,200.0,98658.00064489797,98658.00064489797,117.71121808708904
2026-03-07 04:00:00+01:00,-200.0,200.0,98631.98533877551,98707.00064489797,117.71121808708904
2026-03-07 04:15:00+01:00,-200.0,200.0,98680.98533877551,98680.98533877551,117.71121808708904
2026-03-07 04:30:00+01:00,-200.0,200.0,98654.97003265307,98729.98533877551,117.71121808708904
2026-03-07 04:45:00+01:00,-150.0,150.0,98703.97003265307,98703.97003265307,0.9765242095380224
2026-03-07 05:00:00+01:00,-150.0,150.0,98665.70472653063,98740.72003265307,0.9765242095380224
2026-03-07 05:15:00+01:00,-150.0,150.0,98702.45472653063,98702.45472653063,0.9765242095380224
2026-03-07 05:30:00+01:00,-150.0,150.0,98664.18942040819,98739.20472653063,0.9765242095380224
2026-03-07 05:45:00+01:00,-150.0,150.0,98700.93942040819,98700.93942040819,0.9765242095380224
2026-03-07 06:00:00+01:00,-150.0,150.0,98662.67411428574,98737.68942040819,0.9765242095380224
2026-03-07 06:15:00+01:00,-150.0,150.0,98699.42411428574,98699.42411428574,0.9765242095380224
2026-03-07 06:30:00+01:00,-150.0,150.0,98661.15880816327,98736.17411428574,0.9765242095380224
2026-03-07 06:45:00+01:00,-150.0,150.0,98697.90880816327,98697.90880816327,0.9765242095380224
2026-03-07 07:00:00+01:00,-150.0,150.0,98659.64350204082,98734.65880816327,0.9765242095380224
2026-03-07 07:15:00+01:00,-150.0,150.0,98696.39350204082,98696.39350204082,0.9765242095380224
2026-03-07 07:30:00+01:00,-200.0,200.0,98658.12819591838,98733.14350204082,65.82913191928859
2026-03-07 07:45:00+01:00,-250.0,250.0,98707.12819591838,98707.12819591838,102.30872375602327
2026-03-07 08:00:00+01:00,-300.0,300.0,98693.36288979594,98768.37819591838,104.90733955016702
2026-03-07 08:15:00+01:00,-300.0,300.0,98741.85778775513,98766.86288979594,104.90733955016702
2026-03-07 08:30:00+01:00,-350.0,350.0,98740.34248163267,98815.35778775513,163.49842798554118
2026-03-07 08:45:00+01:00,-350.0,350.0,98801.08737959185,98826.09248163267,163.49842798554118
2026-03-07 09:00:00+01:00,-350.0,350.0,98811.8220734694,98886.83737959185,163.49842798554118
2026-03-07 09:15:00+01:00,-350.0,350.0,98872.56697142859,98897.5720734694,163.49842798554118
2026-03-07 09:30:00+01:00,-350.0,350.0,98883.30166530613,98958.31697142859,163.49842798554118
2026-03-07 09:45:00+01:00,-300.0,300.0,98944.04656326532,98969.05166530612,98.64582027579061
2026-03-07 10:00:00+01:00,-250.0,250.0,98942.53125714287,99017.54656326532,40.05473184041646
2026-03-07 10:15:00+01:00,-300.0,300.0,98978.77615510205,99003.78125714288,113.01391551388585
2026-03-07 10:30:00+01:00,-350.0,350.0,98977.26084897961,99052.27615510205,146.3197828608246
2026-03-07 10:45:00+01:00,-350.0,350.0,99038.0057469388,99063.01084897961,146.3197828608246
2026-03-07 11:00:00+01:00,-350.0,350.0,99048.74044081634,99123.7557469388,146.3197828608246
2026-03-07 11:15:00+01:00,-350.0,350.0,99109.48533877551,99134.49044081634,146.3197828608246
2026-03-07 11:30:00+01:00,-350.0,350.0,99120.22003265307,99195.23533877551,146.3197828608246
2026-03-07 11:45:00+01:00,-300.0,300.0,99180.96493061226,99205.97003265307,109.84019102408993
2026-03-07 12:00:00+01:00,-300.0,300.0,99179.4496244898,99254.46493061226,109.84019102408993
2026-03-07 12:15:00+01:00,-300.0,300.0,99229.81324081634,99252.9496244898,620.5544767383756
2026-03-07 12:30:00+01:00,-200.0,200.0,99228.2979346939,99303.31324081634,3.575140003681768
2026-03-07 12:45:00+01:00,-200.0,200.0,99277.2979346939,99277.2979346939,3.575140003681768
2026-03-07 13:00:00+01:00,-200.0,200.0,99251.28262857144,99326.2979346939,3.575140003681768
2026-03-07 13:15:00+01:00,-200.0,200.0,99300.28262857144,99300.28262857144,3.575140003681768
2026-03-07 13:30:00+01:00,-200.0,200.0,99274.267322449,99349.28262857144,3.575140003681768
2026-03-07 13:45:00+01:00,-200.0,200.0,99323.267322449,99323.267322449,205.43734053606858
2026-03-07 14:00:00+01:00,-150.0,150.0,99297.25201632654,99372.26732244901,0.9765242095380224
2026-03-07 14:15:00+01:00,-200.0,200.0,99334.00201632654,99334.00201632654,61.56183033198701
2026-03-07 14:30:00+01:00,-150.0,150.0,99307.9867102041,99383.00201632654,0.9765242095380224
2026-03-07 14:45:00+01:00,-200.0,200.0,99344.7367102041,99344.7367102041,192.18795278096658
2026-03-07 15:00:00+01:00,-150.0,150.0,99318.72140408165,99393.7367102041,0.9765242095380224
2026-03-07 15:15:00+01:00,-150.0,150.0,99355.47140408165,99355.47140408165,0.9765242095380224
2026-03-07 15:30:00+01:00,-150.0,150.0,99317.2060979592,99392.22140408165,0.9765242095380224
2026-03-07 15:45:00+01:00,-150.0,150.0,99353.9560979592,99353.9560979592,0.9765242095380224
2026-03-07 16:00:00+01:00,-150.0,150.0,99315.69079183675,99390.7060979592,0.9765242095380224
2026-03-07 16:15:00+01:00,-150.0,150.0,99352.44079183677,99352.44079183677,0.9765242095380224
2026-03-07 16:30:00+01:00,-150.0,150.0,99314.1754857143,99389.19079183677,0.9765242095380224
2026-03-07 16:45:00+01:00,-150.0,150.0,99350.9254857143,99350.9254857143,0.9765242095380224
2026-03-07 17:00:00+01:00,-200.0,200.0,99312.66017959185,99387.6754857143,6.051945682475022
2026-03-07 17:15:00+01:00,-200.0,200.0,99349.41017959185,99361.66017959185,6.051945682475022
2026-03-07 17:30:00+01:00,-200.0,200.0,99311.1448734694,99398.41017959185,6.051945682475022
2026-03-07 17:45:00+01:00,-200.0,200.0,99347.8948734694,99360.1448734694,6.051945682475022
2026-03-07 18:00:00+01:00,-200.0,200.0,99309.62956734696,99396.8948734694,6.051945682475022
2026-03-07 18:15:00+01:00,-200.0,200.0,99346.37956734696,99358.62956734696,6.051945682475022
2026-03-07 18:30:00+01:00,-250.0,250.0,99308.1142612245,99395.37956734696,22.111304283058114
2026-03-07 18:45:00+01:00,-250.0,250.0,99357.11426122452,99369.36426122452,22.111304283058114
2026-03-07 19:00:00+01:00,-250.0,250.0,99331.09895510206,99418.36426122452,22.111304283058114
2026-03-07 19:15:00+01:00,-350.0,350.0,99380.09895510206,99392.34895510206,29.139259017153012
2026-03-07 19:30:00+01:00,-350.0,350.0,99328.57344489798,99465.84895510206,29.139259017153012
2026-03-07 19:45:00+01:00,-350.0,350.0,99402.07344489798,99414.323444898,29.139259017153012
2026-03-07 20:00:00+01:00,-350.0,350.0,99350.5479346939,99487.823444898,29.139259017153012
2026-03-07 20:15:00+01:00,-300.0,300.0,99424.0479346939,99436.29793469391,13.079900416569918
2026-03-07 20:30:00+01:00,-350.0,350.0,99360.27242448981,99497.54793469391,13.68739729287146
2026-03-07 20:45:00+01:00,-350.0,350.0,99408.767322449,99446.02242448981,13.68739729287146
2026-03-07 21:00:00+01:00,-350.0,350.0,99357.24181224493,99494.517322449,13.68739729287146
2026-03-07 21:15:00+01:00,-350.0,350.0,99405.73671020412,99442.99181224495,13.68739729287146
2026-03-07 21:30:00+01:00,-350.0,350.0,99354.21120000002,99491.48671020413,13.68739729287146
2026-03-07 21:45:00+01:00,-350.0,350.0,99402.70609795919,99439.96120000002,13.68739729287146
2026-03-07 22:00:00+01:00,-350.0,350.0,99351.18058775511,99488.45609795919,13.68739729287146
2026-03-07 22:15:00+01:00,-350.0,350.0,99399.6754857143,99436.93058775512,13.68739729287146
2026-03-07 22:30:00+01:00,-350.0,350.0,99348.14997551021,99485.42548571431,13.68739729287146
2026-03-07 22:45:00+01:00,-350.0,350.0,99396.6448734694,99433.89997551023,13.68739729287146
2026-03-07 23:00:00+01:00,-350.0,350.0,99345.11936326532,99482.39487346941,13.68739729287146
2026-03-07 23:15:00+01:00,-350.0,350.0,99393.6142612245,99430.86936326532,13.68739729287146
2026-03-07 23:30:00+01:00,-350.0,350.0,99342.08875102043,99479.3642612245,13.68739729287146
2026-03-07 23:45:00+01:00,-350.0,350.0,99390.58364897962,99427.83875102043,13.68739729287146
2026-03-08 00:00:00+01:00,-350.0,350.0,99339.05813877552,99476.33364897963,13.68739729287146
2026-03-08 00:15:00+01:00,-350.0,350.0,99387.55303673471,99424.80813877552,13.68739729287146
2026-03-08 00:30:00+01:00,-350.0,350.0,99336.02752653064,99473.30303673471,13.68739729287146
2026-03-08 00:45:00+01:00,-350.0,350.0,99384.52242448981,99421.77752653064,13.68739729287146
2026-03-08 01:00:00+01:00,-350.0,350.0,99332.99691428573,99470.27242448983,13.68739729287146
2026-03-08 01:15:00+01:00,-350.0,350.0,99381.49181224492,99418.74691428573,13.68739729287146
2026-03-08 01:30:00+01:00,-350.0,350.0,99329.96630204083,99467.24181224492,13.68739729287146
2026-03-08 01:45:00+01:00,-350.0,350.0,99378.46120000002,99415.71630204083,13.68739729287146
2026-03-08 02:00:00+01:00,-350.0,350.0,99326.93568979594,99464.21120000002,13.68739729287146
2026-03-08 02:15:00+01:00,-350.0,350.0,99375.43058775512,99412.68568979594,13.68739729287146
2026-03-08 02:30:00+01:00,-350.0,350.0,99323.90507755104,99461.18058775514,13.68739729287146
2026-03-08 02:45:00+01:00,-350.0,350.0,99372.39997551023,99409.65507755104,13.68739729287146
2026-03-08 03:00:00+01:00,-350.0,350.0,99320.87446530614,99458.14997551023,13.68739729287146
2026-03-08 03:15:00+01:00,-350.0,350.0,99369.36936326532,99406.62446530614,13.68739729287146
2026-03-08 03:30:00+01:00,-350.0,350.0,99338.45578775511,99455.11936326533,13.68739729287146
2026-03-08 03:45:00+01:00,-350.0,350.0,99386.9506857143,99424.20578775511,13.68739729287146
2026-03-08 04:00:00+01:00,-350.0,350.0,99360.43027755104,99472.7006857143,13.68739729287146
2026-03-08 04:15:00+01:00,-350.0,350.0,99408.92517551023,99446.18027755104,13.68739729287146
2026-03-08 04:30:00+01:00,-350.0,350.0,99382.40476734696,99494.67517551023,13.68739729287146
2026-03-08 04:45:00+01:00,-350.0,350.0,99430.89966530615,99468.15476734696,13.68739729287146
2026-03-08 05:00:00+01:00,-350.0,350.0,99404.3792571429,99516.64966530615,13.68739729287146
2026-03-08 05:15:00+01:00,-350.0,350.0,99452.87415510208,99490.1292571429,13.68739729287146
2026-03-08 05:30:00+01:00,-350.0,350.0,99426.3537469388,99538.62415510208,13.68739729287146
2026-03-08 05:45:00+01:00,-350.0,350.0,99474.84864489798,99512.1037469388,13.68739729287146
2026-03-08 06:00:00+01:00,-350.0,350.0,99448.32823673473,99560.59864489798,13.68739729287146
2026-03-08 06:15:00+01:00,-350.0,350.0,99496.8231346939,99534.07823673473,13.68739729287146
2026-03-08 06:30:00+01:00,-300.0,300.0,99470.30272653063,99582.5731346939,10.359161465207059
2026-03-08 06:45:00+01:00,-300.0,300.0,99506.54762448982,99543.80272653063,10.359161465207059
2026-03-08 07:00:00+01:00,-300.0,300.0,99467.77721632655,99580.04762448982,10.359161465207059
2026-03-08 07:15:00+01:00,-300.0,300.0,99504.02211428573,99541.27721632655,10.359161465207059
2026-03-08 07:30:00+01:00,-300.0,300.0,99465.25170612248,99577.52211428573,10.359161465207059
2026-03-08 07:45:00+01:00,-300.0,300.0,99501.49660408167,99538.75170612248,10.359161465207059
2026-03-08 08:00:00+01:00,-300.0,300.0,99462.72619591838,99574.99660408167,10.359161465207059
2026-03-08 08:15:00+01:00,-300.0,300.0,99498.97109387757,99536.22619591838,10.359161465207059
2026-03-08 08:30:00+01:00,-300.0,300.0,99460.20068571431,99572.47109387757,10.359161465207059
2026-03-08 08:45:00+01:00,-300.0,300.0,99496.44558367349,99533.70068571431,10.359161465207059
2026-03-08 09:00:00+01:00,-300.0,300.0,99457.67517551022,99569.94558367349,10.359161465207059
2026-03-08 09:15:00+01:00,-300.0,300.0,99493.9200734694,99531.17517551022,10.359161465207059
2026-03-08 09:30:00+01:00,-300.0,300.0,99455.14966530615,99567.4200734694,10.359161465207059
2026-03-08 09:45:00+01:00,-300.0,300.0,99491.39456326533,99528.64966530615,10.359161465207059
2026-03-08 10:00:00+01:00,-350.0,350.0,99452.62415510206,99564.89456326533,11.646968673196639
2026-03-08 10:15:00+01:00,-350.0,350.0,99484.61395102044,99538.37415510206,11.646968673196639
2026-03-08 10:30:00+01:00,-350.0,350.0,99470.34354285718,99570.36395102044,11.646968673196639
2026-03-08 10:45:00+01:00,-350.0,350.0,99506.08333877554,99556.09354285718,11.646968673196639
2026-03-08 11:00:00+01:00,-350.0,350.0,99491.81293061227,99591.83333877554,11.646968673196639
2026-03-08 11:15:00+01:00,-350.0,350.0,99527.55272653063,99577.56293061227,11.646968673196639
2026-03-08 11:30:00+01:00,-350.0,350.0,99513.28231836736,99613.30272653063,11.646968673196639
2026-03-08 11:45:00+01:00,-350.0,350.0,99549.02211428573,99599.03231836736,11.646968673196639
2026-03-08 12:00:00+01:00,-350.0,350.0,99534.75170612248,99634.77211428573,11.646968673196639
2026-03-08 12:15:00+01:00,-350.0,350.0,99570.49150204084,99620.50170612248,11.646968673196639
2026-03-08 12:30:00+01:00,-350.0,350.0,99556.22109387757,99656.24150204084,11.646968673196639
2026-03-08 12:45:00+01:00,-350.0,350.0,99591.96088979594,99641.97109387757,11.646968673196639
2026-03-08 13:00:00+01:00,-350.0,350.0,99577.69048163269,99677.71088979594,11.646968673196639
2026-03-08 13:15:00+01:00,-350.0,350.0,99613.43027755104,99663.44048163269,11.646968673196639
2026-03-08 13:30:00+01:00,-350.0,350.0,99610.17544489799,99699.18027755104,11.646968673196639
2026-03-08 13:45:00+01:00,-350.0,350.0,99645.91524081636,99695.92544489799,11.646968673196639
2026-03-08 14:00:00+01:00,-350.0,350.0,99656.64993469392,99731.66524081636,11.646968673196639
2026-03-08 14:15:00+01:00,-350.0,350.0,99692.38973061228,99742.39993469392,11.646968673196639
2026-03-08 14:30:00+01:00,-350.0,350.0,99703.12442448983,99778.13973061228,11.646968673196639
2026-03-08 14:45:00+01:00,-350.0,350.0,99738.86422040818,99788.87442448983,11.646968673196639
2026-03-08 15:00:00+01:00,-350.0,350.0,99749.59891428574,99824.61422040818,11.646968673196639
2026-03-08 15:15:00+01:00,-350.0,350.0,99785.33871020412,99835.34891428573,11.646968673196639
2026-03-08 15:30:00+01:00,-350.0,350.0,99796.07340408165,99871.08871020412,11.646968673196639
2026-03-08 15:45:00+01:00,-350.0,350.0,99831.81320000003,99881.82340408166,11.646968673196639
2026-03-08 16:00:00+01:00,-350.0,350.0,99842.54789387759,99917.56320000003,11.646968673196639
2026-03-08 16:15:00+01:00,-350.0,350.0,99878.28768979595,99928.29789387759,11.646968673196639
2026-03-08 16:30:00+01:00,-350.0,350.0,99889.02238367351,99964.03768979595,11.646968673196639
2026-03-08 16:45:00+01:00,-350.0,350.0,99924.76217959187,99974.77238367351,11.646968673196639
2026-03-08 17:00:00+01:00,-350.0,350.0,99935.49687346941,100010.51217959187,11.646968673196639
2026-03-08 17:15:00+01:00,-350.0,350.0,99971.23666938777,100021.24687346941,11.646968673196639
2026-03-08 17:30:00+01:00,-350.0,350.0,99981.97136326533,100056.98666938777,11.646968673196639
2026-03-08 17:45:00+01:00,-350.0,350.0,100017.7111591837,100067.72136326533,11.646968673196639
2026-03-08 18:00:00+01:00,-350.0,350.0,100028.44585306123,100103.4611591837,11.646968673196639
2026-03-08 18:15:00+01:00,-350.0,350.0,100064.18564897962,100114.19585306123,11.646968673196639
2026-03-08 18:30:00+01:00,-350.0,350.0,100093.34387755104,100149.93564897962,11.646968673196639
2026-03-08 18:45:00+01:00,-350.0,350.0,100129.08367346942,100179.09387755104,11.646968673196639
2026-03-08 19:00:00+01:00,-350.0,350.0,100164.82346938779,100214.83367346942,11.646968673196639
2026-03-08 19:15:00+01:00,-350.0,350.0,100208.64195918369,100250.57346938779,11.646968673196639
2026-03-08 19:30:00+01:00,-350.0,350.0,100244.38175510206,100294.39195918369,11.646968673196639
2026-03-08 19:45:00+01:00,-350.0,350.0,100305.12665306126,100330.13175510206,11.646968673196639
2026-03-08 20:00:00+01:00,-350.0,350.0,100340.86644897962,100390.87665306126,11.646968673196639
2026-03-08 20:15:00+01:00,-350.0,350.0,100410.28488979593,100426.6164489796,11.646968673196639
2026-03-08 20:30:00+01:00,-350.0,350.0,100446.0246857143,100496.03488979593,11.646968673196639
2026-03-08 20:45:00+01:00,-350.0,350.0,100531.7746857143,100531.7746857143,11.646968673196639
2026-03-08 21:00:00+01:00,-300.0,300.0,100567.51448163266,100617.5246857143,11.039471796895098
2026-03-08 21:15:00+01:00,-300.0,300.0,100641.01448163266,100641.01448163266,11.039471796895098
2026-03-08 21:30:00+01:00,-300.0,300.0,100664.50427755104,100714.51448163266,11.039471796895098
2026-03-08 21:45:00+01:00,-150.0,150.0,100738.00427755104,100738.00427755104,0.9765242095380224
2026-03-08 22:00:00+01:00,-200.0,200.0,100724.74407346941,100774.75427755104,195.5343473387897
2026-03-08 22:15:00+01:00,-200.0,200.0,100773.74407346941,100773.74407346941,195.5343473387897
2026-03-08 22:30:00+01:00,-150.0,150.0,100772.73386938777,100822.74407346941,194.93423571863144
2026-03-08 22:45:00+01:00,-100.0,100.0,100809.48386938777,100809.48386938777,0.3764125893797551
2026-03-08 23:00:00+01:00,-100.0,100.0,100783.97366530614,100833.98386938777,0.3764125893797551
2026-03-08 23:15:00+01:00,-100.0,100.0,100808.47366530614,100808.47366530614,0.3764125893797551
2026-03-08 23:30:00+01:00,-100.0,100.0,100782.9634612245,100832.97366530614,0.3764125893797551
2026-03-08 23:45:00+01:00,-100.0,100.0,100807.4634612245,100807.4634612245,0.3764125893797551
2026-03-09 00:00:00+01:00,-100.0,100.0,100781.95325714287,100831.9634612245,0.3764125893797551
2026-03-09 00:15:00+01:00,-100.0,100.0,100806.45325714287,100806.45325714287,0.3764125893797551
2026-03-09 00:30:00+01:00,-100.0,100.0,100780.94305306124,100830.95325714287,0.3764125893797551
2026-03-09 00:45:00+01:00,-100.0,100.0,100805.44305306124,100805.44305306124,0.3764125893797551
2026-03-09 01:00:00+01:00,-150.0,150.0,100779.93284897962,100829.94305306124,68.62729694312125
2026-03-09 01:15:00+01:00,-150.0,150.0,100816.68284897962,100816.68284897962,68.62729694312125
2026-03-09 01:30:00+01:00,-150.0,150.0,100803.42264489798,100853.43284897962,68.62729694312125
2026-03-09 01:45:00+01:00,-150.0,150.0,100840.17264489798,100840.17264489798,55.047160888699494
2026-03-09 02:00:00+01:00,-150.0,150.0,100826.91244081635,100876.92264489798,55.047160888699494
2026-03-09 02:15:00+01:00,-150.0,150.0,100863.66244081635,100863.66244081635,55.047160888699494
2026-03-09 02:30:00+01:00,-100.0,100.0,100850.4022367347,100900.41244081635,0.3764125893797551
2026-03-09 02:45:00+01:00,-100.0,100.0,100874.9022367347,100874.9022367347,0.3764125893797551
2026-03-09 03:00:00+01:00,-100.0,100.0,100849.39203265308,100899.4022367347,0.3764125893797551
2026-03-09 03:15:00+01:00,-150.0,150.0,100873.89203265308,100873.89203265308,43.476529207455556
2026-03-09 03:30:00+01:00,-150.0,150.0,100860.63182857145,100910.64203265308,43.476529207455556
2026-03-09 03:45:00+01:00,-200.0,200.0,100897.38182857145,100897.38182857145,158.05163124827186
2026-03-09 04:00:00+01:00,-250.0,250.0,100906.09777142858,100946.38182857145,273.03530471765964
2026-03-09 04:15:00+01:00,-250.0,250.0,100967.34777142858,100967.34777142858,273.03530471765964
2026-03-09 04:30:00+01:00,-200.0,200.0,101003.59266938777,101028.59777142858,158.46020267684332
2026-03-09 04:45:00+01:00,-150.0,150.0,101052.59266938777,101052.59266938777,43.476529207455556
2026-03-09 05:00:00+01:00,-100.0,100.0,101064.33756734696,101089.34266938777,0.3764125893797551
2026-03-09 05:15:00+01:00,-100.0,100.0,101088.83756734696,101088.83756734696,0.3764125893797551
2026-03-09 05:30:00+01:00,-100.0,100.0,101088.33246530614,101113.33756734696,0.3764125893797551
2026-03-09 05:45:00+01:00,-100.0,100.0,101112.83246530614,101112.83246530614,0.3764125893797551
2026-03-09 06:00:00+01:00,-100.0,100.0,101112.32736326533,101137.33246530614,0.3764125893797551
2026-03-09 06:15:00+01:00,-100.0,100.0,101136.82736326533,101136.82736326533,0.3764125893797551
2026-03-09 06:30:00+01:00,-100.0,100.0,101136.32226122452,101161.32736326533,21.80600727187427
2026-03-09 06:45:00+01:00,-100.0,100.0,101160.82226122452,101160.82226122452,21.80600727187427
2026-03-09 07:00:00+01:00,-150.0,150.0,101160.31715918369,101185.32226122452,24.86632977124439
2026-03-09 07:15:00+01:00,-150.0,150.0,101172.06205714287,101197.06715918369,24.86632977124439
2026-03-09 07:30:00+01:00,-100.0,100.0,101183.80695510206,101208.81205714287,3.1974522202239766
2026-03-09 07:45:00+01:00,-150.0,150.0,101183.30185306123,101208.30695510206,197.03541140389748
2026-03-09 08:00:00+01:00,-250.0,250.0,101195.04675102042,101220.05185306123,252.31901684607436
2026-03-09 08:15:00+01:00,-250.0,250.0,101231.2916489796,101256.29675102042,70.57477194811513
2026-03-09 08:30:00+01:00,-250.0,250.0,101265.54574693879,101292.5416489796,70.57477194811513
2026-03-09 08:45:00+01:00,-300.0,300.0,101301.79064489798,101326.79574693879,95.92704600059328
2026-03-09 09:00:00+01:00,-350.0,350.0,101350.28554285716,101375.29064489798,175.9486786536545
2026-03-09 09:15:00+01:00,-350.0,350.0,101411.03044081635,101436.03554285716,145.87077337833682
2026-03-09 09:30:00+01:00,-250.0,250.0,101459.52533877552,101496.78044081635,119.58406589534363
2026-03-09 09:45:00+01:00,-300.0,300.0,101483.52023673471,101520.77533877552,187.84467814024157
2026-03-09 10:00:00+01:00,-300.0,300.0,101519.7651346939,101557.02023673471,187.84467814024157
2026-03-09 10:15:00+01:00,-250.0,250.0,101556.01003265308,101593.2651346939,60.84705909262255
2026-03-09 10:30:00+01:00,-250.0,250.0,101580.00493061227,101617.26003265307,60.84705909262255
2026-03-09 10:45:00+01:00,-250.0,250.0,101603.99982857144,101641.25493061225,60.84705909262255
2026-03-09 11:00:00+01:00,-200.0,200.0,101636.49472653063,101665.24982857144,39.562433242282395
2026-03-09 11:15:00+01:00,-200.0,200.0,101660.48962448981,101685.49472653063,39.562433242282395
2026-03-09 11:30:00+01:00,-250.0,250.0,101684.484522449,101709.48962448981,136.84134480690824
2026-03-09 11:45:00+01:00,-250.0,250.0,101720.72942040818,101745.734522449,136.84134480690824
2026-03-09 12:00:00+01:00,-350.0,350.0,101756.97431836737,101781.97942040818,238.3421611334389
2026-03-09 12:15:00+01:00,-300.0,300.0,101817.71921632656,101842.72431836737,146.87427483606277
2026-03-09 12:30:00+01:00,-300.0,300.0,101866.21411428573,101891.21921632656,146.87427483606277
2026-03-09 12:45:00+01:00,-300.0,300.0,101914.70901224492,101939.71411428573,146.87427483606277
2026-03-09 13:00:00+01:00,-200.0,200.0,101963.2039102041,101988.20901224492,33.71944490408997
2026-03-09 13:15:00+01:00,-300.0,300.0,101987.19880816327,102012.2039102041,79.77128163878385
2026-03-09 13:30:00+01:00,-300.0,300.0,102035.69370612246,102060.69880816327,79.77128163878385
2026-03-09 13:45:00+01:00,-300.0,300.0,102084.18860408165,102109.19370612246,79.77128163878385
2026-03-09 14:00:00+01:00,-300.0,300.0,102132.68350204083,102157.68860408165,205.6501932034097
2026-03-09 14:15:00+01:00,-300.0,300.0,102181.17840000002,102206.18350204083,188.86096650068043
2026-03-09 14:30:00+01:00,-300.0,300.0,102204.66819591839,102254.67840000002,188.86096650068043
2026-03-09 14:45:00+01:00,-300.0,300.0,102253.16309387758,102278.16819591839,55.30674881360559
2026-03-09 15:00:00+01:00,-300.0,300.0,102276.65288979594,102326.66309387758,55.30674881360559
2026-03-09 15:15:00+01:00,-300.0,300.0,102325.14778775512,102350.15288979594,55.30674881360559
2026-03-09 15:30:00+01:00,-300.0,300.0,102348.63758367348,102398.64778775512,55.30674881360559
2026-03-09 15:45:00+01:00,-300.0,300.0,102397.13248163265,102422.13758367348,65.5210345278913
2026-03-09 16:00:00+01:00,-300.0,300.0,102420.62227755103,102470.63248163265,65.5210345278913
2026-03-09 16:15:00+01:00,-300.0,300.0,102469.11717551021,102494.12227755103,92.04899371156478
2026-03-09 16:30:00+01:00,-250.0,250.0,102492.60697142858,102542.61717551021,75.2975651401362
2026-03-09 16:45:00+01:00,-250.0,250.0,102528.85186938777,102553.85697142858,75.2975651401362
2026-03-09 17:00:00+01:00,-250.0,250.0,102540.09166530614,102590.10186938777,75.2975651401362
2026-03-09 17:15:00+01:00,-250.0,250.0,102576.33656326533,102601.34166530614,75.2975651401362
2026-03-09 17:30:00+01:00,-300.0,300.0,102587.57635918369,102637.58656326533,161.97307534421785
2026-03-09 17:45:00+01:00,-250.0,250.0,102636.07125714286,102661.07635918369,75.2975651401362
2026-03-09 18:00:00+01:00,-250.0,250.0,102647.31105306123,102697.32125714286,75.2975651401362
2026-03-09 18:15:00+01:00,-250.0,250.0,102683.55595102043,102708.56105306123,75.2975651401362
2026-03-09 18:30:00+01:00,-300.0,300.0,102694.79574693879,102744.80595102043,123.93702092244912
2026-03-09 18:45:00+01:00,-250.0,250.0,102743.29064489796,102768.29574693879,65.56967398367361
2026-03-09 19:00:00+01:00,-350.0,350.0,102754.53044081634,102804.54064489796,247.85089847346956
2026-03-09 19:15:00+01:00,-400.0,400.0,102815.27533877552,102840.28044081634,258.9471796526079
2026-03-09 19:30:00+01:00,-300.0,300.0,102850.8843346939,102913.27533877552,76.66595516281194
2026-03-09 19:45:00+01:00,-300.0,300.0,102899.37923265307,102924.3843346939,76.66595516281194
2026-03-09 20:00:00+01:00,-300.0,300.0,102922.86902857144,102972.87923265307,76.66595516281194
2026-03-09 20:15:00+01:00,-350.0,350.0,102971.36392653063,102996.36902857145,136.66758781587316
2026-03-09 20:30:00+01:00,-300.0,300.0,103007.103722449,103057.11392653064,76.66595516281194
2026-03-09 20:45:00+01:00,-350.0,350.0,103055.59862040819,103080.603722449,99.90513883628132
2026-03-09 21:00:00+01:00,-350.0,350.0,103091.33841632654,103141.34862040819,99.90513883628132
2026-03-09 21:15:00+01:00,-350.0,350.0,103152.08331428572,103177.08841632654,99.90513883628132
2026-03-09 21:30:00+01:00,-250.0,250.0,103187.82311020409,103237.83331428572,40.16940187483008
2026-03-09 21:45:00+01:00,-250.0,250.0,103224.89946938776,103249.07311020409,40.16940187483008
2026-03-09 22:00:00+01:00,-250.0,250.0,103236.13926530613,103286.14946938776,40.16940187483008
2026-03-09 22:15:00+01:00,-300.0,300.0,103297.38926530613,103297.38926530613,234.7272250040818
2026-03-09 22:30:00+01:00,-250.0,250.0,103320.8790612245,103370.88926530613,223.71451803450148
2026-03-09 22:45:00+01:00,-250.0,250.0,103382.1290612245,103382.1290612245,223.71451803450148
2026-03-09 23:00:00+01:00,-200.0,200.0,103393.36885714286,103443.3790612245,29.156694905249797
2026-03-09 23:15:00+01:00,-200.0,200.0,103442.36885714286,103442.36885714286,29.156694905249797
2026-03-09 23:30:00+01:00,-200.0,200.0,103441.35865306124,103491.36885714286,29.156694905249797
2026-03-09 23:45:00+01:00,-200.0,200.0,103490.35865306124,103490.35865306124,29.156694905249797
2026-03-10 00:00:00+01:00,-150.0,150.0,103489.3484489796,103539.35865306124,5.9175112317804075
2026-03-10 00:15:00+01:00,-150.0,150.0,103526.09844897961,103526.09844897961,5.9175112317804075
2026-03-10 00:30:00+01:00,-150.0,150.0,103512.83824489798,103562.84844897961,5.9175112317804075
2026-03-10 00:45:00+01:00,-150.0,150.0,103549.58824489798,103549.58824489798,5.9175112317804075
2026-03-10 01:00:00+01:00,-200.0,200.0,103536.32804081636,103586.33824489798,200.4753343610321
2026-03-10 01:15:00+01:00,-200.0,200.0,103585.32804081634,103585.32804081634,200.4753343610321
2026-03-10 01:30:00+01:00,-200.0,200.0,103584.31783673471,103634.32804081634,200.4753343610321
2026-03-10 01:45:00+01:00,-150.0,150.0,103633.31783673471,103633.31783673471,5.9175112317804075
2026-03-10 02:00:00+01:00,-150.0,150.0,103620.05763265307,103670.06783673471,5.9175112317804075
2026-03-10 02:15:00+01:00,-200.0,200.0,103656.80763265307,103656.80763265307,37.08567449708654
2026-03-10 02:30:00+01:00,-250.0,250.0,103655.79742857143,103705.80763265307,68.5806949052498
2026-03-10 02:45:00+01:00,-200.0,200.0,103717.04742857143,103717.04742857143,37.412531639943666
2026-03-10 03:00:00+01:00,-200.0,200.0,103716.0372244898,103766.04742857143,37.412531639943666
2026-03-10 03:15:00+01:00,-150.0,150.0,103765.0372244898,103765.0372244898,34.35220914057356
2026-03-10 03:30:00+01:00,-200.0,200.0,103751.77702040818,103801.7872244898,94.0036377120021
2026-03-10 03:45:00+01:00,-200.0,200.0,103800.77702040818,103800.77702040818,123.420780569145
2026-03-10 04:00:00+01:00,-250.0,250.0,103799.76681632655,103849.77702040818,135.479474446696
2026-03-10 04:15:00+01:00,-250.0,250.0,103858.85441632655,103861.01681632655,135.479474446696
2026-03-10 04:30:00+01:00,-250.0,250.0,103870.0942122449,103920.10441632655,135.479474446696
2026-03-10 04:45:00+01:00,-200.0,200.0,103931.3442122449,103931.3442122449,46.410903018124564
2026-03-10 05:00:00+01:00,-150.0,150.0,103936.11893877551,103980.3442122449,14.9158826099613
2026-03-10 05:15:00+01:00,-100.0,100.0,103972.86893877553,103972.86893877553,2.857188732410289
2026-03-10 05:30:00+01:00,-100.0,100.0,103972.36383673472,103997.36893877553,2.857188732410289
2026-03-10 05:45:00+01:00,-100.0,100.0,103996.86383673472,103996.86383673472,2.857188732410289
2026-03-10 06:00:00+01:00,-100.0,100.0,104001.02160000002,104021.36383673472,2.857188732410289
2026-03-10 06:15:00+01:00,-100.0,100.0,104025.52160000002,104025.52160000002,2.857188732410289
2026-03-10 06:30:00+01:00,-100.0,100.0,104050.02160000002,104050.02160000002,2.857188732410289
2026-03-10 06:45:00+01:00,-150.0,150.0,104074.52160000002,104074.52160000002,45.844739752818455
2026-03-10 07:00:00+01:00,-200.0,200.0,104111.27160000002,104111.27160000002,62.29599339713333
2026-03-10 07:15:00+01:00,-150.0,150.0,104160.27160000002,104160.27160000002,19.308442376725164
2026-03-10 07:30:00+01:00,-150.0,150.0,104197.02160000002,104197.02160000002,19.308442376725164
2026-03-10 07:45:00+01:00,-250.0,250.0,104233.77160000002,104233.77160000002,686.5639525808068
2026-03-10 08:00:00+01:00,-200.0,200.0,104295.02160000002,104295.02160000002,29.328170267881617
2026-03-10 08:15:00+01:00,-200.0,200.0,104329.43760000002,104344.02160000002,29.328170267881617
2026-03-10 08:30:00+01:00,-150.0,150.0,104378.43760000002,104378.43760000002,29.191040547027757
2026-03-10 08:45:00+01:00,-150.0,150.0,104415.18760000002,104415.18760000002,158.65815424965166
2026-03-10 09:00:00+01:00,-250.0,250.0,104451.93760000002,104451.93760000002,544.5316889435293
2026-03-10 09:15:00+01:00,-300.0,300.0,104488.18249795919,104513.18760000002,171.5204673801869
2026-03-10 09:30:00+01:00,-250.0,250.0,104511.67229387756,104561.68249795919,161.50073948903042
2026-03-10 09:45:00+01:00,-200.0,200.0,104547.91719183675,104572.92229387756,15.582372142091664
2026-03-10 10:00:00+01:00,-200.0,200.0,104546.90698775511,104596.91719183675,15.582372142091664
2026-03-10 10:15:00+01:00,-200.0,200.0,104570.9018857143,104595.90698775511,15.582372142091664
2026-03-10 10:30:00+01:00,-200.0,200.0,104569.89168163267,104619.9018857143,15.582372142091664
2026-03-10 10:45:00+01:00,-200.0,200.0,104593.88657959185,104618.89168163267,15.582372142091664
2026-03-10 11:00:00+01:00,-150.0,150.0,104592.87637551023,104642.88657959185,12.862313130535235
2026-03-10 11:15:00+01:00,-150.0,150.0,104604.62127346941,104629.62637551023,12.862313130535235
2026-03-10 11:30:00+01:00,-250.0,250.0,104599.26817959185,104641.37127346941,122.37502061352842
2026-03-10 11:45:00+01:00,-250.0,250.0,104634.20867755104,104660.51817959185,122.37502061352842
2026-03-10 12:00:00+01:00,-250.0,250.0,104670.45357551023,104695.45867755104,122.37502061352842
2026-03-10 12:15:00+01:00,-300.0,300.0,104706.6984734694,104731.70357551023,136.85012265434474
2026-03-10 12:30:00+01:00,-300.0,300.0,104755.19337142858,104780.1984734694,136.85012265434474
2026-03-10 12:45:00+01:00,-300.0,300.0,104803.68826938777,104828.69337142857,241.35102061352842
2026-03-10 13:00:00+01:00,-250.0,250.0,104852.18316734694,104877.18826938777,144.07210904890258
2026-03-10 13:15:00+01:00,-250.0,250.0,104888.42806530614,104913.43316734694,144.07210904890258
2026-03-10 13:30:00+01:00,-250.0,250.0,104924.67296326532,104949.67806530614,144.07210904890258
2026-03-10 13:45:00+01:00,-250.0,250.0,104960.91786122452,104985.92296326532,133.65298698498268
2026-03-10 14:00:00+01:00,-200.0,200.0,104972.15765714287,105022.16786122452,16.918293107431655
2026-03-10 14:15:00+01:00,-200.0,200.0,104996.15255510206,105021.15765714287,16.918293107431655
2026-03-10 14:30:00+01:00,-200.0,200.0,104995.14235102043,105045.15255510206,16.918293107431655
2026-03-10 14:45:00+01:00,-200.0,200.0,105019.1372489796,105044.14235102043,16.918293107431655
2026-03-10 15:00:00+01:00,-250.0,250.0,105018.12704489796,105068.1372489796,48.81604820947245
2026-03-10 15:15:00+01:00,-250.0,250.0,105054.37194285715,105079.37704489796,48.81604820947245
2026-03-10 15:30:00+01:00,-250.0,250.0,105065.61173877551,105115.62194285715,77.03666045437038
2026-03-10 15:45:00+01:00,-200.0,200.0,105101.8566367347,105126.86173877551,16.918293107431655
2026-03-10 16:00:00+01:00,-200.0,200.0,105100.84643265307,105150.8566367347,16.918293107431655
2026-03-10 16:15:00+01:00,-200.0,200.0,105124.84133061225,105149.84643265307,16.918293107431655
2026-03-10 16:30:00+01:00,-250.0,250.0,105123.83112653063,105173.84133061225,36.55306861763573
2026-03-10 16:45:00+01:00,-250.0,250.0,105160.07602448981,105185.08112653063,36.55306861763573
2026-03-10 17:00:00+01:00,-250.0,250.0,105171.31582040818,105221.32602448981,36.55306861763573
2026-03-10 17:15:00+01:00,-300.0,300.0,105207.56071836737,105232.56582040818,456.97306861763576
2026-03-10 17:30:00+01:00,-300.0,300.0,105231.05051428574,105281.06071836737,73.03266045437043
2026-03-10 17:45:00+01:00,-250.0,250.0,105279.54541224492,105304.55051428574,53.39788494416634
2026-03-10 18:00:00+01:00,-250.0,250.0,105290.78520816326,105340.79541224492,53.39788494416634
2026-03-10 18:15:00+01:00,-250.0,250.0,105327.03010612245,105352.03520816327,53.39788494416634
2026-03-10 18:30:00+01:00,-250.0,250.0,105338.26990204083,105388.28010612245,53.39788494416634
2026-03-10 18:45:00+01:00,-250.0,250.0,105374.5148,105399.51990204083,53.39788494416634
2026-03-10 19:00:00+01:00,-250.0,250.0,105385.75459591839,105435.7648,53.39788494416634
2026-03-10 19:15:00+01:00,-250.0,250.0,105421.99949387756,105447.00459591839,53.39788494416634
2026-03-10 19:30:00+01:00,-250.0,250.0,105433.23928979594,105483.24949387758,53.39788494416634
2026-03-10 19:45:00+01:00,-250.0,250.0,105476.07963265307,105494.48928979594,53.39788494416634
2026-03-10 20:00:00+01:00,-300.0,300.0,105487.31942857144,105537.32963265307,55.45497802530124
2026-03-10 20:15:00+01:00,-300.0,300.0,105535.81432653063,105560.81942857144,55.45497802530124
2026-03-10 20:30:00+01:00,-300.0,300.0,105581.18066938776,105609.31432653063,55.45497802530124
2026-03-10 20:45:00+01:00,-300.0,300.0,105629.67556734695,105654.68066938776,55.45497802530124
2026-03-10 21:00:00+01:00,-300.0,300.0,105678.17046530613,105703.17556734695,55.45497802530124
2026-03-10 21:15:00+01:00,-300.0,300.0,105726.6653632653,105751.67046530613,55.45497802530124
2026-03-10 21:30:00+01:00,-200.0,200.0,105775.16026122449,105800.1653632653,17.56756578040328
2026-03-10 21:45:00+01:00,-150.0,150.0,105799.15515918368,105824.16026122449,16.35819435183185
2026-03-10 22:00:00+01:00,-250.0,250.0,105810.90005714286,105835.90515918368,247.52790863754615
2026-03-10 22:15:00+01:00,-250.0,250.0,105847.14495510205,105872.15005714286,247.52790863754615
2026-03-10 22:30:00+01:00,-200.0,200.0,105894.89928979593,105908.39495510205,237.2827873437456
2026-03-10 22:45:00+01:00,-200.0,200.0,105918.89418775511,105943.89928979593,237.2827873437456
2026-03-10 23:00:00+01:00,-200.0,200.0,105967.89418775511,105967.89418775511,149.73176693558227
2026-03-10 23:15:00+01:00,-100.0,100.0,105991.8890857143,106016.89418775511,6.113073058031313
2026-03-10 23:30:00+01:00,-100.0,100.0,106016.3890857143,106016.3890857143,6.113073058031313
2026-03-10 23:45:00+01:00,-100.0,100.0,106015.88398367348,106040.8890857143,6.113073058031313
2026-03-11 00:00:00+01:00,-100.0,100.0,106040.38398367348,106040.38398367348,6.113073058031313
2026-03-11 00:15:00+01:00,-100.0,100.0,106039.87888163266,106064.88398367348,6.113073058031313
2026-03-11 00:30:00+01:00,-150.0,150.0,106064.37888163266,106064.37888163266,152.03144040497008
2026-03-11 00:45:00+01:00,-150.0,150.0,106076.12377959184,106101.12888163266,152.03144040497008
2026-03-11 01:00:00+01:00,-250.0,250.0,106112.87377959184,106112.87377959184,177.01704244578642
2026-03-11 01:15:00+01:00,-250.0,250.0,106147.69987755103,106174.12377959184,177.01704244578642
2026-03-11 01:30:00+01:00,-250.0,250.0,106208.94987755103,106208.94987755103,91.04194040497013
2026-03-11 01:45:00+01:00,-200.0,200.0,106245.19477551022,106270.19987755103,31.098675098847632
2026-03-11 02:00:00+01:00,-200.0,200.0,106294.19477551022,106294.19477551022,31.098675098847632
2026-03-11 02:15:00+01:00,-150.0,150.0,106318.1896734694,106343.19477551022,18.8882261192558
2026-03-11 02:30:00+01:00,-150.0,150.0,106354.9396734694,106354.9396734694,18.8882261192558
2026-03-11 02:45:00+01:00,-150.0,150.0,106366.68457142857,106391.6896734694,18.8882261192558
2026-03-11 03:00:00+01:00,-150.0,150.0,106403.43457142857,106403.43457142857,34.75496723079476
2026-03-11 03:15:00+01:00,-250.0,250.0,106415.17946938776,106440.18457142857,124.9452861083458
2026-03-11 03:30:00+01:00,-250.0,250.0,106451.42436734695,106476.42946938776,124.9452861083458
2026-03-11 03:45:00+01:00,-250.0,250.0,106487.66926530613,106512.67436734695,246.59256501991044
2026-03-11 04:00:00+01:00,-250.0,250.0,106523.91416326532,106548.91926530613,246.59256501991044
2026-03-11 04:15:00+01:00,-150.0,150.0,106565.64979591838,106585.16416326532,16.78572828521652
2026-03-11 04:30:00+01:00,-150.0,150.0,106577.39469387755,106602.39979591838,16.78572828521652
2026-03-11 04:45:00+01:00,-150.0,150.0,106614.14469387755,106614.14469387755,16.78572828521652
2026-03-11 05:00:00+01:00,-150.0,150.0,106625.88959183673,106650.89469387755,7.567550013908
2026-03-11 05:15:00+01:00,-150.0,150.0,106637.63448979592,106662.63959183673,7.567550013908
2026-03-11 05:30:00+01:00,-150.0,150.0,106649.3793877551,106674.38448979592,7.567550013908
2026-03-11 05:45:00+01:00,-150.0,150.0,106661.1242857143,106686.1293877551,7.567550013908
2026-03-11 06:00:00+01:00,-150.0,150.0,106672.86918367348,106697.8742857143,7.567550013908
2026-03-11 06:15:00+01:00,-100.0,100.0,106684.61408163265,106709.61918367348,5.510456932773106
2026-03-11 06:30:00+01:00,-150.0,150.0,106684.10897959184,106709.11408163265,11.180297493997596
2026-03-11 06:45:00+01:00,-150.0,150.0,106670.84877551021,106720.85897959184,11.180297493997596
2026-03-11 07:00:00+01:00,-150.0,150.0,106682.5936734694,106707.59877551021,11.180297493997596
2026-03-11 07:15:00+01:00,-200.0,200.0,106669.33346938776,106719.3436734694,53.26315463685473
2026-03-11 07:30:00+01:00,-200.0,200.0,106693.32836734693,106718.33346938776,53.26315463685473
2026-03-11 07:45:00+01:00,-200.0,200.0,106693.35797551021,106742.32836734693,17.879953356342533
2026-03-11 08:00:00+01:00,-200.0,200.0,106692.34777142857,106742.35797551021,17.879953356342533
2026-03-11 08:15:00+01:00,-250.0,250.0,106716.34266938777,106741.34777142857,101.17015743797523
2026-03-11 08:30:00+01:00,-250.0,250.0,106727.58246530613,106777.59266938777,45.17641594137654
2026-03-11 08:45:00+01:00,-300.0,300.0,106763.82736326531,106788.83246530613,74.3600894107643
2026-03-11 09:00:00+01:00,-300.0,300.0,106787.31715918369,106837.32736326531,74.3600894107643
2026-03-11 09:15:00+01:00,-250.0,250.0,106835.81205714287,106860.81715918369,70.80311462084833
2026-03-11 09:30:00+01:00,-250.0,250.0,106847.05185306125,106897.06205714287,70.80311462084833
2026-03-11 09:45:00+01:00,-250.0,250.0,106883.29675102042,106908.30185306125,70.80311462084833
2026-03-11 10:00:00+01:00,-250.0,250.0,106913.86917551019,106944.54675102042,234.2511418317327
2026-03-11 10:15:00+01:00,-300.0,300.0,106950.11407346939,106975.11917551019,235.57778298819528
2026-03-11 10:30:00+01:00,-250.0,250.0,106973.60386938775,107023.61407346939,44.833293192276905
2026-03-11 10:45:00+01:00,-250.0,250.0,107009.84876734695,107034.85386938775,44.833293192276905
2026-03-11 11:00:00+01:00,-300.0,300.0,107021.08856326531,107071.09876734695,74.25043604941976
2026-03-11 11:15:00+01:00,-350.0,350.0,107069.5834612245,107094.58856326531,207.80647771608645
2026-03-11 11:30:00+01:00,-300.0,300.0,107105.32325714285,107155.3334612245,178.38933485894358
2026-03-11 11:45:00+01:00,-300.0,300.0,107153.81815510204,107178.82325714285,178.38933485894358
2026-03-11 12:00:00+01:00,-350.0,350.0,107177.30795102041,107227.31815510204,185.98239608343337
2026-03-11 12:15:00+01:00,-400.0,400.0,107213.04774693878,107263.05795102041,232.95351853241297
2026-03-11 12:30:00+01:00,-400.0,400.0,107261.03754285716,107311.04774693878,232.95351853241297
2026-03-11 12:45:00+01:00,-350.0,350.0,107309.02733877552,107359.03754285716,170.40317839635853
2026-03-11 13:00:00+01:00,-350.0,350.0,107344.76713469387,107394.77733877552,170.40317839635853
2026-03-11 13:15:00+01:00,-250.0,250.0,107402.6254367347,107430.51713469387,50.47287227390956
2026-03-11 13:30:00+01:00,-250.0,250.0,107424.02525714286,107463.8754367347,50.47287227390956
2026-03-11 13:45:00+01:00,-200.0,200.0,107460.27015510204,107485.27525714286,21.28919880452181
2026-03-11 14:00:00+01:00,-250.0,250.0,107484.26505306123,107509.27015510204,29.845851865746297
2026-03-11 14:15:00+01:00,-250.0,250.0,107495.5048489796,107545.51505306123,29.845851865746297
2026-03-11 14:30:00+01:00,-250.0,250.0,107531.74974693877,107556.7548489796,29.845851865746297
2026-03-11 14:45:00+01:00,-200.0,200.0,107554.35494693878,107592.99974693877,22.252790641256496
2026-03-11 15:00:00+01:00,-250.0,250.0,107578.34984489797,107603.35494693878,75.3140151310524
2026-03-11 15:15:00+01:00,-250.0,250.0,107636.29897959184,107639.59984489797,75.3140151310524
2026-03-11 15:30:00+01:00,-250.0,250.0,107672.54387755103,107697.54897959184,75.3140151310524
2026-03-11 15:45:00+01:00,-300.0,300.0,107733.79387755103,107733.79387755103,87.2543066762419
2026-03-11 16:00:00+01:00,-300.0,300.0,107778.4491755102,107807.29387755103,87.2543066762419
2026-03-11 16:15:00+01:00,-300.0,300.0,107851.9491755102,107851.9491755102,87.2543066762419
2026-03-11 16:30:00+01:00,-250.0,250.0,107900.44407346939,107925.4491755102,78.69765361501742
2026-03-11 16:45:00+01:00,-250.0,250.0,107961.69407346939,107961.69407346939,78.69765361501742
2026-03-11 17:00:00+01:00,-300.0,300.0,107997.93897142856,108022.94407346939,113.03138710841478
2026-03-11 17:15:00+01:00,-300.0,300.0,108071.43897142856,108071.43897142856,113.03138710841478
2026-03-11 17:30:00+01:00,-300.0,300.0,108119.93386938775,108144.93897142856,107.32806349325443
2026-03-11 17:45:00+01:00,-250.0,250.0,108168.42876734694,108193.43386938775,54.26683900345852
2026-03-11 18:00:00+01:00,-250.0,250.0,108204.67366530612,108229.67876734694,54.26683900345852
2026-03-11 18:15:00+01:00,-250.0,250.0,108240.91856326531,108265.92366530612,54.26683900345852
2026-03-11 18:30:00+01:00,-300.0,300.0,108277.1634612245,108302.16856326531,92.00132879937689
2026-03-11 18:45:00+01:00,-300.0,300.0,108325.65835918367,108350.6634612245,92.00132879937689
2026-03-11 19:00:00+01:00,-350.0,350.0,108374.15325714285,108399.15835918367,133.9809206361116
2026-03-11 19:15:00+01:00,-350.0,350.0,108448.98976326532,108459.90325714285,133.9809206361116
2026-03-11 19:30:00+01:00,-350.0,350.0,108509.7346612245,108534.73976326532,133.9809206361116
2026-03-11 19:45:00+01:00,-350.0,350.0,108595.4846612245,108595.4846612245,133.9809206361116
2026-03-11 20:00:00+01:00,-350.0,350.0,108656.22955918367,108681.2346612245,133.9809206361116
2026-03-11 20:15:00+01:00,-350.0,350.0,108741.97955918367,108741.97955918367,133.9809206361116
2026-03-11 20:30:00+01:00,-300.0,300.0,108802.72445714286,108827.72955918367,127.28126477376665
2026-03-11 20:45:00+01:00,-400.0,400.0,108876.22445714286,108876.22445714286,173.92407089621565
2026-03-11 21:00:00+01:00,-300.0,300.0,108948.73169795919,108974.22445714286,129.9526131702681
2026-03-11 21:15:00+01:00,-200.0,200.0,109022.23169795919,109022.23169795919,52.71887967687075
2026-03-11 21:30:00+01:00,-250.0,250.0,109046.22659591837,109071.23169795919,288.8731653911565
2026-03-11 21:45:00+01:00,-200.0,200.0,109107.47659591837,109107.47659591837,52.71887967687075
2026-03-11 22:00:00+01:00,-250.0,250.0,109131.47149387754,109156.47659591837,344.5556143707483
2026-03-11 22:15:00+01:00,-150.0,150.0,109192.72149387754,109192.72149387754,301.249381377551
2026-03-11 22:30:00+01:00,-50.0,50.0,109204.46639183673,109229.47149387754,3.742806122448977
2026-03-11 22:45:00+01:00,-150.0,150.0,109216.71639183673,109216.71639183673,61.81697874149659
2026-03-11 23:00:00+01:00,-150.0,150.0,109203.4561877551,109253.46639183673,61.81697874149659
2026-03-11 23:15:00+01:00,-150.0,150.0,109240.2061877551,109240.2061877551,61.81697874149659
2026-03-11 23:30:00+01:00,-150.0,150.0,109239.66379591837,109276.9561877551,61.81697874149659
2026-03-11 23:45:00+01:00,-150.0,150.0,109276.41379591837,109276.41379591837,61.81697874149659
2026-03-12 00:00:00+01:00,-150.0,150.0,109288.15869387754,109313.16379591837,61.81697874149659
2026-03-12 00:15:00+01:00,-200.0,200.0,109324.90869387754,109324.90869387754,105.13616241496598
2026-03-12 00:30:00+01:00,-200.0,200.0,109348.90359183673,109373.90869387754,105.13616241496598
2026-03-12 00:45:00+01:00,-150.0,150.0,109397.90359183673,109397.90359183673,101.393356292517
2026-03-12 01:00:00+01:00,-150.0,150.0,109409.64848979592,109434.65359183673,101.393356292517
2026-03-12 01:15:00+01:00,-100.0,100.0,109446.39848979592,109446.39848979592,43.94237670068026
2026-03-12 01:30:00+01:00,-150.0,150.0,109445.8933877551,109470.89848979592,61.173714569160985
2026-03-12 01:45:00+01:00,-150.0,150.0,109482.6433877551,109482.6433877551,61.173714569160985
2026-03-12 02:00:00+01:00,-150.0,150.0,109494.38828571429,109519.3933877551,61.173714569160985
2026-03-12 02:15:00+01:00,-150.0,150.0,109531.13828571429,109531.13828571429,61.173714569160985
2026-03-12 02:30:00+01:00,-150.0,150.0,109542.88318367348,109567.88828571429,61.173714569160985
2026-03-12 02:45:00+01:00,-150.0,150.0,109579.63318367348,109579.63318367348,61.173714569160985
2026-03-12 03:00:00+01:00,-150.0,150.0,109591.37808163265,109616.38318367348,46.88811690152251
2026-03-12 03:15:00+01:00,-150.0,150.0,109628.12808163265,109628.12808163265,46.88811690152251
2026-03-12 03:30:00+01:00,-150.0,150.0,109639.87297959183,109664.87808163265,46.88811690152251
2026-03-12 03:45:00+01:00,-200.0,200.0,109676.62297959183,109676.62297959183,143.89464751376738
2026-03-12 04:00:00+01:00,-150.0,150.0,109700.61787755102,109725.62297959183,46.88811690152251
2026-03-12 04:15:00+01:00,-150.0,150.0,109737.36787755102,109737.36787755102,46.88811690152251
2026-03-12 04:30:00+01:00,-150.0,150.0,109749.1127755102,109774.11787755102,46.88811690152251
2026-03-12 04:45:00+01:00,-100.0,100.0,109785.8627755102,109785.8627755102,17.85453089569161
2026-03-12 05:00:00+01:00,-100.0,100.0,109785.35767346939,109810.3627755102,17.85453089569161
2026-03-12 05:15:00+01:00,-100.0,100.0,109809.85767346939,109809.85767346939,17.85453089569161
2026-03-12 05:30:00+01:00,-100.0,100.0,109809.35257142856,109834.35767346939,17.85453089569161
2026-03-12 05:45:00+01:00,-100.0,100.0,109833.85257142856,109833.85257142856,17.85453089569161
2026-03-12 06:00:00+01:00,-50.0,50.0,109833.34746938775,109858.35257142856,0.6231930272108843
2026-03-12 06:15:00+01:00,-150.0,150.0,109845.59746938775,109845.59746938775,4.8019209183673475
2026-03-12 06:30:00+01:00,-150.0,150.0,109807.3321632653,109882.34746938775,4.8019209183673475
2026-03-12 06:45:00+01:00,-150.0,150.0,109844.0821632653,109844.0821632653,4.8019209183673475
2026-03-12 07:00:00+01:00,-150.0,150.0,109805.81685714287,109880.8321632653,4.8019209183673475
2026-03-12 07:15:00+01:00,-150.0,150.0,109842.56685714287,109842.56685714287,4.8019209183673475
2026-03-12 07:30:00+01:00,-150.0,150.0,109804.3015510204,109879.31685714287,4.8019209183673475
2026-03-12 07:45:00+01:00,-150.0,150.0,109841.0515510204,109841.0515510204,4.8019209183673475
2026-03-12 08:00:00+01:00,-200.0,200.0,109802.78624489794,109877.8015510204,439.7553903061225
2026-03-12 08:15:00+01:00,-250.0,250.0,109851.78624489794,109851.78624489794,54.35980407162864
2026-03-12 08:30:00+01:00,-250.0,250.0,109838.0209387755,109913.03624489794,54.35980407162864
2026-03-12 08:45:00+01:00,-300.0,300.0,109899.2709387755,109899.2709387755,107.42102856142456
2026-03-12 09:00:00+01:00,-350.0,350.0,109897.75563265305,109972.7709387755,116.4429527596753
2026-03-12 09:15:00+01:00,-400.0,400.0,109959.64603265305,109983.50563265305,120.04913923426513
2026-03-12 09:30:00+01:00,-400.0,400.0,109957.6256244898,110057.64603265305,120.04913923426513
2026-03-12 09:45:00+01:00,-350.0,350.0,110055.6256244898,110055.6256244898,104.82498957440119
2026-03-12 10:00:00+01:00,-400.0,400.0,110041.35521632653,110141.3756244898,522.0347854927685
2026-03-12 10:15:00+01:00,-350.0,350.0,110139.35521632653,110139.35521632653,104.82498957440119
2026-03-12 10:30:00+01:00,-350.0,350.0,110125.08480816326,110225.10521632653,104.82498957440119
2026-03-12 10:45:00+01:00,-300.0,300.0,110210.83480816326,110210.83480816326,95.80306537615046
2026-03-12 11:00:00+01:00,-300.0,300.0,110184.31439999999,110284.33480816326,95.80306537615046
2026-03-12 11:15:00+01:00,-350.0,350.0,110257.81439999999,110257.81439999999,104.32469802921167
2026-03-12 11:30:00+01:00,-300.0,300.0,110218.5388897959,110343.56439999999,51.263473539415756
2026-03-12 11:45:00+01:00,-300.0,300.0,110292.0388897959,110292.0388897959,51.263473539415756
2026-03-12 12:00:00+01:00,-350.0,350.0,110263.23198367347,110365.5388897959,197.1818408863545
2026-03-12 12:15:00+01:00,-350.0,350.0,110348.98198367347,110348.98198367347,197.1818408863545
2026-03-12 12:30:00+01:00,-300.0,300.0,110334.7115755102,110434.73198367347,162.84810739295716
2026-03-12 12:45:00+01:00,-300.0,300.0,110408.2115755102,110408.2115755102,162.84810739295716
2026-03-12 13:00:00+01:00,-200.0,200.0,110381.69116734693,110481.7115755102,8.408107392957184
2026-03-12 13:15:00+01:00,-200.0,200.0,110430.69116734693,110430.69116734693,8.408107392957184
2026-03-12 13:30:00+01:00,-200.0,200.0,110379.67075918366,110479.69116734693,8.408107392957184
2026-03-12 13:45:00+01:00,-200.0,200.0,110428.67075918366,110428.67075918366,8.408107392957184
2026-03-12 14:00:00+01:00,-350.0,350.0,110377.65035102039,110477.67075918366,234.23137269907963
2026-03-12 14:15:00+01:00,-350.0,350.0,110463.40035102039,110463.40035102039,234.23137269907963
2026-03-12 14:30:00+01:00,-300.0,300.0,110449.12994285714,110549.15035102039,191.27300535214084
2026-03-12 14:45:00+01:00,-200.0,200.0,110522.62994285714,110522.62994285714,8.408107392957184
2026-03-12 15:00:00+01:00,-200.0,200.0,110471.60953469388,110571.62994285714,8.408107392957184
2026-03-12 15:15:00+01:00,-200.0,200.0,110520.60953469388,110520.60953469388,8.408107392957184
2026-03-12 15:30:00+01:00,-250.0,250.0,110469.58912653061,110569.60953469388,39.0801482092837
2026-03-12 15:45:00+01:00,-250.0,250.0,110530.83912653061,110530.83912653061,39.0801482092837
2026-03-12 16:00:00+01:00,-200.0,200.0,110492.06871836734,110592.08912653061,8.408107392957184
2026-03-12 16:15:00+01:00,-200.0,200.0,110541.06871836734,110541.06871836734,8.408107392957184
2026-03-12 16:30:00+01:00,-250.0,250.0,110490.04831020406,110590.06871836734,28.03899174669868
2026-03-12 16:45:00+01:00,-300.0,300.0,110551.29831020406,110551.29831020406,88.21572644057625
2026-03-12 17:00:00+01:00,-300.0,300.0,110524.7779020408,110624.79831020406,45.36242031812724
2026-03-12 17:15:00+01:00,-300.0,300.0,110598.2779020408,110598.2779020408,45.36242031812724
2026-03-12 17:30:00+01:00,-300.0,300.0,110571.75749387755,110671.7779020408,45.36242031812724
2026-03-12 17:45:00+01:00,-300.0,300.0,110645.25749387755,110645.25749387755,45.36242031812724
2026-03-12 18:00:00+01:00,-250.0,250.0,110624.31612244897,110718.75749387755,25.731535964385753
2026-03-12 18:15:00+01:00,-200.0,200.0,110685.56612244897,110685.56612244897,8.408107392957184
2026-03-12 18:30:00+01:00,-250.0,250.0,110673.63076734693,110734.56612244897,59.39463800520209
2026-03-12 18:45:00+01:00,-250.0,250.0,110734.88076734693,110734.88076734693,59.39463800520209
2026-03-12 19:00:00+01:00,-250.0,250.0,110746.1205632653,110796.13076734694,59.39463800520209
2026-03-12 19:15:00+01:00,-300.0,300.0,110807.3705632653,110807.3705632653,71.73349514805923
2026-03-12 19:30:00+01:00,-300.0,300.0,110840.86171428571,110880.8705632653,71.73349514805923
2026-03-12 19:45:00+01:00,-300.0,300.0,110914.36171428571,110914.36171428571,71.73349514805923
2026-03-12 20:00:00+01:00,-350.0,350.0,110962.8566122449,110987.86171428571,655.4069645358143
2026-03-12 20:15:00+01:00,-350.0,350.0,111048.6066122449,111048.6066122449,100.46968562424973
2026-03-12 20:30:00+01:00,-300.0,300.0,111109.35151020408,111134.3566122449,88.1308284813926
2026-03-12 20:45:00+01:00,-300.0,300.0,111182.85151020408,111182.85151020408,88.1308284813926
2026-03-12 21:00:00+01:00,-250.0,250.0,111239.206,111256.35151020408,59.39463800520209
2026-03-12 21:15:00+01:00,-150.0,150.0,111300.456,111300.456,6.300073379351742
2026-03-12 21:30:00+01:00,-150.0,150.0,111337.206,111337.206,6.300073379351742
2026-03-12 21:45:00+01:00,-200.0,200.0,111373.956,111373.956,21.78201215486194
2026-03-12 22:00:00+01:00,-200.0,200.0,111422.956,111422.956,310.01256037414964
2026-03-12 22:15:00+01:00,-200.0,200.0,111471.956,111471.956,310.01256037414964
2026-03-12 22:30:00+01:00,-100.0,100.0,111520.956,111520.956,16.105131802721083
2026-03-12 22:45:00+01:00,0.0,0.0,111545.456,111545.456,0.0
2026-03-12 23:00:00+01:00,-50.0,50.0,111545.456,111545.456,9.922448979591826
2026-03-12 23:15:00+01:00,-100.0,100.0,111542.55,111557.706,23.5512244897959
2026-03-12 23:30:00+01:00,-100.0,100.0,111567.05,111567.05,23.5512244897959
2026-03-12 23:45:00+01:00,-150.0,150.0,111591.55,111591.55,84.19489795918363
2026-03-13 00:00:00+01:00,-100.0,100.0,111628.3,111628.3,23.5512244897959
2026-03-13 00:15:00+01:00,-150.0,150.0,111652.8,111652.8,202.4276870748299
2026-03-13 00:30:00+01:00,-100.0,100.0,111689.55,111689.55,192.50523809523807
2026-03-13 00:45:00+01:00,-100.0,100.0,111714.05,111714.05,192.50523809523807
2026-03-13 01:00:00+01:00,-150.0,150.0,111738.55,111738.55,174.44540816326528
2026-03-13 01:15:00+01:00,-100.0,100.0,111775.3,111775.3,160.81663265306122
2026-03-13 01:30:00+01:00,-100.0,100.0,111799.8,111799.8,160.81663265306122
2026-03-13 01:45:00+01:00,-150.0,150.0,111824.3,111824.3,231.5695306122449
2026-03-13 02:00:00+01:00,-50.0,50.0,111861.05,111861.05,70.75289795918368
2026-03-13 02:15:00+01:00,-50.0,50.0,111873.3,111873.3,70.75289795918368
2026-03-13 02:30:00+01:00,-100.0,100.0,111885.55,111885.55,75.72871428571429
2026-03-13 02:45:00+01:00,-100.0,100.0,111885.04489795919,111910.05,75.72871428571429
2026-03-13 03:00:00+01:00,-50.0,50.0,111909.54489795919,111909.54489795919,4.975816326530608
2026-03-13 03:15:00+01:00,-50.0,50.0,111896.78979591838,111921.79489795919,4.975816326530608
2026-03-13 03:30:00+01:00,-50.0,50.0,111909.03979591838,111909.03979591838,4.975816326530608
2026-03-13 03:45:00+01:00,-100.0,100.0,111896.28469387755,111921.28979591838,181.30357142857142
2026-03-13 04:00:00+01:00,-100.0,100.0,111920.78469387755,111920.78469387755,181.30357142857142
2026-03-13 04:15:00+01:00,-50.0,50.0,111931.8156,111945.28469387755,4.975816326530608
2026-03-13 04:30:00+01:00,-50.0,50.0,111944.0656,111944.0656,4.975816326530608
2026-03-13 04:45:00+01:00,-50.0,50.0,111956.3156,111956.3156,4.975816326530608
2026-03-13 05:00:00+01:00,-100.0,100.0,111968.5656,111968.5656,65.21091836734692
2026-03-13 05:15:00+01:00,-50.0,50.0,111993.0656,111993.0656,4.975816326530608
2026-03-13 05:30:00+01:00,0.0,0.0,112005.3156,112005.3156,0.0
2026-03-13 05:45:00+01:00,0.0,0.0,112005.3156,112005.3156,0.0
2026-03-13 06:00:00+01:00,-50.0,50.0,112005.3156,112005.3156,14.912857142857138
2026-03-13 06:15:00+01:00,-100.0,100.0,112017.5656,112017.5656,20.862678571428567
2026-03-13 06:30:00+01:00,-150.0,150.0,112017.06049795919,112042.0656,81.38961734693882
2026-03-13 06:45:00+01:00,-100.0,100.0,112053.81049795919,112053.81049795919,20.862678571428567
2026-03-13 07:00:00+01:00,-50.0,50.0,112053.30539591837,112078.31049795919,5.949821428571429
2026-03-13 07:15:00+01:00,-100.0,100.0,112065.55539591837,112065.55539591837,35.89227040816324
2026-03-13 07:30:00+01:00,-100.0,100.0,112065.05029387756,112090.05539591837,35.89227040816324
2026-03-13 07:45:00+01:00,-100.0,100.0,112089.55029387756,112089.55029387756,589.6232908163265
2026-03-13 08:00:00+01:00,-50.0,50.0,112089.04519183673,112114.05029387756,5.949821428571429
2026-03-13 08:15:00+01:00,-50.0,50.0,112101.29519183673,112101.29519183673,5.949821428571429
2026-03-13 08:30:00+01:00,-50.0,50.0,112088.54008979592,112113.54519183673,5.949821428571429
2026-03-13 08:45:00+01:00,-100.0,100.0,112100.79008979592,112100.79008979592,122.68451530612244
2026-03-13 09:00:00+01:00,-250.0,250.0,112100.2849877551,112125.29008979592,159.58268440233238
2026-03-13 09:15:00+01:00,-250.0,250.0,112111.52478367348,112161.5349877551,159.58268440233238
2026-03-13 09:30:00+01:00,-200.0,200.0,112147.76968163266,112172.77478367348,129.31921501457725
2026-03-13 09:45:00+01:00,-250.0,250.0,112146.75947755104,112196.76968163266,144.50931705539358
2026-03-13 10:00:00+01:00,-200.0,200.0,112183.00437551022,112208.00947755104,27.77462317784257
2026-03-13 10:15:00+01:00,-250.0,250.0,112181.99417142858,112232.00437551022,317.2474803206997
2026-03-13 10:30:00+01:00,-250.0,250.0,112218.23906938775,112243.24417142858,317.2474803206997
2026-03-13 10:45:00+01:00,-150.0,150.0,112229.47886530613,112279.48906938775,12.584521137026238
2026-03-13 11:00:00+01:00,-150.0,150.0,112241.22376326531,112266.22886530613,12.584521137026238
2026-03-13 11:15:00+01:00,-150.0,150.0,112227.96355918367,112277.97376326531,12.584521137026238
2026-03-13 11:30:00+01:00,-250.0,250.0,112239.70845714286,112264.71355918367,137.66574562682214
2026-03-13 11:45:00+01:00,-300.0,300.0,112225.94315102042,112300.95845714286,143.82933746355684
2026-03-13 12:00:00+01:00,-300.0,300.0,112249.43294693879,112299.44315102042,143.82933746355684
2026-03-13 12:15:00+01:00,-300.0,300.0,112253.15344489798,112322.93294693879,143.82933746355684
2026-03-13 12:30:00+01:00,-350.0,350.0,112276.64324081635,112326.65344489798,260.56403134110786
2026-03-13 12:45:00+01:00,-300.0,300.0,112312.38303673473,112362.39324081635,143.82933746355684
2026-03-13 13:00:00+01:00,-300.0,300.0,112348.79133877554,112385.88303673471,143.82933746355684
2026-03-13 13:15:00+01:00,-350.0,350.0,112372.2811346939,112422.29133877554,159.01943950437317
2026-03-13 13:30:00+01:00,-350.0,350.0,112433.02603265306,112458.03113469388,159.01943950437317
2026-03-13 13:45:00+01:00,-300.0,300.0,112468.76582857143,112518.77603265306,42.284745626822165
2026-03-13 14:00:00+01:00,-300.0,300.0,112517.26072653061,112542.26582857143,42.284745626822165
2026-03-13 14:15:00+01:00,-200.0,200.0,112540.75052244899,112590.76072653061,70.95186807580174
2026-03-13 14:30:00+01:00,-200.0,200.0,112579.00495510205,112589.75052244899,70.95186807580174
2026-03-13 14:45:00+01:00,-250.0,250.0,112577.99475102042,112628.00495510205,134.86411297376094
2026-03-13 15:00:00+01:00,-250.0,250.0,112639.24475102042,112639.24475102042,131.3620721574344
2026-03-13 15:15:00+01:00,-200.0,200.0,112650.48454693878,112700.49475102042,70.95186807580174
2026-03-13 15:30:00+01:00,-200.0,200.0,112699.48454693878,112699.48454693878,70.95186807580174
2026-03-13 15:45:00+01:00,-200.0,200.0,112719.39617142857,112748.48454693878,70.95186807580174
2026-03-13 16:00:00+01:00,-200.0,200.0,112768.39617142857,112768.39617142857,70.95186807580174
2026-03-13 16:15:00+01:00,-250.0,250.0,112792.39106938776,112817.39617142857,83.08060276967929
2026-03-13 16:30:00+01:00,-250.0,250.0,112851.82186938776,112853.64106938776,83.08060276967929
2026-03-13 16:45:00+01:00,-250.0,250.0,112888.06676734694,112913.07186938776,111.09692930029155
2026-03-13 17:00:00+01:00,-200.0,200.0,112949.31676734694,112949.31676734694,24.713255830903783
2026-03-13 17:15:00+01:00,-200.0,200.0,112973.31166530613,112998.31676734694,24.713255830903783
2026-03-13 17:30:00+01:00,-200.0,200.0,113022.31166530613,113022.31166530613,54.46309256559766
2026-03-13 17:45:00+01:00,-250.0,250.0,113046.30656326532,113071.31166530613,54.74879939627514
2026-03-13 18:00:00+01:00,-200.0,200.0,113082.5514612245,113107.55656326532,12.870227967703714
2026-03-13 18:15:00+01:00,-200.0,200.0,113106.54635918369,113131.5514612245,12.870227967703714
2026-03-13 18:30:00+01:00,-250.0,250.0,113130.54125714288,113155.54635918369,304.70696266158126
2026-03-13 18:45:00+01:00,-300.0,300.0,113166.78615510205,113191.79125714288,353.3464184438942
2026-03-13 19:00:00+01:00,-250.0,250.0,113215.28105306122,113240.28615510205,61.509683750016634
2026-03-13 19:15:00+01:00,-250.0,250.0,113251.5259510204,113276.53105306122,61.509683750016634
2026-03-13 19:30:00+01:00,-250.0,250.0,113287.77084897959,113312.7759510204,61.509683750016634
2026-03-13 19:45:00+01:00,-300.0,300.0,113324.01574693878,113349.02084897959,101.93879939627514
2026-03-13 20:00:00+01:00,-350.0,350.0,113372.51064489796,113397.51574693878,102.23782422788267
2026-03-13 20:15:00+01:00,-350.0,350.0,113408.25044081634,113458.26064489796,102.23782422788267
2026-03-13 20:30:00+01:00,-300.0,300.0,113468.99533877552,113494.00044081634,61.80870858162415
2026-03-13 20:45:00+01:00,-350.0,350.0,113492.4851346939,113542.49533877552,187.63411674488944
2026-03-13 21:00:00+01:00,-350.0,350.0,113553.23003265308,113578.2351346939,187.63411674488944
2026-03-13 21:15:00+01:00,-350.0,350.0,113588.96982857144,113638.9800326531,187.63411674488944
2026-03-13 21:30:00+01:00,-350.0,350.0,113649.71472653063,113674.71982857144,187.63411674488944
2026-03-13 21:45:00+01:00,-300.0,300.0,113685.454522449,113735.46472653063,159.08762014624998
2026-03-13 22:00:00+01:00,-250.0,250.0,113733.94942040817,113758.954522449,153.0465997380867
2026-03-13 22:15:00+01:00,-200.0,200.0,113745.18921632654,113795.19942040817,147.0967783095153
2026-03-13 22:30:00+01:00,-200.0,200.0,113769.18411428573,113794.18921632654,147.0967783095153
2026-03-13 22:45:00+01:00,-150.0,150.0,113768.1739102041,113818.18411428573,1.178410962576541
2026-03-13 23:00:00+01:00,-150.0,150.0,113779.91880816329,113804.9239102041,1.178410962576541
2026-03-13 23:15:00+01:00,-150.0,150.0,113766.65860408166,113816.66880816329,1.178410962576541
2026-03-13 23:30:00+01:00,-150.0,150.0,113778.40350204085,113803.40860408166,1.178410962576541
2026-03-13 23:45:00+01:00,-150.0,150.0,113765.1432979592,113815.15350204085,1.178410962576541
2026-03-14 00:00:00+01:00,-150.0,150.0,113776.8881959184,113801.8932979592,1.178410962576541
2026-03-14 00:15:00+01:00,-150.0,150.0,113763.62799183675,113813.6381959184,1.178410962576541
2026-03-14 00:30:00+01:00,-150.0,150.0,113775.37288979592,113800.37799183675,1.178410962576541
2026-03-14 00:45:00+01:00,-200.0,200.0,113762.1126857143,113812.12288979592,195.7362340918282
2026-03-14 01:00:00+01:00,-250.0,250.0,113786.10758367348,113811.1126857143,390.29405722108
2026-03-14 01:15:00+01:00,-250.0,250.0,113797.34737959185,113847.35758367348,390.29405722108
2026-03-14 01:30:00+01:00,-200.0,200.0,113833.59227755104,113858.59737959185,195.7362340918282
2026-03-14 01:45:00+01:00,-150.0,150.0,113832.58207346941,113882.59227755104,1.178410962576541
2026-03-14 02:00:00+01:00,-150.0,150.0,113844.3269714286,113869.33207346941,1.178410962576541
2026-03-14 02:15:00+01:00,-150.0,150.0,113831.06676734697,113881.0769714286,1.178410962576541
2026-03-14 02:30:00+01:00,-150.0,150.0,113842.81166530616,113867.81676734697,1.178410962576541
2026-03-14 02:45:00+01:00,-150.0,150.0,113829.5514612245,113879.56166530616,1.178410962576541
2026-03-14 03:00:00+01:00,-150.0,150.0,113841.29635918369,113866.3014612245,1.178410962576541
2026-03-14 03:15:00+01:00,-150.0,150.0,113828.03615510206,113878.04635918369,1.178410962576541
2026-03-14 03:30:00+01:00,-200.0,200.0,113839.78105306123,113864.78615510206,45.74188035033165
2026-03-14 03:45:00+01:00,-200.0,200.0,113838.7708489796,113888.78105306123,45.74188035033165
2026-03-14 04:00:00+01:00,-200.0,200.0,113862.76574693879,113887.7708489796,45.74188035033165
2026-03-14 04:15:00+01:00,-250.0,250.0,113861.75554285716,113911.76574693879,104.03140415985547
2026-03-14 04:30:00+01:00,-250.0,250.0,113898.00044081635,113923.00554285716,104.03140415985547
2026-03-14 04:45:00+01:00,-250.0,250.0,113909.24023673472,113959.25044081635,104.03140415985547
2026-03-14 05:00:00+01:00,-200.0,200.0,113945.48513469391,113970.49023673472,45.74188035033165
2026-03-14 05:15:00+01:00,-200.0,200.0,113944.47493061227,113994.48513469391,45.74188035033165
2026-03-14 05:30:00+01:00,-150.0,150.0,113968.46982857145,113993.47493061227,1.178410962576541
2026-03-14 05:45:00+01:00,-150.0,150.0,113955.20962448981,114005.21982857145,1.178410962576541
2026-03-14 06:00:00+01:00,-150.0,150.0,113966.95452244898,113991.95962448981,1.178410962576541
2026-03-14 06:15:00+01:00,-150.0,150.0,113953.69431836736,114003.70452244898,1.178410962576541
2026-03-14 06:30:00+01:00,-150.0,150.0,113965.43921632654,113990.44431836736,1.178410962576541
2026-03-14 06:45:00+01:00,-150.0,150.0,113952.17901224492,114002.18921632654,1.178410962576541
2026-03-14 07:00:00+01:00,-150.0,150.0,113963.9239102041,113988.92901224492,1.178410962576541
2026-03-14 07:15:00+01:00,-150.0,150.0,113950.66370612248,114000.6739102041,1.178410962576541
2026-03-14 07:30:00+01:00,-150.0,150.0,113962.40860408166,113987.41370612248,1.178410962576541
2026-03-14 07:45:00+01:00,-150.0,150.0,113949.14840000003,113999.15860408166,1.178410962576541
2026-03-14 08:00:00+01:00,-150.0,150.0,113960.89329795922,113985.89840000003,1.178410962576541
2026-03-14 08:15:00+01:00,-150.0,150.0,113947.63309387756,113997.64329795922,1.178410962576541
2026-03-14 08:30:00+01:00,-150.0,150.0,113959.37799183674,113984.38309387756,1.178410962576541
2026-03-14 08:45:00+01:00,-250.0,250.0,113946.11778775511,113996.12799183674,203.89685389530516
2026-03-14 09:00:00+01:00,-250.0,250.0,113957.35758367348,114007.36778775511,203.89685389530516
2026-03-14 09:15:00+01:00,-250.0,250.0,113968.59737959185,114018.60758367348,203.89685389530516
2026-03-14 09:30:00+01:00,-300.0,300.0,113979.83717551021,114029.84737959185,452.78494913340046
2026-03-14 09:45:00+01:00,-300.0,300.0,114003.32697142859,114053.33717551021,452.78494913340046
2026-03-14 10:00:00+01:00,-250.0,250.0,114026.81676734696,114076.82697142859,11.479847092584096
2026-03-14 10:15:00+01:00,-250.0,250.0,114013.05146122452,114088.06676734696,11.479847092584096
2026-03-14 10:30:00+01:00,-250.0,250.0,114024.29125714289,114074.30146122452,11.479847092584096
2026-03-14 10:45:00+01:00,-250.0,250.0,114010.52595102042,114085.54125714289,11.479847092584096
2026-03-14 11:00:00+01:00,-250.0,250.0,114031.97125714287,114071.77595102042,11.479847092584096
2026-03-14 11:15:00+01:00,-250.0,250.0,114018.20595102043,114093.22125714287,11.479847092584096
2026-03-14 11:30:00+01:00,-300.0,300.0,114054.4508489796,114079.45595102043,69.8471940313596
2026-03-14 11:45:00+01:00,-300.0,300.0,114052.93554285714,114127.9508489796,69.8471940313596
2026-03-14 12:00:00+01:00,-300.0,300.0,114101.43044081633,114126.43554285714,69.8471940313596
2026-03-14 12:15:00+01:00,-300.0,300.0,114099.91513469389,114174.93044081633,69.8471940313596
2026-03-14 12:30:00+01:00,-350.0,350.0,114148.41003265308,114173.41513469389,101.71576545993103
2026-03-14 12:45:00+01:00,-350.0,350.0,114159.14472653063,114234.16003265308,101.71576545993103
2026-03-14 13:00:00+01:00,-300.0,300.0,114219.88962448982,114244.89472653063,69.8471940313596
2026-03-14 13:15:00+01:00,-300.0,300.0,114218.37431836738,114293.38962448982,69.8471940313596
2026-03-14 13:30:00+01:00,-300.0,300.0,114266.86921632657,114291.87431836738,69.8471940313596
2026-03-14 13:45:00+01:00,-300.0,300.0,114265.3539102041,114340.36921632657,69.8471940313596
2026-03-14 14:00:00+01:00,-250.0,250.0,114313.84880816327,114338.8539102041,11.479847092584096
2026-03-14 14:15:00+01:00,-250.0,250.0,114300.08350204081,114375.09880816327,11.479847092584096
2026-03-14 14:30:00+01:00,-250.0,250.0,114336.3284,114361.33350204081,11.479847092584096
2026-03-14 14:45:00+01:00,-250.0,250.0,114322.56309387756,114397.5784,11.479847092584096
2026-03-14 15:00:00+01:00,-250.0,250.0,114358.80799183674,114383.81309387756,11.479847092584096
2026-03-14 15:15:00+01:00,-300.0,300.0,114345.0426857143,114420.05799183674,12.86289944395943
2026-03-14 15:30:00+01:00,-250.0,250.0,114368.53248163268,114418.5426857143,4.7022796404824865
2026-03-14 15:45:00+01:00,-250.0,250.0,114354.76717551023,114429.78248163268,4.7022796404824865
2026-03-14 16:00:00+01:00,-250.0,250.0,114366.00697142861,114416.01717551023,4.7022796404824865
2026-03-14 16:15:00+01:00,-250.0,250.0,114352.24166530614,114427.25697142861,4.7022796404824865
2026-03-14 16:30:00+01:00,-250.0,250.0,114363.4814612245,114413.49166530614,4.7022796404824865
2026-03-14 16:45:00+01:00,-250.0,250.0,114349.71615510205,114424.7314612245,4.7022796404824865
2026-03-14 17:00:00+01:00,-250.0,250.0,114360.95595102041,114410.96615510205,4.7022796404824865
2026-03-14 17:15:00+01:00,-250.0,250.0,114347.19064489796,114422.20595102041,4.7022796404824865
2026-03-14 17:30:00+01:00,-250.0,250.0,114358.43044081633,114408.44064489796,4.7022796404824865
2026-03-14 17:45:00+01:00,-250.0,250.0,114344.66513469389,114419.68044081633,4.7022796404824865
2026-03-14 18:00:00+01:00,-250.0,250.0,114355.90493061226,114405.91513469389,4.7022796404824865
2026-03-14 18:15:00+01:00,-300.0,300.0,114342.13962448982,114417.15493061226,10.05708211192978
2026-03-14 18:30:00+01:00,-300.0,300.0,114353.3794204082,114415.63962448982,10.05708211192978
2026-03-14 18:45:00+01:00,-300.0,300.0,114339.61411428575,114426.8794204082,10.05708211192978
2026-03-14 19:00:00+01:00,-300.0,300.0,114350.85391020412,114413.11411428575,10.05708211192978
2026-03-14 19:15:00+01:00,-300.0,300.0,114337.08860408165,114424.35391020412,10.05708211192978
2026-03-14 19:30:00+01:00,-300.0,300.0,114348.3284,114410.58860408165,10.05708211192978
2026-03-14 19:45:00+01:00,-300.0,300.0,114334.56309387754,114421.8284,10.05708211192978
2026-03-14 20:00:00+01:00,-300.0,300.0,114345.80288979592,114408.06309387754,10.05708211192978
2026-03-14 20:15:00+01:00,-300.0,300.0,114332.03758367347,114419.30288979592,10.05708211192978
2026-03-14 20:30:00+01:00,-300.0,300.0,114343.27737959185,114405.53758367347,10.05708211192978
2026-03-14 20:45:00+01:00,-350.0,350.0,114329.5120734694,114416.77737959185,12.25381680580733
2026-03-14 21:00:00+01:00,-350.0,350.0,114327.99676734697,114415.2620734694,12.25381680580733
2026-03-14 21:15:00+01:00,-350.0,350.0,114326.48146122452,114413.74676734697,12.25381680580733
2026-03-14 21:30:00+01:00,-350.0,350.0,114324.96615510208,114412.23146122452,12.25381680580733
2026-03-14 21:45:00+01:00,-350.0,350.0,114323.45084897961,114410.71615510208,12.25381680580733
2026-03-14 22:00:00+01:00,-350.0,350.0,114321.93554285716,114409.20084897961,12.25381680580733
2026-03-14 22:15:00+01:00,-350.0,350.0,114320.42023673472,114407.68554285716,12.25381680580733
2026-03-14 22:30:00+01:00,-350.0,350.0,114318.90493061226,114406.17023673472,12.25381680580733
2026-03-14 22:45:00+01:00,-350.0,350.0,114317.3896244898,114404.65493061226,12.25381680580733
2026-03-14 23:00:00+01:00,-350.0,350.0,114315.87431836735,114403.1396244898,12.25381680580733
2026-03-14 23:15:00+01:00,-350.0,350.0,114314.35901224491,114401.62431836735,12.25381680580733
2026-03-14 23:30:00+01:00,-350.0,350.0,114312.84370612247,114400.10901224491,12.25381680580733
2026-03-14 23:45:00+01:00,-350.0,350.0,114311.32840000003,114398.59370612247,12.25381680580733
2026-03-15 00:00:00+01:00,-350.0,350.0,114309.81309387759,114397.07840000003,12.25381680580733
2026-03-15 00:15:00+01:00,-350.0,350.0,114308.29778775513,114395.56309387759,12.25381680580733
2026-03-15 00:30:00+01:00,-350.0,350.0,114306.78248163269,114394.04778775513,12.25381680580733
2026-03-15 00:45:00+01:00,-350.0,350.0,114305.26717551023,114392.53248163269,12.25381680580733
2026-03-15 01:00:00+01:00,-350.0,350.0,114303.75186938776,114391.01717551023,12.25381680580733
2026-03-15 01:15:00+01:00,-350.0,350.0,114302.23656326531,114389.50186938776,12.25381680580733
2026-03-15 01:30:00+01:00,-350.0,350.0,114300.72125714285,114387.98656326531,12.25381680580733
2026-03-15 01:45:00+01:00,-350.0,350.0,114299.20595102041,114386.47125714285,12.25381680580733
2026-03-15 02:00:00+01:00,-350.0,350.0,114297.69064489797,114384.95595102041,12.25381680580733
2026-03-15 02:15:00+01:00,-350.0,350.0,114296.17533877553,114383.44064489797,12.25381680580733
2026-03-15 02:30:00+01:00,-350.0,350.0,114294.66003265309,114381.92533877553,12.25381680580733
2026-03-15 02:45:00+01:00,-350.0,350.0,114293.14472653065,114380.41003265309,12.25381680580733
2026-03-15 03:00:00+01:00,-350.0,350.0,114291.62942040821,114378.89472653065,12.25381680580733
2026-03-15 03:15:00+01:00,-350.0,350.0,114290.11411428574,114377.37942040821,12.25381680580733
2026-03-15 03:30:00+01:00,-350.0,350.0,114288.59880816328,114375.86411428574,12.25381680580733
2026-03-15 03:45:00+01:00,-350.0,350.0,114287.08350204084,114374.34880816328,12.25381680580733
2026-03-15 04:00:00+01:00,-350.0,350.0,114285.56819591837,114372.83350204084,12.25381680580733
2026-03-15 04:15:00+01:00,-350.0,350.0,114284.05288979592,114371.31819591837,12.25381680580733
2026-03-15 04:30:00+01:00,-350.0,350.0,114282.53758367347,114369.80288979592,12.25381680580733
2026-03-15 04:45:00+01:00,-350.0,350.0,114281.02227755103,114368.28758367347,12.25381680580733
2026-03-15 05:00:00+01:00,-350.0,350.0,114279.5069714286,114366.77227755103,12.25381680580733
2026-03-15 05:15:00+01:00,-350.0,350.0,114277.99166530615,114365.2569714286,12.25381680580733
2026-03-15 05:30:00+01:00,-350.0,350.0,114276.47635918371,114363.74166530615,12.25381680580733
2026-03-15 05:45:00+01:00,-350.0,350.0,114274.96105306126,114362.22635918371,12.25381680580733
2026-03-15 06:00:00+01:00,-350.0,350.0,114273.4457469388,114360.71105306126,12.25381680580733
2026-03-15 06:15:00+01:00,-350.0,350.0,114271.93044081634,114359.1957469388,12.25381680580733
2026-03-15 06:30:00+01:00,-350.0,350.0,114270.41513469389,114357.68044081634,12.25381680580733
2026-03-15 06:45:00+01:00,-350.0,350.0,114268.89982857143,114356.16513469389,12.25381680580733
2026-03-15 07:00:00+01:00,-350.0,350.0,114267.38452244898,114354.64982857143,12.25381680580733
2026-03-15 07:15:00+01:00,-350.0,350.0,114265.86921632654,114353.13452244898,12.25381680580733
2026-03-15 07:30:00+01:00,-350.0,350.0,114264.3539102041,114351.61921632654,12.25381680580733
2026-03-15 07:45:00+01:00,-350.0,350.0,114262.83860408165,114350.1039102041,12.25381680580733
2026-03-15 08:00:00+01:00,-350.0,350.0,114261.32329795921,114348.58860408165,12.25381680580733
2026-03-15 08:15:00+01:00,-350.0,350.0,114259.80799183677,114347.07329795921,12.25381680580733
2026-03-15 08:30:00+01:00,-350.0,350.0,114258.29268571433,114345.55799183677,12.25381680580733
2026-03-15 08:45:00+01:00,-350.0,350.0,114256.77737959186,114344.04268571433,12.25381680580733
2026-03-15 09:00:00+01:00,-350.0,350.0,114255.26207346939,114342.52737959186,12.25381680580733
2026-03-15 09:15:00+01:00,-350.0,350.0,114253.74676734694,114341.01207346939,12.25381680580733
2026-03-15 09:30:00+01:00,-350.0,350.0,114252.23146122448,114339.49676734694,12.25381680580733
2026-03-15 09:45:00+01:00,-350.0,350.0,114250.71615510204,114337.98146122448,12.25381680580733
2026-03-15 10:00:00+01:00,-350.0,350.0,114257.7008489796,114336.46615510204,12.25381680580733
2026-03-15 10:15:00+01:00,-350.0,350.0,114268.43554285716,114343.4508489796,12.25381680580733
2026-03-15 10:30:00+01:00,-350.0,350.0,114279.17023673472,114354.18554285716,12.25381680580733
2026-03-15 10:45:00+01:00,-350.0,350.0,114289.90493061228,114364.92023673472,12.25381680580733
2026-03-15 11:00:00+01:00,-350.0,350.0,114300.63962448984,114375.65493061228,12.25381680580733
2026-03-15 11:15:00+01:00,-350.0,350.0,114311.37431836737,114386.38962448984,12.25381680580733
2026-03-15 11:30:00+01:00,-350.0,350.0,114322.10901224491,114397.12431836737,12.25381680580733
2026-03-15 11:45:00+01:00,-350.0,350.0,114332.84370612247,114407.85901224491,12.25381680580733
2026-03-15 12:00:00+01:00,-350.0,350.0,114343.57840000001,114418.59370612247,12.25381680580733
2026-03-15 12:15:00+01:00,-350.0,350.0,114354.31309387756,114429.32840000001,12.25381680580733
2026-03-15 12:30:00+01:00,-350.0,350.0,114365.0477877551,114440.06309387756,12.25381680580733
2026-03-15 12:45:00+01:00,-350.0,350.0,114375.78248163266,114450.7977877551,12.25381680580733
2026-03-15 13:00:00+01:00,-350.0,350.0,114386.51717551022,114461.53248163266,12.25381680580733
2026-03-15 13:15:00+01:00,-350.0,350.0,114397.25186938778,114472.26717551022,12.25381680580733
2026-03-15 13:30:00+01:00,-350.0,350.0,114407.98656326534,114483.00186938778,12.25381680580733
2026-03-15 13:45:00+01:00,-350.0,350.0,114418.7212571429,114493.73656326534,12.25381680580733
2026-03-15 14:00:00+01:00,-350.0,350.0,114429.45595102046,114504.4712571429,12.25381680580733
2026-03-15 14:15:00+01:00,-350.0,350.0,114440.19064489799,114515.20595102046,12.25381680580733
2026-03-15 14:30:00+01:00,-350.0,350.0,114450.92533877552,114525.94064489799,12.25381680580733
2026-03-15 14:45:00+01:00,-350.0,350.0,114461.66003265306,114536.67533877552,12.25381680580733
2026-03-15 15:00:00+01:00,-350.0,350.0,114472.3947265306,114547.41003265306,12.25381680580733
2026-03-15 15:15:00+01:00,-350.0,350.0,114506.69444081633,114558.1447265306,12.25381680580733
2026-03-15 15:30:00+01:00,-350.0,350.0,114517.42913469388,114592.44444081633,12.25381680580733
2026-03-15 15:45:00+01:00,-350.0,350.0,114553.16893061226,114603.17913469388,12.25381680580733
2026-03-15 16:00:00+01:00,-350.0,350.0,114563.90362448982,114638.91893061226,12.25381680580733
2026-03-15 16:15:00+01:00,-350.0,350.0,114599.64342040819,114649.65362448982,12.25381680580733
2026-03-15 16:30:00+01:00,-350.0,350.0,114633.33960000002,114685.39342040819,12.25381680580733
2026-03-15 16:45:00+01:00,-350.0,350.0,114669.07939591836,114719.08960000002,12.25381680580733
2026-03-15 17:00:00+01:00,-350.0,350.0,114729.82429387755,114754.82939591836,12.25381680580733
2026-03-15 17:15:00+01:00,-350.0,350.0,114765.56408979592,114815.57429387755,12.25381680580733
2026-03-15 17:30:00+01:00,-350.0,350.0,114826.3089877551,114851.31408979592,12.25381680580733
2026-03-15 17:45:00+01:00,-350.0,350.0,114862.04878367347,114912.0589877551,12.25381680580733
2026-03-15 18:00:00+01:00,-350.0,350.0,114922.79368163265,114947.79878367347,12.25381680580733
2026-03-15 18:15:00+01:00,-350.0,350.0,114975.41261224491,115008.54368163265,12.25381680580733
2026-03-15 18:30:00+01:00,-350.0,350.0,115036.1575102041,115061.16261224491,12.25381680580733
2026-03-15 18:45:00+01:00,-350.0,350.0,115096.90240816328,115121.9075102041,12.25381680580733
2026-03-15 19:00:00+01:00,-350.0,350.0,115157.64730612247,115182.65240816328,12.25381680580733
2026-03-15 19:15:00+01:00,-350.0,350.0,115218.39220408165,115243.39730612247,12.25381680580733
2026-03-15 19:30:00+01:00,-350.0,350.0,115279.13710204084,115304.14220408165,12.25381680580733
2026-03-15 19:45:00+01:00,-350.0,350.0,115339.88200000001,115364.88710204084,12.25381680580733
2026-03-15 20:00:00+01:00,-300.0,300.0,115400.62689795918,115425.63200000001,10.870764454431997
2026-03-15 20:15:00+01:00,-300.0,300.0,115449.12179591837,115474.12689795918,10.870764454431997
2026-03-15 20:30:00+01:00,-300.0,300.0,115497.61669387756,115522.62179591837,10.870764454431997
2026-03-15 20:45:00+01:00,-350.0,350.0,115569.34959183674,115571.11669387756,18.327193025860566
2026-03-15 21:00:00+01:00,-350.0,350.0,115605.08938775511,115655.09959183674,18.327193025860566
2026-03-15 21:15:00+01:00,-350.0,350.0,115690.83938775511,115690.83938775511,18.327193025860566
2026-03-15 21:30:00+01:00,-250.0,250.0,115737.04778775512,115776.58938775511,10.775655860535723
2026-03-15 21:45:00+01:00,-200.0,200.0,115798.29778775512,115798.29778775512,8.63483953400511
2026-03-15 22:00:00+01:00,-200.0,200.0,115826.39680000002,115847.29778775512,8.63483953400511
2026-03-15 22:15:00+01:00,-150.0,150.0,115875.39680000002,115875.39680000002,8.041160233713565
2026-03-15 22:30:00+01:00,-150.0,150.0,115912.14680000002,115912.14680000002,8.041160233713565
2026-03-15 22:45:00+01:00,-100.0,100.0,115948.89680000002,115948.89680000002,146.20407417761623
2026-03-15 23:00:00+01:00,-100.0,100.0,115973.39680000002,115973.39680000002,146.20407417761623
2026-03-15 23:15:00+01:00,-100.0,100.0,115997.89680000002,115997.89680000002,146.20407417761623
2026-03-15 23:30:00+01:00,-100.0,100.0,116022.39680000002,116022.39680000002,146.20407417761623
2026-03-15 23:45:00+01:00,-50.0,50.0,116046.89680000002,116046.89680000002,0.2857068306774765
2026-03-16 00:00:00+01:00,-50.0,50.0,116059.14680000002,116059.14680000002,0.2857068306774765
2026-03-16 00:15:00+01:00,-100.0,100.0,116071.39680000002,116071.39680000002,1.4541346462481486
2026-03-16 00:30:00+01:00,-100.0,100.0,116070.8916979592,116095.89680000002,65.91727135298564
2026-03-16 00:45:00+01:00,-100.0,100.0,116095.3916979592,116095.3916979592,65.91727135298564
2026-03-16 01:00:00+01:00,-150.0,150.0,116094.88659591839,116119.8916979592,68.64992441421012
2026-03-16 01:15:00+01:00,-100.0,100.0,116106.63149387758,116131.63659591839,3.9010808767951595
2026-03-16 01:30:00+01:00,-100.0,100.0,116106.12639183675,116131.13149387758,3.9010808767951595
2026-03-16 01:45:00+01:00,-100.0,100.0,116105.62128979593,116130.62639183675,3.9010808767951595
2026-03-16 02:00:00+01:00,-100.0,100.0,116105.11618775512,116130.12128979593,3.9010808767951595
2026-03-16 02:15:00+01:00,-150.0,150.0,116104.61108571429,116129.61618775512,62.79373393801965
2026-03-16 02:30:00+01:00,-150.0,150.0,116116.35598367348,116141.36108571429,62.79373393801965
2026-03-16 02:45:00+01:00,-200.0,200.0,116128.10088163266,116153.10598367348,236.81597883597883
2026-03-16 03:00:00+01:00,-200.0,200.0,116152.09577959185,116177.10088163266,236.81597883597883
2026-03-16 03:15:00+01:00,-150.0,150.0,116176.09067755104,116201.09577959185,45.07924414210129
2026-03-16 03:30:00+01:00,-150.0,150.0,116187.83557551022,116212.84067755104,45.07924414210129
2026-03-16 03:45:00+01:00,-200.0,200.0,116199.58047346941,116224.58557551022,224.90904006046864
2026-03-16 04:00:00+01:00,-200.0,200.0,116223.5753714286,116248.58047346941,224.90904006046864
2026-03-16 04:15:00+01:00,-150.0,150.0,116247.57026938778,116272.5753714286,45.07924414210129
2026-03-16 04:30:00+01:00,-150.0,150.0,116259.31516734695,116284.32026938778,45.07924414210129
2026-03-16 04:45:00+01:00,-150.0,150.0,116271.06006530614,116296.06516734695,45.07924414210129
2026-03-16 05:00:00+01:00,-150.0,150.0,116282.80496326533,116307.81006530614,45.07924414210129
2026-03-16 05:15:00+01:00,-100.0,100.0,116309.01177959185,116319.55496326533,3.9010808767951595
2026-03-16 05:30:00+01:00,-100.0,100.0,116308.50667755103,116333.51177959185,3.9010808767951595
2026-03-16 05:45:00+01:00,-100.0,100.0,116333.00667755103,116333.00667755103,3.9010808767951595
2026-03-16 06:00:00+01:00,-100.0,100.0,116332.50157551022,116357.50667755103,3.9010808767951595
2026-03-16 06:15:00+01:00,-100.0,100.0,116357.00157551022,116357.00157551022,3.9010808767951595
2026-03-16 06:30:00+01:00,-150.0,150.0,116356.49647346941,116381.50157551022,47.56700616216356
2026-03-16 06:45:00+01:00,-150.0,150.0,116368.2413714286,116393.24647346941,47.56700616216356
2026-03-16 07:00:00+01:00,-100.0,100.0,116379.98626938777,116404.9913714286,4.929659223388036
2026-03-16 07:15:00+01:00,-150.0,150.0,116379.48116734695,116404.48626938777,16.94165922338803
2026-03-16 07:30:00+01:00,-150.0,150.0,116388.83486530614,116416.23116734695,16.94165922338803
2026-03-16 07:45:00+01:00,-150.0,150.0,116400.57976326533,116425.58486530614,16.94165922338803
2026-03-16 08:00:00+01:00,-250.0,250.0,116412.32466122451,116437.32976326533,32.458726494741015
2026-03-16 08:15:00+01:00,-250.0,250.0,116403.17565714289,116473.57466122451,32.458726494741015
2026-03-16 08:30:00+01:00,-250.0,250.0,116439.42055510207,116464.42565714289,80.59427751514919
2026-03-16 08:45:00+01:00,-300.0,300.0,116450.66035102043,116500.67055510207,138.91159529940575
2026-03-16 09:00:00+01:00,-300.0,300.0,116499.15524897962,116524.16035102043,138.91159529940575
2026-03-16 09:15:00+01:00,-300.0,300.0,116522.64504489797,116572.65524897962,138.91159529940575
2026-03-16 09:30:00+01:00,-350.0,350.0,116571.13994285716,116596.14504489797,151.07535040144657
2026-03-16 09:45:00+01:00,-400.0,400.0,116605.23213877554,116656.88994285716,158.3815688888415
2026-03-16 10:00:00+01:00,-350.0,350.0,116653.2219346939,116703.23213877554,98.23401786843334
2026-03-16 10:15:00+01:00,-300.0,300.0,116688.96173061227,116738.9719346939,88.04567319723152
2026-03-16 10:30:00+01:00,-250.0,250.0,116712.45152653064,116762.46173061227,29.72835541297498
2026-03-16 10:45:00+01:00,-200.0,200.0,116723.69132244901,116773.70152653064,17.564600310934168
2026-03-16 11:00:00+01:00,-250.0,250.0,116722.68111836737,116772.69132244901,22.573892027620843
2026-03-16 11:15:00+01:00,-250.0,250.0,116708.91581224492,116783.93111836737,22.573892027620843
2026-03-16 11:30:00+01:00,-300.0,300.0,116720.15560816329,116770.16581224492,119.85280359224667
2026-03-16 11:45:00+01:00,-300.0,300.0,116718.64030204085,116793.65560816329,119.85280359224667
2026-03-16 12:00:00+01:00,-300.0,300.0,116742.5857469388,116792.14030204085,119.85280359224667
2026-03-16 12:15:00+01:00,-350.0,350.0,116741.07044081633,116816.0857469388,188.45778318408344
2026-03-16 12:30:00+01:00,-350.0,350.0,116801.81533877552,116826.82044081633,188.45778318408344
2026-03-16 12:45:00+01:00,-350.0,350.0,116812.55003265307,116887.56533877552,188.45778318408344
2026-03-16 13:00:00+01:00,-300.0,300.0,116873.29493061226,116898.30003265307,91.17887161945757
2026-03-16 13:15:00+01:00,-300.0,300.0,116872.00993469391,116946.79493061226,91.17887161945757
2026-03-16 13:30:00+01:00,-250.0,250.0,116920.50483265308,116945.5099346939,22.573892027620843
2026-03-16 13:45:00+01:00,-200.0,200.0,116931.74462857145,116981.75483265308,21.40546421205017
2026-03-16 14:00:00+01:00,-200.0,200.0,116955.73952653063,116980.74462857145,21.40546421205017
2026-03-16 14:15:00+01:00,-250.0,250.0,116954.729322449,117004.73952653063,29.935435057531212
2026-03-16 14:30:00+01:00,-300.0,300.0,116965.96911836737,117015.979322449,93.14727179222506
2026-03-16 14:45:00+01:00,-250.0,250.0,116989.45891428573,117039.46911836737,29.935435057531212
2026-03-16 15:00:00+01:00,-250.0,250.0,117038.9454367347,117050.70891428573,29.935435057531212
2026-03-16 15:15:00+01:00,-250.0,250.0,117050.18523265308,117100.1954367347,102.31290718924105
2026-03-16 15:30:00+01:00,-250.0,250.0,117111.43523265308,117111.43523265308,102.31290718924105
2026-03-16 15:45:00+01:00,-250.0,250.0,117143.2526612245,117172.68523265306,102.31290718924105
2026-03-16 16:00:00+01:00,-250.0,250.0,117204.5026612245,117204.5026612245,97.55127818049469
2026-03-16 16:15:00+01:00,-350.0,350.0,117215.74245714287,117265.7526612245,145.63429858865794
2026-03-16 16:30:00+01:00,-400.0,400.0,117301.49245714287,117301.49245714287,175.51838022131102
2026-03-16 16:45:00+01:00,-400.0,400.0,117369.31379591838,117399.49245714287,175.51838022131102
2026-03-16 17:00:00+01:00,-250.0,250.0,117467.31379591838,117467.31379591838,39.9977388218941
2026-03-16 17:15:00+01:00,-300.0,300.0,117503.55869387755,117528.56379591838,40.71643073239324
2026-03-16 17:30:00+01:00,-300.0,300.0,117552.05359183674,117577.05869387755,40.71643073239324
2026-03-16 17:45:00+01:00,-300.0,300.0,117600.54848979592,117625.55359183674,40.71643073239324
2026-03-16 18:00:00+01:00,-350.0,350.0,117649.04338775511,117674.04848979592,72.64336950790347
2026-03-16 18:15:00+01:00,-350.0,350.0,117709.7882857143,117734.79338775511,72.64336950790347
2026-03-16 18:30:00+01:00,-300.0,300.0,117770.53318367347,117795.5382857143,40.71643073239324
2026-03-16 18:45:00+01:00,-350.0,350.0,117832.14629387755,117844.03318367347,83.99316542627079
2026-03-16 19:00:00+01:00,-350.0,350.0,117892.89119183674,117917.89629387755,83.99316542627079
2026-03-16 19:15:00+01:00,-350.0,350.0,117978.64119183674,117978.64119183674,83.99316542627079
2026-03-16 19:30:00+01:00,-350.0,350.0,118039.38608979592,118064.39119183674,83.99316542627079
2026-03-16 19:45:00+01:00,-350.0,350.0,118125.13608979592,118125.13608979592,83.99316542627079
2026-03-16 20:00:00+01:00,-300.0,300.0,118185.88098775511,118210.88608979592,80.2248235895361
2026-03-16 20:15:00+01:00,-300.0,300.0,118259.38098775511,118259.38098775511,80.2248235895361
2026-03-16 20:30:00+01:00,-300.0,300.0,118307.8758857143,118332.88098775511,80.2248235895361
2026-03-16 20:45:00+01:00,-300.0,300.0,118381.3758857143,118381.3758857143,80.2248235895361
2026-03-16 21:00:00+01:00,-300.0,300.0,118429.87078367348,118454.8758857143,80.2248235895361
2026-03-16 21:15:00+01:00,-200.0,200.0,118503.37078367348,118503.37078367348,56.63036769192282
2026-03-16 21:30:00+01:00,-100.0,100.0,118527.36568163265,118552.37078367348,8.024910397894098
2026-03-16 21:45:00+01:00,-100.0,100.0,118551.86568163265,118551.86568163265,8.024910397894098
2026-03-16 22:00:00+01:00,-100.0,100.0,118551.36057959184,118576.36568163265,8.024910397894098
2026-03-16 22:15:00+01:00,-150.0,150.0,118575.86057959184,118575.86057959184,91.40683459614483
2026-03-16 22:30:00+01:00,-100.0,100.0,118587.60547755103,118612.61057959184,84.10061610874988
2026-03-16 22:45:00+01:00,-100.0,100.0,118612.10547755103,118612.10547755103,84.10061610874988
2026-03-16 23:00:00+01:00,-100.0,100.0,118611.60037551021,118636.60547755103,84.10061610874988
2026-03-16 23:15:00+01:00,-100.0,100.0,118636.10037551021,118636.10037551021,84.10061610874988
2026-03-16 23:30:00+01:00,-100.0,100.0,118635.5952734694,118660.60037551021,84.10061610874988
2026-03-16 23:45:00+01:00,-100.0,100.0,118660.0952734694,118660.0952734694,84.10061610874988
2026-03-17 00:00:00+01:00,-150.0,150.0,118659.59017142857,118684.5952734694,23.35600662585897
2026-03-17 00:15:00+01:00,-150.0,150.0,118671.33506938776,118696.34017142857,23.35600662585897
2026-03-17 00:30:00+01:00,-200.0,200.0,118683.07996734694,118708.08506938776,177.2123331564712
2026-03-17 00:45:00+01:00,-250.0,250.0,118728.99266938776,118732.07996734694,179.0526212717173
2026-03-17 01:00:00+01:00,-250.0,250.0,118740.23246530614,118790.24266938776,179.0526212717173
2026-03-17 01:15:00+01:00,-200.0,200.0,118801.48246530614,118801.48246530614,25.19629474110507
2026-03-17 01:30:00+01:00,-200.0,200.0,118800.47226122451,118850.48246530614,25.19629474110507
2026-03-17 01:45:00+01:00,-200.0,200.0,118849.47226122451,118849.47226122451,281.6624171900847
2026-03-17 02:00:00+01:00,-150.0,150.0,118848.46205714287,118898.47226122451,16.791396781921396
2026-03-17 02:15:00+01:00,-150.0,150.0,118885.21205714287,118885.21205714287,16.791396781921396
2026-03-17 02:30:00+01:00,-150.0,150.0,118871.95185306125,118921.96205714288,16.791396781921396
2026-03-17 02:45:00+01:00,-150.0,150.0,118908.70185306125,118908.70185306125,16.791396781921396
2026-03-17 03:00:00+01:00,-150.0,150.0,118895.44164897961,118945.45185306125,16.791396781921396
2026-03-17 03:15:00+01:00,-150.0,150.0,118932.19164897961,118932.19164897961,16.791396781921396
2026-03-17 03:30:00+01:00,-200.0,200.0,118918.93144489799,118968.94164897961,98.89966208804385
2026-03-17 03:45:00+01:00,-250.0,250.0,118967.93144489799,118967.93144489799,179.29095460505064
2026-03-17 04:00:00+01:00,-250.0,250.0,118979.17124081636,119029.18144489799,179.29095460505064
2026-03-17 04:15:00+01:00,-300.0,300.0,119040.42124081636,119040.42124081636,191.44303623770372
2026-03-17 04:30:00+01:00,-200.0,200.0,119062.20623673472,119113.92124081636,28.94347841457446
2026-03-17 04:45:00+01:00,-150.0,150.0,119111.20623673472,119111.20623673472,14.711061658398304
2026-03-17 05:00:00+01:00,-150.0,150.0,119097.94603265308,119147.95623673472,14.711061658398304
2026-03-17 05:15:00+01:00,-150.0,150.0,119134.69603265308,119134.69603265308,14.711061658398304
2026-03-17 05:30:00+01:00,-100.0,100.0,119121.43582857144,119171.44603265308,2.5589800257452375
2026-03-17 05:45:00+01:00,-100.0,100.0,119145.93582857144,119145.93582857144,2.5589800257452375
2026-03-17 06:00:00+01:00,-150.0,150.0,119120.42562448981,119170.43582857144,86.08265349513302
2026-03-17 06:15:00+01:00,-100.0,100.0,119157.17562448981,119157.17562448981,2.5589800257452375
2026-03-17 06:30:00+01:00,-100.0,100.0,119131.66542040819,119181.67562448981,2.5589800257452375
2026-03-17 06:45:00+01:00,-100.0,100.0,119156.16542040819,119156.16542040819,2.5589800257452375
2026-03-17 07:00:00+01:00,-100.0,100.0,119130.65521632656,119180.66542040819,2.5589800257452375
2026-03-17 07:15:00+01:00,-150.0,150.0,119155.15521632656,119155.15521632656,63.02755145431663
2026-03-17 07:30:00+01:00,-100.0,100.0,119141.89501224492,119191.90521632656,2.5589800257452375
2026-03-17 07:45:00+01:00,-150.0,150.0,119166.39501224492,119166.39501224492,80.39183716860241
2026-03-17 08:00:00+01:00,-250.0,250.0,119173.02973877553,119203.14501224492,200.9204085971738
2026-03-17 08:15:00+01:00,-250.0,250.0,119234.27973877553,119234.27973877553,133.06836778084727
2026-03-17 08:30:00+01:00,-250.0,250.0,119255.71183673471,119295.52973877553,133.06836778084727
2026-03-17 08:45:00+01:00,-300.0,300.0,119316.96183673471,119316.96183673471,188.92591880125542
2026-03-17 09:00:00+01:00,-300.0,300.0,119365.4567346939,119390.46183673471,188.92591880125542
2026-03-17 09:15:00+01:00,-250.0,250.0,119438.9567346939,119438.9567346939,142.90154905335626
2026-03-17 09:30:00+01:00,-150.0,150.0,119462.95163265309,119500.2067346939,22.372977624784845
2026-03-17 09:45:00+01:00,-150.0,150.0,119487.45163265309,119499.70163265309,284.6758347676421
2026-03-17 10:00:00+01:00,-150.0,150.0,119486.94653061227,119524.20163265309,15.91216129825424
2026-03-17 10:15:00+01:00,-150.0,150.0,119494.94142857146,119523.69653061227,15.91216129825424
2026-03-17 10:30:00+01:00,-150.0,150.0,119506.68632653065,119531.69142857146,15.91216129825424
2026-03-17 10:45:00+01:00,-150.0,150.0,119518.43122448983,119543.43632653065,15.91216129825424
2026-03-17 11:00:00+01:00,-200.0,200.0,119530.17612244899,119555.18122448982,161.830528645193
2026-03-17 11:15:00+01:00,-200.0,200.0,119554.17102040816,119579.17612244899,161.830528645193
2026-03-17 11:30:00+01:00,-200.0,200.0,119578.16591836735,119603.17102040816,161.830528645193
2026-03-17 11:45:00+01:00,-200.0,200.0,119602.16081632653,119627.16591836735,161.830528645193
2026-03-17 12:00:00+01:00,-250.0,250.0,119626.15571428573,119651.16081632655,88.07690052727922
2026-03-17 12:15:00+01:00,-200.0,200.0,119637.3955102041,119687.40571428573,24.106288282381225
2026-03-17 12:30:00+01:00,-250.0,250.0,119678.29778775513,119686.3955102041,87.37649236401393
2026-03-17 12:45:00+01:00,-250.0,250.0,119689.5375836735,119739.54778775513,45.191492364013875
2026-03-17 13:00:00+01:00,-300.0,300.0,119750.7875836735,119750.7875836735,65.0558461055105
2026-03-17 13:15:00+01:00,-300.0,300.0,119774.27737959186,119824.2875836735,65.0558461055105
2026-03-17 13:30:00+01:00,-300.0,300.0,119847.77737959186,119847.77737959186,65.0558461055105
2026-03-17 13:45:00+01:00,-200.0,200.0,119895.3319836735,119921.27737959186,24.106288282381225
2026-03-17 14:00:00+01:00,-150.0,150.0,119944.3319836735,119944.3319836735,23.387596371882086
2026-03-17 14:15:00+01:00,-200.0,200.0,119956.07688163267,119981.0819836735,31.900890832523487
2026-03-17 14:30:00+01:00,-200.0,200.0,119980.07177959186,120005.07688163267,31.900890832523487
2026-03-17 14:45:00+01:00,-200.0,200.0,120004.06667755105,120029.07177959186,31.900890832523487
2026-03-17 15:00:00+01:00,-250.0,250.0,120050.72297959185,120053.06667755105,48.979176546809214
2026-03-17 15:15:00+01:00,-300.0,300.0,120086.96787755104,120111.97297959185,67.01663232912213
2026-03-17 15:30:00+01:00,-300.0,300.0,120160.46787755104,120160.46787755104,67.01663232912213
2026-03-17 15:45:00+01:00,-300.0,300.0,120208.96277551023,120233.96787755104,67.01663232912213
2026-03-17 16:00:00+01:00,-250.0,250.0,120282.46277551023,120282.46277551023,58.50333786848073
2026-03-17 16:15:00+01:00,-250.0,250.0,120318.70767346941,120343.71277551023,49.78325623582766
2026-03-17 16:30:00+01:00,-250.0,250.0,120354.9525714286,120379.95767346941,42.23751434486838
2026-03-17 16:45:00+01:00,-250.0,250.0,120366.19236734696,120416.2025714286,42.23751434486838
2026-03-17 17:00:00+01:00,-300.0,300.0,120411.85786938776,120427.44236734696,102.00567761017453
2026-03-17 17:15:00+01:00,-250.0,250.0,120435.34766530614,120485.35786938776,42.23751434486838
2026-03-17 17:30:00+01:00,-250.0,250.0,120496.59766530614,120496.59766530614,42.23751434486838
2026-03-17 17:45:00+01:00,-350.0,350.0,120507.8374612245,120557.84766530614,344.9833841213504
2026-03-17 18:00:00+01:00,-400.0,400.0,120568.58235918368,120593.5874612245,356.490089660709
2026-03-17 18:15:00+01:00,-350.0,350.0,120602.94415510206,120666.58235918368,64.65335496683146
2026-03-17 18:30:00+01:00,-350.0,350.0,120680.95925714287,120688.69415510206,64.65335496683146
2026-03-17 18:45:00+01:00,-300.0,300.0,120716.69905306125,120766.70925714288,56.2951508851988
2026-03-17 19:00:00+01:00,-300.0,300.0,120790.19905306124,120790.19905306124,56.2951508851988
2026-03-17 19:15:00+01:00,-300.0,300.0,120831.16498775511,120863.69905306124,56.2951508851988
2026-03-17 19:30:00+01:00,-300.0,300.0,120904.66498775511,120904.66498775511,56.2951508851988
2026-03-17 19:45:00+01:00,-300.0,300.0,120953.1598857143,120978.16498775511,56.2951508851988
2026-03-17 20:00:00+01:00,-350.0,350.0,121026.6598857143,121026.6598857143,70.04483018549035
2026-03-17 20:15:00+01:00,-350.0,350.0,121087.40478367348,121112.4098857143,70.04483018549035
2026-03-17 20:30:00+01:00,-350.0,350.0,121173.15478367348,121173.15478367348,70.04483018549035
2026-03-17 20:45:00+01:00,-350.0,350.0,121233.89968163265,121258.90478367348,70.04483018549035
2026-03-17 21:00:00+01:00,-350.0,350.0,121319.64968163265,121319.64968163265,70.04483018549035
2026-03-17 21:15:00+01:00,-350.0,350.0,121380.39457959184,121405.39968163265,70.04483018549035
2026-03-17 21:30:00+01:00,-300.0,300.0,121466.14457959184,121466.14457959184,58.53812464613175
2026-03-17 21:45:00+01:00,-250.0,250.0,121514.63947755103,121539.64457959184,35.441989921565224
2026-03-17 22:00:00+01:00,-250.0,250.0,121550.88437551021,121575.88947755103,35.441989921565224
2026-03-17 22:15:00+01:00,-250.0,250.0,121587.1292734694,121612.13437551021,35.441989921565224
2026-03-17 22:30:00+01:00,-350.0,350.0,121623.37417142859,121648.3792734694,291.6357314181639
2026-03-17 22:45:00+01:00,-250.0,250.0,121684.11906938777,121709.12417142859,211.96235726850398
2026-03-17 23:00:00+01:00,-150.0,150.0,121720.36396734694,121745.36906938777,197.53322218589952
2026-03-17 23:15:00+01:00,-150.0,150.0,121732.10886530612,121757.11396734694,17.79486844440293
2026-03-17 23:30:00+01:00,-150.0,150.0,121743.8537632653,121768.85886530612,17.79486844440293
2026-03-17 23:45:00+01:00,-200.0,200.0,121755.59866122449,121780.6037632653,78.14670517909684
2026-03-18 00:00:00+01:00,-150.0,150.0,121779.59355918368,121804.59866122449,17.79486844440293
2026-03-18 00:15:00+01:00,-150.0,150.0,121791.33845714286,121816.34355918368,17.79486844440293
2026-03-18 00:30:00+01:00,-150.0,150.0,121803.08335510205,121828.08845714286,17.79486844440293
2026-03-18 00:45:00+01:00,-150.0,150.0,121814.82825306123,121839.83335510205,17.79486844440293
2026-03-18 01:00:00+01:00,-150.0,150.0,121826.57315102042,121851.57825306123,17.79486844440293
2026-03-18 01:15:00+01:00,-150.0,150.0,121838.3180489796,121863.32315102042,17.79486844440293
2026-03-18 01:30:00+01:00,-150.0,150.0,121850.0629469388,121875.0680489796,17.79486844440293
2026-03-18 01:45:00+01:00,-100.0,100.0,121861.80784489798,121886.8129469388,2.97539905664783
2026-03-18 02:00:00+01:00,-100.0,100.0,121861.30274285715,121886.30784489798,2.97539905664783
2026-03-18 02:15:00+01:00,-100.0,100.0,121860.79764081632,121885.80274285715,2.97539905664783
2026-03-18 02:30:00+01:00,-100.0,100.0,121860.29253877551,121885.29764081632,2.97539905664783
2026-03-18 02:45:00+01:00,-150.0,150.0,121859.7874367347,121884.79253877551,176.5598888525662
2026-03-18 03:00:00+01:00,-100.0,100.0,121871.53233469388,121896.5374367347,2.97539905664783
2026-03-18 03:15:00+01:00,-150.0,150.0,121871.02723265307,121896.03233469388,33.443154158688664
2026-03-18 03:30:00+01:00,-150.0,150.0,121882.77213061225,121907.77723265307,33.443154158688664
2026-03-18 03:45:00+01:00,-200.0,200.0,121894.51702857144,121919.52213061225,135.52764395460702
2026-03-18 04:00:00+01:00,-250.0,250.0,121918.51192653063,121943.51702857144,226.2499568797771
2026-03-18 04:15:00+01:00,-250.0,250.0,121954.75682448981,121979.76192653063,226.2499568797771
2026-03-18 04:30:00+01:00,-300.0,300.0,121991.00172244899,122016.00682448981,256.2799568797771
2026-03-18 04:45:00+01:00,-300.0,300.0,122039.49662040816,122064.50172244899,173.3277970158315
2026-03-18 05:00:00+01:00,-150.0,150.0,122062.98641632653,122112.99662040816,10.745552117872322
2026-03-18 05:15:00+01:00,-150.0,150.0,122074.73131428572,122099.73641632653,10.745552117872322
2026-03-18 05:30:00+01:00,-150.0,150.0,122082.71074285715,122111.48131428572,10.745552117872322
2026-03-18 05:45:00+01:00,-200.0,200.0,122094.45564081633,122119.46074285715,40.717184770933564
2026-03-18 06:00:00+01:00,-200.0,200.0,122118.4505387755,122143.45564081633,40.717184770933564
2026-03-18 06:15:00+01:00,-150.0,150.0,122142.44543673469,122167.4505387755,10.745552117872322
2026-03-18 06:30:00+01:00,-150.0,150.0,122154.19033469388,122179.19543673469,10.745552117872322
2026-03-18 06:45:00+01:00,-150.0,150.0,122165.93523265306,122190.94033469388,10.745552117872322
2026-03-18 07:00:00+01:00,-150.0,150.0,122177.68013061225,122202.68523265306,10.745552117872322
2026-03-18 07:15:00+01:00,-100.0,100.0,122189.42502857142,122214.43013061225,8.418538154392193
2026-03-18 07:30:00+01:00,-100.0,100.0,122190.62253877551,122213.92502857142,8.418538154392193
2026-03-18 07:45:00+01:00,-150.0,150.0,122190.1174367347,122215.12253877551,72.28408917480034
2026-03-18 08:00:00+01:00,-150.0,150.0,122226.8674367347,122226.8674367347,72.28408917480034
2026-03-18 08:15:00+01:00,-250.0,250.0,122238.61233469388,122263.6174367347,167.54608463965297
2026-03-18 08:30:00+01:00,-250.0,250.0,122274.85723265307,122299.86233469388,167.54608463965297
2026-03-18 08:45:00+01:00,-350.0,350.0,122311.10213061226,122336.10723265307,229.65819245636453
2026-03-18 09:00:00+01:00,-250.0,250.0,122347.40573061224,122396.85213061226,77.42447817065027
2026-03-18 09:15:00+01:00,-250.0,250.0,122383.65062857143,122408.65573061224,77.42447817065027
2026-03-18 09:30:00+01:00,-350.0,350.0,122419.89552653061,122444.90062857143,122.7483749746549
2026-03-18 09:45:00+01:00,-350.0,350.0,122455.63532244899,122505.64552653061,122.7483749746549
2026-03-18 10:00:00+01:00,-300.0,300.0,122516.38022040817,122541.38532244899,241.77106885220587
2026-03-18 10:15:00+01:00,-250.0,250.0,122539.87001632653,122589.88022040817,26.16208926036917
2026-03-18 10:30:00+01:00,-200.0,200.0,122576.11491428572,122601.12001632653,19.26825706082269
2026-03-18 10:45:00+01:00,-200.0,200.0,122575.10471020408,122625.11491428572,19.26825706082269
2026-03-18 11:00:00+01:00,-200.0,200.0,122599.09960816326,122624.10471020408,19.26825706082269
2026-03-18 11:15:00+01:00,-300.0,300.0,122598.08940408163,122648.09960816326,173.68880127850974
2026-03-18 11:30:00+01:00,-300.0,300.0,122646.58430204082,122671.58940408163,173.68880127850974
2026-03-18 11:45:00+01:00,-350.0,350.0,122670.0740979592,122720.08430204082,193.7671686254485
2026-03-18 12:00:00+01:00,-300.0,300.0,122730.81899591837,122755.8240979592,156.08131828531248
2026-03-18 12:15:00+01:00,-350.0,350.0,122754.30879183674,122804.31899591837,221.80295093837367
2026-03-18 12:30:00+01:00,-250.0,250.0,122815.05368979592,122840.05879183674,84.98988971388393
2026-03-18 12:45:00+01:00,-200.0,200.0,122826.29348571428,122876.30368979592,77.21973665265944
2026-03-18 13:00:00+01:00,-200.0,200.0,122850.28838367347,122875.29348571428,77.21973665265944
2026-03-18 13:15:00+01:00,-200.0,200.0,122849.27817959184,122899.28838367347,41.32381828531248
2026-03-18 13:30:00+01:00,-200.0,200.0,122878.36369795918,122898.27817959184,41.32381828531248
2026-03-18 13:45:00+01:00,-150.0,150.0,122884.03128163265,122927.36369795918,11.498103999598198
2026-03-18 14:00:00+01:00,-150.0,150.0,122920.78128163265,122920.78128163265,11.498103999598198
2026-03-18 14:15:00+01:00,-200.0,200.0,122932.52617959183,122957.53128163265,40.253750258101604
2026-03-18 14:30:00+01:00,-200.0,200.0,122981.52617959183,122981.52617959183,40.253750258101604
2026-03-18 14:45:00+01:00,-250.0,250.0,123005.52107755102,123030.52617959183,121.70538291116283
2026-03-18 15:00:00+01:00,-200.0,200.0,123066.77107755102,123066.77107755102,92.94973665265942
2026-03-18 15:15:00+01:00,-200.0,200.0,123090.7659755102,123115.77107755102,92.94973665265942
2026-03-18 15:30:00+01:00,-150.0,150.0,123139.7659755102,123139.7659755102,92.30135155949172
2026-03-18 15:45:00+01:00,-200.0,200.0,123151.5108734694,123176.5159755102,102.24325632139647
2026-03-18 16:00:00+01:00,-200.0,200.0,123185.4692734694,123200.5108734694,102.24325632139647
2026-03-18 16:15:00+01:00,-150.0,150.0,123209.46417142857,123234.4692734694,20.791623668335255
2026-03-18 16:30:00+01:00,-150.0,150.0,123246.21417142857,123246.21417142857,20.791623668335255
2026-03-18 16:45:00+01:00,-150.0,150.0,123257.95906938775,123282.96417142857,20.791623668335255
2026-03-18 17:00:00+01:00,-150.0,150.0,123294.70906938775,123294.70906938775,20.791623668335255
2026-03-18 17:15:00+01:00,-150.0,150.0,123306.45396734694,123331.45906938775,31.317201899627772
2026-03-18 17:30:00+01:00,-200.0,200.0,123343.20396734694,123343.20396734694,41.239650879219596
2026-03-18 17:45:00+01:00,-200.0,200.0,123352.04286530612,123392.20396734694,41.239650879219596
2026-03-18 18:00:00+01:00,-200.0,200.0,123401.04286530611,123401.04286530611,52.75747400847133
2026-03-18 18:15:00+01:00,-250.0,250.0,123425.0377632653,123450.04286530611,636.4309433962263
2026-03-18 18:30:00+01:00,-200.0,200.0,123486.2877632653,123486.2877632653,37.430208702348864
2026-03-18 18:45:00+01:00,-200.0,200.0,123510.2826612245,123535.28776326531,37.430208702348864
2026-03-18 19:00:00+01:00,-200.0,200.0,123559.2826612245,123559.2826612245,59.98653523296112
2026-03-18 19:15:00+01:00,-250.0,250.0,123593.3744,123608.2826612245,82.43551482479785
2026-03-18 19:30:00+01:00,-300.0,300.0,123654.6244,123654.6244,97.3337801309203
2026-03-18 19:45:00+01:00,-350.0,350.0,123728.1244,123728.1244,316.0809774098319
2026-03-18 20:00:00+01:00,-350.0,350.0,123813.8744,123813.8744,316.0809774098319
2026-03-18 20:15:00+01:00,-300.0,300.0,123899.6244,123899.6244,163.56709985881147
2026-03-18 20:30:00+01:00,-250.0,250.0,123973.1244,123973.1244,148.66883455268902
2026-03-18 20:45:00+01:00,-350.0,350.0,124034.3744,124034.3744,251.32143319214478
2026-03-18 21:00:00+01:00,-350.0,350.0,124117.33279999999,124120.12439999999,251.32143319214478
2026-03-18 21:15:00+01:00,-300.0,300.0,124203.08279999999,124203.08279999999,168.43007264792706
2026-03-18 21:30:00+01:00,-250.0,250.0,124276.58279999999,124276.58279999999,77.70775972275702
2026-03-18 21:45:00+01:00,-200.0,200.0,124337.83279999999,124337.83279999999,45.22898421255294
2026-03-18 22:00:00+01:00,-100.0,100.0,124386.83279999999,124386.83279999999,25.514917212167884
2026-03-18 22:15:00+01:00,-150.0,150.0,124411.33279999999,124411.33279999999,25.894490850540432
2026-03-18 22:30:00+01:00,-150.0,150.0,124423.07769795918,124448.08279999999,25.894490850540432
2026-03-18 22:45:00+01:00,-100.0,100.0,124459.82769795918,124459.82769795918,22.82855323020928
2026-03-18 23:00:00+01:00,-100.0,100.0,124459.32259591836,124484.32769795918,22.82855323020928
2026-03-18 23:15:00+01:00,-100.0,100.0,124483.82259591836,124483.82259591836,22.82855323020928
2026-03-18 23:30:00+01:00,-100.0,100.0,124483.31749387753,124508.32259591836,22.82855323020928
2026-03-18 23:45:00+01:00,-150.0,150.0,124507.81749387753,124507.81749387753,50.67464166558344
2026-03-19 00:00:00+01:00,-150.0,150.0,124519.56239183672,124544.56749387753,50.67464166558344
2026-03-19 00:15:00+01:00,-150.0,150.0,124556.31239183672,124556.31239183672,50.67464166558344
2026-03-19 00:30:00+01:00,-150.0,150.0,124568.0572897959,124593.06239183672,50.67464166558344
2026-03-19 00:45:00+01:00,-200.0,200.0,124604.8072897959,124604.8072897959,118.81268248190997
2026-03-19 01:00:00+01:00,-200.0,200.0,124628.8021877551,124653.8072897959,118.81268248190997
2026-03-19 01:15:00+01:00,-200.0,200.0,124677.8021877551,124677.8021877551,118.81268248190997
2026-03-19 01:30:00+01:00,-200.0,200.0,124701.79708571428,124726.8021877551,118.81268248190997
2026-03-19 01:45:00+01:00,-150.0,150.0,124750.79708571428,124750.79708571428,96.36370289007324
2026-03-19 02:00:00+01:00,-100.0,100.0,124762.54198367347,124787.54708571428,28.2256620737467
2026-03-19 02:15:00+01:00,-100.0,100.0,124787.04198367347,124787.04198367347,28.2256620737467
2026-03-19 02:30:00+01:00,-100.0,100.0,124786.53688163264,124811.54198367347,28.2256620737467
2026-03-19 02:45:00+01:00,-50.0,50.0,124811.03688163264,124811.03688163264,0.3795736383725466
2026-03-19 03:00:00+01:00,-100.0,100.0,124798.28177959182,124823.28688163264,115.71345118939296
2026-03-19 03:15:00+01:00,-100.0,100.0,124822.78177959182,124822.78177959182,115.71345118939296
2026-03-19 03:30:00+01:00,-150.0,150.0,124822.27667755101,124847.28177959182,310.27127431864466
2026-03-19 03:45:00+01:00,-150.0,150.0,124859.02667755101,124859.02667755101,311.6526348628623
2026-03-19 04:00:00+01:00,-150.0,150.0,124870.7715755102,124895.77667755101,311.6526348628623
2026-03-19 04:15:00+01:00,-150.0,150.0,124907.5215755102,124907.5215755102,119.01181428463103
2026-03-19 04:30:00+01:00,-100.0,100.0,124894.26137142857,124944.2715755102,2.2965761893929537
2026-03-19 04:45:00+01:00,-100.0,100.0,124918.76137142857,124918.76137142857,2.2965761893929537
2026-03-19 05:00:00+01:00,-100.0,100.0,124893.25116734693,124943.26137142857,2.2965761893929537
2026-03-19 05:15:00+01:00,-100.0,100.0,124917.75116734693,124917.75116734693,2.2965761893929537
2026-03-19 05:30:00+01:00,-100.0,100.0,124892.24096326529,124942.25116734693,2.2965761893929537
2026-03-19 05:45:00+01:00,-100.0,100.0,124916.74096326529,124916.74096326529,2.2965761893929537
2026-03-19 06:00:00+01:00,-150.0,150.0,124891.23075918366,124941.24096326529,45.3133108832705
2026-03-19 06:15:00+01:00,-200.0,200.0,124927.98075918366,124927.98075918366,52.244657822046015
2026-03-19 06:30:00+01:00,-150.0,150.0,124901.96545306122,124976.98075918366,9.227923128168463
2026-03-19 06:45:00+01:00,-150.0,150.0,124938.71545306122,124938.71545306122,9.227923128168463
2026-03-19 07:00:00+01:00,-150.0,150.0,124900.45014693878,124975.46545306122,9.227923128168463
2026-03-19 07:15:00+01:00,-150.0,150.0,124937.20014693878,124937.20014693878,9.227923128168463
2026-03-19 07:30:00+01:00,-150.0,150.0,124898.93484081632,124973.95014693878,9.227923128168463
2026-03-19 07:45:00+01:00,-200.0,200.0,124935.68484081632,124935.68484081632,39.54975986286234
2026-03-19 08:00:00+01:00,-250.0,250.0,124909.66953469386,124984.68484081632,331.3864945567399
2026-03-19 08:15:00+01:00,-250.0,250.0,124970.91953469386,124970.91953469386,308.64554617738816
2026-03-19 08:30:00+01:00,-250.0,250.0,124932.1491265306,125032.16953469386,45.07806318419088
2026-03-19 08:45:00+01:00,-250.0,250.0,124993.3991265306,124993.3991265306,45.07806318419088
2026-03-19 09:00:00+01:00,-250.0,250.0,124954.62871836734,125054.6491265306,45.07806318419088
2026-03-19 09:15:00+01:00,-350.0,350.0,125015.87871836734,125015.87871836734,264.11612440868066
2026-03-19 09:30:00+01:00,-300.0,300.0,125001.60831020407,125101.62871836734,204.34796114337453
2026-03-19 09:45:00+01:00,-300.0,300.0,125075.10831020407,125075.10831020407,204.34796114337453
2026-03-19 10:00:00+01:00,-250.0,250.0,125048.58790204082,125148.60831020407,122.90605638146978
2026-03-19 10:15:00+01:00,-200.0,200.0,125109.83790204082,125109.83790204082,16.8088114835106
2026-03-19 10:30:00+01:00,-200.0,200.0,125058.81749387753,125158.83790204082,16.8088114835106
2026-03-19 10:45:00+01:00,-200.0,200.0,125107.81749387753,125107.81749387753,16.8088114835106
2026-03-19 11:00:00+01:00,-200.0,200.0,125074.98571428569,125156.81749387753,16.8088114835106
2026-03-19 11:15:00+01:00,-250.0,250.0,125123.98571428569,125123.98571428569,133.5435053610616
2026-03-19 11:30:00+01:00,-300.0,300.0,125110.22040816325,125185.23571428569,176.81316522500717
2026-03-19 11:45:00+01:00,-300.0,300.0,125183.72040816325,125183.72040816325,176.81316522500717
2026-03-19 12:00:00+01:00,-300.0,300.0,125182.2051020408,125257.22040816325,176.81316522500717
2026-03-19 12:15:00+01:00,-250.0,250.0,125255.7051020408,125255.7051020408,174.89616267398677
2026-03-19 12:30:00+01:00,-250.0,250.0,125241.93979591836,125316.9551020408,94.17412185766025
2026-03-19 12:45:00+01:00,-250.0,250.0,125303.18979591836,125303.18979591836,94.17412185766025
2026-03-19 13:00:00+01:00,-200.0,200.0,125293.61831020405,125364.43979591836,58.16146879643578
2026-03-19 13:15:00+01:00,-200.0,200.0,125342.61831020405,125342.61831020405,58.16146879643578
2026-03-19 13:30:00+01:00,-200.0,200.0,125361.96143673468,125391.61831020405,58.16146879643578
2026-03-19 13:45:00+01:00,-200.0,200.0,125410.96143673468,125410.96143673468,74.48487015698001
2026-03-19 14:00:00+01:00,-200.0,200.0,125434.95633469387,125459.96143673468,43.725278320245295
2026-03-19 14:15:00+01:00,-200.0,200.0,125483.95633469387,125483.95633469387,43.725278320245295
2026-03-19 14:30:00+01:00,-200.0,200.0,125507.95123265305,125532.95633469387,43.725278320245295
2026-03-19 14:45:00+01:00,-150.0,150.0,125556.95123265305,125556.95123265305,14.891808932490193
2026-03-19 15:00:00+01:00,-200.0,200.0,125568.69613061224,125593.70123265305,15.355172050710454
2026-03-19 15:15:00+01:00,-200.0,200.0,125592.69102857143,125617.69613061224,15.355172050710454
2026-03-19 15:30:00+01:00,-250.0,250.0,125616.68592653061,125641.69102857143,35.667008785404335
2026-03-19 15:45:00+01:00,-300.0,300.0,125652.9308244898,125677.93592653061,44.958534538562745
2026-03-19 16:00:00+01:00,-300.0,300.0,125676.42062040816,125726.4308244898,44.958534538562745
2026-03-19 16:15:00+01:00,-300.0,300.0,125724.91551836733,125749.92062040816,49.62792229366478
2026-03-19 16:30:00+01:00,-300.0,300.0,125748.4053142857,125798.41551836733,49.62792229366478
2026-03-19 16:45:00+01:00,-350.0,350.0,125796.90021224489,125821.9053142857,82.50819440250832
2026-03-19 17:00:00+01:00,-400.0,400.0,125841.62491428571,125882.6502122449,88.23986787189608
2026-03-19 17:15:00+01:00,-400.0,400.0,125889.61471020408,125939.62491428571,88.23986787189608
2026-03-19 17:30:00+01:00,-400.0,400.0,125962.60960816327,125987.61471020408,57.79678839620337
2026-03-19 17:45:00+01:00,-400.0,400.0,125985.59430204082,126060.60960816327,57.79678839620337
2026-03-19 18:00:00+01:00,-450.0,450.0,126058.5892,126083.59430204082,59.886339416611534
2026-03-19 18:15:00+01:00,-450.0,450.0,126068.81879183673,126168.8392,59.886339416611534
2026-03-19 18:30:00+01:00,-500.0,500.0,126154.0636897959,126179.06879183673,643.5598088043666
2026-03-19 18:45:00+01:00,-450.0,450.0,126177.06928979592,126276.5636897959,59.886339416611534
2026-03-19 19:00:00+01:00,-450.0,450.0,126262.31418775511,126287.31928979592,59.886339416611534
2026-03-19 19:15:00+01:00,-450.0,450.0,126297.54888163264,126372.56418775511,59.886339416611534
2026-03-19 19:30:00+01:00,-450.0,450.0,126382.79377959183,126407.79888163264,59.886339416611534
2026-03-19 19:45:00+01:00,-450.0,450.0,126418.02847346937,126493.04377959183,59.886339416611534
2026-03-19 20:00:00+01:00,-400.0,400.0,126503.27337142856,126528.27847346937,34.9051149268156
2026-03-19 20:15:00+01:00,-400.0,400.0,126526.25806530612,126601.27337142857,34.9051149268156
2026-03-19 20:30:00+01:00,-450.0,450.0,126599.25296326532,126624.25806530613,68.48968635538704
2026-03-19 20:45:00+01:00,-400.0,400.0,126634.48765714286,126709.50296326532,62.75801288599928
2026-03-19 21:00:00+01:00,-300.0,300.0,126707.48255510205,126732.48765714286,45.88559877749873
2026-03-19 21:15:00+01:00,-350.0,350.0,126705.9672489796,126780.98255510205,105.94559877749869
2026-03-19 21:30:00+01:00,-300.0,300.0,126766.71214693878,126791.7172489796,45.88559877749873
2026-03-19 21:45:00+01:00,-250.0,250.0,126765.19684081632,126840.21214693878,12.301027348927304
2026-03-19 22:00:00+01:00,-250.0,250.0,126801.44173877552,126826.44684081634,12.301027348927304
2026-03-19 22:15:00+01:00,-300.0,300.0,126787.67643265305,126862.69173877552,206.85885047817897
2026-03-19 22:30:00+01:00,-250.0,250.0,126836.17133061224,126861.17643265305,199.92750353940346
2026-03-19 22:45:00+01:00,-250.0,250.0,126822.4060244898,126897.42133061224,199.92750353940346
2026-03-19 23:00:00+01:00,-200.0,200.0,126858.65092244899,126883.6560244898,5.369680410151794
2026-03-19 23:15:00+01:00,-200.0,200.0,126832.63561632654,126907.65092244899,5.369680410151794
2026-03-19 23:30:00+01:00,-200.0,200.0,126856.63051428573,126881.63561632654,5.369680410151794
2026-03-19 23:45:00+01:00,-200.0,200.0,126830.61520816328,126905.63051428573,5.369680410151794
2026-03-20 00:00:00+01:00,-200.0,200.0,126854.61010612245,126879.61520816328,5.369680410151794
2026-03-20 00:15:00+01:00,-250.0,250.0,126847.59392653061,126903.61010612245,26.988945716274245
2026-03-20 00:30:00+01:00,-300.0,300.0,126883.83882448981,126908.84392653062,60.73694571627424
2026-03-20 00:45:00+01:00,-300.0,300.0,126907.32862040815,126957.33882448981,60.73694571627424
2026-03-20 01:00:00+01:00,-300.0,300.0,126955.82351836734,126980.82862040815,60.73694571627424
2026-03-20 01:15:00+01:00,-300.0,300.0,126979.31331428571,127029.32351836734,60.73694571627424
2026-03-20 01:30:00+01:00,-250.0,250.0,127027.8082122449,127052.81331428571,58.647394695866076
2026-03-20 01:45:00+01:00,-250.0,250.0,127059.81114285714,127089.0582122449,78.52731306321301
2026-03-20 02:00:00+01:00,-250.0,250.0,127096.05604081633,127121.06114285714,78.52731306321301
2026-03-20 02:15:00+01:00,-250.0,250.0,127132.30093877552,127157.30604081633,78.52731306321301
2026-03-20 02:30:00+01:00,-250.0,250.0,127168.5458367347,127193.55093877552,78.52731306321301
2026-03-20 02:45:00+01:00,-200.0,200.0,127204.79073469389,127229.7958367347,56.90804775709057
2026-03-20 03:00:00+01:00,-200.0,200.0,127228.78563265306,127253.79073469389,45.158700818315054
2026-03-20 03:15:00+01:00,-200.0,200.0,127252.78053061223,127277.78563265306,45.158700818315054
2026-03-20 03:30:00+01:00,-150.0,150.0,127276.77542857142,127301.78053061223,3.280129389743629
2026-03-20 03:45:00+01:00,-150.0,150.0,127288.5203265306,127313.52542857142,16.689671450470367
2026-03-20 04:00:00+01:00,-150.0,150.0,127300.26522448979,127325.2703265306,16.689671450470367
2026-03-20 04:15:00+01:00,-150.0,150.0,127312.01012244898,127337.01522448979,16.689671450470367
2026-03-20 04:30:00+01:00,-150.0,150.0,127323.75502040816,127348.76012244898,16.689671450470367
2026-03-20 04:45:00+01:00,-150.0,150.0,127335.49991836735,127360.50502040816,31.048038797409134
2026-03-20 05:00:00+01:00,-150.0,150.0,127347.24481632654,127372.24991836735,31.048038797409134
2026-03-20 05:15:00+01:00,-100.0,100.0,127358.98971428572,127383.99481632654,0.8429367565928076
2026-03-20 05:30:00+01:00,-100.0,100.0,127358.4846122449,127383.48971428572,0.8429367565928076
2026-03-20 05:45:00+01:00,-100.0,100.0,127357.97951020407,127382.9846122449,0.8429367565928076
2026-03-20 06:00:00+01:00,-150.0,150.0,127357.47440816325,127382.47951020407,60.552732674960104
2026-03-20 06:15:00+01:00,-100.0,100.0,127369.21930612244,127394.22440816325,0.8429367565928076
2026-03-20 06:30:00+01:00,-150.0,150.0,127368.71420408163,127393.71930612244,85.30048777700101
2026-03-20 06:45:00+01:00,-100.0,100.0,127380.45910204081,127405.46420408163,0.8429367565928076
2026-03-20 07:00:00+01:00,-100.0,100.0,127379.954,127404.95910204081,0.8429367565928076
2026-03-20 07:15:00+01:00,-100.0,100.0,127379.44889795918,127404.454,0.8429367565928076
2026-03-20 07:30:00+01:00,-100.0,100.0,127378.94379591837,127403.94889795918,0.8429367565928076
2026-03-20 07:45:00+01:00,-150.0,150.0,127378.43869387756,127403.44379591837,56.51371226679689
2026-03-20 08:00:00+01:00,-150.0,150.0,127390.18359183674,127415.18869387756,56.51371226679689
2026-03-20 08:15:00+01:00,-150.0,150.0,127401.92848979593,127426.93359183674,56.51371226679689
2026-03-20 08:30:00+01:00,-200.0,200.0,127413.6733877551,127438.67848979593,60.58275016767152
2026-03-20 08:45:00+01:00,-300.0,300.0,127412.66318367346,127462.6733877551,647.4157651849991
2026-03-20 09:00:00+01:00,-200.0,200.0,127436.15297959183,127486.16318367346,8.071520287040027
2026-03-20 09:15:00+01:00,-250.0,250.0,127435.1427755102,127485.15297959183,112.06267674962506
2026-03-20 09:30:00+01:00,-300.0,300.0,127446.38257142858,127496.3927755102,112.698523480154
2026-03-20 09:45:00+01:00,-300.0,300.0,127444.86726530612,127519.88257142858,112.698523480154
2026-03-20 10:00:00+01:00,-250.0,250.0,127468.35706122448,127518.36726530612,8.707367017568973
2026-03-20 10:15:00+01:00,-300.0,300.0,127454.59175510204,127529.60706122448,60.91695885430367
2026-03-20 10:30:00+01:00,-300.0,300.0,127478.08155102041,127528.09175510204,60.91695885430367
2026-03-20 10:45:00+01:00,-300.0,300.0,127476.56624489796,127551.58155102041,60.91695885430367
2026-03-20 11:00:00+01:00,-350.0,350.0,127500.05604081631,127550.06624489796,206.83532620124242
2026-03-20 11:15:00+01:00,-350.0,350.0,127510.79073469386,127585.80604081631,164.90811531688868
2026-03-20 11:30:00+01:00,-350.0,350.0,127544.02478367345,127596.54073469386,164.90811531688868
2026-03-20 11:45:00+01:00,-400.0,400.0,127556.28599183672,127629.77478367345,187.26280919443968
2026-03-20 12:00:00+01:00,-350.0,350.0,127629.2808897959,127654.28599183672,41.344441847500946
2026-03-20 12:15:00+01:00,-350.0,350.0,127665.02068571428,127715.0308897959,41.344441847500946
2026-03-20 12:30:00+01:00,-400.0,400.0,127725.76558367345,127750.77068571428,104.6379928679091
2026-03-20 12:45:00+01:00,-350.0,350.0,127773.75537959182,127823.76558367345,94.35561191552816
2026-03-20 13:00:00+01:00,-350.0,350.0,127834.50027755101,127859.50537959182,94.35561191552816
2026-03-20 13:15:00+01:00,-400.0,400.0,127870.24007346938,127920.25027755101,114.23942143933768
2026-03-20 13:30:00+01:00,-300.0,300.0,127943.23497142857,127968.24007346938,91.5051539234141
2026-03-20 13:45:00+01:00,-250.0,250.0,127966.72476734692,128016.73497142857,31.598993573559877
2026-03-20 14:00:00+01:00,-200.0,200.0,127977.9645632653,128027.97476734692,11.715184049750361
2026-03-20 14:15:00+01:00,-250.0,250.0,127976.95435918366,128026.9645632653,22.357496974920437
2026-03-20 14:30:00+01:00,-250.0,250.0,127987.73955918365,128038.20435918366,22.357496974920437
2026-03-20 14:45:00+01:00,-250.0,250.0,127998.97935510203,128048.98955918365,22.357496974920437
2026-03-20 15:00:00+01:00,-250.0,250.0,128035.2242530612,128060.22935510203,22.357496974920437
2026-03-20 15:15:00+01:00,-250.0,250.0,128046.46404897957,128096.4742530612,22.357496974920437
2026-03-20 15:30:00+01:00,-250.0,250.0,128082.70894693876,128107.71404897957,22.357496974920437
2026-03-20 15:45:00+01:00,-150.0,150.0,128093.94874285713,128143.95894693876,4.258755478321792
2026-03-20 16:00:00+01:00,-200.0,200.0,128105.69364081632,128130.69874285713,16.1890411926075
2026-03-20 16:15:00+01:00,-200.0,200.0,128101.89183673468,128154.69364081632,16.1890411926075
2026-03-20 16:30:00+01:00,-200.0,200.0,128125.88673469386,128150.89183673468,16.1890411926075
2026-03-20 16:45:00+01:00,-200.0,200.0,128124.87653061222,128174.88673469386,16.1890411926075
2026-03-20 17:00:00+01:00,-200.0,200.0,128148.87142857141,128173.87653061222,16.1890411926075
2026-03-20 17:15:00+01:00,-150.0,150.0,128147.86122448978,128197.87142857141,4.258755478321792
2026-03-20 17:30:00+01:00,-200.0,200.0,128159.60612244897,128184.61122448978,4.487081383396466
2026-03-20 17:45:00+01:00,-250.0,250.0,128133.59081632653,128208.60612244897,588.1605507711516
2026-03-20 18:00:00+01:00,-200.0,200.0,128169.8357142857,128194.84081632653,4.487081383396466
2026-03-20 18:15:00+01:00,-200.0,200.0,128143.82040816326,128218.8357142857,4.487081383396466
2026-03-20 18:30:00+01:00,-200.0,200.0,128182.77414693877,128192.82040816326,4.487081383396466
2026-03-20 18:45:00+01:00,-250.0,250.0,128156.75884081631,128231.77414693877,36.59442832217198
2026-03-20 19:00:00+01:00,-300.0,300.0,128218.00884081631,128218.00884081631,78.97442832217197
2026-03-20 19:15:00+01:00,-300.0,300.0,128216.49353469386,128291.50884081631,78.97442832217197
2026-03-20 19:30:00+01:00,-300.0,300.0,128289.99353469386,128289.99353469386,78.97442832217197
2026-03-20 19:45:00+01:00,-350.0,350.0,128288.4782285714,128363.49353469386,138.91769362829447
2026-03-20 20:00:00+01:00,-300.0,300.0,128374.2282285714,128374.2282285714,78.97442832217197
2026-03-20 20:15:00+01:00,-300.0,300.0,128372.71292244896,128447.7282285714,78.97442832217197
2026-03-20 20:30:00+01:00,-300.0,300.0,128446.21292244896,128446.21292244896,78.97442832217197
2026-03-20 20:45:00+01:00,-350.0,350.0,128444.69761632652,128519.71292244896,79.26968168205251
2026-03-20 21:00:00+01:00,-350.0,350.0,128505.4425142857,128530.44761632652,79.26968168205251
2026-03-20 21:15:00+01:00,-350.0,350.0,128516.17720816327,128591.1925142857,79.26968168205251
2026-03-20 21:30:00+01:00,-300.0,300.0,128576.92210612245,128601.92720816327,47.16233474327701
2026-03-20 21:45:00+01:00,-250.0,250.0,128575.40679999998,128650.42210612245,4.782334743277003
2026-03-20 22:00:00+01:00,-200.0,200.0,128611.65169795915,128636.65679999998,1.6227891137044188
2026-03-20 22:15:00+01:00,-200.0,200.0,128585.6363918367,128660.65169795915,1.6227891137044188
2026-03-20 22:30:00+01:00,-300.0,300.0,128609.63128979589,128634.6363918367,183.6510884334323
2026-03-20 22:45:00+01:00,-250.0,250.0,128608.11598367344,128683.13128979589,98.90170067833024
2026-03-20 23:00:00+01:00,-250.0,250.0,128644.36088163263,128669.36598367344,98.90170067833024
2026-03-20 23:15:00+01:00,-250.0,250.0,128630.59557551019,128705.61088163263,98.90170067833024
2026-03-20 23:30:00+01:00,-250.0,250.0,128666.84047346938,128691.84557551019,98.90170067833024
2026-03-20 23:45:00+01:00,-250.0,250.0,128653.07516734693,128728.09047346938,98.90170067833024
2026-03-21 00:00:00+01:00,-200.0,200.0,128689.32006530612,128714.32516734693,1.6227891137044188
2026-03-21 00:15:00+01:00,-200.0,200.0,128663.30475918365,128738.32006530612,1.6227891137044188
2026-03-21 00:30:00+01:00,-200.0,200.0,128687.29965714284,128712.30475918365,1.6227891137044188
2026-03-21 00:45:00+01:00,-200.0,200.0,128661.2843510204,128736.29965714284,1.6227891137044188
2026-03-21 01:00:00+01:00,-200.0,200.0,128685.27924897957,128710.2843510204,1.6227891137044188
2026-03-21 01:15:00+01:00,-250.0,250.0,128659.26394285711,128734.27924897957,31.709210882411902
2026-03-21 01:30:00+01:00,-250.0,250.0,128695.5088408163,128720.51394285711,31.709210882411902
2026-03-21 01:45:00+01:00,-250.0,250.0,128681.74353469386,128756.7588408163,31.709210882411902
2026-03-21 02:00:00+01:00,-250.0,250.0,128717.98843265304,128742.99353469386,31.709210882411902
2026-03-21 02:15:00+01:00,-250.0,250.0,128704.2231265306,128779.23843265304,31.709210882411902
2026-03-21 02:30:00+01:00,-250.0,250.0,128740.46802448979,128765.4731265306,31.709210882411902
2026-03-21 02:45:00+01:00,-300.0,300.0,128726.70271836735,128801.71802448979,112.57133333139149
2026-03-21 03:00:00+01:00,-300.0,300.0,128775.19761632654,128800.20271836735,112.57133333139149
2026-03-21 03:15:00+01:00,-300.0,300.0,128773.68231020407,128848.69761632654,112.57133333139149
2026-03-21 03:30:00+01:00,-300.0,300.0,128822.17720816324,128847.18231020407,112.57133333139149
2026-03-21 03:45:00+01:00,-300.0,300.0,128820.66190204078,128895.67720816324,112.57133333139149
2026-03-21 04:00:00+01:00,-300.0,300.0,128869.15679999997,128894.16190204078,61.22849659669762
2026-03-21 04:15:00+01:00,-300.0,300.0,128867.64149387753,128942.65679999997,61.22849659669762
2026-03-21 04:30:00+01:00,-300.0,300.0,128916.13639183671,128941.14149387753,61.22849659669762
2026-03-21 04:45:00+01:00,-300.0,300.0,128914.62108571427,128989.63639183671,61.22849659669762
2026-03-21 05:00:00+01:00,-200.0,200.0,128963.11598367346,128988.12108571427,1.6227891137044188
2026-03-21 05:15:00+01:00,-200.0,200.0,128937.10067755102,129012.11598367346,1.6227891137044188
2026-03-21 05:30:00+01:00,-200.0,200.0,128961.0955755102,128986.10067755102,1.6227891137044188
2026-03-21 05:45:00+01:00,-200.0,200.0,128935.08026938773,129010.0955755102,1.6227891137044188
2026-03-21 06:00:00+01:00,-200.0,200.0,128959.07516734692,128984.08026938773,1.6227891137044188
2026-03-21 06:15:00+01:00,-200.0,200.0,128933.05986122446,129008.07516734692,1.6227891137044188
2026-03-21 06:30:00+01:00,-200.0,200.0,128957.05475918364,128982.05986122446,1.6227891137044188
2026-03-21 06:45:00+01:00,-200.0,200.0,128931.0394530612,129006.05475918364,1.6227891137044188
2026-03-21 07:00:00+01:00,-200.0,200.0,128955.03435102038,128980.0394530612,1.6227891137044188
2026-03-21 07:15:00+01:00,-200.0,200.0,128929.01904489794,129004.03435102038,1.6227891137044188
2026-03-21 07:30:00+01:00,-200.0,200.0,128953.01394285713,128978.01904489794,1.6227891137044188
2026-03-21 07:45:00+01:00,-200.0,200.0,128926.99863673469,129002.01394285713,1.6227891137044188
2026-03-21 08:00:00+01:00,-250.0,250.0,128950.99353469387,128975.99863673469,9.260156460643195
2026-03-21 08:15:00+01:00,-250.0,250.0,128912.22312653062,129012.24353469387,9.260156460643195
2026-03-21 08:30:00+01:00,-300.0,300.0,128948.4680244898,128973.47312653062,12.169606574021879
2026-03-21 08:45:00+01:00,-350.0,350.0,128896.9425142857,129021.9680244898,191.85348412504234
2026-03-21 09:00:00+01:00,-350.0,350.0,128957.68741224488,128982.6925142857,191.85348412504234
2026-03-21 09:15:00+01:00,-300.0,300.0,128918.41190204081,129043.4374122449,12.169606574021879
2026-03-21 09:30:00+01:00,-350.0,350.0,128966.9068,128991.91190204081,304.0063412678994
2026-03-21 09:45:00+01:00,-350.0,350.0,128932.34409795915,129052.6568,304.0063412678994
2026-03-21 10:00:00+01:00,-300.0,300.0,128993.08899591834,129018.09409795915,12.169606574021879
2026-03-21 10:15:00+01:00,-300.0,300.0,128966.5685877551,129066.58899591836,12.169606574021879
2026-03-21 10:30:00+01:00,-350.0,350.0,129015.06348571429,129040.0685877551,109.44851813864771
2026-03-21 10:45:00+01:00,-350.0,350.0,129000.79307755103,129100.81348571429,109.44851813864771
2026-03-21 11:00:00+01:00,-350.0,350.0,129061.53797551022,129086.54307755103,109.44851813864771
2026-03-21 11:15:00+01:00,-350.0,350.0,129047.26756734693,129147.28797551022,109.44851813864771
2026-03-21 11:30:00+01:00,-350.0,350.0,129108.0124653061,129133.01756734693,109.44851813864771
2026-03-21 11:45:00+01:00,-350.0,350.0,129093.74205714284,129193.7624653061,109.44851813864771
2026-03-21 12:00:00+01:00,-300.0,300.0,129154.48695510202,129179.49205714284,12.169606574021879
2026-03-21 12:15:00+01:00,-300.0,300.0,129127.96654693877,129227.98695510202,12.169606574021879
2026-03-21 12:30:00+01:00,-350.0,350.0,129176.46144489796,129201.46654693877,159.76117119987225
2026-03-21 12:45:00+01:00,-350.0,350.0,129162.19103673469,129262.21144489796,159.76117119987225
2026-03-21 13:00:00+01:00,-300.0,300.0,129222.93593469387,129247.94103673469,152.12380385293346
2026-03-21 13:15:00+01:00,-250.0,250.0,129196.41552653062,129296.43593469387,4.532239227083104
2026-03-21 13:30:00+01:00,-250.0,250.0,129232.6604244898,129257.66552653062,4.532239227083104
2026-03-21 13:45:00+01:00,-300.0,300.0,129193.89001632654,129293.9104244898,24.41604875089262
2026-03-21 14:00:00+01:00,-300.0,300.0,129242.38491428572,129267.39001632654,24.41604875089262
2026-03-21 14:15:00+01:00,-300.0,300.0,129215.86450612247,129315.88491428574,24.41604875089262
2026-03-21 14:30:00+01:00,-250.0,250.0,129264.35940408164,129289.36450612247,4.532239227083104
2026-03-21 14:45:00+01:00,-250.0,250.0,129225.58899591837,129325.60940408164,4.532239227083104
2026-03-21 15:00:00+01:00,-250.0,250.0,129261.83389387756,129286.83899591837,4.532239227083104
2026-03-21 15:15:00+01:00,-250.0,250.0,129223.06348571429,129323.08389387756,4.532239227083104
2026-03-21 15:30:00+01:00,-250.0,250.0,129259.30838367347,129284.31348571429,4.532239227083104
2026-03-21 15:45:00+01:00,-250.0,250.0,129220.53797551022,129320.55838367347,4.532239227083104
2026-03-21 16:00:00+01:00,-250.0,250.0,129256.7828734694,129281.78797551022,4.532239227083104
2026-03-21 16:15:00+01:00,-250.0,250.0,129218.01246530615,129318.0328734694,4.532239227083104
2026-03-21 16:30:00+01:00,-250.0,250.0,129254.25736326534,129279.26246530615,4.532239227083104
2026-03-21 16:45:00+01:00,-250.0,250.0,129215.48695510205,129315.50736326534,4.532239227083104
2026-03-21 17:00:00+01:00,-250.0,250.0,129251.73185306122,129276.73695510205,4.532239227083104
2026-03-21 17:15:00+01:00,-250.0,250.0,129212.96144489796,129312.98185306122,4.532239227083104
2026-03-21 17:30:00+01:00,-300.0,300.0,129249.20634285714,129274.21144489796,5.901787332039373
2026-03-21 17:45:00+01:00,-300.0,300.0,129197.68083265307,129322.70634285714,5.901787332039373
2026-03-21 18:00:00+01:00,-300.0,300.0,129246.17573061226,129271.18083265307,5.901787332039373
2026-03-21 18:15:00+01:00,-350.0,350.0,129194.65022040818,129319.67573061226,64.26913427081487
2026-03-21 18:30:00+01:00,-350.0,350.0,129255.39511836736,129280.40022040818,64.26913427081487
2026-03-21 18:45:00+01:00,-350.0,350.0,129216.1196081633,129341.14511836736,64.26913427081487
2026-03-21 19:00:00+01:00,-350.0,350.0,129276.86450612248,129301.8696081633,64.26913427081487
2026-03-21 19:15:00+01:00,-350.0,350.0,129237.5889959184,129362.61450612248,64.26913427081487
2026-03-21 19:30:00+01:00,-350.0,350.0,129298.33389387757,129323.33899591838,64.26913427081487
2026-03-21 19:45:00+01:00,-350.0,350.0,129259.05838367347,129384.08389387757,64.26913427081487
2026-03-21 20:00:00+01:00,-350.0,350.0,129319.80328163264,129344.80838367347,64.26913427081487
2026-03-21 20:15:00+01:00,-350.0,350.0,129280.52777142858,129405.55328163264,64.26913427081487
2026-03-21 20:30:00+01:00,-350.0,350.0,129341.27266938776,129366.27777142858,64.26913427081487
2026-03-21 20:45:00+01:00,-300.0,300.0,129301.99715918367,129427.02266938776,5.901787332039373
2026-03-21 21:00:00+01:00,-300.0,300.0,129350.49205714285,129375.49715918367,5.901787332039373
2026-03-21 21:15:00+01:00,-350.0,350.0,129298.9665469388,129423.99205714285,10.600358760610801
2026-03-21 21:30:00+01:00,-350.0,350.0,129334.70634285716,129384.7165469388,10.600358760610801
2026-03-21 21:45:00+01:00,-350.0,350.0,129295.4308326531,129420.45634285716,10.600358760610801
2026-03-21 22:00:00+01:00,-350.0,350.0,129331.17062857146,129381.1808326531,10.600358760610801
2026-03-21 22:15:00+01:00,-350.0,350.0,129291.89511836738,129416.92062857146,10.600358760610801
2026-03-21 22:30:00+01:00,-350.0,350.0,129327.63491428572,129377.64511836738,10.600358760610801
2026-03-21 22:45:00+01:00,-350.0,350.0,129288.35940408162,129413.38491428572,10.600358760610801
2026-03-21 23:00:00+01:00,-350.0,350.0,129324.09920000001,129374.10940408162,10.600358760610801
2026-03-21 23:15:00+01:00,-350.0,350.0,129284.82368979591,129409.84920000001,10.600358760610801
2026-03-21 23:30:00+01:00,-350.0,350.0,129320.56348571427,129370.57368979591,10.600358760610801
2026-03-21 23:45:00+01:00,-350.0,350.0,129281.28797551022,129406.31348571427,10.600358760610801
2026-03-22 00:00:00+01:00,-350.0,350.0,129317.02777142858,129367.03797551022,10.600358760610801
2026-03-22 00:15:00+01:00,-350.0,350.0,129277.75226122452,129402.77777142858,10.600358760610801
2026-03-22 00:30:00+01:00,-350.0,350.0,129313.49205714288,129363.50226122452,10.600358760610801
2026-03-22 00:45:00+01:00,-350.0,350.0,129274.2165469388,129399.24205714288,10.600358760610801
2026-03-22 01:00:00+01:00,-350.0,350.0,129309.95634285716,129359.9665469388,10.600358760610801
2026-03-22 01:15:00+01:00,-350.0,350.0,129270.68083265307,129395.70634285716,10.600358760610801
2026-03-22 01:30:00+01:00,-350.0,350.0,129306.42062857145,129356.43083265307,10.600358760610801
2026-03-22 01:45:00+01:00,-350.0,350.0,129267.14511836735,129392.17062857145,10.600358760610801
2026-03-22 02:00:00+01:00,-350.0,350.0,129302.8849142857,129352.89511836735,10.600358760610801
2026-03-22 02:15:00+01:00,-350.0,350.0,129263.60940408164,129388.6349142857,10.600358760610801
2026-03-22 02:30:00+01:00,-350.0,350.0,129299.3492,129349.35940408164,10.600358760610801
2026-03-22 02:45:00+01:00,-350.0,350.0,129260.07368979594,129385.0992,10.600358760610801
2026-03-22 03:00:00+01:00,-350.0,350.0,129295.8134857143,129345.82368979594,10.600358760610801
2026-03-22 03:15:00+01:00,-350.0,350.0,129256.53797551025,129381.5634857143,10.600358760610801
2026-03-22 03:30:00+01:00,-350.0,350.0,129292.2777714286,129342.28797551025,10.600358760610801
2026-03-22 03:45:00+01:00,-350.0,350.0,129253.00226122452,129378.0277714286,10.600358760610801
2026-03-22 04:00:00+01:00,-350.0,350.0,129288.74205714287,129338.75226122452,10.600358760610801
2026-03-22 04:15:00+01:00,-350.0,350.0,129249.46654693877,129374.49205714287,10.600358760610801
2026-03-22 04:30:00+01:00,-350.0,350.0,129285.20634285713,129335.21654693877,10.600358760610801
2026-03-22 04:45:00+01:00,-350.0,350.0,129245.93083265306,129370.95634285713,10.600358760610801
2026-03-22 05:00:00+01:00,-350.0,350.0,129281.67062857142,129331.68083265306,10.600358760610801
2026-03-22 05:15:00+01:00,-350.0,350.0,129242.39511836736,129367.42062857142,10.600358760610801
2026-03-22 05:30:00+01:00,-350.0,350.0,129278.13491428572,129328.14511836736,10.600358760610801
2026-03-22 05:45:00+01:00,-350.0,350.0,129238.85940408167,129363.88491428572,10.600358760610801
2026-03-22 06:00:00+01:00,-350.0,350.0,129274.59920000003,129324.60940408167,10.600358760610801
2026-03-22 06:15:00+01:00,-350.0,350.0,129235.32368979594,129360.34920000003,10.600358760610801
2026-03-22 06:30:00+01:00,-350.0,350.0,129271.0634857143,129321.07368979594,10.600358760610801
2026-03-22 06:45:00+01:00,-350.0,350.0,129231.7879755102,129356.8134857143,10.600358760610801
2026-03-22 07:00:00+01:00,-350.0,350.0,129267.52777142858,129317.5379755102,10.600358760610801
2026-03-22 07:15:00+01:00,-350.0,350.0,129228.2522612245,129353.27777142858,10.600358760610801
2026-03-22 07:30:00+01:00,-350.0,350.0,129263.99205714285,129314.0022612245,10.600358760610801
2026-03-22 07:45:00+01:00,-350.0,350.0,129224.71654693878,129349.74205714285,10.600358760610801
2026-03-22 08:00:00+01:00,-350.0,350.0,129260.45634285714,129310.46654693878,10.600358760610801
2026-03-22 08:15:00+01:00,-350.0,350.0,129221.18083265309,129346.20634285714,10.600358760610801
2026-03-22 08:30:00+01:00,-350.0,350.0,129256.92062857145,129306.93083265309,10.600358760610801
2026-03-22 08:45:00+01:00,-350.0,350.0,129217.64511836738,129342.67062857145,10.600358760610801
2026-03-22 09:00:00+01:00,-350.0,350.0,129253.38491428574,129303.39511836738,10.600358760610801
2026-03-22 09:15:00+01:00,-350.0,350.0,129214.10940408164,129339.13491428574,10.600358760610801
2026-03-22 09:30:00+01:00,-350.0,350.0,129249.84920000001,129299.85940408164,10.600358760610801
2026-03-22 09:45:00+01:00,-350.0,350.0,129210.57368979591,129335.59920000001,10.600358760610801
2026-03-22 10:00:00+01:00,-350.0,350.0,129246.31348571427,129296.32368979591,10.600358760610801
2026-03-22 10:15:00+01:00,-350.0,350.0,129207.0379755102,129332.06348571427,10.600358760610801
2026-03-22 10:30:00+01:00,-350.0,350.0,129242.77777142856,129292.7879755102,10.600358760610801
2026-03-22 10:45:00+01:00,-350.0,350.0,129203.50226122451,129328.52777142856,10.600358760610801
2026-03-22 11:00:00+01:00,-350.0,350.0,129239.24205714287,129289.25226122451,10.600358760610801
2026-03-22 11:15:00+01:00,-350.0,350.0,129199.96654693881,129324.99205714287,10.600358760610801
2026-03-22 11:30:00+01:00,-350.0,350.0,129235.70634285717,129285.71654693881,10.600358760610801
2026-03-22 11:45:00+01:00,-350.0,350.0,129218.29304489799,129321.45634285717,10.600358760610801
2026-03-22 12:00:00+01:00,-350.0,350.0,129254.93670204084,129304.04304489799,10.600358760610801
2026-03-22 12:15:00+01:00,-350.0,350.0,129240.66629387756,129340.68670204084,10.600358760610801
2026-03-22 12:30:00+01:00,-350.0,350.0,129301.41119183674,129326.41629387756,10.600358760610801
2026-03-22 12:45:00+01:00,-350.0,350.0,129287.14078367347,129387.16119183674,10.600358760610801
2026-03-22 13:00:00+01:00,-350.0,350.0,129347.88568163266,129372.89078367347,10.600358760610801
2026-03-22 13:15:00+01:00,-350.0,350.0,129333.61527346942,129433.63568163266,10.600358760610801
2026-03-22 13:30:00+01:00,-350.0,350.0,129394.3601714286,129419.36527346942,10.600358760610801
2026-03-22 13:45:00+01:00,-350.0,350.0,129380.08976326534,129480.1101714286,10.600358760610801
2026-03-22 14:00:00+01:00,-350.0,350.0,129440.83466122452,129465.83976326534,10.600358760610801
2026-03-22 14:15:00+01:00,-350.0,350.0,129426.56425306127,129526.58466122452,10.600358760610801
2026-03-22 14:30:00+01:00,-350.0,350.0,129487.30915102045,129512.31425306127,10.600358760610801
2026-03-22 14:45:00+01:00,-350.0,350.0,129473.03874285717,129573.05915102045,10.600358760610801
2026-03-22 15:00:00+01:00,-350.0,350.0,129533.78364081634,129558.78874285717,10.600358760610801
2026-03-22 15:15:00+01:00,-350.0,350.0,129519.51323265306,129619.53364081634,10.600358760610801
2026-03-22 15:30:00+01:00,-350.0,350.0,129580.25813061224,129605.26323265306,10.600358760610801
2026-03-22 15:45:00+01:00,-350.0,350.0,129565.987722449,129666.00813061224,10.600358760610801
2026-03-22 16:00:00+01:00,-350.0,350.0,129626.73262040819,129651.737722449,10.600358760610801
2026-03-22 16:15:00+01:00,-350.0,350.0,129612.46221224492,129712.48262040819,10.600358760610801
2026-03-22 16:30:00+01:00,-350.0,350.0,129673.20711020411,129698.21221224492,10.600358760610801
2026-03-22 16:45:00+01:00,-350.0,350.0,129658.93670204087,129758.95711020411,10.600358760610801
2026-03-22 17:00:00+01:00,-350.0,350.0,129719.68160000005,129744.68670204087,10.600358760610801
2026-03-22 17:15:00+01:00,-350.0,350.0,129705.41119183676,129805.43160000005,10.600358760610801
2026-03-22 17:30:00+01:00,-350.0,350.0,129766.15608979593,129791.16119183676,10.600358760610801
2026-03-22 17:45:00+01:00,-350.0,350.0,129755.45728163267,129851.90608979593,10.600358760610801
2026-03-22 18:00:00+01:00,-350.0,350.0,129816.20217959186,129841.20728163267,10.600358760610801
2026-03-22 18:15:00+01:00,-350.0,350.0,129828.93530612248,129901.95217959186,10.600358760610801
2026-03-22 18:30:00+01:00,-350.0,350.0,129889.68020408167,129914.68530612248,10.600358760610801
2026-03-22 18:45:00+01:00,-350.0,350.0,129925.42000000004,129975.43020408167,10.600358760610801
2026-03-22 19:00:00+01:00,-350.0,350.0,129986.16489795923,130011.17000000004,10.600358760610801
2026-03-22 19:15:00+01:00,-350.0,350.0,130021.9046938776,130071.91489795923,10.600358760610801
2026-03-22 19:30:00+01:00,-350.0,350.0,130082.64959183679,130107.6546938776,10.600358760610801
2026-03-22 19:45:00+01:00,-350.0,350.0,130118.38938775515,130168.39959183679,10.600358760610801
2026-03-22 20:00:00+01:00,-350.0,350.0,130179.13428571433,130204.13938775515,10.600358760610801
2026-03-22 20:15:00+01:00,-350.0,350.0,130214.8740816327,130264.88428571433,10.600358760610801
2026-03-22 20:30:00+01:00,-300.0,300.0,130275.61897959188,130300.6240816327,7.690908647232117
2026-03-22 20:45:00+01:00,-300.0,300.0,130299.10877551023,130349.11897959188,7.690908647232117
2026-03-22 21:00:00+01:00,-300.0,300.0,130347.60367346942,130372.60877551023,7.690908647232117
2026-03-22 21:15:00+01:00,-300.0,300.0,130371.0934693878,130421.10367346942,7.690908647232117
2026-03-22 21:30:00+01:00,-250.0,250.0,130419.58836734698,130444.5934693878,6.3213605422758485
2026-03-22 21:45:00+01:00,-200.0,200.0,130430.82816326535,130480.83836734698,1.6227891137044188
2026-03-22 22:00:00+01:00,-200.0,200.0,130478.39456326535,130479.82816326535,1.6227891137044188
2026-03-22 22:15:00+01:00,-250.0,250.0,130477.38435918372,130527.39456326535,293.45952380758195
2026-03-22 22:30:00+01:00,-250.0,250.0,130538.63435918372,130538.63435918372,293.45952380758195
2026-03-22 22:45:00+01:00,-150.0,150.0,130549.87415510208,130599.88435918372,0.9869423831754724
2026-03-22 23:00:00+01:00,-150.0,150.0,130586.62415510208,130586.62415510208,0.9869423831754724
2026-03-22 23:15:00+01:00,-150.0,150.0,130573.36395102044,130623.37415510208,0.9869423831754724
2026-03-22 23:30:00+01:00,-150.0,150.0,130610.11395102044,130610.11395102044,0.9869423831754724
2026-03-22 23:45:00+01:00,-150.0,150.0,130596.85374693881,130646.86395102044,0.9869423831754724
2026-03-23 00:00:00+01:00,-100.0,100.0,130633.60374693881,130633.60374693881,0.6916890232949346
2026-03-23 00:15:00+01:00,-100.0,100.0,130608.09354285718,130658.10374693881,0.6916890232949346
2026-03-23 00:30:00+01:00,-100.0,100.0,130632.59354285718,130632.59354285718,0.6916890232949346
2026-03-23 00:45:00+01:00,-150.0,150.0,130607.08333877556,130657.09354285718,15.648321676356158
2026-03-23 01:00:00+01:00,-150.0,150.0,130643.83333877556,130643.83333877556,15.648321676356158
2026-03-23 01:15:00+01:00,-200.0,200.0,130630.57313469391,130680.58333877556,41.21321963553983
2026-03-23 01:30:00+01:00,-200.0,200.0,130679.57313469391,130679.57313469391,41.21321963553983
2026-03-23 01:45:00+01:00,-150.0,150.0,130678.56293061229,130728.57313469391,26.256586982478613
2026-03-23 02:00:00+01:00,-200.0,200.0,130715.31293061229,130715.31293061229,114.97495432941737
2026-03-23 02:15:00+01:00,-250.0,250.0,130714.30272653064,130764.31293061229,380.42964820696847
2026-03-23 02:30:00+01:00,-200.0,200.0,130775.55272653062,130775.55272653062,114.97495432941737
2026-03-23 02:45:00+01:00,-200.0,200.0,130774.54252244899,130824.55272653062,114.97495432941737
2026-03-23 03:00:00+01:00,-150.0,150.0,130823.54252244899,130823.54252244899,26.256586982478613
2026-03-23 03:15:00+01:00,-100.0,100.0,130810.28231836736,130860.29252244899,0.6916890232949346
2026-03-23 03:30:00+01:00,-100.0,100.0,130834.78231836736,130834.78231836736,0.6916890232949346
2026-03-23 03:45:00+01:00,-150.0,150.0,130809.27211428573,130859.28231836736,48.94689310492758
2026-03-23 04:00:00+01:00,-150.0,150.0,130846.02211428573,130846.02211428573,48.94689310492758
2026-03-23 04:15:00+01:00,-150.0,150.0,130832.76191020409,130882.77211428573,48.94689310492758
2026-03-23 04:30:00+01:00,-200.0,200.0,130869.51191020409,130869.51191020409,108.71505637023373
2026-03-23 04:45:00+01:00,-100.0,100.0,130868.50170612245,130918.51191020409,0.6916890232949346
2026-03-23 05:00:00+01:00,-100.0,100.0,130893.00170612245,130893.00170612245,0.6916890232949346
2026-03-23 05:15:00+01:00,-100.0,100.0,130867.49150204082,130917.50170612245,0.6916890232949346
2026-03-23 05:30:00+01:00,-100.0,100.0,130891.99150204082,130891.99150204082,0.6916890232949346
2026-03-23 05:45:00+01:00,-100.0,100.0,130866.4812979592,130916.49150204082,0.6916890232949346
2026-03-23 06:00:00+01:00,-100.0,100.0,130890.9812979592,130890.9812979592,0.6916890232949346
2026-03-23 06:15:00+01:00,-100.0,100.0,130865.47109387757,130915.4812979592,0.6916890232949346
2026-03-23 06:30:00+01:00,-100.0,100.0,130889.97109387757,130889.97109387757,0.6916890232949346
2026-03-23 06:45:00+01:00,-100.0,100.0,130864.46088979593,130914.47109387757,0.6916890232949346
2026-03-23 07:00:00+01:00,-100.0,100.0,130888.96088979593,130888.96088979593,0.6916890232949346
2026-03-23 07:15:00+01:00,-100.0,100.0,130863.4506857143,130913.46088979593,0.6916890232949346
2026-03-23 07:30:00+01:00,-150.0,150.0,130887.95068571428,130887.9506857143,61.276995145743925
2026-03-23 07:45:00+01:00,-150.0,150.0,130874.69048163266,130924.70068571428,37.177766120800605
2026-03-23 08:00:00+01:00,-200.0,200.0,130911.44048163266,130911.44048163266,66.3489323015586
2026-03-23 08:15:00+01:00,-250.0,250.0,130922.22433469388,130960.44048163266,650.0224016893137
2026-03-23 08:30:00+01:00,-200.0,200.0,130983.47433469389,130983.47433469389,66.3489323015586
2026-03-23 08:45:00+01:00,-200.0,200.0,131007.46923265308,131032.47433469389,66.3489323015586
2026-03-23 09:00:00+01:00,-250.0,250.0,131056.46923265308,131056.46923265308,96.32056495461985
2026-03-23 09:15:00+01:00,-250.0,250.0,131092.71413061226,131117.71923265306,96.32056495461985
2026-03-23 09:30:00+01:00,-200.0,200.0,131153.96413061226,131153.96413061226,66.3489323015586
2026-03-23 09:45:00+01:00,-300.0,300.0,131177.95902857144,131202.96413061226,78.97337867585301
2026-03-23 10:00:00+01:00,-250.0,250.0,131201.4488244898,131251.45902857144,42.48730157834735
2026-03-23 10:15:00+01:00,-250.0,250.0,131237.693722449,131262.6988244898,42.48730157834735
2026-03-23 10:30:00+01:00,-250.0,250.0,131248.93351836738,131298.943722449,42.48730157834735
2026-03-23 10:45:00+01:00,-300.0,300.0,131285.17841632653,131310.18351836735,151.42050628551752
2026-03-23 11:00:00+01:00,-250.0,250.0,131308.66821224487,131358.67841632653,91.30213893857879
2026-03-23 11:15:00+01:00,-300.0,300.0,131344.9131102041,131369.9182122449,95.30224778211621
2026-03-23 11:30:00+01:00,-300.0,300.0,131343.39780408164,131418.4131102041,182.8657754789092
2026-03-23 11:45:00+01:00,-250.0,250.0,131391.89270204082,131416.89780408164,133.8226122136031
2026-03-23 12:00:00+01:00,-250.0,250.0,131378.1273959184,131453.14270204082,133.8226122136031
2026-03-23 12:15:00+01:00,-300.0,300.0,131414.37229387756,131439.3773959184,135.17464389194606
2026-03-23 12:30:00+01:00,-300.0,300.0,131387.85188571428,131487.87229387756,135.17464389194606
2026-03-23 12:45:00+01:00,-250.0,250.0,131436.34678367348,131461.35188571428,18.439950014395052
2026-03-23 13:00:00+01:00,-300.0,300.0,131397.57637551022,131497.59678367348,19.437666851129748
2026-03-23 13:15:00+01:00,-300.0,300.0,131421.06617142857,131471.07637551022,19.437666851129748
2026-03-23 13:30:00+01:00,-300.0,300.0,131394.6228734694,131494.56617142857,19.437666851129748
2026-03-23 13:45:00+01:00,-300.0,300.0,131418.1126693878,131468.1228734694,19.437666851129748
2026-03-23 14:00:00+01:00,-300.0,300.0,131416.59736326532,131491.6126693878,19.437666851129748
2026-03-23 14:15:00+01:00,-300.0,300.0,131440.08715918366,131490.09736326532,19.437666851129748
2026-03-23 14:30:00+01:00,-300.0,300.0,131438.57185306124,131513.58715918366,19.437666851129748
2026-03-23 14:45:00+01:00,-300.0,300.0,131462.0616489796,131512.07185306124,19.437666851129748
2026-03-23 15:00:00+01:00,-300.0,300.0,131478.28486530614,131535.5616489796,46.22633351779641
2026-03-23 15:15:00+01:00,-350.0,350.0,131501.7746612245,131551.78486530614,61.124598823918866
2026-03-23 15:30:00+01:00,-300.0,300.0,131537.51445714288,131587.5246612245,30.335823313714787
2026-03-23 15:45:00+01:00,-350.0,350.0,131561.00425306126,131611.01445714288,46.484122633442674
2026-03-23 16:00:00+01:00,-350.0,350.0,131596.74404897963,131646.75425306126,46.484122633442674
2026-03-23 16:15:00+01:00,-300.0,300.0,131632.483844898,131682.49404897963,31.585857327320223
2026-03-23 16:30:00+01:00,-350.0,350.0,131660.0786693878,131705.983844898,39.03498998038145
2026-03-23 16:45:00+01:00,-350.0,350.0,131670.81336326533,131745.8286693878,39.03498998038145
2026-03-23 17:00:00+01:00,-350.0,350.0,131731.5582612245,131756.56336326533,39.03498998038145
2026-03-23 17:15:00+01:00,-350.0,350.0,131752.70435918367,131817.3082612245,39.03498998038145
2026-03-23 17:30:00+01:00,-350.0,350.0,131813.44925714284,131838.45435918367,39.03498998038145
2026-03-23 17:45:00+01:00,-350.0,350.0,131849.18905306124,131899.19925714287,39.03498998038145
2026-03-23 18:00:00+01:00,-400.0,400.0,131909.93395102042,131934.93905306124,89.37098998038145
2026-03-23 18:15:00+01:00,-450.0,450.0,131957.9237469388,132007.93395102042,673.0444593681366
2026-03-23 18:30:00+01:00,-350.0,350.0,132043.16864489796,132068.1737469388,81.92185732732023
2026-03-23 18:45:00+01:00,-400.0,400.0,132078.90844081636,132128.91864489796,111.77675528650387
2026-03-23 19:00:00+01:00,-400.0,400.0,132151.90333877553,132176.90844081636,111.77675528650387
2026-03-23 19:15:00+01:00,-350.0,350.0,132199.89313469388,132249.90333877553,81.92185732732023
2026-03-23 19:30:00+01:00,-350.0,350.0,132260.63803265305,132285.64313469385,81.92185732732023
2026-03-23 19:45:00+01:00,-400.0,400.0,132296.3778285714,132346.38803265305,82.86777893405817
2026-03-23 20:00:00+01:00,-400.0,400.0,132344.36762448977,132394.3778285714,82.86777893405817
2026-03-23 20:15:00+01:00,-400.0,400.0,132392.35742040817,132442.3676244898,82.86777893405817
2026-03-23 20:30:00+01:00,-350.0,350.0,132440.34721632654,132490.35742040817,32.53177893405815
2026-03-23 20:45:00+01:00,-350.0,350.0,132476.0870122449,132526.09721632654,32.53177893405815
2026-03-23 21:00:00+01:00,-350.0,350.0,132511.82680816326,132561.8370122449,32.53177893405815
2026-03-23 21:15:00+01:00,-350.0,350.0,132547.56660408166,132597.57680816326,32.53177893405815
2026-03-23 21:30:00+01:00,-300.0,300.0,132583.30640000003,132633.31660408166,25.618352967927024
2026-03-23 21:45:00+01:00,-250.0,250.0,132606.79619591837,132656.80640000003,9.470053648199134
2026-03-23 22:00:00+01:00,-300.0,300.0,132618.03599183675,132668.04619591837,74.3226613579497
2026-03-23 22:15:00+01:00,-300.0,300.0,132641.5257877551,132691.53599183675,74.3226613579497
2026-03-23 22:30:00+01:00,-300.0,300.0,132665.01558367346,132715.0257877551,74.3226613579497
2026-03-23 22:45:00+01:00,-250.0,250.0,132688.50537959184,132738.51558367346,68.61164094978643
2026-03-23 23:00:00+01:00,-250.0,250.0,132699.7451755102,132749.75537959184,68.61164094978643
2026-03-23 23:15:00+01:00,-250.0,250.0,132710.98497142858,132760.9951755102,68.61164094978643
2026-03-23 23:30:00+01:00,-250.0,250.0,132722.22476734695,132772.23497142855,68.61164094978643
2026-03-23 23:45:00+01:00,-250.0,250.0,132733.46456326533,132783.47476734692,68.61164094978643
2026-03-24 00:00:00+01:00,-300.0,300.0,132744.7043591837,132794.71456326533,82.95249809264358
2026-03-24 00:15:00+01:00,-250.0,250.0,132768.19415510204,132818.20435918367,18.099890382893015
2026-03-24 00:30:00+01:00,-250.0,250.0,132779.4339510204,132829.44415510204,18.099890382893015
2026-03-24 00:45:00+01:00,-250.0,250.0,132790.6737469388,132840.6839510204,18.099890382893015
2026-03-24 01:00:00+01:00,-250.0,250.0,132801.91354285716,132851.9237469388,18.099890382893015
2026-03-24 01:15:00+01:00,-250.0,250.0,132813.1533387755,132863.16354285716,18.099890382893015
2026-03-24 01:30:00+01:00,-250.0,250.0,132824.39313469388,132874.4033387755,18.099890382893015
2026-03-24 01:45:00+01:00,-250.0,250.0,132835.63293061222,132885.64313469388,18.099890382893015
2026-03-24 02:00:00+01:00,-250.0,250.0,132846.8727265306,132896.88293061222,18.099890382893015
2026-03-24 02:15:00+01:00,-300.0,300.0,132858.112522449,132908.1227265306,78.75523732166855
2026-03-24 02:30:00+01:00,-250.0,250.0,132881.60231836734,132931.61252244897,64.41438017881138
2026-03-24 02:45:00+01:00,-250.0,250.0,132892.84211428568,132942.85231836734,64.41438017881138
2026-03-24 03:00:00+01:00,-250.0,250.0,132922.25937142855,132954.0921142857,64.41438017881138
2026-03-24 03:15:00+01:00,-250.0,250.0,132937.2239265306,132983.50937142855,64.41438017881138
2026-03-24 03:30:00+01:00,-200.0,200.0,132973.4688244898,132998.4739265306,3.759033240035868
2026-03-24 03:45:00+01:00,-200.0,200.0,132997.46372244897,133022.4688244898,3.759033240035868
2026-03-24 04:00:00+01:00,-250.0,250.0,133021.45862040814,133046.46372244897,115.02665228765493
2026-03-24 04:15:00+01:00,-250.0,250.0,133057.7035183673,133082.70862040814,115.02665228765493
2026-03-24 04:30:00+01:00,-250.0,250.0,133093.94841632652,133118.9535183673,115.02665228765493
2026-03-24 04:45:00+01:00,-200.0,200.0,133130.19331428572,133155.19841632652,3.759033240035868
2026-03-24 05:00:00+01:00,-100.0,100.0,133154.1882122449,133179.19331428572,1.4092847249581946
2026-03-24 05:15:00+01:00,-100.0,100.0,133153.68311020406,133178.6882122449,1.4092847249581946
2026-03-24 05:30:00+01:00,-100.0,100.0,133153.17800816323,133178.18311020406,1.4092847249581946
2026-03-24 05:45:00+01:00,-100.0,100.0,133152.67290612243,133177.67800816323,1.4092847249581946
2026-03-24 06:00:00+01:00,-100.0,100.0,133152.16780408163,133177.17290612243,1.4092847249581946
2026-03-24 06:15:00+01:00,-150.0,150.0,133151.6627020408,133176.66780408163,7.38220989502622
2026-03-24 06:30:00+01:00,-150.0,150.0,133138.40249795918,133188.4127020408,7.38220989502622
2026-03-24 06:45:00+01:00,-150.0,150.0,133150.14739591835,133175.15249795918,7.38220989502622
2026-03-24 07:00:00+01:00,-150.0,150.0,133136.88719183672,133186.89739591835,7.38220989502622
2026-03-24 07:15:00+01:00,-150.0,150.0,133148.63208979592,133173.63719183672,7.38220989502622
2026-03-24 07:30:00+01:00,-200.0,200.0,133135.37188571427,133185.38208979592,124.11690377257723
2026-03-24 07:45:00+01:00,-250.0,250.0,133159.36678367344,133184.37188571427,127.98348451013541
2026-03-24 08:00:00+01:00,-250.0,250.0,133149.67388571423,133220.61678367344,127.98348451013541
2026-03-24 08:15:00+01:00,-350.0,350.0,133185.91878367343,133210.92388571423,142.65224985535397
2026-03-24 08:30:00+01:00,-350.0,350.0,133171.64837551018,133271.66878367343,142.65224985535397
2026-03-24 08:45:00+01:00,-300.0,300.0,133232.39327346935,133257.39837551018,25.917555977802948
2026-03-24 09:00:00+01:00,-300.0,300.0,133205.8728653061,133305.89327346935,25.917555977802948
2026-03-24 09:15:00+01:00,-300.0,300.0,133254.36776326527,133279.3728653061,25.917555977802948
2026-03-24 09:30:00+01:00,-350.0,350.0,133227.847355102,133327.86776326527,31.24109852689806
2026-03-24 09:45:00+01:00,-350.0,350.0,133263.5871510204,133313.597355102,31.24109852689806
2026-03-24 10:00:00+01:00,-300.0,300.0,133261.11590204076,133349.33715102042,25.268173356830037
2026-03-24 10:15:00+01:00,-300.0,300.0,133284.60569795914,133334.61590204076,25.268173356830037
2026-03-24 10:30:00+01:00,-300.0,300.0,133283.09039183668,133358.10569795914,25.268173356830037
2026-03-24 10:45:00+01:00,-300.0,300.0,133306.58018775505,133356.5903918367,25.268173356830037
2026-03-24 11:00:00+01:00,-300.0,300.0,133305.06488163263,133380.08018775508,25.268173356830037
2026-03-24 11:15:00+01:00,-300.0,300.0,133328.554677551,133378.56488163263,25.268173356830037
2026-03-24 11:30:00+01:00,-350.0,350.0,133327.03937142855,133402.054677551,126.15993105038365
2026-03-24 11:45:00+01:00,-350.0,350.0,133362.77916734695,133412.78937142855,126.15993105038365
2026-03-24 12:00:00+01:00,-350.0,350.0,133383.43987755102,133448.52916734695,126.15993105038365
2026-03-24 12:15:00+01:00,-400.0,400.0,133419.1796734694,133469.18987755102,128.669726968751
2026-03-24 12:30:00+01:00,-400.0,400.0,133442.1643673469,133517.1796734694,128.669726968751
2026-03-24 12:45:00+01:00,-400.0,400.0,133490.15416326525,133540.1643673469,125.13655690072378
2026-03-24 13:00:00+01:00,-400.0,400.0,133513.13885714283,133588.15416326525,125.13655690072378
2026-03-24 13:15:00+01:00,-350.0,350.0,133561.1286530612,133611.13885714283,41.75463270247305
2026-03-24 13:30:00+01:00,-350.0,350.0,133571.86334693877,133646.8786530612,41.75463270247305
2026-03-24 13:45:00+01:00,-350.0,350.0,133607.60314285712,133657.61334693877,41.75463270247305
2026-03-24 14:00:00+01:00,-350.0,350.0,133618.33783673466,133693.35314285712,41.75463270247305
2026-03-24 14:15:00+01:00,-300.0,300.0,133654.07763265306,133704.08783673466,26.83204766845945
2026-03-24 14:30:00+01:00,-300.0,300.0,133652.5623265306,133727.57763265303,26.83204766845945
2026-03-24 14:45:00+01:00,-300.0,300.0,133676.05212244898,133726.0623265306,26.83204766845945
2026-03-24 15:00:00+01:00,-300.0,300.0,133674.5368163265,133749.55212244895,26.83204766845945
2026-03-24 15:15:00+01:00,-300.0,300.0,133698.02661224484,133748.0368163265,26.83204766845945
2026-03-24 15:30:00+01:00,-350.0,350.0,133696.5113061224,133771.52661224484,31.608954220553972
2026-03-24 15:45:00+01:00,-350.0,350.0,133707.24599999998,133782.2613061224,31.608954220553972
2026-03-24 16:00:00+01:00,-350.0,350.0,133735.0323265306,133792.99599999998,31.608954220553972
2026-03-24 16:15:00+01:00,-350.0,350.0,133745.76702040815,133820.7823265306,31.608954220553972
2026-03-24 16:30:00+01:00,-350.0,350.0,133781.5068163265,133831.51702040812,31.608954220553972
2026-03-24 16:45:00+01:00,-350.0,350.0,133794.57284081628,133867.25681632647,31.608954220553972
2026-03-24 17:00:00+01:00,-350.0,350.0,133835.60365714284,133880.32284081628,31.608954220553972
2026-03-24 17:15:00+01:00,-350.0,350.0,133871.3434530612,133921.35365714284,31.608954220553972
2026-03-24 17:30:00+01:00,-350.0,350.0,133949.92759183672,133957.0934530612,31.608954220553972
2026-03-24 17:45:00+01:00,-350.0,350.0,133985.66738775506,134035.67759183672,31.608954220553972
2026-03-24 18:00:00+01:00,-350.0,350.0,134071.41738775506,134071.41738775506,31.608954220553972
2026-03-24 18:15:00+01:00,-350.0,350.0,134113.38379591834,134157.16738775506,31.608954220553972
2026-03-24 18:30:00+01:00,-300.0,300.0,134199.13379591834,134199.13379591834,29.099158302186623
2026-03-24 18:45:00+01:00,-300.0,300.0,134247.62869387752,134272.63379591834,29.099158302186623
2026-03-24 19:00:00+01:00,-350.0,350.0,134321.12869387754,134321.12869387754,58.95405626137027
2026-03-24 19:15:00+01:00,-350.0,350.0,134381.87359183675,134406.87869387754,58.95405626137027
2026-03-24 19:30:00+01:00,-300.0,300.0,134467.62359183675,134467.62359183675,29.099158302186623
2026-03-24 19:45:00+01:00,-300.0,300.0,134516.11848979592,134541.12359183675,29.099158302186623
2026-03-24 20:00:00+01:00,-300.0,300.0,134589.61848979595,134589.61848979595,29.099158302186623
2026-03-24 20:15:00+01:00,-250.0,250.0,134638.11338775512,134663.11848979595,24.322251750092104
2026-03-24 20:30:00+01:00,-250.0,250.0,134699.36338775512,134699.36338775512,24.322251750092104
2026-03-24 20:45:00+01:00,-250.0,250.0,134735.60828571432,134760.61338775512,24.322251750092104
2026-03-24 21:00:00+01:00,-250.0,250.0,134796.85828571432,134796.85828571432,24.322251750092104
2026-03-24 21:15:00+01:00,-250.0,250.0,134833.1031836735,134858.10828571432,24.322251750092104
2026-03-24 21:30:00+01:00,-250.0,250.0,134894.35318367346,134894.35318367346,24.322251750092104
2026-03-24 21:45:00+01:00,-200.0,200.0,134930.59808163266,134955.60318367346,15.414746081157862
2026-03-24 22:00:00+01:00,-150.0,150.0,134979.5980816327,134979.5980816327,11.548165343599681
2026-03-24 22:15:00+01:00,-200.0,200.0,134991.34297959186,135016.3480816327,157.46653269053846
2026-03-24 22:30:00+01:00,-200.0,200.0,135040.34297959183,135040.34297959183,157.46653269053846
2026-03-24 22:45:00+01:00,-100.0,100.0,135064.337877551,135089.34297959183,146.38173046515902
2026-03-24 23:00:00+01:00,-100.0,100.0,135088.837877551,135088.837877551,146.38173046515902
2026-03-24 23:15:00+01:00,-50.0,50.0,135088.3327755102,135113.337877551,0.463363118220261
2026-03-24 23:30:00+01:00,-50.0,50.0,135100.5827755102,135100.5827755102,0.463363118220261
2026-03-24 23:45:00+01:00,-50.0,50.0,135087.82767346938,135112.8327755102,0.463363118220261
2026-03-25 00:00:00+01:00,-50.0,50.0,135100.07767346938,135100.07767346938,0.463363118220261
2026-03-25 00:15:00+01:00,-50.0,50.0,135087.32257142858,135112.32767346938,0.463363118220261
2026-03-25 00:30:00+01:00,-100.0,100.0,135099.57257142858,135099.57257142858,36.40305699577128
2026-03-25 00:45:00+01:00,-150.0,150.0,135099.06746938775,135124.07257142858,83.21366924066925
2026-03-25 01:00:00+01:00,-200.0,200.0,135135.81746938775,135135.81746938775,95.08412842434271
2026-03-25 01:15:00+01:00,-150.0,150.0,135154.87676734696,135184.81746938775,48.27351617944475
2026-03-25 01:30:00+01:00,-100.0,100.0,135191.62676734696,135191.62676734696,12.333822301893727
2026-03-25 01:45:00+01:00,-100.0,100.0,135195.7316,135216.12676734696,12.333822301893727
2026-03-25 02:00:00+01:00,-100.0,100.0,135220.2316,135220.2316,12.333822301893727
2026-03-25 02:15:00+01:00,-100.0,100.0,135244.7316,135244.7316,12.333822301893727
2026-03-25 02:30:00+01:00,-150.0,150.0,135269.2316,135269.2316,32.34214883250597
2026-03-25 02:45:00+01:00,-150.0,150.0,135305.98159999997,135305.98159999997,32.34214883250597
2026-03-25 03:00:00+01:00,-100.0,100.0,135342.73159999997,135342.73159999997,20.471689648832506
2026-03-25 03:15:00+01:00,-100.0,100.0,135367.23159999997,135367.23159999997,20.471689648832506
2026-03-25 03:30:00+01:00,-100.0,100.0,135391.73159999997,135391.73159999997,20.471689648832506
2026-03-25 03:45:00+01:00,-50.0,50.0,135416.2316,135416.2316,0.463363118220261
2026-03-25 04:00:00+01:00,-50.0,50.0,135428.4816,135428.4816,0.463363118220261
2026-03-25 04:15:00+01:00,-100.0,100.0,135440.7316,135440.7316,96.3414583563155
2026-03-25 04:30:00+01:00,-150.0,150.0,135465.2316,135465.2316,101.16859569773855
2026-03-25 04:45:00+01:00,-200.0,200.0,135476.97649795917,135501.9816,158.1545820922964
2026-03-25 05:00:00+01:00,-150.0,150.0,135525.97649795917,135525.97649795917,62.27648685420115
2026-03-25 05:15:00+01:00,-150.0,150.0,135537.72139591834,135562.72649795917,62.27648685420115
2026-03-25 05:30:00+01:00,-100.0,100.0,135574.47139591834,135574.47139591834,5.290500459643317
2026-03-25 05:45:00+01:00,-100.0,100.0,135573.9662938775,135598.97139591834,5.290500459643317
2026-03-25 06:00:00+01:00,-100.0,100.0,135598.4662938775,135598.4662938775,5.290500459643317
2026-03-25 06:15:00+01:00,-100.0,100.0,135597.96119183672,135622.9662938775,5.290500459643317
2026-03-25 06:30:00+01:00,-100.0,100.0,135622.46119183672,135622.46119183672,5.290500459643317
2026-03-25 06:45:00+01:00,-100.0,100.0,135621.95608979592,135646.96119183672,5.290500459643317
2026-03-25 07:00:00+01:00,-100.0,100.0,135646.45608979592,135646.45608979592,5.290500459643317
2026-03-25 07:15:00+01:00,-100.0,100.0,135645.9509877551,135670.95608979592,5.290500459643317
2026-03-25 07:30:00+01:00,-100.0,100.0,135670.4509877551,135670.4509877551,5.290500459643317
2026-03-25 07:45:00+01:00,-150.0,150.0,135669.94588571426,135694.9509877551,35.36913991542562
2026-03-25 08:00:00+01:00,-200.0,200.0,135706.69588571426,135706.69588571426,205.5391399154256
2026-03-25 08:15:00+01:00,-300.0,300.0,135730.69078367346,135755.69588571426,241.69576576576574
2026-03-25 08:30:00+01:00,-200.0,200.0,135779.18568163263,135804.19078367346,41.447126309983446
2026-03-25 08:45:00+01:00,-200.0,200.0,135803.1805795918,135828.18568163263,41.447126309983446
2026-03-25 09:00:00+01:00,-250.0,250.0,135827.175477551,135852.1805795918,105.22248588238385
2026-03-25 09:15:00+01:00,-250.0,250.0,135863.42037551018,135888.425477551,105.22248588238385
2026-03-25 09:30:00+01:00,-250.0,250.0,135899.66527346938,135924.6703755102,105.22248588238385
2026-03-25 09:45:00+01:00,-200.0,200.0,135935.91017142855,135960.91527346938,104.75912276416359
2026-03-25 10:00:00+01:00,-200.0,200.0,135959.90506938775,135984.91017142855,222.22827242402752
2026-03-25 10:15:00+01:00,-250.0,250.0,135983.89996734692,136008.90506938775,222.98766886345436
2026-03-25 10:30:00+01:00,-250.0,250.0,135995.1397632653,136045.14996734692,222.98766886345436
2026-03-25 10:45:00+01:00,-200.0,200.0,136031.38466122447,136056.3897632653,28.42984573420266
2026-03-25 11:00:00+01:00,-200.0,200.0,136030.37445714287,136080.3846612245,28.42984573420266
2026-03-25 11:15:00+01:00,-250.0,250.0,136054.36935510204,136079.37445714287,125.70875729882852
2026-03-25 11:30:00+01:00,-300.0,300.0,136065.60915102038,136115.61935510204,132.64998178862444
2026-03-25 11:45:00+01:00,-300.0,300.0,136089.09894693876,136139.10915102038,132.64998178862444
2026-03-25 12:00:00+01:00,-350.0,350.0,136112.58874285713,136162.59894693876,155.42783893148157
2026-03-25 12:15:00+01:00,-350.0,350.0,136148.32853877553,136198.33874285713,155.42783893148157
2026-03-25 12:30:00+01:00,-300.0,300.0,136184.06833469387,136234.0785387755,138.75979228425126
2026-03-25 12:45:00+01:00,-250.0,250.0,136211.7546367347,136257.56833469385,41.480880719625404
2026-03-25 13:00:00+01:00,-200.0,200.0,136222.99443265304,136273.00463673467,18.703023576768256
2026-03-25 13:15:00+01:00,-200.0,200.0,136246.98933061224,136271.99443265304,18.703023576768256
2026-03-25 13:30:00+01:00,-200.0,200.0,136245.9791265306,136295.9893306122,18.703023576768256
2026-03-25 13:45:00+01:00,-200.0,200.0,136269.97402448978,136294.9791265306,18.703023576768256
2026-03-25 14:00:00+01:00,-200.0,200.0,136268.96382040813,136318.97402448978,18.703023576768256
2026-03-25 14:15:00+01:00,-200.0,200.0,136292.9587183673,136317.96382040813,18.703023576768256
2026-03-25 14:30:00+01:00,-200.0,200.0,136291.9485142857,136341.95871836733,18.703023576768256
2026-03-25 14:45:00+01:00,-150.0,150.0,136315.94341224487,136340.9485142857,11.76179908697234
2026-03-25 15:00:00+01:00,-200.0,200.0,136311.8514367347,136352.6934122449,177.73907799853697
2026-03-25 15:15:00+01:00,-200.0,200.0,136335.84633469387,136360.8514367347,177.73907799853697
2026-03-25 15:30:00+01:00,-200.0,200.0,136359.84123265304,136384.84633469387,177.73907799853697
2026-03-25 15:45:00+01:00,-150.0,150.0,136402.517477551,136408.84123265304,11.76179908697234
2026-03-25 16:00:00+01:00,-150.0,150.0,136414.2623755102,136439.267477551,11.76179908697234
2026-03-25 16:15:00+01:00,-150.0,150.0,136451.0123755102,136451.0123755102,11.76179908697234
2026-03-25 16:30:00+01:00,-150.0,150.0,136462.75727346938,136487.7623755102,11.76179908697234
2026-03-25 16:45:00+01:00,-150.0,150.0,136499.50727346938,136499.50727346938,11.76179908697234
2026-03-25 17:00:00+01:00,-150.0,150.0,136511.25217142858,136536.25727346938,11.76179908697234
2026-03-25 17:15:00+01:00,-150.0,150.0,136548.00217142855,136548.00217142855,11.76179908697234
2026-03-25 17:30:00+01:00,-150.0,150.0,136559.74706938773,136584.75217142855,11.76179908697234
2026-03-25 17:45:00+01:00,-150.0,150.0,136596.49706938773,136596.49706938773,11.76179908697234
2026-03-25 18:00:00+01:00,-150.0,150.0,136608.24196734693,136633.24706938773,11.76179908697234
2026-03-25 18:15:00+01:00,-150.0,150.0,136644.99196734693,136644.99196734693,11.76179908697234
2026-03-25 18:30:00+01:00,-150.0,150.0,136656.7368653061,136681.74196734693,11.76179908697234
2026-03-25 18:45:00+01:00,-150.0,150.0,136693.4868653061,136693.4868653061,11.76179908697234
2026-03-25 19:00:00+01:00,-150.0,150.0,136705.23176326527,136730.2368653061,11.76179908697234
2026-03-25 19:15:00+01:00,-200.0,200.0,136741.98176326527,136741.98176326527,73.12533650193834
2026-03-25 19:30:00+01:00,-200.0,200.0,136765.97666122447,136790.98176326527,73.12533650193834
2026-03-25 19:45:00+01:00,-200.0,200.0,136814.97666122447,136814.97666122447,73.12533650193834
2026-03-25 20:00:00+01:00,-250.0,250.0,136838.97155918364,136863.97666122447,114.13812561758459
2026-03-25 20:15:00+01:00,-250.0,250.0,136900.22155918364,136900.22155918364,114.13812561758459
2026-03-25 20:30:00+01:00,-250.0,250.0,136936.46645714284,136961.47155918364,114.13812561758459
2026-03-25 20:45:00+01:00,-200.0,200.0,136997.71645714284,136997.71645714284,73.12533650193834
2026-03-25 21:00:00+01:00,-200.0,200.0,137021.71135510202,137046.71645714284,73.12533650193834
2026-03-25 21:15:00+01:00,-200.0,200.0,137070.71135510202,137070.71135510202,73.12533650193834
2026-03-25 21:30:00+01:00,-150.0,150.0,137094.7062530612,137119.71135510202,11.76179908697234
2026-03-25 21:45:00+01:00,-150.0,150.0,137131.45625306116,137131.45625306116,11.76179908697234
2026-03-25 22:00:00+01:00,-150.0,150.0,137143.20115102036,137168.20625306116,58.6477582706458
2026-03-25 22:15:00+01:00,-150.0,150.0,137179.95115102036,137179.95115102036,58.6477582706458
2026-03-25 22:30:00+01:00,-150.0,150.0,137191.69604897953,137216.70115102036,58.6477582706458
2026-03-25 22:45:00+01:00,-150.0,150.0,137228.44604897953,137228.44604897953,58.6477582706458
2026-03-25 23:00:00+01:00,-100.0,100.0,137240.19094693873,137265.19604897953,53.82062092922275
2026-03-25 23:15:00+01:00,-100.0,100.0,137264.69094693873,137264.69094693873,53.82062092922275
2026-03-25 23:30:00+01:00,-150.0,150.0,137264.1858448979,137289.19094693873,104.48347807207989
2026-03-25 23:45:00+01:00,-150.0,150.0,137300.9358448979,137300.9358448979,104.48347807207989
2026-03-26 00:00:00+01:00,-100.0,100.0,137312.68074285708,137337.6858448979,53.82062092922275
2026-03-26 00:15:00+01:00,-100.0,100.0,137337.18074285708,137337.18074285708,53.82062092922275
2026-03-26 00:30:00+01:00,-150.0,150.0,137336.67564081628,137361.68074285708,72.5565392965697
2026-03-26 00:45:00+01:00,-100.0,100.0,137373.42564081628,137373.42564081628,19.495314806773774
2026-03-26 01:00:00+01:00,-100.0,100.0,137372.92053877545,137397.92564081628,19.495314806773774
2026-03-26 01:15:00+01:00,-100.0,100.0,137397.42053877545,137397.42053877545,19.495314806773774
2026-03-26 01:30:00+01:00,-100.0,100.0,137396.91543673465,137421.92053877545,19.495314806773774
2026-03-26 01:45:00+01:00,-100.0,100.0,137421.41543673465,137421.41543673465,19.495314806773774
2026-03-26 02:00:00+01:00,-150.0,150.0,137420.91033469382,137445.91543673465,40.05312821785249
2026-03-26 02:15:00+01:00,-150.0,150.0,137457.66033469382,137457.66033469382,40.05312821785249
2026-03-26 02:30:00+01:00,-150.0,150.0,137469.405232653,137494.41033469382,40.05312821785249
2026-03-26 02:45:00+01:00,-150.0,150.0,137506.15523265296,137506.15523265296,40.05312821785249
2026-03-26 03:00:00+01:00,-150.0,150.0,137517.90013061216,137542.90523265296,40.05312821785249
2026-03-26 03:15:00+01:00,-150.0,150.0,137554.65013061216,137554.65013061216,40.05312821785249
2026-03-26 03:30:00+01:00,-200.0,200.0,137566.39502857134,137591.40013061216,129.29680168724025
2026-03-26 03:45:00+01:00,-200.0,200.0,137615.39502857134,137615.39502857134,129.29680168724025
2026-03-26 04:00:00+01:00,-250.0,250.0,137639.38992653054,137664.39502857134,146.67276087091372
2026-03-26 04:15:00+01:00,-250.0,250.0,137700.63992653054,137700.63992653054,146.67276087091372
2026-03-26 04:30:00+01:00,-200.0,200.0,137736.8848244897,137761.88992653054,57.42908740152596
2026-03-26 04:45:00+01:00,-200.0,200.0,137785.8848244897,137785.8848244897,57.42908740152596
2026-03-26 05:00:00+01:00,-200.0,200.0,137809.8797224489,137834.8848244897,57.42908740152596
2026-03-26 05:15:00+01:00,-200.0,200.0,137858.87972244888,137858.87972244888,57.42908740152596
2026-03-26 05:30:00+01:00,-150.0,150.0,137882.87462040805,137907.87972244888,36.87127399044725
2026-03-26 05:45:00+01:00,-100.0,100.0,137919.62462040805,137919.62462040805,18.135355623100303
2026-03-26 06:00:00+01:00,-100.0,100.0,137919.11951836722,137944.12462040805,18.135355623100303
2026-03-26 06:15:00+01:00,-100.0,100.0,137943.61951836722,137943.61951836722,18.135355623100303
2026-03-26 06:30:00+01:00,-50.0,50.0,137943.11441632643,137968.11951836722,0.7593964394268347
2026-03-26 06:45:00+01:00,-100.0,100.0,137955.36441632643,137955.36441632643,409.50592705167173
2026-03-26 07:00:00+01:00,-50.0,50.0,137954.8593142856,137979.86441632643,0.7593964394268347
2026-03-26 07:15:00+01:00,-50.0,50.0,137967.1093142856,137967.1093142856,0.7593964394268347
2026-03-26 07:30:00+01:00,-50.0,50.0,137954.3542122448,137979.3593142856,0.7593964394268347
2026-03-26 07:45:00+01:00,-50.0,50.0,137966.6042122448,137966.6042122448,0.7593964394268347
2026-03-26 08:00:00+01:00,-100.0,100.0,137972.52919999987,137978.8542122448,5.095874141618824
2026-03-26 08:15:00+01:00,-150.0,150.0,137972.02409795907,137997.02919999987,7.697075527833688
2026-03-26 08:30:00+01:00,-200.0,200.0,137983.76899591828,138008.77409795907,14.101849580311823
2026-03-26 08:45:00+01:00,-200.0,200.0,137982.75879183662,138032.76899591828,14.101849580311823
2026-03-26 09:00:00+01:00,-200.0,200.0,138006.75368979582,138031.75879183662,14.101849580311823
2026-03-26 09:15:00+01:00,-250.0,250.0,138005.7434857142,138055.75368979582,23.86825524461836
2026-03-26 09:30:00+01:00,-250.0,250.0,138016.98328163257,138066.9934857142,23.86825524461836
2026-03-26 09:45:00+01:00,-250.0,250.0,138028.22307755094,138078.23328163257,112.52763431539562
2026-03-26 10:00:00+01:00,-200.0,200.0,138039.46287346928,138089.47307755094,23.108858805191527
2026-03-26 10:15:00+01:00,-250.0,250.0,138038.45266938763,138088.46287346928,23.22399751692622
2026-03-26 10:30:00+01:00,-250.0,250.0,138024.68736326517,138099.70266938763,23.22399751692622
2026-03-26 10:45:00+01:00,-250.0,250.0,138035.92715918354,138085.93736326517,23.22399751692622
2026-03-26 11:00:00+01:00,-300.0,300.0,138022.16185306112,138097.17715918354,55.6503013718015
2026-03-26 11:15:00+01:00,-300.0,300.0,138045.6516489795,138095.66185306112,55.6503013718015
2026-03-26 11:30:00+01:00,-300.0,300.0,138044.13634285703,138119.1516489795,55.6503013718015
2026-03-26 11:45:00+01:00,-300.0,300.0,138067.6261387754,138117.63634285703,55.6503013718015
2026-03-26 12:00:00+01:00,-350.0,350.0,138084.87424489786,138141.1261387754,131.46948504527091
2026-03-26 12:15:00+01:00,-350.0,350.0,138120.61404081623,138170.62424489786,131.46948504527091
2026-03-26 12:30:00+01:00,-300.0,300.0,138156.35383673458,138206.36404081623,55.6503013718015
2026-03-26 12:45:00+01:00,-300.0,300.0,138179.84363265292,138229.85383673458,55.6503013718015
2026-03-26 13:00:00+01:00,-300.0,300.0,138203.33342857126,138253.34363265292,55.6503013718015
2026-03-26 13:15:00+01:00,-300.0,300.0,138226.82322448966,138276.83342857126,55.6503013718015
2026-03-26 13:30:00+01:00,-300.0,300.0,138250.31302040804,138300.32322448966,55.6503013718015
2026-03-26 13:45:00+01:00,-300.0,300.0,138273.8028163264,138323.81302040804,55.6503013718015
2026-03-26 14:00:00+01:00,-300.0,300.0,138297.29261224478,138347.3028163264,55.6503013718015
2026-03-26 14:15:00+01:00,-300.0,300.0,138320.78240816316,138370.79261224475,55.6503013718015
2026-03-26 14:30:00+01:00,-300.0,300.0,138344.27220408153,138394.28240816316,55.6503013718015
2026-03-26 14:45:00+01:00,-300.0,300.0,138367.7619999999,138417.77220408153,55.6503013718015
2026-03-26 15:00:00+01:00,-300.0,300.0,138391.25179591824,138441.2619999999,55.6503013718015
2026-03-26 15:15:00+01:00,-300.0,300.0,138430.30702040804,138464.75179591827,55.6503013718015
2026-03-26 15:30:00+01:00,-250.0,250.0,138453.7968163264,138503.80702040804,23.22399751692622
2026-03-26 15:45:00+01:00,-250.0,250.0,138490.0417142856,138515.0468163264,23.22399751692622
2026-03-26 16:00:00+01:00,-250.0,250.0,138501.28151020396,138551.2917142856,23.22399751692622
2026-03-26 16:15:00+01:00,-250.0,250.0,138537.52640816316,138562.53151020396,23.22399751692622
2026-03-26 16:30:00+01:00,-250.0,250.0,138548.7662040815,138598.77640816316,23.22399751692622
2026-03-26 16:45:00+01:00,-250.0,250.0,138603.0893387754,138610.0162040815,23.22399751692622
2026-03-26 17:00:00+01:00,-250.0,250.0,138614.32913469378,138664.3393387754,23.22399751692622
2026-03-26 17:15:00+01:00,-250.0,250.0,138675.57913469378,138675.57913469378,23.22399751692622
2026-03-26 17:30:00+01:00,-250.0,250.0,138686.81893061215,138736.82913469378,23.22399751692622
2026-03-26 17:45:00+01:00,-250.0,250.0,138748.06893061215,138748.06893061215,23.22399751692622
2026-03-26 18:00:00+01:00,-300.0,300.0,138759.30872653052,138809.31893061215,112.46767098631398
2026-03-26 18:15:00+01:00,-250.0,250.0,138832.80872653052,138832.80872653052,23.22399751692622
2026-03-26 18:30:00+01:00,-250.0,250.0,138855.01206530604,138894.05872653052,23.22399751692622
2026-03-26 18:45:00+01:00,-250.0,250.0,138916.26206530604,138916.26206530604,23.22399751692622
2026-03-26 19:00:00+01:00,-250.0,250.0,138952.50696326522,138977.51206530604,23.22399751692622
2026-03-26 19:15:00+01:00,-250.0,250.0,139013.75696326522,139013.75696326522,23.22399751692622
2026-03-26 19:30:00+01:00,-300.0,300.0,139050.00186122442,139075.00696326522,29.348677789035065
2026-03-26 19:45:00+01:00,-300.0,300.0,139098.4967591836,139123.50186122442,29.348677789035065
2026-03-26 20:00:00+01:00,-300.0,300.0,139146.9916571428,139171.99675918362,29.348677789035065
2026-03-26 20:15:00+01:00,-300.0,300.0,139195.48655510196,139220.4916571428,29.348677789035065
2026-03-26 20:30:00+01:00,-300.0,300.0,139243.9814530612,139268.986555102,29.348677789035065
2026-03-26 20:45:00+01:00,-300.0,300.0,139292.47635102036,139317.4814530612,29.348677789035065
2026-03-26 21:00:00+01:00,-300.0,300.0,139340.97124897953,139365.97635102036,29.348677789035065
2026-03-26 21:15:00+01:00,-300.0,300.0,139395.769355102,139414.47124897953,29.348677789035065
2026-03-26 21:30:00+01:00,-150.0,150.0,139444.26425306115,139469.26935510198,12.644593036321673
2026-03-26 21:45:00+01:00,-200.0,200.0,139481.01425306115,139481.01425306115,158.56296038326042
2026-03-26 22:00:00+01:00,-200.0,200.0,139505.00915102035,139530.01425306115,158.56296038326042
2026-03-26 22:15:00+01:00,-200.0,200.0,139554.00915102035,139554.00915102035,158.56296038326042
2026-03-26 22:30:00+01:00,-200.0,200.0,139578.00404897952,139603.00915102035,237.8998189838435
2026-03-26 22:45:00+01:00,-150.0,150.0,139627.00404897952,139627.00404897952,91.98145163690474
2026-03-26 23:00:00+01:00,-100.0,100.0,139638.74894693872,139663.75404897952,6.239818983843539
2026-03-26 23:15:00+01:00,-50.0,50.0,139663.24894693872,139663.24894693872,0.11513871173469382
2026-03-26 23:30:00+01:00,-50.0,50.0,139650.4938448979,139675.49894693872,0.11513871173469382
2026-03-26 23:45:00+01:00,-50.0,50.0,139662.7438448979,139662.7438448979,0.11513871173469382
2026-03-27 00:00:00+01:00,-150.0,150.0,139649.98874285707,139674.9938448979,286.46534279336737
2026-03-27 00:15:00+01:00,-50.0,50.0,139686.73874285707,139686.73874285707,0.11513871173469382
2026-03-27 00:30:00+01:00,-100.0,100.0,139673.98364081627,139698.98874285707,41.69214551445579
2026-03-27 00:45:00+01:00,-100.0,100.0,139698.48364081627,139698.48364081627,41.69214551445579
2026-03-27 01:00:00+01:00,-100.0,100.0,139697.97853877544,139722.98364081627,41.69214551445579
2026-03-27 01:15:00+01:00,-50.0,50.0,139722.47853877544,139722.47853877544,0.11513871173469382
2026-03-27 01:30:00+01:00,-50.0,50.0,139709.72343673464,139734.72853877544,0.11513871173469382
2026-03-27 01:45:00+01:00,-50.0,50.0,139721.97343673464,139721.97343673464,0.11513871173469382
2026-03-27 02:00:00+01:00,-100.0,100.0,139709.2183346938,139734.22343673464,97.66643122874149
2026-03-27 02:15:00+01:00,-100.0,100.0,139733.7183346938,139733.7183346938,97.66643122874149
2026-03-27 02:30:00+01:00,-100.0,100.0,139733.21323265298,139758.2183346938,97.66643122874149
2026-03-27 02:45:00+01:00,-50.0,50.0,139757.71323265298,139757.71323265298,0.11513871173469382
2026-03-27 03:00:00+01:00,-50.0,50.0,139744.95813061218,139769.96323265298,0.11513871173469382
2026-03-27 03:15:00+01:00,-50.0,50.0,139757.20813061218,139757.20813061218,0.11513871173469382
2026-03-27 03:30:00+01:00,-100.0,100.0,139744.45302857136,139769.45813061218,98.75595503826531
2026-03-27 03:45:00+01:00,-100.0,100.0,139768.95302857136,139768.95302857136,98.75595503826531
2026-03-27 04:00:00+01:00,-100.0,100.0,139768.44792653056,139793.45302857136,98.75595503826531
2026-03-27 04:15:00+01:00,-100.0,100.0,139792.94792653056,139792.94792653056,98.75595503826531
2026-03-27 04:30:00+01:00,-50.0,50.0,139792.44282448973,139817.44792653056,0.11513871173469382
2026-03-27 04:45:00+01:00,-50.0,50.0,139804.69282448973,139804.69282448973,0.11513871173469382
2026-03-27 05:00:00+01:00,-50.0,50.0,139791.93772244893,139816.94282448973,0.11513871173469382
2026-03-27 05:15:00+01:00,-50.0,50.0,139804.18772244893,139804.18772244893,0.11513871173469382
2026-03-27 05:30:00+01:00,-50.0,50.0,139791.4326204081,139816.43772244893,0.11513871173469382
2026-03-27 05:45:00+01:00,-50.0,50.0,139803.6826204081,139803.6826204081,0.11513871173469382
2026-03-27 06:00:00+01:00,-50.0,50.0,139790.92751836727,139815.9326204081,0.11513871173469382
2026-03-27 06:15:00+01:00,-150.0,150.0,139803.17751836727,139803.17751836727,13.507202203798187
2026-03-27 06:30:00+01:00,-150.0,150.0,139766.26811428566,139839.92751836727,13.507202203798187
2026-03-27 06:45:00+01:00,-150.0,150.0,139803.01811428566,139803.01811428566,13.507202203798187
2026-03-27 07:00:00+01:00,-150.0,150.0,139789.757910204,139839.76811428566,13.507202203798187
2026-03-27 07:15:00+01:00,-150.0,150.0,139826.507910204,139826.507910204,13.507202203798187
2026-03-27 07:30:00+01:00,-150.0,150.0,139813.24770612238,139863.257910204,13.507202203798187
2026-03-27 07:45:00+01:00,-150.0,150.0,139849.99770612238,139849.99770612238,13.507202203798187
2026-03-27 08:00:00+01:00,-150.0,150.0,139836.73750204075,139886.74770612238,13.507202203798187
2026-03-27 08:15:00+01:00,-250.0,250.0,139873.48750204075,139873.48750204075,601.2632022037982
2026-03-27 08:30:00+01:00,-150.0,150.0,139859.7221959183,139934.73750204075,7.771048008786849
2026-03-27 08:45:00+01:00,-200.0,200.0,139896.4721959183,139896.4721959183,179.7212520904195
2026-03-27 09:00:00+01:00,-200.0,200.0,139870.45688979587,139945.4721959183,179.7212520904195
2026-03-27 09:15:00+01:00,-200.0,200.0,139919.45688979587,139919.45688979587,8.831862676117195
2026-03-27 09:30:00+01:00,-200.0,200.0,139868.43648163255,139968.45688979587,8.831862676117195
2026-03-27 09:45:00+01:00,-200.0,200.0,139917.43648163255,139917.43648163255,8.831862676117195
2026-03-27 10:00:00+01:00,-200.0,200.0,139866.41607346933,139966.43648163258,8.831862676117195
2026-03-27 10:15:00+01:00,-200.0,200.0,139915.41607346933,139915.41607346933,8.831862676117195
2026-03-27 10:30:00+01:00,-200.0,200.0,139864.39566530604,139964.41607346933,8.831862676117195
2026-03-27 10:45:00+01:00,-250.0,250.0,139913.39566530604,139913.39566530604,16.820893288362093
2026-03-27 11:00:00+01:00,-250.0,250.0,139849.62015510196,139974.64566530604,16.820893288362093
2026-03-27 11:15:00+01:00,-300.0,300.0,139910.87015510196,139910.87015510196,133.5555871659131
2026-03-27 11:30:00+01:00,-300.0,300.0,139873.98884897953,139984.37015510196,133.5555871659131
2026-03-27 11:45:00+01:00,-350.0,350.0,139947.48884897956,139947.48884897956,141.86497492101515
2026-03-27 12:00:00+01:00,-350.0,350.0,139908.21333877544,140033.23884897953,141.86497492101515
2026-03-27 12:15:00+01:00,-350.0,350.0,139993.96333877547,139993.96333877547,141.86497492101515
2026-03-27 12:30:00+01:00,-350.0,350.0,139959.523232653,140079.71333877544,76.19198172373625
2026-03-27 12:45:00+01:00,-300.0,300.0,140045.273232653,140045.273232653,68.20295111149134
2026-03-27 13:00:00+01:00,-300.0,300.0,140018.75282448973,140118.773232653,68.20295111149134
2026-03-27 13:15:00+01:00,-300.0,300.0,140092.25282448975,140092.25282448975,68.20295111149134
2026-03-27 13:30:00+01:00,-300.0,300.0,140065.73241632644,140165.75282448975,68.20295111149134
2026-03-27 13:45:00+01:00,-300.0,300.0,140139.23241632647,140139.23241632647,68.20295111149134
2026-03-27 14:00:00+01:00,-250.0,250.0,140112.71200816322,140212.73241632647,17.141250431219234
2026-03-27 14:15:00+01:00,-250.0,250.0,140173.96200816322,140173.96200816322,17.141250431219234
2026-03-27 14:30:00+01:00,-200.0,200.0,140135.19159999996,140235.21200816322,8.831862676117195
2026-03-27 14:45:00+01:00,-250.0,250.0,140184.19159999996,140184.19159999996,145.04665859448454
2026-03-27 15:00:00+01:00,-250.0,250.0,140145.42119183668,140245.44159999996,145.04665859448454
2026-03-27 15:15:00+01:00,-250.0,250.0,140206.67119183668,140206.67119183668,145.04665859448454
2026-03-27 15:30:00+01:00,-250.0,250.0,140167.90078367342,140267.92119183668,145.04665859448454
2026-03-27 15:45:00+01:00,-200.0,200.0,140229.15078367342,140229.15078367342,8.831862676117195
2026-03-27 16:00:00+01:00,-200.0,200.0,140178.13037551014,140278.15078367342,8.831862676117195
2026-03-27 16:15:00+01:00,-200.0,200.0,140227.13037551014,140227.13037551014,8.831862676117195
2026-03-27 16:30:00+01:00,-200.0,200.0,140176.10996734689,140276.13037551014,8.831862676117195
2026-03-27 16:45:00+01:00,-200.0,200.0,140225.10996734689,140225.10996734689,8.831862676117195
2026-03-27 17:00:00+01:00,-200.0,200.0,140174.08955918363,140274.10996734689,8.831862676117195
2026-03-27 17:15:00+01:00,-250.0,250.0,140223.08955918363,140223.08955918363,23.47233886659338
2026-03-27 17:30:00+01:00,-250.0,250.0,140229.70223673465,140284.33955918363,23.47233886659338
2026-03-27 17:45:00+01:00,-250.0,250.0,140290.95223673468,140290.95223673468,23.47233886659338
2026-03-27 18:00:00+01:00,-250.0,250.0,140302.19203265302,140352.20223673465,23.47233886659338
2026-03-27 18:15:00+01:00,-250.0,250.0,140363.44203265302,140363.44203265302,23.47233886659338
2026-03-27 18:30:00+01:00,-250.0,250.0,140374.6818285714,140424.69203265302,23.47233886659338
2026-03-27 18:45:00+01:00,-250.0,250.0,140435.93182857143,140435.93182857143,49.60979270527172
2026-03-27 19:00:00+01:00,-250.0,250.0,140447.17162448977,140497.18182857143,49.60979270527172
2026-03-27 19:15:00+01:00,-250.0,250.0,140508.42162448977,140508.42162448977,49.60979270527172
2026-03-27 19:30:00+01:00,-250.0,250.0,140519.66142040814,140569.67162448977,49.60979270527172
2026-03-27 19:45:00+01:00,-250.0,250.0,140580.91142040814,140580.91142040814,49.60979270527172
2026-03-27 20:00:00+01:00,-250.0,250.0,140592.1512163265,140642.16142040814,49.60979270527172
2026-03-27 20:15:00+01:00,-250.0,250.0,140653.40121632654,140653.40121632654,49.60979270527172
2026-03-27 20:30:00+01:00,-300.0,300.0,140664.6410122449,140714.65121632654,49.85224168486356
2026-03-27 20:45:00+01:00,-300.0,300.0,140713.13591020406,140738.1410122449,49.85224168486356
2026-03-27 21:00:00+01:00,-300.0,300.0,140736.62570612246,140786.63591020406,49.85224168486356
2026-03-27 21:15:00+01:00,-300.0,300.0,140785.12060408166,140810.12570612246,49.85224168486356
2026-03-27 21:30:00+01:00,-350.0,350.0,140808.6104,140858.62060408166,76.70955946912012
2026-03-27 21:45:00+01:00,-400.0,400.0,140869.35529795918,140894.3604,271.2673825983718
2026-03-27 22:00:00+01:00,-300.0,300.0,140917.34509387755,140967.35529795918,263.6114733013196
2026-03-27 22:15:00+01:00,-250.0,250.0,140965.83999183672,140990.84509387755,222.83354327216514
2026-03-27 22:30:00+01:00,-200.0,200.0,140977.07978775512,141027.08999183672,28.275720142913446
2026-03-27 22:45:00+01:00,-200.0,200.0,141001.0746857143,141026.07978775512,28.275720142913446
2026-03-27 23:00:00+01:00,-200.0,200.0,141000.06448163267,141050.07468571432,28.275720142913446
2026-03-27 23:15:00+01:00,-150.0,150.0,141024.05937959187,141049.06448163267,1.4184023586568772
2026-03-27 23:30:00+01:00,-150.0,150.0,141010.79917551024,141060.80937959187,1.4184023586568772
2026-03-27 23:45:00+01:00,-150.0,150.0,141022.54407346944,141047.54917551024,1.4184023586568772
2026-03-28 00:00:00+01:00,-200.0,200.0,141009.2838693878,141059.29407346944,21.67187174641198
2026-03-28 00:15:00+01:00,-200.0,200.0,141033.27876734696,141058.2838693878,21.67187174641198
2026-03-28 00:30:00+01:00,-200.0,200.0,141032.26856326533,141082.27876734696,21.67187174641198
2026-03-28 00:45:00+01:00,-200.0,200.0,141056.2634612245,141081.26856326533,21.67187174641198
2026-03-28 01:00:00+01:00,-150.0,150.0,141055.25325714287,141105.2634612245,1.4184023586568772
2026-03-28 01:15:00+01:00,-150.0,150.0,141066.99815510208,141092.00325714287,1.4184023586568772
2026-03-28 01:30:00+01:00,-150.0,150.0,141053.73795102042,141103.74815510208,1.4184023586568772
2026-03-28 01:45:00+01:00,-200.0,200.0,141065.48284897962,141090.48795102042,51.789422766820145
2026-03-28 02:00:00+01:00,-200.0,200.0,141064.472644898,141114.48284897962,51.789422766820145
2026-03-28 02:15:00+01:00,-200.0,200.0,141088.4675428572,141113.472644898,51.789422766820145
2026-03-28 02:30:00+01:00,-150.0,150.0,141087.45733877554,141137.4675428572,1.4184023586568772
2026-03-28 02:45:00+01:00,-200.0,200.0,141099.20223673474,141124.20733877554,147.33676970559563
2026-03-28 03:00:00+01:00,-200.0,200.0,141098.19203265308,141148.20223673474,147.33676970559563
2026-03-28 03:15:00+01:00,-200.0,200.0,141122.18693061225,141147.19203265308,147.33676970559563
2026-03-28 03:30:00+01:00,-200.0,200.0,141121.17672653063,141171.18693061225,147.33676970559563
2026-03-28 03:45:00+01:00,-150.0,150.0,141145.17162448983,141170.17672653063,1.4184023586568772
2026-03-28 04:00:00+01:00,-150.0,150.0,141131.91142040817,141181.92162448983,1.4184023586568772
2026-03-28 04:15:00+01:00,-150.0,150.0,141143.65631836737,141168.66142040817,1.4184023586568772
2026-03-28 04:30:00+01:00,-150.0,150.0,141130.39611428574,141180.40631836737,1.4184023586568772
2026-03-28 04:45:00+01:00,-150.0,150.0,141142.14101224495,141167.14611428574,1.4184023586568772
2026-03-28 05:00:00+01:00,-150.0,150.0,141128.8808081633,141178.89101224495,1.4184023586568772
2026-03-28 05:15:00+01:00,-150.0,150.0,141140.6257061225,141165.6308081633,1.4184023586568772
2026-03-28 05:30:00+01:00,-150.0,150.0,141127.36550204086,141177.3757061225,1.4184023586568772
2026-03-28 05:45:00+01:00,-150.0,150.0,141139.11040000003,141164.11550204086,1.4184023586568772
2026-03-28 06:00:00+01:00,-150.0,150.0,141125.8501959184,141175.86040000003,1.4184023586568772
2026-03-28 06:15:00+01:00,-150.0,150.0,141137.59509387758,141162.6001959184,1.4184023586568772
2026-03-28 06:30:00+01:00,-150.0,150.0,141124.33488979592,141174.34509387758,1.4184023586568772
2026-03-28 06:45:00+01:00,-150.0,150.0,141136.07978775512,141161.08488979592,1.4184023586568772
2026-03-28 07:00:00+01:00,-150.0,150.0,141122.8195836735,141172.82978775512,1.4184023586568772
2026-03-28 07:15:00+01:00,-150.0,150.0,141134.5644816327,141159.5695836735,1.4184023586568772
2026-03-28 07:30:00+01:00,-150.0,150.0,141121.30427755104,141171.3144816327,1.4184023586568772
2026-03-28 07:45:00+01:00,-150.0,150.0,141133.04917551024,141158.05427755104,1.4184023586568772
2026-03-28 08:00:00+01:00,-150.0,150.0,141119.7889714286,141169.79917551024,1.4184023586568772
2026-03-28 08:15:00+01:00,-150.0,150.0,141131.53386938781,141156.5389714286,1.4184023586568772
2026-03-28 08:30:00+01:00,-150.0,150.0,141118.27366530616,141168.28386938781,1.4184023586568772
2026-03-28 08:45:00+01:00,-200.0,200.0,141130.01856326533,141155.02366530616,120.2835043994732
2026-03-28 09:00:00+01:00,-250.0,250.0,141129.00835918367,141179.01856326533,266.20187174641194
2026-03-28 09:15:00+01:00,-250.0,250.0,141165.25325714287,141190.2583591837,151.36411664437114
2026-03-28 09:30:00+01:00,-250.0,250.0,141151.48795102045,141226.50325714287,151.36411664437114
2026-03-28 09:45:00+01:00,-250.0,250.0,141187.73284897965,141212.73795102048,151.36411664437114
2026-03-28 10:00:00+01:00,-250.0,250.0,141173.96754285716,141248.98284897965,589.1192186851874
2026-03-28 10:15:00+01:00,-200.0,200.0,141210.21244081637,141235.2175428572,5.445749297432387
2026-03-28 10:30:00+01:00,-200.0,200.0,141184.19713469394,141259.2124408164,5.445749297432387
2026-03-28 10:45:00+01:00,-200.0,200.0,141208.1920326531,141233.19713469394,5.445749297432387
2026-03-28 11:00:00+01:00,-200.0,200.0,141182.17672653066,141257.1920326531,5.445749297432387
2026-03-28 11:15:00+01:00,-200.0,200.0,141206.17162448983,141231.17672653066,5.445749297432387
2026-03-28 11:30:00+01:00,-200.0,200.0,141180.15631836737,141255.17162448983,5.445749297432387
2026-03-28 11:45:00+01:00,-200.0,200.0,141204.15121632654,141229.15631836737,5.445749297432387
2026-03-28 12:00:00+01:00,-200.0,200.0,141187.01212244903,141253.15121632654,5.445749297432387
2026-03-28 12:15:00+01:00,-200.0,200.0,141211.0070204082,141236.01212244903,5.445749297432387
2026-03-28 12:30:00+01:00,-200.0,200.0,141209.99681632657,141260.00702040823,5.445749297432387
2026-03-28 12:45:00+01:00,-200.0,200.0,141233.99171428574,141258.99681632657,5.445749297432387
2026-03-28 13:00:00+01:00,-200.0,200.0,141232.98151020415,141282.99171428577,5.445749297432387
2026-03-28 13:15:00+01:00,-200.0,200.0,141256.97640816335,141281.98151020415,5.445749297432387
2026-03-28 13:30:00+01:00,-150.0,150.0,141255.9662040817,141305.97640816335,1.4184023586568772
2026-03-28 13:45:00+01:00,-150.0,150.0,141267.7111020409,141292.7162040817,1.4184023586568772
2026-03-28 14:00:00+01:00,-250.0,250.0,141254.45089795924,141304.4611020409,66.44493297090177
2026-03-28 14:15:00+01:00,-250.0,250.0,141288.07579591838,141315.7008979592,66.44493297090177
2026-03-28 14:30:00+01:00,-250.0,250.0,141299.31559183676,141349.32579591838,66.44493297090177
2026-03-28 14:45:00+01:00,-250.0,250.0,141335.56048979596,141360.56559183676,66.44493297090177
2026-03-28 15:00:00+01:00,-350.0,350.0,141346.8002857143,141396.81048979596,309.5412850117181
2026-03-28 15:15:00+01:00,-300.0,300.0,141382.54008163267,141432.5502857143,297.5759788892691
2026-03-28 15:30:00+01:00,-250.0,250.0,141406.02987755107,141456.04008163267,56.86904011375891
2026-03-28 15:45:00+01:00,-250.0,250.0,141417.26967346945,141467.27987755107,56.86904011375891
2026-03-28 16:00:00+01:00,-250.0,250.0,141428.5094693878,141478.51967346945,56.86904011375891
2026-03-28 16:15:00+01:00,-250.0,250.0,141439.74926530616,141489.7594693878,56.86904011375891
2026-03-28 16:30:00+01:00,-250.0,250.0,141450.9890612245,141500.99926530616,56.86904011375891
2026-03-28 16:45:00+01:00,-200.0,200.0,141462.22885714285,141512.2390612245,3.8078156239630006
2026-03-28 17:00:00+01:00,-200.0,200.0,141461.21865306125,141511.22885714288,3.8078156239630006
2026-03-28 17:15:00+01:00,-200.0,200.0,141460.20844897963,141510.21865306125,3.8078156239630006
2026-03-28 17:30:00+01:00,-200.0,200.0,141459.19824489797,141509.20844897963,3.8078156239630006
2026-03-28 17:45:00+01:00,-200.0,200.0,141458.18804081634,141508.198244898,3.8078156239630006
2026-03-28 18:00:00+01:00,-200.0,200.0,141457.17783673474,141507.18804081634,3.8078156239630006
2026-03-28 18:15:00+01:00,-200.0,200.0,141456.16763265312,141506.17783673474,3.8078156239630006
2026-03-28 18:30:00+01:00,-250.0,250.0,141455.15742857146,141505.16763265312,8.505048351916567
2026-03-28 18:45:00+01:00,-250.0,250.0,141441.39212244903,141516.40742857146,8.505048351916567
2026-03-28 19:00:00+01:00,-250.0,250.0,141452.6319183674,141502.64212244903,8.505048351916567
2026-03-28 19:15:00+01:00,-250.0,250.0,141438.86661224495,141513.8819183674,8.505048351916567
2026-03-28 19:30:00+01:00,-300.0,300.0,141450.1064081633,141500.11661224498,19.09046229107714
2026-03-28 19:45:00+01:00,-300.0,300.0,141423.586,141523.60640816332,19.09046229107714
2026-03-28 20:00:00+01:00,-350.0,350.0,141447.07579591838,141497.086,21.189935760464895
2026-03-28 20:15:00+01:00,-350.0,350.0,141407.8002857143,141532.82579591838,21.189935760464895
2026-03-28 20:30:00+01:00,-350.0,350.0,141443.5400816327,141493.55028571433,21.189935760464895
2026-03-28 20:45:00+01:00,-350.0,350.0,141404.26457142862,141529.2900816327,21.189935760464895
2026-03-28 21:00:00+01:00,-350.0,350.0,141440.004367347,141490.01457142862,21.189935760464895
2026-03-28 21:15:00+01:00,-350.0,350.0,141409.3039918368,141525.754367347,21.189935760464895
2026-03-28 21:30:00+01:00,-350.0,350.0,141445.04378775516,141495.0539918368,21.189935760464895
2026-03-28 21:45:00+01:00,-350.0,350.0,141455.77848163273,141530.7937877552,21.189935760464895
2026-03-28 22:00:00+01:00,-350.0,350.0,141491.51827755108,141541.52848163273,21.189935760464895
2026-03-28 22:15:00+01:00,-350.0,350.0,141502.25297142862,141577.26827755108,21.189935760464895
2026-03-28 22:30:00+01:00,-350.0,350.0,141537.99276734696,141588.00297142862,21.189935760464895
2026-03-28 22:45:00+01:00,-350.0,350.0,141548.7274612245,141623.74276734696,21.189935760464895
2026-03-28 23:00:00+01:00,-300.0,300.0,141584.46725714288,141634.4774612245,18.800522495158773
2026-03-28 23:15:00+01:00,-300.0,300.0,141582.95195102046,141657.96725714285,18.800522495158773
2026-03-28 23:30:00+01:00,-300.0,300.0,141606.4417469388,141656.45195102043,18.800522495158773
2026-03-28 23:45:00+01:00,-300.0,300.0,141604.92644081634,141679.9417469388,18.800522495158773
2026-03-29 00:00:00+01:00,-300.0,300.0,141628.41623673475,141678.42644081634,18.800522495158773
2026-03-29 00:15:00+01:00,-300.0,300.0,141626.90093061232,141701.91623673472,18.800522495158773
2026-03-29 00:30:00+01:00,-300.0,300.0,141650.39072653063,141700.4009306123,18.800522495158773
2026-03-29 00:45:00+01:00,-300.0,300.0,141648.87542040818,141723.89072653066,18.800522495158773
2026-03-29 01:00:00+01:00,-300.0,300.0,141672.36521632655,141722.37542040818,18.800522495158773
2026-03-29 01:15:00+01:00,-300.0,300.0,141670.84991020407,141745.86521632655,18.800522495158773
2026-03-29 01:30:00+01:00,-300.0,300.0,141694.33970612244,141744.34991020407,18.800522495158773
2026-03-29 01:45:00+01:00,-300.0,300.0,141692.8244,141767.83970612247,18.800522495158773
2026-03-29 03:00:00+02:00,-300.0,300.0,141716.31419591838,141766.32440000004,18.800522495158773
2026-03-29 03:15:00+02:00,-300.0,300.0,141714.79888979593,141789.81419591838,18.800522495158773
2026-03-29 03:30:00+02:00,-300.0,300.0,141738.28868571433,141788.29888979593,18.800522495158773
2026-03-29 03:45:00+02:00,-300.0,300.0,141736.7733795919,141811.78868571433,18.800522495158773
2026-03-29 04:00:00+02:00,-300.0,300.0,141760.26317551025,141810.2733795919,18.800522495158773
2026-03-29 04:15:00+02:00,-300.0,300.0,141758.7478693878,141833.76317551025,18.800522495158773
2026-03-29 04:30:00+02:00,-300.0,300.0,141782.23766530614,141832.2478693878,18.800522495158773
2026-03-29 04:45:00+02:00,-300.0,300.0,141780.72235918368,141855.73766530614,18.800522495158773
2026-03-29 05:00:00+02:00,-300.0,300.0,141804.21215510205,141854.22235918368,18.800522495158773
2026-03-29 05:15:00+02:00,-300.0,300.0,141802.69684897963,141877.71215510205,18.800522495158773
2026-03-29 05:30:00+02:00,-300.0,300.0,141826.18664489797,141876.19684897963,18.800522495158773
2026-03-29 05:45:00+02:00,-300.0,300.0,141824.67133877552,141899.68664489797,18.800522495158773
2026-03-29 06:00:00+02:00,-300.0,300.0,141848.16113469392,141898.17133877552,18.800522495158773
2026-03-29 06:15:00+02:00,-300.0,300.0,141846.64582857146,141921.66113469392,18.800522495158773
2026-03-29 06:30:00+02:00,-300.0,300.0,141870.13562448983,141920.14582857146,18.800522495158773
2026-03-29 06:45:00+02:00,-300.0,300.0,141868.62031836738,141943.63562448983,18.800522495158773
2026-03-29 07:00:00+02:00,-300.0,300.0,141892.11011428575,141942.12031836738,18.800522495158773
2026-03-29 07:15:00+02:00,-300.0,300.0,141890.5948081633,141965.61011428575,18.800522495158773
2026-03-29 07:30:00+02:00,-300.0,300.0,141914.08460408167,141964.09480816333,18.800522495158773
2026-03-29 07:45:00+02:00,-300.0,300.0,141912.56929795918,141987.58460408167,18.800522495158773
2026-03-29 08:00:00+02:00,-300.0,300.0,141936.05909387756,141986.06929795918,18.800522495158773
2026-03-29 08:15:00+02:00,-300.0,300.0,141934.5437877551,142009.55909387756,18.800522495158773
2026-03-29 08:30:00+02:00,-300.0,300.0,141958.0335836735,142008.0437877551,18.800522495158773
2026-03-29 08:45:00+02:00,-300.0,300.0,141956.51827755105,142031.5335836735,18.800522495158773
2026-03-29 09:00:00+02:00,-300.0,300.0,141980.00807346942,142030.01827755105,18.800522495158773
2026-03-29 09:15:00+02:00,-300.0,300.0,141978.49276734696,142053.50807346942,18.800522495158773
2026-03-29 09:30:00+02:00,-300.0,300.0,142001.98256326537,142051.99276734696,18.800522495158773
2026-03-29 09:45:00+02:00,-250.0,250.0,142000.4672571429,142075.48256326537,8.2151085559982
2026-03-29 10:00:00+02:00,-250.0,250.0,142011.70705306125,142061.7172571429,8.2151085559982
2026-03-29 10:15:00+02:00,-250.0,250.0,141997.94174693877,142072.95705306125,8.2151085559982
2026-03-29 10:30:00+02:00,-250.0,250.0,142009.18154285714,142059.19174693877,8.2151085559982
2026-03-29 10:45:00+02:00,-250.0,250.0,141995.4162367347,142070.43154285714,8.2151085559982
2026-03-29 11:00:00+02:00,-250.0,250.0,142006.6560326531,142056.6662367347,8.2151085559982
2026-03-29 11:15:00+02:00,-300.0,300.0,141992.89072653063,142067.9060326531,9.165662491858257
2026-03-29 11:30:00+02:00,-300.0,300.0,141991.3754204082,142066.39072653063,9.165662491858257
2026-03-29 11:45:00+02:00,-300.0,300.0,141989.86011428575,142064.8754204082,9.165662491858257
2026-03-29 12:00:00+02:00,-300.0,300.0,141988.34480816333,142063.36011428575,9.165662491858257
2026-03-29 12:15:00+02:00,-300.0,300.0,142003.51137142864,142061.84480816333,9.165662491858257
2026-03-29 12:30:00+02:00,-300.0,300.0,142001.99606530616,142077.01137142864,9.165662491858257
2026-03-29 12:45:00+02:00,-300.0,300.0,142025.4858612245,142075.49606530616,9.165662491858257
2026-03-29 13:00:00+02:00,-300.0,300.0,142023.97055510205,142098.9858612245,9.165662491858257
2026-03-29 13:15:00+02:00,-300.0,300.0,142047.46035102042,142097.47055510205,9.165662491858257
2026-03-29 13:30:00+02:00,-300.0,300.0,142045.945044898,142120.96035102042,9.165662491858257
2026-03-29 13:45:00+02:00,-300.0,300.0,142069.43484081636,142119.445044898,9.165662491858257
2026-03-29 14:00:00+02:00,-300.0,300.0,142067.9195346939,142142.93484081636,9.165662491858257
2026-03-29 14:15:00+02:00,-300.0,300.0,142091.40933061228,142141.4195346939,9.165662491858257
2026-03-29 14:30:00+02:00,-300.0,300.0,142089.89402448985,142164.90933061228,9.165662491858257
2026-03-29 14:45:00+02:00,-300.0,300.0,142113.38382040823,142163.39402448985,9.165662491858257
2026-03-29 15:00:00+02:00,-300.0,300.0,142111.86851428577,142186.88382040823,9.165662491858257
2026-03-29 15:15:00+02:00,-300.0,300.0,142135.35831020412,142185.36851428577,9.165662491858257
2026-03-29 15:30:00+02:00,-300.0,300.0,142133.84300408166,142208.85831020412,9.165662491858257
2026-03-29 15:45:00+02:00,-300.0,300.0,142157.3328,142207.34300408166,9.165662491858257
2026-03-29 16:00:00+02:00,-300.0,300.0,142155.81749387758,142230.83280000003,9.165662491858257
2026-03-29 16:15:00+02:00,-300.0,300.0,142179.30728979595,142229.31749387758,9.165662491858257
2026-03-29 16:30:00+02:00,-300.0,300.0,142177.7919836735,142252.80728979598,9.165662491858257
2026-03-29 16:45:00+02:00,-300.0,300.0,142201.2817795919,142251.2919836735,9.165662491858257
2026-03-29 17:00:00+02:00,-300.0,300.0,142199.76647346944,142274.7817795919,9.165662491858257
2026-03-29 17:15:00+02:00,-300.0,300.0,142229.2138530613,142273.26647346947,9.165662491858257
2026-03-29 17:30:00+02:00,-300.0,300.0,142245.50607346944,142302.7138530613,9.165662491858257
2026-03-29 17:45:00+02:00,-300.0,300.0,142294.0009714286,142319.00607346944,9.165662491858257
2026-03-29 18:00:00+02:00,-300.0,300.0,142317.490767347,142367.50097142864,9.165662491858257
2026-03-29 18:15:00+02:00,-300.0,300.0,142365.98566530616,142390.990767347,9.165662491858257
2026-03-29 18:30:00+02:00,-300.0,300.0,142389.47546122456,142439.48566530616,9.165662491858257
2026-03-29 18:45:00+02:00,-300.0,300.0,142437.97035918373,142462.97546122456,9.165662491858257
2026-03-29 19:00:00+02:00,-300.0,300.0,142461.4601551021,142511.47035918373,9.165662491858257
2026-03-29 19:15:00+02:00,-300.0,300.0,142509.9550530613,142534.9601551021,9.165662491858257
2026-03-29 19:30:00+02:00,-300.0,300.0,142533.44484897968,142583.4550530613,9.165662491858257
2026-03-29 19:45:00+02:00,-300.0,300.0,142581.93974693885,142606.94484897968,9.165662491858257
2026-03-29 20:00:00+02:00,-300.0,300.0,142605.42954285722,142655.43974693888,9.165662491858257
2026-03-29 20:15:00+02:00,-300.0,300.0,142653.92444081642,142678.92954285725,9.165662491858257
2026-03-29 20:30:00+02:00,-300.0,300.0,142677.4142367348,142727.42444081642,9.165662491858257
2026-03-29 20:45:00+02:00,-300.0,300.0,142725.909134694,142750.9142367348,9.165662491858257
2026-03-29 21:00:00+02:00,-300.0,300.0,142749.39893061237,142799.409134694,9.165662491858257
2026-03-29 21:15:00+02:00,-300.0,300.0,142797.89382857154,142822.89893061237,9.165662491858257
2026-03-29 21:30:00+02:00,-350.0,350.0,142821.38362448988,142871.39382857154,13.563813752362456
2026-03-29 21:45:00+02:00,-350.0,350.0,142857.12342040826,142907.13362448988,13.563813752362456
2026-03-29 22:00:00+02:00,-300.0,300.0,142892.86321632666,142942.87342040826,11.464340282974701
2026-03-29 22:15:00+02:00,-300.0,300.0,142916.353012245,142966.36321632666,11.464340282974701
2026-03-29 22:30:00+02:00,-300.0,300.0,142939.84280816338,142989.85301224503,11.464340282974701
2026-03-29 22:45:00+02:00,-250.0,250.0,142963.33260408175,143013.3428081634,6.767107555021135
2026-03-29 23:00:00+02:00,-250.0,250.0,142974.57240000012,143024.58260408175,6.767107555021135
2026-03-29 23:15:00+02:00,-300.0,300.0,142985.8121959185,143035.82240000012,104.04601911964697
2026-03-29 23:30:00+02:00,-300.0,300.0,143009.30199183687,143059.3121959185,104.04601911964697
2026-03-29 23:45:00+02:00,-250.0,250.0,143032.7917877552,143082.80199183687,102.98520445231662
2026-03-30 00:00:00+02:00,-250.0,250.0,143044.03158367355,143094.0417877552,102.98520445231662
2026-03-30 00:15:00+02:00,-250.0,250.0,143070.32519183683,143105.28158367355,102.98520445231662
2026-03-30 00:30:00+02:00,-250.0,250.0,143081.56498775524,143131.57519183683,102.98520445231662
2026-03-30 00:45:00+02:00,-300.0,300.0,143117.8098857144,143142.81498775524,60.528796289051336
2026-03-30 01:00:00+02:00,-300.0,300.0,143141.29968163275,143191.3098857144,60.528796289051336
2026-03-30 01:15:00+02:00,-300.0,300.0,143189.79457959195,143214.79968163275,60.528796289051336
2026-03-30 01:30:00+02:00,-250.0,250.0,143225.369534694,143263.29457959195,34.458047989731604
2026-03-30 01:45:00+02:00,-200.0,200.0,143261.61443265318,143286.619534694,30.059896729227408
2026-03-30 02:00:00+02:00,-150.0,150.0,143285.60933061235,143310.61443265318,1.308141627186588
2026-03-30 02:15:00+02:00,-150.0,150.0,143297.35422857155,143322.35933061238,1.308141627186588
2026-03-30 02:30:00+02:00,-150.0,150.0,143309.09912653072,143334.10422857155,1.308141627186588
2026-03-30 02:45:00+02:00,-150.0,150.0,143320.8440244899,143345.84912653072,1.308141627186588
2026-03-30 03:00:00+02:00,-100.0,100.0,143332.5889224491,143357.5940244899,0.3575876913265304
2026-03-30 03:15:00+02:00,-100.0,100.0,143332.08382040827,143357.0889224491,0.3575876913265304
2026-03-30 03:30:00+02:00,-100.0,100.0,143331.57871836744,143356.58382040827,0.3575876913265304
2026-03-30 03:45:00+02:00,-100.0,100.0,143331.07361632664,143356.07871836744,0.3575876913265304
2026-03-30 04:00:00+02:00,-150.0,150.0,143330.56851428584,143355.57361632664,148.90248565051016
2026-03-30 04:15:00+02:00,-100.0,100.0,143342.31341224504,143367.31851428584,0.3575876913265304
2026-03-30 04:30:00+02:00,-150.0,150.0,143341.80831020421,143366.81341224504,124.03799585459183
2026-03-30 04:45:00+02:00,-150.0,150.0,143353.5532081634,143378.55831020421,73.79538360969387
2026-03-30 05:00:00+02:00,-150.0,150.0,143365.29810612256,143390.3032081634,73.79538360969387
2026-03-30 05:15:00+02:00,-150.0,150.0,143377.04300408173,143402.04810612256,73.79538360969387
2026-03-30 05:30:00+02:00,-150.0,150.0,143388.78790204093,143413.79300408173,73.79538360969387
2026-03-30 05:45:00+02:00,-150.0,150.0,143400.5328000001,143425.53790204093,73.79538360969387
2026-03-30 06:00:00+02:00,-100.0,100.0,143412.27769795927,143437.2828000001,0.3575876913265304
2026-03-30 06:15:00+02:00,-100.0,100.0,143411.77259591848,143436.77769795927,0.3575876913265304
2026-03-30 06:30:00+02:00,-100.0,100.0,143411.26749387768,143436.27259591848,0.3575876913265304
2026-03-30 06:45:00+02:00,-100.0,100.0,143410.76239183688,143435.76749387768,0.3575876913265304
2026-03-30 07:00:00+02:00,-150.0,150.0,143410.25728979605,143435.26239183688,21.749220344387748
2026-03-30 07:15:00+02:00,-150.0,150.0,143422.00218775522,143447.00728979605,21.749220344387748
2026-03-30 07:30:00+02:00,-150.0,150.0,143433.74708571442,143458.75218775522,21.749220344387748
2026-03-30 07:45:00+02:00,-150.0,150.0,143445.4919836736,143470.49708571442,21.749220344387748
2026-03-30 08:00:00+02:00,-100.0,100.0,143457.23688163277,143482.2419836736,0.3575876913265304
2026-03-30 08:15:00+02:00,-100.0,100.0,143456.73177959194,143481.73688163277,0.3575876913265304
2026-03-30 08:30:00+02:00,-100.0,100.0,143456.2266775511,143481.23177959194,0.3575876913265304
2026-03-30 08:45:00+02:00,-100.0,100.0,143464.26591836746,143480.7266775511,0.3575876913265304
2026-03-30 09:00:00+02:00,-150.0,150.0,143463.76081632666,143488.76591836746,7.109522385204082
2026-03-30 09:15:00+02:00,-150.0,150.0,143475.50571428586,143500.51081632666,7.109522385204082
2026-03-30 09:30:00+02:00,-200.0,200.0,143487.25061224503,143512.25571428586,56.444522385204074
2026-03-30 09:45:00+02:00,-250.0,250.0,143511.2455102042,143536.25061224503,63.474420344387745
2026-03-30 10:00:00+02:00,-250.0,250.0,143522.48530612257,143572.4955102042,63.474420344387745
2026-03-30 10:15:00+02:00,-250.0,250.0,143558.73020408177,143583.73530612257,63.474420344387745
2026-03-30 10:30:00+02:00,-200.0,200.0,143569.97000000012,143619.98020408177,14.139420344387755
2026-03-30 10:45:00+02:00,-250.0,250.0,143593.96489795932,143618.97000000012,17.824901393950437
2026-03-30 11:00:00+02:00,-250.0,250.0,143580.19959183683,143655.21489795932,17.824901393950437
2026-03-30 11:15:00+02:00,-200.0,200.0,143616.44448979603,143641.44959183686,17.5824524143586
2026-03-30 11:30:00+02:00,-250.0,250.0,143590.42918367358,143665.44448979603,20.57109881169304
2026-03-30 11:45:00+02:00,-250.0,250.0,143601.66897959198,143651.6791836736,20.57109881169304
2026-03-30 12:00:00+02:00,-250.0,250.0,143587.9036734695,143662.91897959198,20.57109881169304
2026-03-30 12:15:00+02:00,-300.0,300.0,143599.14346938787,143649.1536734695,215.12892194094474
2026-03-30 12:30:00+02:00,-300.0,300.0,143597.62816326544,143672.64346938787,215.12892194094474
2026-03-30 12:45:00+02:00,-300.0,300.0,143621.1179591838,143671.12816326544,215.12892194094474
2026-03-30 13:00:00+02:00,-300.0,300.0,143619.60265306136,143694.61795918382,115.47640493414202
2026-03-30 13:15:00+02:00,-300.0,300.0,143643.0924489797,143693.10265306136,115.47640493414202
2026-03-30 13:30:00+02:00,-250.0,250.0,143641.57714285728,143716.59244897973,20.57109881169304
2026-03-30 13:45:00+02:00,-250.0,250.0,143652.81693877562,143702.82714285728,20.57109881169304
2026-03-30 14:00:00+02:00,-250.0,250.0,143639.0516326532,143714.06693877562,20.57109881169304
2026-03-30 14:15:00+02:00,-250.0,250.0,143650.29142857157,143700.3016326532,20.57109881169304
2026-03-30 14:30:00+02:00,-300.0,300.0,143636.52612244908,143711.54142857157,105.14538452597878
2026-03-30 14:45:00+02:00,-250.0,250.0,143678.42194285727,143710.02612244908,20.57109881169304
2026-03-30 15:00:00+02:00,-250.0,250.0,143664.65663673484,143739.67194285727,20.57109881169304
2026-03-30 15:15:00+02:00,-250.0,250.0,143700.901534694,143725.90663673484,20.57109881169304
2026-03-30 15:30:00+02:00,-250.0,250.0,143708.44105306137,143762.151534694,20.57109881169304
2026-03-30 15:45:00+02:00,-250.0,250.0,143744.68595102054,143769.69105306137,20.57109881169304
2026-03-30 16:00:00+02:00,-250.0,250.0,143755.92574693888,143805.93595102054,20.57109881169304
2026-03-30 16:15:00+02:00,-350.0,350.0,143792.17064489805,143817.17574693888,73.42160901577466
2026-03-30 16:30:00+02:00,-350.0,350.0,143802.90533877566,143877.92064489805,73.42160901577466
2026-03-30 16:45:00+02:00,-350.0,350.0,143863.65023673483,143888.65533877566,73.42160901577466
2026-03-30 17:00:00+02:00,-350.0,350.0,143888.743134694,143949.40023673483,73.42160901577466
2026-03-30 17:15:00+02:00,-350.0,350.0,143949.48803265317,143974.493134694,73.42160901577466
2026-03-30 17:30:00+02:00,-350.0,350.0,143985.22782857154,144035.23803265314,73.42160901577466
2026-03-30 17:45:00+02:00,-350.0,350.0,144045.97272653074,144070.97782857154,73.42160901577466
2026-03-30 18:00:00+02:00,-350.0,350.0,144081.7125224491,144131.72272653074,73.42160901577466
2026-03-30 18:15:00+02:00,-300.0,300.0,144142.45742040826,144167.46252244912,65.4690579953665
2026-03-30 18:30:00+02:00,-300.0,300.0,144165.94721632663,144215.9574204083,65.4690579953665
2026-03-30 18:45:00+02:00,-300.0,300.0,144214.44211428583,144239.44721632663,65.4690579953665
2026-03-30 19:00:00+02:00,-300.0,300.0,144237.9319102042,144287.9421142858,65.4690579953665
2026-03-30 19:15:00+02:00,-300.0,300.0,144286.42680816338,144311.4319102042,65.4690579953665
2026-03-30 19:30:00+02:00,-250.0,250.0,144309.91660408175,144359.92680816338,20.57109881169304
2026-03-30 19:45:00+02:00,-250.0,250.0,144346.16150204092,144371.16660408175,20.57109881169304
2026-03-30 20:00:00+02:00,-250.0,250.0,144357.40129795932,144407.41150204095,20.57109881169304
2026-03-30 20:15:00+02:00,-250.0,250.0,144393.6461959185,144418.65129795932,20.57109881169304
2026-03-30 20:30:00+02:00,-250.0,250.0,144404.88599183684,144454.8961959185,20.57109881169304
2026-03-30 20:45:00+02:00,-250.0,250.0,144459.49262857155,144466.13599183684,20.57109881169304
2026-03-30 21:00:00+02:00,-250.0,250.0,144470.73242448995,144520.74262857155,20.57109881169304
2026-03-30 21:15:00+02:00,-350.0,350.0,144531.98242448995,144531.98242448995,185.3070988116931
2026-03-30 21:30:00+02:00,-250.0,250.0,144573.62606530628,144617.73242448995,114.70128656679509
2026-03-30 21:45:00+02:00,-300.0,300.0,144634.87606530628,144634.87606530628,134.56564030829168
2026-03-30 22:00:00+02:00,-300.0,300.0,144683.37096326545,144708.37606530628,134.56564030829168
2026-03-30 22:15:00+02:00,-350.0,350.0,144756.87096326545,144756.87096326545,136.32314597722592
2026-03-30 22:30:00+02:00,-250.0,250.0,144792.61075918382,144842.62096326542,15.576669786749735
2026-03-30 22:45:00+02:00,-200.0,200.0,144853.86075918382,144853.86075918382,8.546771827566062
2026-03-30 23:00:00+02:00,-200.0,200.0,144852.85055510217,144902.8607591838,8.546771827566062
2026-03-30 23:15:00+02:00,-200.0,200.0,144901.85055510217,144901.85055510217,8.546771827566062
2026-03-30 23:30:00+02:00,-200.0,200.0,144900.84035102054,144950.85055510217,8.546771827566062
2026-03-30 23:45:00+02:00,-150.0,150.0,144949.84035102054,144949.84035102054,5.558125430231619
2026-03-31 00:00:00+02:00,-150.0,150.0,144936.5801469389,144986.59035102054,5.558125430231619
2026-03-31 00:15:00+02:00,-150.0,150.0,144973.33014693888,144973.33014693888,5.558125430231619
2026-03-31 00:30:00+02:00,-150.0,150.0,144960.06994285726,145010.08014693888,5.558125430231619
2026-03-31 00:45:00+02:00,-150.0,150.0,144996.81994285726,144996.81994285726,5.558125430231619
2026-03-31 01:00:00+02:00,-250.0,250.0,144983.55973877563,145033.56994285726,54.075982573088766
2026-03-31 01:15:00+02:00,-250.0,250.0,145044.80973877563,145044.80973877563,54.075982573088766
2026-03-31 01:30:00+02:00,-250.0,250.0,145056.04953469397,145106.05973877563,54.075982573088766
2026-03-31 01:45:00+02:00,-250.0,250.0,145117.299534694,145117.299534694,54.075982573088766
2026-03-31 02:00:00+02:00,-250.0,250.0,145128.53933061237,145178.549534694,228.42411182478943
2026-03-31 02:15:00+02:00,-200.0,200.0,145189.78933061237,145189.78933061237,200.11594855948331
2026-03-31 02:30:00+02:00,-150.0,150.0,145188.77912653072,145238.78933061237,196.43046750992062
2026-03-31 02:45:00+02:00,-100.0,100.0,145225.52912653072,145225.52912653072,1.8726443806689355
2026-03-31 03:00:00+02:00,-100.0,100.0,145200.0189224491,145250.02912653072,1.8726443806689355
2026-03-31 03:15:00+02:00,-100.0,100.0,145224.5189224491,145224.5189224491,1.8726443806689355
2026-03-31 03:30:00+02:00,-100.0,100.0,145199.00871836746,145249.0189224491,1.8726443806689355
2026-03-31 03:45:00+02:00,-100.0,100.0,145223.50871836746,145223.50871836746,1.8726443806689355
2026-03-31 04:00:00+02:00,-150.0,150.0,145197.9985142858,145248.00871836746,92.86733825821996
2026-03-31 04:15:00+02:00,-150.0,150.0,145234.7485142858,145234.7485142858,92.86733825821996
2026-03-31 04:30:00+02:00,-150.0,150.0,145221.4883102042,145271.49851428583,92.86733825821996
2026-03-31 04:45:00+02:00,-200.0,200.0,145258.2383102042,145258.2383102042,210.96393689767572
2026-03-31 05:00:00+02:00,-200.0,200.0,145257.22810612255,145307.2383102042,210.96393689767572
2026-03-31 05:15:00+02:00,-150.0,150.0,145306.22810612255,145306.22810612255,119.9692430201247
2026-03-31 05:30:00+02:00,-100.0,100.0,145292.96790204092,145342.97810612258,1.8726443806689355
2026-03-31 05:45:00+02:00,-100.0,100.0,145317.46790204092,145317.46790204092,1.8726443806689355
2026-03-31 06:00:00+02:00,-100.0,100.0,145313.04413061237,145341.96790204092,1.8726443806689355
2026-03-31 06:15:00+02:00,-100.0,100.0,145337.54413061237,145337.54413061237,1.8726443806689355
2026-03-31 06:30:00+02:00,-100.0,100.0,145337.03902857154,145362.04413061237,1.8726443806689355
2026-03-31 06:45:00+02:00,-100.0,100.0,145361.53902857154,145361.53902857154,1.8726443806689355
2026-03-31 07:00:00+02:00,-150.0,150.0,145361.03392653074,145386.03902857154,18.74080764597506
2026-03-31 07:15:00+02:00,-100.0,100.0,145397.78392653074,145397.78392653074,16.983301977040817
2026-03-31 07:30:00+02:00,-100.0,100.0,145397.2788244899,145422.28392653074,16.983301977040817
2026-03-31 07:45:00+02:00,-100.0,100.0,145421.7788244899,145421.7788244899,16.983301977040817
2026-03-31 08:00:00+02:00,-100.0,100.0,145421.2737224491,145446.2788244899,16.983301977040817
2026-03-31 08:15:00+02:00,-100.0,100.0,145445.7737224491,145445.7737224491,41.93534279336735
2026-03-31 08:30:00+02:00,-200.0,200.0,145445.2686204083,145470.2737224491,630.7159550382655
2026-03-31 08:45:00+02:00,-100.0,100.0,145494.2686204083,145494.2686204083,114.71942442602042
2026-03-31 09:00:00+02:00,-100.0,100.0,145493.76351836746,145518.7686204083,11.536377778790088
2026-03-31 09:15:00+02:00,-100.0,100.0,145493.25841632663,145518.26351836746,11.536377778790088
2026-03-31 09:30:00+02:00,-100.0,100.0,145492.75331428583,145517.75841632663,11.536377778790088
2026-03-31 09:45:00+02:00,-150.0,150.0,145512.65721632665,145517.25331428583,21.431655752048357
2026-03-31 10:00:00+02:00,-150.0,150.0,145502.5997142858,145549.40721632665,21.431655752048357
2026-03-31 10:15:00+02:00,-150.0,150.0,145536.14701224503,145539.3497142858,21.431655752048357
2026-03-31 10:30:00+02:00,-150.0,150.0,145526.594612245,145572.89701224503,21.431655752048357
2026-03-31 10:45:00+02:00,-200.0,200.0,145559.6368081634,145563.344612245,45.165941466334075
2026-03-31 11:00:00+02:00,-200.0,200.0,145562.83951020418,145608.6368081634,45.165941466334075
2026-03-31 11:15:00+02:00,-250.0,250.0,145607.62660408174,145611.83951020418,129.68185983368102
2026-03-31 11:30:00+02:00,-250.0,250.0,145623.58440816335,145668.87660408174,628.8394108540892
2026-03-31 11:45:00+02:00,-200.0,200.0,145680.11640000012,145684.83440816338,45.165941466334075
2026-03-31 12:00:00+02:00,-250.0,250.0,145684.32930612258,145729.11640000012,145.79124758878305
2026-03-31 12:15:00+02:00,-250.0,250.0,145740.3561959185,145745.57930612256,145.79124758878305
2026-03-31 12:30:00+02:00,-300.0,300.0,145757.32420408173,145801.60619591846,262.5259414663341
2026-03-31 12:45:00+02:00,-300.0,300.0,145827.07420408173,145830.82420408173,262.5259414663341
2026-03-31 13:00:00+02:00,-250.0,250.0,145875.56910204093,145900.57420408173,161.90063534388509
2026-03-31 13:15:00+02:00,-250.0,250.0,145936.81910204093,145936.81910204093,161.90063534388509
2026-03-31 13:30:00+02:00,-200.0,200.0,145973.06400000013,145998.06910204096,138.16634962959935
2026-03-31 13:45:00+02:00,-150.0,150.0,146022.06400000013,146022.06400000013,21.431655752048357
2026-03-31 14:00:00+02:00,-150.0,150.0,146033.8088979593,146058.81400000013,21.431655752048357
2026-03-31 14:15:00+02:00,-150.0,150.0,146070.5588979593,146070.5588979593,21.431655752048357
2026-03-31 14:30:00+02:00,-150.0,150.0,146082.3037959185,146107.3088979593,21.431655752048357
2026-03-31 14:45:00+02:00,-150.0,150.0,146119.0537959185,146119.0537959185,21.431655752048357
2026-03-31 15:00:00+02:00,-150.0,150.0,146130.79869387767,146155.8037959185,21.431655752048357
2026-03-31 15:15:00+02:00,-150.0,150.0,146167.54869387767,146167.54869387767,21.431655752048357
2026-03-31 15:30:00+02:00,-150.0,150.0,146179.29359183687,146204.29869387767,21.431655752048357
2026-03-31 15:45:00+02:00,-150.0,150.0,146216.04359183685,146216.04359183685,21.431655752048357
2026-03-31 16:00:00+02:00,-100.0,100.0,146227.78848979602,146252.79359183685,10.010416684992961
2026-03-31 16:15:00+02:00,-100.0,100.0,146252.28848979602,146252.28848979602,10.010416684992961
2026-03-31 16:30:00+02:00,-150.0,150.0,146251.7833877552,146276.78848979602,18.940620766625617
2026-03-31 16:45:00+02:00,-150.0,150.0,146263.5282857144,146288.5333877552,18.940620766625617
2026-03-31 17:00:00+02:00,-150.0,150.0,146275.2731836736,146300.2782857144,18.940620766625617
2026-03-31 17:15:00+02:00,-150.0,150.0,146287.01808163276,146312.0231836736,18.940620766625617
2026-03-31 17:30:00+02:00,-150.0,150.0,146298.76297959193,146323.76808163276,18.940620766625617
2026-03-31 17:45:00+02:00,-150.0,150.0,146315.55518367357,146335.51297959193,18.940620766625617
2026-03-31 18:00:00+02:00,-150.0,150.0,146327.30008163277,146352.30518367357,18.940620766625617
2026-03-31 18:15:00+02:00,-150.0,150.0,146364.05008163277,146364.05008163277,18.940620766625617
2026-03-31 18:30:00+02:00,-150.0,150.0,146375.79497959194,146400.80008163277,18.940620766625617
2026-03-31 18:45:00+02:00,-150.0,150.0,146412.54497959194,146412.54497959194,18.940620766625617
2026-03-31 19:00:00+02:00,-250.0,250.0,146424.2898775511,146449.29497959194,318.6075595421358
2026-03-31 19:15:00+02:00,-250.0,250.0,146460.5347755103,146485.5398775511,318.6075595421358
2026-03-31 19:30:00+02:00,-200.0,200.0,146496.77967346951,146521.7847755103,26.770824848258272
2026-03-31 19:45:00+02:00,-200.0,200.0,146520.77457142872,146545.77967346951,26.770824848258272
2026-03-31 20:00:00+02:00,-200.0,200.0,146544.7694693879,146569.77457142872,26.770824848258272
2026-03-31 20:15:00+02:00,-200.0,200.0,146584.28647346952,146593.7694693879,26.770824848258272
2026-03-31 20:30:00+02:00,-200.0,200.0,146608.28137142872,146633.28647346952,26.770824848258272
2026-03-31 20:45:00+02:00,-200.0,200.0,146657.28137142872,146657.28137142872,26.770824848258272
2026-03-31 21:00:00+02:00,-200.0,200.0,146681.2762693879,146706.28137142872,26.770824848258272
2026-03-31 21:15:00+02:00,-200.0,200.0,146730.2762693879,146730.2762693879,26.770824848258272
2026-03-31 21:30:00+02:00,-150.0,150.0,146754.2711673471,146779.2762693879,17.840620766625612
2026-03-31 21:45:00+02:00,-200.0,200.0,146791.0211673471,146791.0211673471,364.9512330115236
2026-03-31 22:00:00+02:00,-200.0,200.0,146815.01606530626,146840.0211673471,32.738886072748066
2026-03-31 22:15:00+02:00,-150.0,150.0,146864.01606530626,146864.01606530626,24.908681991115415
2026-03-31 22:30:00+02:00,-200.0,200.0,146875.76096326543,146900.76606530626,348.1470493380542
2026-03-31 22:45:00+02:00,-150.0,150.0,146924.76096326543,146924.76096326543,24.908681991115415
2026-03-31 23:00:00+02:00,-100.0,100.0,146936.50586122464,146961.51096326543,10.010416684992961
2026-03-31 23:15:00+02:00,-100.0,100.0,146961.0058612246,146961.0058612246,10.010416684992961
2026-03-31 23:30:00+02:00,-100.0,100.0,146960.50075918378,146985.5058612246,10.010416684992961
2026-03-31 23:45:00+02:00,-100.0,100.0,146985.00075918378,146985.00075918378,10.010416684992961
2026-04-01 00:00:00+02:00,-100.0,100.0,146984.49565714298,147009.50075918378,10.010416684992961
2026-04-01 00:15:00+02:00,-50.0,50.0,147008.99565714298,147008.99565714298,0.11513871173469382
2026-04-01 00:30:00+02:00,-50.0,50.0,146996.24055510215,147021.24565714298,0.11513871173469382
2026-04-01 00:45:00+02:00,-50.0,50.0,147008.49055510215,147008.49055510215,0.11513871173469382
2026-04-01 01:00:00+02:00,-100.0,100.0,146995.73545306132,147020.74055510215,35.89432238520408
2026-04-01 01:15:00+02:00,-100.0,100.0,147020.23545306132,147020.23545306132,35.89432238520408
2026-04-01 01:30:00+02:00,-100.0,100.0,147019.73035102052,147044.73545306132,35.89432238520408
2026-04-01 01:45:00+02:00,-150.0,150.0,147044.23035102052,147044.23035102052,230.45214551445576
2026-04-01 02:00:00+02:00,-100.0,100.0,147055.9752489797,147080.98035102052,194.67296184098637
2026-04-01 02:15:00+02:00,-100.0,100.0,147080.4752489797,147080.4752489797,194.67296184098637
2026-04-01 02:30:00+02:00,-50.0,50.0,147079.9701469389,147104.9752489797,0.11513871173469382
2026-04-01 02:45:00+02:00,-50.0,50.0,147092.2201469389,147092.2201469389,0.11513871173469382
2026-04-01 03:00:00+02:00,-100.0,100.0,147079.46504489807,147104.4701469389,14.89180537840136
2026-04-01 03:15:00+02:00,-100.0,100.0,147103.96504489807,147103.96504489807,14.89180537840136
2026-04-01 03:30:00+02:00,-100.0,100.0,147103.45994285724,147128.46504489807,14.89180537840136
2026-04-01 03:45:00+02:00,-100.0,100.0,147127.95994285724,147127.95994285724,14.89180537840136
2026-04-01 04:00:00+02:00,-100.0,100.0,147127.45484081644,147152.45994285724,14.89180537840136
2026-04-01 04:15:00+02:00,-100.0,100.0,147151.95484081644,147151.95484081644,14.89180537840136
2026-04-01 04:30:00+02:00,-100.0,100.0,147151.4497387756,147176.45484081644,14.89180537840136
2026-04-01 04:45:00+02:00,-100.0,100.0,147175.9497387756,147175.9497387756,14.89180537840136
2026-04-01 05:00:00+02:00,-100.0,100.0,147175.4446367348,147200.4497387756,14.89180537840136
2026-04-01 05:15:00+02:00,-100.0,100.0,147199.9446367348,147199.9446367348,14.89180537840136
2026-04-01 05:30:00+02:00,-150.0,150.0,147199.439534694,147224.4446367348,377.58649925595233
2026-04-01 05:45:00+02:00,-100.0,100.0,147236.189534694,147236.189534694,14.89180537840136
2026-04-01 06:00:00+02:00,-50.0,50.0,147235.68443265316,147260.689534694,0.11513871173469382
2026-04-01 06:15:00+02:00,-50.0,50.0,147247.93443265316,147247.93443265316,0.11513871173469382
2026-04-01 06:30:00+02:00,-50.0,50.0,147235.17933061236,147260.18443265316,0.11513871173469382
2026-04-01 06:45:00+02:00,-50.0,50.0,147247.42933061236,147247.42933061236,0.11513871173469382
2026-04-01 07:00:00+02:00,-50.0,50.0,147234.67422857153,147259.67933061236,0.11513871173469382
2026-04-01 07:15:00+02:00,-100.0,100.0,147246.92422857153,147246.92422857153,3.2245264668367355
2026-04-01 07:30:00+02:00,-100.0,100.0,147221.4140244899,147271.42422857153,3.2245264668367355
2026-04-01 07:45:00+02:00,-100.0,100.0,147245.9140244899,147245.9140244899,3.2245264668367355
2026-04-01 08:00:00+02:00,-100.0,100.0,147220.40382040828,147270.4140244899,3.2245264668367355
2026-04-01 08:15:00+02:00,-100.0,100.0,147244.90382040828,147244.90382040828,3.2245264668367355
2026-04-01 08:30:00+02:00,-100.0,100.0,147219.39361632665,147269.40382040828,3.2245264668367355
2026-04-01 08:45:00+02:00,-200.0,200.0,147243.89361632665,147243.89361632665,283.2272815688775
2026-04-01 09:00:00+02:00,-150.0,150.0,147242.88341224502,147292.89361632665,78.53299585459185
2026-04-01 09:15:00+02:00,-150.0,150.0,147279.63341224502,147279.63341224502,78.53299585459185
2026-04-01 09:30:00+02:00,-200.0,200.0,147266.37320816336,147316.38341224502,662.206465242347
2026-04-01 09:45:00+02:00,-100.0,100.0,147315.3732081634,147315.3732081634,3.2245264668367355
2026-04-01 10:00:00+02:00,-100.0,100.0,147289.86300408177,147339.8732081634,3.2245264668367355
2026-04-01 10:15:00+02:00,-100.0,100.0,147314.36300408177,147314.36300408177,3.2245264668367355
2026-04-01 10:30:00+02:00,-100.0,100.0,147288.8528000001,147338.86300408177,3.2245264668367355
2026-04-01 10:45:00+02:00,-100.0,100.0,147313.3528000001,147313.3528000001,3.2245264668367355
2026-04-01 11:00:00+02:00,-100.0,100.0,147287.8425959185,147337.8528000001,3.2245264668367355
2026-04-01 11:15:00+02:00,-100.0,100.0,147312.3425959185,147312.3425959185,3.2245264668367355
2026-04-01 11:30:00+02:00,-100.0,100.0,147286.83239183686,147336.8425959185,3.2245264668367355
2026-04-01 11:45:00+02:00,-150.0,150.0,147311.33239183686,147311.33239183686,27.97677136479592
2026-04-01 12:00:00+02:00,-150.0,150.0,147298.0721877552,147348.08239183686,27.97677136479592
2026-04-01 12:15:00+02:00,-200.0,200.0,147334.82218775523,147334.82218775523,30.012015375443656
2026-04-01 12:30:00+02:00,-250.0,250.0,147308.80688163277,147383.8221877552,321.84875006932117
2026-04-01 12:45:00+02:00,-300.0,300.0,147370.05688163277,147370.05688163277,323.8950405855277
2026-04-01 13:00:00+02:00,-250.0,250.0,147343.5364734695,147443.55688163277,32.058305891650136
2026-04-01 13:15:00+02:00,-250.0,250.0,147404.7864734695,147404.7864734695,32.058305891650136
2026-04-01 13:30:00+02:00,-250.0,250.0,147366.01606530626,147466.03647346952,32.058305891650136
2026-04-01 13:45:00+02:00,-250.0,250.0,147427.26606530626,147427.26606530626,32.058305891650136
2026-04-01 14:00:00+02:00,-250.0,250.0,147388.49565714295,147488.51606530626,32.058305891650136
2026-04-01 14:15:00+02:00,-250.0,250.0,147449.74565714298,147449.74565714298,32.058305891650136
2026-04-01 14:30:00+02:00,-250.0,250.0,147410.97524897972,147510.99565714298,32.058305891650136
2026-04-01 14:45:00+02:00,-250.0,250.0,147472.22524897972,147472.22524897972,32.058305891650136
2026-04-01 15:00:00+02:00,-200.0,200.0,147433.45484081644,147533.47524897972,7.306060993690956
2026-04-01 15:15:00+02:00,-200.0,200.0,147482.45484081644,147482.45484081644,7.306060993690956
2026-04-01 15:30:00+02:00,-200.0,200.0,147451.59796734704,147531.45484081647,7.306060993690956
2026-04-01 15:45:00+02:00,-200.0,200.0,147500.59796734704,147500.59796734704,7.306060993690956
2026-04-01 16:00:00+02:00,-200.0,200.0,147474.58266122462,147549.59796734704,7.306060993690956
2026-04-01 16:15:00+02:00,-200.0,200.0,147523.58266122465,147523.58266122465,7.306060993690956
2026-04-01 16:30:00+02:00,-200.0,200.0,147497.56735510216,147572.58266122465,7.306060993690956
2026-04-01 16:45:00+02:00,-200.0,200.0,147546.56735510216,147546.56735510216,7.306060993690956
2026-04-01 17:00:00+02:00,-200.0,200.0,147520.5520489797,147595.56735510216,7.306060993690956
2026-04-01 17:15:00+02:00,-200.0,200.0,147569.5520489797,147569.5520489797,7.306060993690956
2026-04-01 17:30:00+02:00,-200.0,200.0,147543.53674285728,147618.5520489797,7.306060993690956
2026-04-01 17:45:00+02:00,-250.0,250.0,147592.53674285728,147592.53674285728,590.979530381446
2026-04-01 18:00:00+02:00,-200.0,200.0,147578.7714367348,147653.78674285728,7.306060993690956
2026-04-01 18:15:00+02:00,-150.0,150.0,147627.7714367348,147627.7714367348,4.1966732385889145
2026-04-01 18:30:00+02:00,-150.0,150.0,147589.5061306124,147664.5214367348,4.1966732385889145
2026-04-01 18:45:00+02:00,-150.0,150.0,147626.2561306124,147626.2561306124,4.1966732385889145
2026-04-01 19:00:00+02:00,-150.0,150.0,147587.9908244899,147663.0061306124,4.1966732385889145
2026-04-01 19:15:00+02:00,-150.0,150.0,147624.7408244899,147624.7408244899,4.1966732385889145
2026-04-01 19:30:00+02:00,-150.0,150.0,147588.2293469389,147661.4908244899,4.1966732385889145
2026-04-01 19:45:00+02:00,-150.0,150.0,147624.9793469389,147624.9793469389,4.1966732385889145
2026-04-01 20:00:00+02:00,-150.0,150.0,147611.71914285727,147661.7293469389,4.1966732385889145
2026-04-01 20:15:00+02:00,-150.0,150.0,147648.46914285727,147648.46914285727,4.1966732385889145
2026-04-01 20:30:00+02:00,-200.0,200.0,147635.2089387756,147685.21914285727,508.840754871242
2026-04-01 20:45:00+02:00,-150.0,150.0,147684.20893877564,147684.20893877564,4.1966732385889145
2026-04-01 21:00:00+02:00,-150.0,150.0,147670.94873469404,147720.95893877564,4.1966732385889145
2026-04-01 21:15:00+02:00,-100.0,100.0,147707.69873469404,147707.69873469404,2.1503827223824317
2026-04-01 21:30:00+02:00,-150.0,150.0,147685.5342693879,147732.19873469404,10.855455608679813
2026-04-01 21:45:00+02:00,-150.0,150.0,147697.27916734706,147722.2842693879,10.855455608679813
2026-04-01 22:00:00+02:00,-200.0,200.0,147709.02406530626,147734.02916734706,441.9566800984757
2026-04-01 22:15:00+02:00,-150.0,150.0,147756.9959673471,147758.02406530626,10.855455608679813
2026-04-01 22:30:00+02:00,-150.0,150.0,147768.74086530626,147793.7459673471,10.855455608679813
2026-04-01 22:45:00+02:00,-150.0,150.0,147805.49086530626,147805.49086530626,10.855455608679813
2026-04-01 23:00:00+02:00,-150.0,150.0,147817.23576326543,147842.24086530626,10.855455608679813
2026-04-01 23:15:00+02:00,-100.0,100.0,147853.98576326543,147853.98576326543,2.1503827223824317
2026-04-01 23:30:00+02:00,-100.0,100.0,147853.48066122463,147878.48576326543,2.1503827223824317
2026-04-01 23:45:00+02:00,-50.0,50.0,147877.98066122463,147877.98066122463,0.11513871173469382
2026-04-02 00:00:00+02:00,-50.0,50.0,147865.2255591838,147890.23066122463,0.11513871173469382
2026-04-02 00:15:00+02:00,-50.0,50.0,147877.4755591838,147877.4755591838,0.11513871173469382
2026-04-02 00:30:00+02:00,-50.0,50.0,147864.720457143,147889.7255591838,0.11513871173469382
2026-04-02 00:45:00+02:00,-50.0,50.0,147876.970457143,147876.970457143,0.11513871173469382
2026-04-02 01:00:00+02:00,-100.0,100.0,147864.21535510218,147889.220457143,21.360852997448987
2026-04-02 01:15:00+02:00,-150.0,150.0,147888.71535510218,147888.71535510218,60.38615911989797
2026-04-02 01:30:00+02:00,-200.0,200.0,147900.46025306135,147925.46535510218,254.94398224914966
2026-04-02 01:45:00+02:00,-200.0,200.0,147949.46025306135,147949.46025306135,254.94398224914966
2026-04-02 02:00:00+02:00,-200.0,200.0,147973.45515102055,147998.46025306135,254.94398224914966
2026-04-02 02:15:00+02:00,-100.0,100.0,148022.45515102058,148022.45515102058,39.140444834183675
2026-04-02 02:30:00+02:00,-100.0,100.0,148021.95004897975,148046.95515102058,39.140444834183675
2026-04-02 02:45:00+02:00,-100.0,100.0,148046.45004897975,148046.45004897975,39.140444834183675
2026-04-02 03:00:00+02:00,-100.0,100.0,148045.94494693895,148070.95004897975,39.140444834183675
2026-04-02 03:15:00+02:00,-100.0,100.0,148070.44494693895,148070.44494693895,39.140444834183675
2026-04-02 03:30:00+02:00,-100.0,100.0,148069.93984489812,148094.94494693895,39.140444834183675
2026-04-02 03:45:00+02:00,-100.0,100.0,148094.43984489812,148094.43984489812,39.140444834183675
2026-04-02 04:00:00+02:00,-100.0,100.0,148093.9347428573,148118.93984489812,39.140444834183675
2026-04-02 04:15:00+02:00,-100.0,100.0,148118.4347428573,148118.4347428573,39.140444834183675
2026-04-02 04:30:00+02:00,-50.0,50.0,148117.9296408165,148142.9347428573,0.11513871173469382
2026-04-02 04:45:00+02:00,-50.0,50.0,148130.1796408165,148130.1796408165,0.11513871173469382
2026-04-02 05:00:00+02:00,-100.0,100.0,148117.42453877567,148142.4296408165,75.890546875
2026-04-02 05:15:00+02:00,-100.0,100.0,148141.92453877567,148141.92453877567,75.890546875
2026-04-02 05:30:00+02:00,-100.0,100.0,148141.41943673487,148166.42453877567,75.890546875
2026-04-02 05:45:00+02:00,-100.0,100.0,148165.91943673487,148165.91943673487,75.890546875
2026-04-02 06:00:00+02:00,-50.0,50.0,148165.41433469404,148190.41943673487,0.11513871173469382
2026-04-02 06:15:00+02:00,-50.0,50.0,148177.66433469404,148177.66433469404,0.11513871173469382
2026-04-02 06:30:00+02:00,-50.0,50.0,148164.9092326532,148189.91433469404,0.11513871173469382
2026-04-02 06:45:00+02:00,-50.0,50.0,148177.1592326532,148177.1592326532,0.11513871173469382
2026-04-02 07:00:00+02:00,-100.0,100.0,148164.4041306124,148189.4092326532,53.176363201530606
2026-04-02 07:15:00+02:00,-100.0,100.0,148188.9041306124,148188.9041306124,53.176363201530606
2026-04-02 07:30:00+02:00,-100.0,100.0,148188.39902857158,148213.4041306124,53.176363201530606
2026-04-02 07:45:00+02:00,-100.0,100.0,148212.89902857158,148212.89902857158,53.176363201530606
2026-04-02 08:00:00+02:00,-100.0,100.0,148212.39392653079,148237.39902857158,53.176363201530606
2026-04-02 08:15:00+02:00,-100.0,100.0,148236.89392653079,148236.89392653079,53.176363201530606
2026-04-02 08:30:00+02:00,-100.0,100.0,148236.38882448996,148261.39392653079,53.176363201530606
2026-04-02 08:45:00+02:00,-150.0,150.0,148260.88882448996,148260.88882448996,260.4971795280612
2026-04-02 09:00:00+02:00,-100.0,100.0,148272.63372244916,148297.63882448996,53.176363201530606
2026-04-02 09:15:00+02:00,-100.0,100.0,148297.13372244916,148297.13372244916,53.176363201530606
2026-04-02 09:30:00+02:00,-100.0,100.0,148296.62862040833,148321.63372244916,53.176363201530606
2026-04-02 09:45:00+02:00,-50.0,50.0,148321.12862040833,148321.12862040833,0.11513871173469382
2026-04-02 10:00:00+02:00,-100.0,100.0,148308.3735183675,148333.37862040833,313.080852997449
2026-04-02 10:15:00+02:00,-50.0,50.0,148332.8735183675,148332.8735183675,0.11513871173469382
2026-04-02 10:30:00+02:00,-50.0,50.0,148320.1184163267,148345.1235183675,0.11513871173469382
2026-04-02 10:45:00+02:00,-100.0,100.0,148332.3684163267,148332.3684163267,160.62534279336734
2026-04-02 11:00:00+02:00,-150.0,150.0,148331.86331428587,148356.8684163267,168.45891422193876
2026-04-02 11:15:00+02:00,-100.0,100.0,148343.60821224505,148368.61331428587,7.948710140306122
2026-04-02 11:30:00+02:00,-100.0,100.0,148343.10311020425,148368.10821224505,7.948710140306122
2026-04-02 11:45:00+02:00,-100.0,100.0,148342.59800816342,148367.60311020425,7.948710140306122
2026-04-02 12:00:00+02:00,-150.0,150.0,148342.0929061226,148367.09800816342,202.5065332695578
2026-04-02 12:15:00+02:00,-150.0,150.0,148353.83780408176,148378.8429061226,202.5065332695578
2026-04-02 12:30:00+02:00,-150.0,150.0,148365.58270204093,148390.58780408176,202.5065332695578
2026-04-02 12:45:00+02:00,-100.0,100.0,148377.32760000014,148402.33270204093,7.948710140306122
2026-04-02 13:00:00+02:00,-100.0,100.0,148376.82249795934,148401.82760000014,7.948710140306122
2026-04-02 13:15:00+02:00,-100.0,100.0,148376.31739591854,148401.32249795934,7.948710140306122
2026-04-02 13:30:00+02:00,-100.0,100.0,148375.8122938777,148400.81739591854,7.948710140306122
2026-04-02 13:45:00+02:00,-150.0,150.0,148375.30719183688,148400.3122938777,128.02979857568027
2026-04-02 14:00:00+02:00,-150.0,150.0,148387.05208979608,148412.05719183688,128.02979857568027
2026-04-02 14:15:00+02:00,-150.0,150.0,148398.79698775525,148423.80208979608,128.02979857568027
2026-04-02 14:30:00+02:00,-100.0,100.0,148410.54188571445,148435.54698775528,7.948710140306122
2026-04-02 14:45:00+02:00,-100.0,100.0,148410.03678367363,148435.04188571445,7.948710140306122
2026-04-02 15:00:00+02:00,-100.0,100.0,148409.5316816328,148434.53678367363,7.948710140306122
2026-04-02 15:15:00+02:00,-100.0,100.0,148409.02657959197,148434.0316816328,7.948710140306122
2026-04-02 15:30:00+02:00,-100.0,100.0,148408.52147755117,148433.52657959197,7.948710140306122
2026-04-02 15:45:00+02:00,-100.0,100.0,148420.26619591852,148433.02147755117,7.948710140306122
2026-04-02 16:00:00+02:00,-100.0,100.0,148419.7610938777,148444.76619591852,7.948710140306122
2026-04-02 16:15:00+02:00,-100.0,100.0,148444.2610938777,148444.2610938777,7.948710140306122
2026-04-02 16:30:00+02:00,-100.0,100.0,148443.7559918369,148468.7610938777,7.948710140306122
2026-04-02 16:45:00+02:00,-150.0,150.0,148468.2559918369,148468.2559918369,14.960404905168588
2026-04-02 17:00:00+02:00,-150.0,150.0,148454.99578775527,148505.0059918369,14.960404905168588
2026-04-02 17:15:00+02:00,-150.0,150.0,148491.74578775527,148491.74578775527,14.960404905168588
2026-04-02 17:30:00+02:00,-150.0,150.0,148478.4855836736,148528.49578775527,14.960404905168588
2026-04-02 17:45:00+02:00,-150.0,150.0,148515.23558367364,148515.23558367364,14.960404905168588
2026-04-02 18:00:00+02:00,-150.0,150.0,148501.975379592,148551.98558367364,14.960404905168588
2026-04-02 18:15:00+02:00,-150.0,150.0,148538.725379592,148538.725379592,14.960404905168588
2026-04-02 18:30:00+02:00,-150.0,150.0,148525.46517551036,148575.475379592,14.960404905168588
2026-04-02 18:45:00+02:00,-150.0,150.0,148562.21517551036,148562.21517551036,14.960404905168588
2026-04-02 19:00:00+02:00,-150.0,150.0,148550.27408163284,148598.96517551036,14.960404905168588
2026-04-02 19:15:00+02:00,-150.0,150.0,148587.02408163284,148587.02408163284,14.960404905168588
2026-04-02 19:30:00+02:00,-150.0,150.0,148598.76897959202,148623.77408163284,14.960404905168588
2026-04-02 19:45:00+02:00,-150.0,150.0,148635.518979592,148635.518979592,14.960404905168588
2026-04-02 20:00:00+02:00,-150.0,150.0,148647.2638775512,148672.268979592,14.960404905168588
2026-04-02 20:15:00+02:00,-150.0,150.0,148684.0138775512,148684.0138775512,14.960404905168588
2026-04-02 20:30:00+02:00,-150.0,150.0,148695.75877551036,148720.7638775512,14.960404905168588
2026-04-02 20:45:00+02:00,-150.0,150.0,148732.50877551036,148732.50877551036,14.960404905168588
2026-04-02 21:00:00+02:00,-150.0,150.0,148744.25367346953,148769.25877551036,14.960404905168588
2026-04-02 21:15:00+02:00,-150.0,150.0,148781.00367346953,148781.00367346953,14.960404905168588
2026-04-02 21:30:00+02:00,-150.0,150.0,148792.7485714287,148817.7536734695,14.960404905168588
2026-04-02 21:45:00+02:00,-200.0,200.0,148829.4985714287,148829.4985714287,209.51822803442028
2026-04-02 22:00:00+02:00,-200.0,200.0,148853.49346938787,148878.4985714287,209.51822803442028
2026-04-02 22:15:00+02:00,-200.0,200.0,148902.49346938787,148902.49346938787,209.51822803442028
2026-04-02 22:30:00+02:00,-100.0,100.0,148926.48836734708,148951.49346938787,7.948710140306122
2026-04-02 22:45:00+02:00,-100.0,100.0,148950.98836734708,148950.98836734708,7.948710140306122
2026-04-02 23:00:00+02:00,-100.0,100.0,148950.48326530625,148975.48836734708,7.948710140306122
2026-04-02 23:15:00+02:00,-150.0,150.0,148974.98326530628,148974.98326530628,105.22762170493196
2026-04-02 23:30:00+02:00,-150.0,150.0,148986.72816326545,149011.73326530628,105.22762170493196
2026-04-02 23:45:00+02:00,-150.0,150.0,149023.47816326545,149023.47816326545,105.22762170493196
2026-04-03 00:00:00+02:00,-100.0,100.0,149035.22306122462,149060.22816326542,97.39405027636053
2026-04-03 00:15:00+02:00,-100.0,100.0,149059.72306122462,149059.72306122462,97.39405027636053
2026-04-03 00:30:00+02:00,-100.0,100.0,149059.2179591838,149084.22306122462,97.39405027636053
2026-04-03 00:45:00+02:00,-100.0,100.0,149083.7179591838,149083.7179591838,47.275955038265295
2026-04-03 01:00:00+02:00,-100.0,100.0,149083.212857143,149108.2179591838,47.275955038265295
2026-04-03 01:15:00+02:00,-100.0,100.0,149107.712857143,149107.712857143,47.275955038265295
2026-04-03 01:30:00+02:00,-50.0,50.0,149107.20775510216,149132.212857143,0.11513871173469382
2026-04-03 01:45:00+02:00,-50.0,50.0,149119.45775510216,149119.45775510216,0.11513871173469382
2026-04-03 02:00:00+02:00,-50.0,50.0,149106.70265306134,149131.70775510216,0.11513871173469382
2026-04-03 02:15:00+02:00,-50.0,50.0,149118.95265306134,149118.95265306134,0.11513871173469382
2026-04-03 02:30:00+02:00,-100.0,100.0,149106.19755102054,149131.20265306134,583.7886080994898
2026-04-03 02:45:00+02:00,-50.0,50.0,149130.69755102054,149130.69755102054,0.11513871173469382
2026-04-03 03:00:00+02:00,-50.0,50.0,149117.9424489797,149142.94755102054,0.11513871173469382
2026-04-03 03:15:00+02:00,-50.0,50.0,149130.1924489797,149130.1924489797,0.11513871173469382
2026-04-03 03:30:00+02:00,-50.0,50.0,149117.4373469389,149142.4424489797,0.11513871173469382
2026-04-03 03:45:00+02:00,-50.0,50.0,149129.6873469389,149129.6873469389,0.11513871173469382
2026-04-03 04:00:00+02:00,-50.0,50.0,149116.93224489808,149141.9373469389,0.11513871173469382
2026-04-03 04:15:00+02:00,-50.0,50.0,149129.18224489808,149129.18224489808,0.11513871173469382
2026-04-03 04:30:00+02:00,-50.0,50.0,149116.42714285725,149141.43224489808,0.11513871173469382
2026-04-03 04:45:00+02:00,-100.0,100.0,149128.67714285725,149128.67714285725,84.17871014030612
2026-04-03 05:00:00+02:00,-100.0,100.0,149128.17204081645,149153.17714285725,84.17871014030612
2026-04-03 05:15:00+02:00,-100.0,100.0,149152.67204081645,149152.67204081645,84.17871014030612
2026-04-03 05:30:00+02:00,-100.0,100.0,149157.72800000012,149177.17204081645,84.17871014030612
2026-04-03 05:45:00+02:00,-50.0,50.0,149182.22800000012,149182.22800000012,0.11513871173469382
2026-04-03 06:00:00+02:00,-50.0,50.0,149194.47800000012,149194.47800000012,0.11513871173469382
2026-04-03 06:15:00+02:00,-50.0,50.0,149206.72800000012,149206.72800000012,0.11513871173469382
2026-04-03 06:30:00+02:00,-50.0,50.0,149218.97800000012,149218.97800000012,0.11513871173469382
2026-04-03 06:45:00+02:00,-50.0,50.0,149231.22800000012,149231.22800000012,0.11513871173469382
2026-04-03 07:00:00+02:00,-50.0,50.0,149243.47800000012,149243.47800000012,0.11513871173469382
2026-04-03 07:15:00+02:00,-50.0,50.0,149255.72800000012,149255.72800000012,0.11513871173469382
2026-04-03 07:30:00+02:00,-50.0,50.0,149267.97800000012,149267.97800000012,0.11513871173469382
2026-04-03 07:45:00+02:00,-50.0,50.0,149280.22800000012,149280.22800000012,0.11513871173469382
2026-04-03 08:00:00+02:00,-50.0,50.0,149292.47800000012,149292.47800000012,0.11513871173469382
2026-04-03 08:15:00+02:00,-50.0,50.0,149304.72800000012,149304.72800000012,0.11513871173469382
2026-04-03 08:30:00+02:00,-50.0,50.0,149316.97800000012,149316.97800000012,0.11513871173469382
2026-04-03 08:45:00+02:00,-50.0,50.0,149329.22800000012,149329.22800000012,0.11513871173469382
2026-04-03 09:00:00+02:00,-100.0,100.0,149341.47800000012,149341.47800000012,49.318812181122446
2026-04-03 09:15:00+02:00,-100.0,100.0,149365.97800000012,149365.97800000012,49.318812181122446
2026-04-03 09:30:00+02:00,-100.0,100.0,149390.47800000012,149390.47800000012,49.318812181122446
2026-04-03 09:45:00+02:00,-100.0,100.0,149414.97800000012,149414.97800000012,49.318812181122446
2026-04-03 10:00:00+02:00,-100.0,100.0,149439.47800000015,149439.47800000015,49.318812181122446
2026-04-03 10:15:00+02:00,-150.0,150.0,149463.97800000015,149463.97800000015,51.68292699778082
2026-04-03 10:30:00+02:00,-150.0,150.0,149486.41880000013,149500.72800000015,51.68292699778082
2026-04-03 10:45:00+02:00,-100.0,100.0,149512.47289795932,149523.16880000013,2.4792535283930643
2026-04-03 11:00:00+02:00,-100.0,100.0,149523.16880000013,149536.97289795932,2.4792535283930643
2026-04-03 11:15:00+02:00,-50.0,50.0,149536.4677959185,149547.66880000013,2.3641148166583705
2026-04-03 11:30:00+02:00,-100.0,100.0,149535.41880000013,149548.7177959185,119.09880869420938
2026-04-03 11:45:00+02:00,-100.0,100.0,149548.21269387766,149559.91880000013,119.09880869420938
2026-04-03 12:00:00+02:00,-100.0,100.0,149559.91880000013,149572.71269387766,119.09880869420938
2026-04-03 12:15:00+02:00,-100.0,100.0,149572.20759183686,149584.41880000013,119.09880869420938
2026-04-03 12:30:00+02:00,-100.0,100.0,149584.41880000013,149596.70759183686,119.09880869420938
2026-04-03 12:45:00+02:00,-50.0,50.0,149596.66880000013,149608.91880000013,2.3641148166583705
2026-04-03 13:00:00+02:00,-50.0,50.0,149596.66880000013,149608.91880000013,2.3641148166583705
2026-04-03 13:15:00+02:00,-100.0,100.0,149596.66880000013,149608.91880000013,196.92193794591006
2026-04-03 13:30:00+02:00,-150.0,150.0,149608.91880000013,149621.16880000013,228.67863862618216
2026-04-03 13:45:00+02:00,-150.0,150.0,149633.41880000013,149645.66880000013,228.67863862618216
2026-04-03 14:00:00+02:00,-150.0,150.0,149657.91880000013,149670.16880000013,34.737789073729616
2026-04-03 14:15:00+02:00,-150.0,150.0,149657.4136979593,149694.66880000013,34.737789073729616
2026-04-03 14:30:00+02:00,-150.0,150.0,149681.9136979593,149694.1636979593,34.737789073729616
2026-04-03 14:45:00+02:00,-150.0,150.0,149681.4085959185,149718.6636979593,34.737789073729616
2026-04-03 15:00:00+02:00,-150.0,150.0,149705.9085959185,149718.1585959185,34.737789073729616
2026-04-03 15:15:00+02:00,-150.0,150.0,149705.40349387767,149742.6585959185,34.737789073729616
2026-04-03 15:30:00+02:00,-150.0,150.0,149729.90349387767,149742.15349387767,34.737789073729616
2026-04-03 15:45:00+02:00,-150.0,150.0,149729.39839183688,149766.65349387767,34.737789073729616
2026-04-03 16:00:00+02:00,-150.0,150.0,149753.89839183688,149766.14839183688,34.737789073729616
2026-04-03 16:15:00+02:00,-200.0,200.0,149753.39328979605,149790.64839183688,87.79901356352552
2026-04-03 16:30:00+02:00,-150.0,150.0,149790.14328979605,149802.39328979605,56.04231288325342
2026-04-03 16:45:00+02:00,-150.0,150.0,149789.63818775522,149826.89328979605,56.04231288325342
2026-04-03 17:00:00+02:00,-150.0,150.0,149814.13818775522,149826.38818775522,56.04231288325342
2026-04-03 17:15:00+02:00,-150.0,150.0,149813.63308571442,149850.88818775522,56.04231288325342
2026-04-03 17:30:00+02:00,-150.0,150.0,149838.13308571442,149850.38308571442,56.04231288325342
2026-04-03 17:45:00+02:00,-150.0,150.0,149837.6279836736,149874.88308571442,56.04231288325342
2026-04-03 18:00:00+02:00,-150.0,150.0,149862.1279836736,149874.3779836736,56.04231288325342
2026-04-03 18:15:00+02:00,-150.0,150.0,149861.6228816328,149898.8779836736,56.04231288325342
2026-04-03 18:30:00+02:00,-150.0,150.0,149886.1228816328,149898.3728816328,56.04231288325342
2026-04-03 18:45:00+02:00,-150.0,150.0,149885.61777959196,149922.8728816328,56.04231288325342
2026-04-03 19:00:00+02:00,-100.0,100.0,149910.11777959196,149922.36777959196,2.981088393457511
2026-04-03 19:15:00+02:00,-100.0,100.0,149897.36267755114,149934.61777959196,2.981088393457511
2026-04-03 19:30:00+02:00,-100.0,100.0,149909.61267755114,149921.86267755114,2.981088393457511
2026-04-03 19:45:00+02:00,-150.0,150.0,149896.85757551034,149934.11267755114,30.86476186284527
2026-04-03 20:00:00+02:00,-150.0,150.0,149921.35757551037,149933.60757551037,30.86476186284527
2026-04-03 20:15:00+02:00,-150.0,150.0,149920.85247346954,149958.10757551037,30.86476186284527
2026-04-03 20:30:00+02:00,-200.0,200.0,149945.35247346954,149957.6024734695,614.5382312506003
2026-04-03 20:45:00+02:00,-150.0,150.0,149957.0973714287,149994.3524734695,30.86476186284527
2026-04-03 21:00:00+02:00,-150.0,150.0,149981.5973714287,149993.8473714287,30.86476186284527
2026-04-03 21:15:00+02:00,-150.0,150.0,149981.09226938788,150018.3473714287,30.86476186284527
2026-04-03 21:30:00+02:00,-150.0,150.0,150005.59226938788,150017.84226938788,30.86476186284527
2026-04-03 21:45:00+02:00,-200.0,200.0,150005.08716734708,150042.34226938788,147.59945574039628
2026-04-03 22:00:00+02:00,-200.0,200.0,150041.8371673471,150054.08716734708,147.59945574039628
2026-04-03 22:15:00+02:00,-200.0,200.0,150053.58206530625,150090.83716734708,147.59945574039628
2026-04-03 22:30:00+02:00,-150.0,150.0,150090.33206530625,150102.58206530625,119.71578227100852
2026-04-03 22:45:00+02:00,-150.0,150.0,150089.82696326543,150127.08206530625,119.71578227100852
2026-04-03 23:00:00+02:00,-100.0,100.0,150114.32696326543,150126.57696326543,2.981088393457511
2026-04-03 23:15:00+02:00,-100.0,100.0,150101.57186122463,150138.82696326543,2.981088393457511
2026-04-03 23:30:00+02:00,-100.0,100.0,150113.82186122463,150126.07186122463,2.981088393457511
2026-04-03 23:45:00+02:00,-100.0,100.0,150101.0667591838,150138.32186122463,2.981088393457511
2026-04-04 00:00:00+02:00,-100.0,100.0,150113.3167591838,150125.5667591838,2.981088393457511
2026-04-04 00:15:00+02:00,-100.0,100.0,150100.561657143,150137.8167591838,2.981088393457511
2026-04-04 00:30:00+02:00,-100.0,100.0,150112.811657143,150125.061657143,2.981088393457511
2026-04-04 00:45:00+02:00,-200.0,200.0,150100.05655510217,150137.311657143,198.16149655672282
2026-04-04 01:00:00+02:00,-200.0,200.0,150136.80655510217,150149.05655510217,198.16149655672282
2026-04-04 01:15:00+02:00,-200.0,200.0,150148.55145306134,150185.80655510217,198.16149655672282
2026-04-04 01:30:00+02:00,-200.0,200.0,150185.30145306134,150197.55145306134,198.16149655672282
2026-04-04 01:45:00+02:00,-150.0,150.0,150197.04635102054,150234.30145306134,52.243129209784044
2026-04-04 02:00:00+02:00,-100.0,100.0,150221.54635102054,150233.79635102054,2.981088393457511
2026-04-04 02:15:00+02:00,-100.0,100.0,150208.79124897972,150246.04635102054,2.981088393457511
2026-04-04 02:30:00+02:00,-100.0,100.0,150221.04124897972,150233.29124897972,2.981088393457511
2026-04-04 02:45:00+02:00,-100.0,100.0,150208.28614693892,150245.54124897972,2.981088393457511
2026-04-04 03:00:00+02:00,-100.0,100.0,150220.53614693892,150232.78614693892,2.981088393457511
2026-04-04 03:15:00+02:00,-100.0,100.0,150207.7810448981,150245.03614693892,2.981088393457511
2026-04-04 03:30:00+02:00,-100.0,100.0,150220.0310448981,150232.2810448981,2.981088393457511
2026-04-04 03:45:00+02:00,-100.0,100.0,150207.27594285726,150244.5310448981,2.981088393457511
2026-04-04 04:00:00+02:00,-100.0,100.0,150219.52594285726,150231.77594285726,2.981088393457511
2026-04-04 04:15:00+02:00,-100.0,100.0,150206.77084081646,150244.02594285726,2.981088393457511
2026-04-04 04:30:00+02:00,-100.0,100.0,150219.02084081646,150231.27084081646,2.981088393457511
2026-04-04 04:45:00+02:00,-150.0,150.0,150206.26573877563,150243.52084081646,294.817823087335
2026-04-04 05:00:00+02:00,-150.0,150.0,150230.76573877563,150243.01573877563,294.817823087335
2026-04-04 05:15:00+02:00,-100.0,100.0,150230.26063673483,150267.51573877563,2.981088393457511
2026-04-04 05:30:00+02:00,-100.0,100.0,150242.51063673483,150254.76063673483,2.981088393457511
2026-04-04 05:45:00+02:00,-100.0,100.0,150229.755534694,150267.01063673483,2.981088393457511
2026-04-04 06:00:00+02:00,-100.0,100.0,150242.005534694,150254.255534694,2.981088393457511
2026-04-04 06:15:00+02:00,-100.0,100.0,150229.25043265318,150266.505534694,2.981088393457511
2026-04-04 06:30:00+02:00,-100.0,100.0,150241.50043265318,150253.75043265318,2.981088393457511
2026-04-04 06:45:00+02:00,-100.0,100.0,150228.74533061238,150266.00043265318,2.981088393457511
2026-04-04 07:00:00+02:00,-100.0,100.0,150240.99533061238,150253.24533061238,2.981088393457511
2026-04-04 07:15:00+02:00,-150.0,150.0,150228.24022857155,150265.49533061238,46.25630705234964
2026-04-04 07:30:00+02:00,-150.0,150.0,150252.74022857155,150264.99022857155,46.25630705234964
2026-04-04 07:45:00+02:00,-150.0,150.0,150252.23512653075,150289.49022857155,46.25630705234964
2026-04-04 08:00:00+02:00,-150.0,150.0,150276.73512653075,150288.98512653075,46.25630705234964
2026-04-04 08:15:00+02:00,-150.0,150.0,150276.23002448992,150313.48512653075,46.25630705234964
2026-04-04 08:30:00+02:00,-150.0,150.0,150300.73002448992,150312.98002448992,46.25630705234964
2026-04-04 08:45:00+02:00,-200.0,200.0,150300.22492244912,150337.48002448992,313.57875603194145
2026-04-04 09:00:00+02:00,-150.0,150.0,150336.97492244912,150349.22492244912,270.3035373730493
2026-04-04 09:15:00+02:00,-100.0,100.0,150336.4698204083,150373.72492244912,2.981088393457511
2026-04-04 09:30:00+02:00,-150.0,150.0,150348.7198204083,150360.9698204083,202.4806802301922
2026-04-04 09:45:00+02:00,-100.0,100.0,150348.21471836747,150385.4698204083,2.981088393457511
2026-04-04 10:00:00+02:00,-100.0,100.0,150360.46471836747,150372.71471836747,2.981088393457511
2026-04-04 10:15:00+02:00,-100.0,100.0,150347.70961632667,150384.96471836747,2.981088393457511
2026-04-04 10:30:00+02:00,-100.0,100.0,150359.95961632667,150372.20961632667,2.981088393457511
2026-04-04 10:45:00+02:00,-100.0,100.0,150347.20451428584,150384.45961632667,2.981088393457511
2026-04-04 11:00:00+02:00,-150.0,150.0,150359.45451428584,150371.70451428584,24.598624296707698
2026-04-04 11:15:00+02:00,-200.0,200.0,150358.94941224504,150396.2045142858,316.4353589905852
2026-04-04 11:30:00+02:00,-200.0,200.0,150395.699412245,150407.949412245,316.4353589905852
2026-04-04 11:45:00+02:00,-150.0,150.0,150407.44431020418,150444.699412245,24.598624296707698
2026-04-04 12:00:00+02:00,-200.0,200.0,150431.94431020418,150444.19431020418,77.90260388854442
2026-04-04 12:15:00+02:00,-200.0,200.0,150443.68920816336,150480.94431020418,77.90260388854442
2026-04-04 12:30:00+02:00,-200.0,200.0,150480.43920816336,150492.68920816336,77.90260388854442
2026-04-04 12:45:00+02:00,-200.0,200.0,150492.18410612256,150529.43920816336,77.90260388854442
2026-04-04 13:00:00+02:00,-150.0,150.0,150528.93410612256,150541.18410612256,24.598624296707698
2026-04-04 13:15:00+02:00,-150.0,150.0,150528.42900408173,150565.68410612256,24.598624296707698
2026-04-04 13:30:00+02:00,-150.0,150.0,150552.92900408173,150565.17900408173,24.598624296707698
2026-04-04 13:45:00+02:00,-150.0,150.0,150552.42390204093,150589.67900408173,24.598624296707698
2026-04-04 14:00:00+02:00,-150.0,150.0,150576.92390204093,150589.17390204093,24.598624296707698
2026-04-04 14:15:00+02:00,-150.0,150.0,150576.4188000001,150613.67390204093,24.598624296707698
2026-04-04 14:30:00+02:00,-150.0,150.0,150600.9188000001,150613.1688000001,24.598624296707698
2026-04-04 14:45:00+02:00,-150.0,150.0,150600.41369795927,150637.6688000001,24.598624296707698
2026-04-04 15:00:00+02:00,-150.0,150.0,150624.91369795927,150637.16369795927,24.598624296707698
2026-04-04 15:15:00+02:00,-150.0,150.0,150624.40859591847,150661.66369795927,24.598624296707698
2026-04-04 15:30:00+02:00,-150.0,150.0,150648.90859591847,150661.15859591847,24.598624296707698
2026-04-04 15:45:00+02:00,-150.0,150.0,150648.40349387765,150685.65859591847,24.598624296707698
2026-04-04 16:00:00+02:00,-150.0,150.0,150672.90349387765,150685.15349387765,24.598624296707698
2026-04-04 16:15:00+02:00,-150.0,150.0,150672.39839183685,150709.65349387765,24.598624296707698
2026-04-04 16:30:00+02:00,-150.0,150.0,150696.89839183685,150709.14839183685,24.598624296707698
2026-04-04 16:45:00+02:00,-150.0,150.0,150696.39328979602,150733.64839183685,24.598624296707698
2026-04-04 17:00:00+02:00,-150.0,150.0,150720.89328979602,150733.14328979602,24.598624296707698
2026-04-04 17:15:00+02:00,-150.0,150.0,150720.3881877552,150757.64328979602,24.598624296707698
2026-04-04 17:30:00+02:00,-150.0,150.0,150744.8881877552,150757.1381877552,24.598624296707698
2026-04-04 17:45:00+02:00,-150.0,150.0,150744.3830857144,150781.63818775516,4.4864584023306255
2026-04-04 18:00:00+02:00,-150.0,150.0,150743.87798367356,150781.13308571436,4.4864584023306255
2026-04-04 18:15:00+02:00,-150.0,150.0,150743.37288163273,150780.62798367356,4.4864584023306255
2026-04-04 18:30:00+02:00,-200.0,200.0,150742.8677795919,150780.12288163273,35.20611468589668
2026-04-04 18:45:00+02:00,-200.0,200.0,150754.6126775511,150791.8677795919,35.20611468589668
2026-04-04 19:00:00+02:00,-200.0,200.0,150766.35757551028,150803.6126775511,35.20611468589668
2026-04-04 19:15:00+02:00,-200.0,200.0,150778.10247346945,150815.35757551028,35.20611468589668
2026-04-04 19:30:00+02:00,-200.0,200.0,150789.84737142865,150827.10247346945,35.20611468589668
2026-04-04 19:45:00+02:00,-200.0,200.0,150801.59226938782,150838.84737142865,35.20611468589668
2026-04-04 20:00:00+02:00,-200.0,200.0,150813.337167347,150850.59226938782,35.20611468589668
2026-04-04 20:15:00+02:00,-200.0,200.0,150825.0820653062,150862.337167347,35.20611468589668
2026-04-04 20:30:00+02:00,-200.0,200.0,150836.8269632654,150874.0820653062,35.20611468589668
2026-04-04 20:45:00+02:00,-200.0,200.0,150848.57186122454,150885.82696326537,35.20611468589668
2026-04-04 21:00:00+02:00,-200.0,200.0,150860.3167591837,150897.57186122454,35.20611468589668
2026-04-04 21:15:00+02:00,-200.0,200.0,150872.0616571429,150909.3167591837,35.20611468589668
2026-04-04 21:30:00+02:00,-200.0,200.0,150883.8065551021,150921.0616571429,35.20611468589668
2026-04-04 21:45:00+02:00,-200.0,200.0,150895.55145306129,150932.8065551021,35.20611468589668
2026-04-04 22:00:00+02:00,-200.0,200.0,150907.29635102046,150944.55145306129,35.20611468589668
2026-04-04 22:15:00+02:00,-200.0,200.0,150919.04124897966,150956.29635102046,35.20611468589668
2026-04-04 22:30:00+02:00,-200.0,200.0,150930.78614693886,150968.04124897966,35.20611468589668
2026-04-04 22:45:00+02:00,-200.0,200.0,150942.531044898,150979.78614693883,35.20611468589668
2026-04-04 23:00:00+02:00,-200.0,200.0,150954.2759428572,150991.531044898,35.20611468589668
2026-04-04 23:15:00+02:00,-150.0,150.0,150966.02084081637,151003.2759428572,4.4864584023306255
2026-04-04 23:30:00+02:00,-150.0,150.0,150965.51573877558,151002.77084081637,4.4864584023306255
2026-04-04 23:45:00+02:00,-150.0,150.0,150965.01063673478,151002.26573877558,4.4864584023306255
2026-04-05 00:00:00+02:00,-150.0,150.0,150964.50553469395,151001.76063673478,4.4864584023306255
2026-04-05 00:15:00+02:00,-150.0,150.0,150964.00043265312,151001.25553469395,4.4864584023306255
2026-04-05 00:30:00+02:00,-150.0,150.0,150963.4953306123,151000.75043265312,4.4864584023306255
2026-04-05 00:45:00+02:00,-150.0,150.0,150962.9902285715,151000.2453306123,4.4864584023306255
2026-04-05 01:00:00+02:00,-150.0,150.0,150962.48512653066,150999.7402285715,4.4864584023306255
2026-04-05 01:15:00+02:00,-150.0,150.0,150961.98002448984,150999.23512653066,4.4864584023306255
2026-04-05 01:30:00+02:00,-150.0,150.0,150961.47492244904,150998.73002448984,4.4864584023306255
2026-04-05 01:45:00+02:00,-150.0,150.0,150960.9698204082,150998.22492244904,4.4864584023306255
2026-04-05 02:00:00+02:00,-150.0,150.0,150960.4647183674,150997.7198204082,4.4864584023306255
2026-04-05 02:15:00+02:00,-150.0,150.0,150959.9596163266,150997.2147183674,4.4864584023306255
2026-04-05 02:30:00+02:00,-150.0,150.0,150959.45451428578,150996.7096163266,4.4864584023306255
2026-04-05 02:45:00+02:00,-150.0,150.0,150958.94941224495,150996.20451428578,4.4864584023306255
2026-04-05 03:00:00+02:00,-150.0,150.0,150958.44431020413,150995.69941224495,4.4864584023306255
2026-04-05 03:15:00+02:00,-150.0,150.0,150957.93920816333,150995.19431020413,4.4864584023306255
2026-04-05 03:30:00+02:00,-150.0,150.0,150957.4341061225,150994.68920816333,4.4864584023306255
2026-04-05 03:45:00+02:00,-150.0,150.0,150956.92900408167,150994.1841061225,4.4864584023306255
2026-04-05 04:00:00+02:00,-150.0,150.0,150956.42390204087,150993.67900408167,4.4864584023306255
2026-04-05 04:15:00+02:00,-150.0,150.0,150955.91880000004,150993.17390204087,4.4864584023306255
2026-04-05 04:30:00+02:00,-150.0,150.0,150955.41369795924,150992.66880000004,4.4864584023306255
2026-04-05 04:45:00+02:00,-150.0,150.0,150954.90859591844,150992.16369795924,4.4864584023306255
2026-04-05 05:00:00+02:00,-200.0,200.0,150954.40349387762,150991.65859591844,12.447926656298879
2026-04-05 05:15:00+02:00,-200.0,200.0,150943.6595918368,151003.40349387762,12.447926656298879
2026-04-05 05:30:00+02:00,-200.0,200.0,150952.88818775513,150992.6595918368,12.447926656298879
2026-04-05 05:45:00+02:00,-200.0,200.0,150942.64938775517,151001.88818775513,12.447926656298879
2026-04-05 06:00:00+02:00,-200.0,200.0,150951.37288163273,150991.64938775517,12.447926656298879
2026-04-05 06:15:00+02:00,-200.0,200.0,150941.6391836735,151000.37288163273,12.447926656298879
2026-04-05 06:30:00+02:00,-200.0,200.0,150949.85757551025,150990.6391836735,12.447926656298879
2026-04-05 06:45:00+02:00,-200.0,200.0,150940.62897959186,150998.85757551025,12.447926656298879
2026-04-05 07:00:00+02:00,-200.0,200.0,150948.3422693878,150989.62897959186,12.447926656298879
2026-04-05 07:15:00+02:00,-200.0,200.0,150939.61877551026,150997.3422693878,12.447926656298879
2026-04-05 07:30:00+02:00,-200.0,200.0,150946.82696326537,150988.61877551026,12.447926656298879
2026-04-05 07:45:00+02:00,-200.0,200.0,150938.60857142863,150995.82696326537,12.447926656298879
2026-04-05 08:00:00+02:00,-200.0,200.0,150945.31165714288,150987.60857142863,12.447926656298879
2026-04-05 08:15:00+02:00,-200.0,200.0,150937.598367347,150994.31165714288,12.447926656298879
2026-04-05 08:30:00+02:00,-200.0,200.0,150943.7963510205,150986.598367347,12.447926656298879
2026-04-05 08:45:00+02:00,-200.0,200.0,150936.58816326535,150992.7963510205,12.447926656298879
2026-04-05 09:00:00+02:00,-200.0,200.0,150942.281044898,150985.58816326535,12.447926656298879
2026-04-05 09:15:00+02:00,-200.0,200.0,150935.57795918372,150991.281044898,12.447926656298879
2026-04-05 09:30:00+02:00,-200.0,200.0,150940.76573877558,150984.57795918372,12.447926656298879
2026-04-05 09:45:00+02:00,-200.0,200.0,150934.5677551021,150989.76573877558,12.447926656298879
2026-04-05 10:00:00+02:00,-200.0,200.0,150939.25043265312,150983.5677551021,12.447926656298879
2026-04-05 10:15:00+02:00,-200.0,200.0,150933.55755102047,150988.25043265312,12.447926656298879
2026-04-05 10:30:00+02:00,-200.0,200.0,150937.73512653066,150982.55755102047,12.447926656298879
2026-04-05 10:45:00+02:00,-200.0,200.0,150932.54734693884,150986.73512653066,12.447926656298879
2026-04-05 11:00:00+02:00,-200.0,200.0,150936.21982040824,150981.54734693884,12.447926656298879
2026-04-05 11:15:00+02:00,-200.0,200.0,150931.53714285718,150985.21982040824,12.447926656298879
2026-04-05 11:30:00+02:00,-200.0,200.0,150939.53204081635,150980.53714285718,12.447926656298879
2026-04-05 11:45:00+02:00,-200.0,200.0,150951.27693877555,150988.53204081635,12.447926656298879
2026-04-05 12:00:00+02:00,-200.0,200.0,150963.02183673476,151000.27693877555,12.447926656298879
2026-04-05 12:15:00+02:00,-200.0,200.0,150983.26673469393,151012.02183673476,12.447926656298879
2026-04-05 12:30:00+02:00,-200.0,200.0,151007.26163265313,151032.26673469393,12.447926656298879
2026-04-05 12:45:00+02:00,-200.0,200.0,151031.25653061227,151056.2616326531,12.447926656298879
2026-04-05 13:00:00+02:00,-200.0,200.0,151055.25142857147,151080.25653061227,12.447926656298879
2026-04-05 13:15:00+02:00,-200.0,200.0,151079.24632653067,151104.25142857147,12.447926656298879
2026-04-05 13:30:00+02:00,-200.0,200.0,151103.24122448984,151128.24632653067,12.447926656298879
2026-04-05 13:45:00+02:00,-200.0,200.0,151127.23612244902,151152.24122448984,12.447926656298879
2026-04-05 14:00:00+02:00,-200.0,200.0,151151.23102040822,151176.23612244902,12.447926656298879
2026-04-05 14:15:00+02:00,-200.0,200.0,151175.22591836742,151200.23102040822,12.447926656298879
2026-04-05 14:30:00+02:00,-200.0,200.0,151199.2208163266,151224.22591836742,12.447926656298879
2026-04-05 14:45:00+02:00,-200.0,200.0,151223.21571428576,151248.2208163266,12.447926656298879
2026-04-05 15:00:00+02:00,-200.0,200.0,151247.21061224496,151272.21571428576,12.447926656298879
2026-04-05 15:15:00+02:00,-200.0,200.0,151271.20551020413,151296.21061224496,12.447926656298879
2026-04-05 15:30:00+02:00,-200.0,200.0,151295.2004081633,151320.20551020413,12.447926656298879
2026-04-05 15:45:00+02:00,-200.0,200.0,151319.1953061225,151344.2004081633,12.447926656298879
2026-04-05 16:00:00+02:00,-200.0,200.0,151343.19020408168,151368.1953061225,12.447926656298879
2026-04-05 16:15:00+02:00,-200.0,200.0,151367.18510204085,151392.19020408168,12.447926656298879
2026-04-05 16:30:00+02:00,-200.0,200.0,151391.18000000005,151416.18510204085,12.447926656298879
2026-04-05 16:45:00+02:00,-200.0,200.0,151415.17489795925,151440.18000000005,12.447926656298879
2026-04-05 17:00:00+02:00,-200.0,200.0,151439.16979591842,151464.17489795925,12.447926656298879
2026-04-05 17:15:00+02:00,-200.0,200.0,151463.1646938776,151488.16979591842,12.447926656298879
2026-04-05 17:30:00+02:00,-200.0,200.0,151487.1595918368,151512.16469387762,12.447926656298879
2026-04-05 17:45:00+02:00,-200.0,200.0,151511.15448979597,151536.1595918368,12.447926656298879
2026-04-05 18:00:00+02:00,-200.0,200.0,151535.14938775514,151560.15448979597,12.447926656298879
2026-04-05 18:15:00+02:00,-200.0,200.0,151559.14428571434,151584.14938775514,12.447926656298879
2026-04-05 18:30:00+02:00,-200.0,200.0,151594.29948571435,151608.14428571434,12.447926656298879
2026-04-05 18:45:00+02:00,-200.0,200.0,151618.29438367352,151643.29948571435,12.447926656298879
2026-04-05 19:00:00+02:00,-200.0,200.0,151667.29438367352,151667.29438367352,12.447926656298879
2026-04-05 19:15:00+02:00,-200.0,200.0,151691.28928163272,151716.29438367352,12.447926656298879
2026-04-05 19:30:00+02:00,-200.0,200.0,151740.28928163272,151740.28928163272,12.447926656298879
2026-04-05 19:45:00+02:00,-200.0,200.0,151764.2841795919,151789.28928163272,12.447926656298879
2026-04-05 20:00:00+02:00,-200.0,200.0,151813.2841795919,151813.2841795919,12.447926656298879
2026-04-05 20:15:00+02:00,-200.0,200.0,151837.27907755107,151862.2841795919,12.447926656298879
2026-04-05 20:30:00+02:00,-200.0,200.0,151886.27907755107,151886.27907755107,12.447926656298879
2026-04-05 20:45:00+02:00,-200.0,200.0,151910.27397551027,151935.27907755107,12.447926656298879
2026-04-05 21:00:00+02:00,-200.0,200.0,151959.27397551027,151959.27397551027,12.447926656298879
2026-04-05 21:15:00+02:00,-200.0,200.0,151983.26887346944,152008.27397551027,12.447926656298879
2026-04-05 21:30:00+02:00,-250.0,250.0,152032.26887346944,152032.26887346944,123.124089921605
2026-04-05 21:45:00+02:00,-250.0,250.0,152068.51377142864,152093.51887346944,123.124089921605
2026-04-05 22:00:00+02:00,-250.0,250.0,152129.76377142864,152129.76377142864,123.124089921605
2026-04-05 22:15:00+02:00,-250.0,250.0,152166.0086693878,152191.01377142864,123.124089921605
2026-04-05 22:30:00+02:00,-200.0,200.0,152227.2586693878,152227.2586693878,121.61871991273189
2026-04-05 22:45:00+02:00,-150.0,150.0,152251.253567347,152276.2586693878,10.942556647425764
2026-04-05 23:00:00+02:00,-150.0,150.0,152288.003567347,152288.003567347,197.5389115227092
2026-04-05 23:15:00+02:00,-150.0,150.0,152299.74846530618,152324.753567347,197.5389115227092
2026-04-05 23:30:00+02:00,-150.0,150.0,152336.49846530618,152336.49846530618,197.5389115227092
2026-04-05 23:45:00+02:00,-50.0,50.0,152348.24336326536,152373.24846530618,0.6169735767991407
2026-04-06 00:00:00+02:00,-50.0,50.0,152360.49336326536,152360.49336326536,0.6169735767991407
2026-04-06 00:15:00+02:00,-50.0,50.0,152347.73826122456,152372.74336326536,0.6169735767991407
2026-04-06 00:30:00+02:00,-50.0,50.0,152359.98826122456,152359.98826122456,0.6169735767991407
2026-04-06 00:45:00+02:00,-100.0,100.0,152347.23315918373,152372.23826122456,28.936810311493016
2026-04-06 01:00:00+02:00,-100.0,100.0,152371.73315918373,152371.73315918373,28.936810311493016
2026-04-06 01:15:00+02:00,-100.0,100.0,152371.22805714293,152396.23315918373,28.936810311493016
2026-04-06 01:30:00+02:00,-100.0,100.0,152395.72805714293,152395.72805714293,28.936810311493016
2026-04-06 01:45:00+02:00,-100.0,100.0,152395.22295510213,152420.22805714296,28.936810311493016
2026-04-06 02:00:00+02:00,-50.0,50.0,152419.72295510213,152419.72295510213,0.6169735767991407
2026-04-06 02:15:00+02:00,-50.0,50.0,152406.9678530613,152431.97295510213,0.6169735767991407
2026-04-06 02:30:00+02:00,-50.0,50.0,152419.2178530613,152419.2178530613,0.6169735767991407
2026-04-06 02:45:00+02:00,-50.0,50.0,152406.4627510205,152431.4678530613,0.6169735767991407
2026-04-06 03:00:00+02:00,-50.0,50.0,152418.7127510205,152418.7127510205,0.6169735767991407
2026-04-06 03:15:00+02:00,-50.0,50.0,152405.95764897967,152430.9627510205,0.6169735767991407
2026-04-06 03:30:00+02:00,-100.0,100.0,152418.20764897967,152418.20764897967,78.40119126387398
2026-04-06 03:45:00+02:00,-100.0,100.0,152417.70254693888,152442.70764897967,78.40119126387398
2026-04-06 04:00:00+02:00,-100.0,100.0,152442.20254693888,152442.20254693888,78.40119126387398
2026-04-06 04:15:00+02:00,-50.0,50.0,152441.69744489805,152466.70254693888,0.6169735767991407
2026-04-06 04:30:00+02:00,-50.0,50.0,152453.94744489805,152453.94744489805,0.6169735767991407
2026-04-06 04:45:00+02:00,-150.0,150.0,152441.19234285722,152466.19744489805,363.556810311493
2026-04-06 05:00:00+02:00,-150.0,150.0,152477.94234285722,152477.94234285722,363.556810311493
2026-04-06 05:15:00+02:00,-100.0,100.0,152489.68724081642,152514.69234285722,71.72007561761546
2026-04-06 05:30:00+02:00,-100.0,100.0,152514.18724081642,152514.18724081642,71.72007561761546
2026-04-06 05:45:00+02:00,-100.0,100.0,152513.6821387756,152538.68724081642,71.72007561761546
2026-04-06 06:00:00+02:00,-50.0,50.0,152538.1821387756,152538.1821387756,0.6169735767991407
2026-04-06 06:15:00+02:00,-50.0,50.0,152525.4270367348,152550.4321387756,0.6169735767991407
2026-04-06 06:30:00+02:00,-50.0,50.0,152537.6770367348,152537.6770367348,0.6169735767991407
2026-04-06 06:45:00+02:00,-50.0,50.0,152524.92193469396,152549.9270367348,0.6169735767991407
2026-04-06 07:00:00+02:00,-100.0,100.0,152537.17193469396,152537.17193469396,65.4695812865497
2026-04-06 07:15:00+02:00,-150.0,150.0,152536.66683265314,152561.67193469396,81.85733638859051
2026-04-06 07:30:00+02:00,-150.0,150.0,152573.41683265314,152573.41683265314,81.85733638859051
2026-04-06 07:45:00+02:00,-150.0,150.0,152585.16173061234,152610.16683265314,81.85733638859051
2026-04-06 08:00:00+02:00,-150.0,150.0,152621.91173061234,152621.91173061234,81.85733638859051
2026-04-06 08:15:00+02:00,-150.0,150.0,152633.6566285715,152658.66173061234,81.85733638859051
2026-04-06 08:30:00+02:00,-150.0,150.0,152670.4066285715,152670.4066285715,81.85733638859051
2026-04-06 08:45:00+02:00,-150.0,150.0,152682.1515265307,152707.1566285715,81.85733638859051
2026-04-06 09:00:00+02:00,-200.0,200.0,152718.9015265307,152718.9015265307,86.95907486175756
2026-04-06 09:15:00+02:00,-150.0,150.0,152717.89132244905,152767.9015265307,22.106467152007
2026-04-06 09:30:00+02:00,-150.0,150.0,152754.64132244905,152754.64132244905,22.106467152007
2026-04-06 09:45:00+02:00,-150.0,150.0,152741.38111836746,152791.39132244908,22.106467152007
2026-04-06 10:00:00+02:00,-150.0,150.0,152778.13111836746,152778.13111836746,22.106467152007
2026-04-06 10:15:00+02:00,-150.0,150.0,152764.8709142858,152814.88111836746,22.106467152007
2026-04-06 10:30:00+02:00,-100.0,100.0,152801.6209142858,152801.6209142858,5.718712049966185
2026-04-06 10:45:00+02:00,-150.0,150.0,152776.11071020417,152826.1209142858,16.73141901954647
2026-04-06 11:00:00+02:00,-150.0,150.0,152800.61071020417,152812.86071020417,16.73141901954647
2026-04-06 11:15:00+02:00,-200.0,200.0,152775.10050612254,152837.36071020417,100.1133432177972
2026-04-06 11:30:00+02:00,-200.0,200.0,152811.85050612254,152824.10050612254,100.1133432177972
2026-04-06 11:45:00+02:00,-200.0,200.0,152798.59030204092,152860.85050612257,100.1133432177972
2026-04-06 12:00:00+02:00,-200.0,200.0,152835.34030204092,152847.59030204092,100.1133432177972
2026-04-06 12:15:00+02:00,-250.0,250.0,152822.0800979593,152884.34030204092,117.52870036065435
2026-04-06 12:30:00+02:00,-250.0,250.0,152879.58009795932,152883.33009795932,117.52870036065435
2026-04-06 12:45:00+02:00,-250.0,250.0,152890.81989387766,152940.83009795932,117.52870036065435
2026-04-06 13:00:00+02:00,-200.0,200.0,152952.06989387766,152952.06989387766,34.14677616240362
2026-04-06 13:15:00+02:00,-200.0,200.0,152951.059689796,153001.06989387766,34.14677616240362
2026-04-06 13:30:00+02:00,-200.0,200.0,153000.059689796,153000.059689796,34.14677616240362
2026-04-06 13:45:00+02:00,-200.0,200.0,152999.04948571438,153049.059689796,34.14677616240362
2026-04-06 14:00:00+02:00,-200.0,200.0,153048.04948571438,153048.04948571438,34.14677616240362
2026-04-06 14:15:00+02:00,-150.0,150.0,153047.03928163275,153097.04948571438,16.73141901954647
2026-04-06 14:30:00+02:00,-150.0,150.0,153083.78928163275,153083.78928163275,16.73141901954647
2026-04-06 14:45:00+02:00,-150.0,150.0,153070.52907755115,153120.53928163275,16.73141901954647
2026-04-06 15:00:00+02:00,-150.0,150.0,153107.27907755115,153107.27907755115,16.73141901954647
2026-04-06 15:15:00+02:00,-150.0,150.0,153094.0188734695,153144.02907755115,16.73141901954647
2026-04-06 15:30:00+02:00,-150.0,150.0,153130.7688734695,153130.7688734695,16.73141901954647
2026-04-06 15:45:00+02:00,-150.0,150.0,153117.50866938784,153167.5188734695,16.73141901954647
2026-04-06 16:00:00+02:00,-150.0,150.0,153154.25866938784,153154.25866938784,16.73141901954647
2026-04-06 16:15:00+02:00,-150.0,150.0,153140.99846530624,153191.00866938784,16.73141901954647
2026-04-06 16:30:00+02:00,-150.0,150.0,153177.74846530624,153177.74846530624,16.73141901954647
2026-04-06 16:45:00+02:00,-150.0,150.0,153173.05389387766,153214.49846530624,16.73141901954647
2026-04-06 17:00:00+02:00,-150.0,150.0,153209.80389387766,153209.80389387766,16.73141901954647
2026-04-06 17:15:00+02:00,-150.0,150.0,153221.54879183686,153246.55389387766,16.73141901954647
2026-04-06 17:30:00+02:00,-150.0,150.0,153258.29879183683,153258.29879183683,16.73141901954647
2026-04-06 17:45:00+02:00,-150.0,150.0,153270.043689796,153295.04879183683,16.73141901954647
2026-04-06 18:00:00+02:00,-150.0,150.0,153306.793689796,153306.793689796,16.73141901954647
2026-04-06 18:15:00+02:00,-150.0,150.0,153318.53858775517,153343.543689796,16.73141901954647
2026-04-06 18:30:00+02:00,-150.0,150.0,153355.28858775517,153355.28858775517,16.73141901954647
2026-04-06 18:45:00+02:00,-150.0,150.0,153367.03348571438,153392.03858775517,16.73141901954647
2026-04-06 19:00:00+02:00,-150.0,150.0,153403.78348571438,153403.78348571438,16.73141901954647
2026-04-06 19:15:00+02:00,-150.0,150.0,153415.52838367355,153440.53348571438,16.73141901954647
2026-04-06 19:30:00+02:00,-150.0,150.0,153452.27838367355,153452.27838367355,16.73141901954647
2026-04-06 19:45:00+02:00,-150.0,150.0,153464.02328163275,153489.02838367355,16.73141901954647
2026-04-06 20:00:00+02:00,-150.0,150.0,153500.77328163275,153500.77328163275,16.73141901954647
2026-04-06 20:15:00+02:00,-200.0,200.0,153512.51817959192,153537.52328163275,123.1788679991383
2026-04-06 20:30:00+02:00,-200.0,200.0,153561.51817959192,153561.51817959192,123.1788679991383
2026-04-06 20:45:00+02:00,-200.0,200.0,153585.5130775511,153610.51817959192,123.1788679991383
2026-04-06 21:00:00+02:00,-200.0,200.0,153634.5130775511,153634.5130775511,123.1788679991383
2026-04-06 21:15:00+02:00,-150.0,150.0,153658.5079755103,153683.5130775511,16.73141901954647
2026-04-06 21:30:00+02:00,-200.0,200.0,153695.2579755103,153695.2579755103,162.64978636648524
2026-04-06 21:45:00+02:00,-250.0,250.0,153719.25287346946,153744.2579755103,284.96828976784576
2026-04-06 22:00:00+02:00,-250.0,250.0,153780.50287346946,153780.50287346946,284.96828976784576
2026-04-06 22:15:00+02:00,-250.0,250.0,153816.74777142867,153841.75287346946,284.96828976784576
2026-04-06 22:30:00+02:00,-100.0,100.0,153877.99777142867,153877.99777142867,11.629680546379426
2026-04-06 22:45:00+02:00,-100.0,100.0,153877.49266938784,153902.49777142867,11.629680546379426
2026-04-06 23:00:00+02:00,-150.0,150.0,153901.99266938784,153901.99266938784,53.32064264550479
2026-04-06 23:15:00+02:00,-150.0,150.0,153913.73756734704,153938.74266938784,53.32064264550479
2026-04-06 23:30:00+02:00,-150.0,150.0,153950.48756734704,153950.48756734704,53.32064264550479
2026-04-06 23:45:00+02:00,-150.0,150.0,153962.2324653062,153987.23756734704,53.32064264550479
2026-04-07 00:00:00+02:00,-100.0,100.0,153998.9824653062,153998.9824653062,42.307935675924504
2026-04-07 00:15:00+02:00,-100.0,100.0,153998.47736326538,154023.4824653062,42.307935675924504
2026-04-07 00:30:00+02:00,-100.0,100.0,154022.97736326538,154022.97736326538,42.307935675924504
2026-04-07 00:45:00+02:00,-100.0,100.0,154022.47226122458,154047.47736326538,42.307935675924504
2026-04-07 01:00:00+02:00,-150.0,150.0,154046.9722612246,154046.9722612246,120.16997649225102
2026-04-07 01:15:00+02:00,-150.0,150.0,154058.71715918378,154083.7222612246,120.16997649225102
2026-04-07 01:30:00+02:00,-150.0,150.0,154095.46715918378,154095.46715918378,120.16997649225102
2026-04-07 01:45:00+02:00,-150.0,150.0,154107.21205714298,154132.21715918378,120.16997649225102
2026-04-07 02:00:00+02:00,-150.0,150.0,154143.96205714298,154143.96205714298,120.16997649225102
2026-04-07 02:15:00+02:00,-100.0,100.0,154155.70695510216,154180.71205714298,42.307935675924504
2026-04-07 02:30:00+02:00,-50.0,50.0,154180.20695510216,154180.20695510216,0.6169735767991407
2026-04-07 02:45:00+02:00,-50.0,50.0,154167.45185306133,154192.45695510216,0.6169735767991407
2026-04-07 03:00:00+02:00,-150.0,150.0,154179.70185306133,154179.70185306133,124.18713230695785
2026-04-07 03:15:00+02:00,-150.0,150.0,154191.44675102053,154216.45185306133,124.18713230695785
2026-04-07 03:30:00+02:00,-150.0,150.0,154228.19675102053,154228.19675102053,124.18713230695785
2026-04-07 03:45:00+02:00,-100.0,100.0,154239.9416489797,154264.94675102053,65.4695812865497
2026-04-07 04:00:00+02:00,-100.0,100.0,154264.4416489797,154264.4416489797,65.4695812865497
2026-04-07 04:15:00+02:00,-100.0,100.0,154263.9365469389,154288.9416489797,65.4695812865497
2026-04-07 04:30:00+02:00,-100.0,100.0,154288.4365469389,154288.4365469389,65.4695812865497
2026-04-07 04:45:00+02:00,-150.0,150.0,154287.93144489807,154312.9365469389,158.2444792457334
2026-04-07 05:00:00+02:00,-150.0,150.0,154324.68144489804,154324.68144489804,158.2444792457334
2026-04-07 05:15:00+02:00,-100.0,100.0,154336.42634285722,154361.43144489804,93.39187153598282
2026-04-07 05:30:00+02:00,-100.0,100.0,154360.92634285722,154360.92634285722,93.39187153598282
2026-04-07 05:45:00+02:00,-50.0,50.0,154360.42124081642,154385.42634285722,0.6169735767991407
2026-04-07 06:00:00+02:00,-50.0,50.0,154372.67124081642,154372.67124081642,0.6169735767991407
2026-04-07 06:15:00+02:00,-50.0,50.0,154359.9161387756,154384.92124081642,0.6169735767991407
2026-04-07 06:30:00+02:00,-50.0,50.0,154372.1661387756,154372.1661387756,0.6169735767991407
2026-04-07 06:45:00+02:00,-50.0,50.0,154359.4110367348,154384.4161387756,0.6169735767991407
2026-04-07 07:00:00+02:00,-50.0,50.0,154371.6610367348,154371.6610367348,0.6169735767991407
2026-04-07 07:15:00+02:00,-50.0,50.0,154358.90593469396,154383.9110367348,0.6169735767991407
2026-04-07 07:30:00+02:00,-50.0,50.0,154371.15593469396,154371.15593469396,0.6169735767991407
2026-04-07 07:45:00+02:00,-100.0,100.0,154358.40083265313,154383.40593469396,8.980483780880775
2026-04-07 08:00:00+02:00,-100.0,100.0,154357.89573061233,154382.90083265313,8.980483780880775
2026-04-07 08:15:00+02:00,-100.0,100.0,154357.39062857153,154382.39573061233,8.980483780880775
2026-04-07 08:30:00+02:00,-100.0,100.0,154356.8855265307,154381.89062857153,8.980483780880775
2026-04-07 08:45:00+02:00,-150.0,150.0,154356.38042448988,154381.3855265307,12.87025054472917
2026-04-07 09:00:00+02:00,-200.0,200.0,154343.12022040828,154393.13042448988,596.5437199324842
2026-04-07 09:15:00+02:00,-150.0,150.0,154367.11511836748,154392.12022040828,12.87025054472917
2026-04-07 09:30:00+02:00,-150.0,150.0,154353.85491428582,154403.86511836745,12.87025054472917
2026-04-07 09:45:00+02:00,-150.0,150.0,154365.599812245,154390.60491428582,12.87025054472917
2026-04-07 10:00:00+02:00,-150.0,150.0,154352.33960816334,154402.349812245,12.87025054472917
2026-04-07 10:15:00+02:00,-200.0,200.0,154364.08450612254,154389.08960816334,16.83382575259009
2026-04-07 10:30:00+02:00,-200.0,200.0,154338.0692000001,154413.08450612254,16.83382575259009
2026-04-07 10:45:00+02:00,-200.0,200.0,154362.0640979593,154387.0692000001,16.83382575259009
2026-04-07 11:00:00+02:00,-200.0,200.0,154336.04879183683,154411.0640979593,16.83382575259009
2026-04-07 11:15:00+02:00,-200.0,200.0,154360.043689796,154385.04879183683,16.83382575259009
2026-04-07 11:30:00+02:00,-200.0,200.0,154334.02838367358,154409.043689796,16.83382575259009
2026-04-07 11:45:00+02:00,-200.0,200.0,154358.02328163278,154383.02838367358,16.83382575259009
2026-04-07 12:00:00+02:00,-200.0,200.0,154334.09709387767,154407.02328163278,16.83382575259009
2026-04-07 12:15:00+02:00,-200.0,200.0,154358.09199183685,154383.09709387767,16.83382575259009
2026-04-07 12:30:00+02:00,-250.0,250.0,154357.08178775522,154407.09199183682,133.5685196301411
2026-04-07 12:45:00+02:00,-250.0,250.0,154393.32668571442,154418.33178775522,133.5685196301411
2026-04-07 13:00:00+02:00,-250.0,250.0,154404.56648163276,154454.57668571442,133.5685196301411
2026-04-07 13:15:00+02:00,-250.0,250.0,154440.81137959193,154465.81648163276,133.5685196301411
2026-04-07 13:30:00+02:00,-250.0,250.0,154452.0511755103,154502.06137959193,133.5685196301411
2026-04-07 13:45:00+02:00,-200.0,200.0,154488.29607346948,154513.3011755103,16.83382575259009
2026-04-07 14:00:00+02:00,-200.0,200.0,154487.28586938785,154537.29607346948,16.83382575259009
2026-04-07 14:15:00+02:00,-200.0,200.0,154511.28076734705,154536.28586938785,16.83382575259009
2026-04-07 14:30:00+02:00,-200.0,200.0,154510.2705632654,154560.28076734705,16.83382575259009
2026-04-07 14:45:00+02:00,-200.0,200.0,154534.26546122457,154559.2705632654,16.83382575259009
2026-04-07 15:00:00+02:00,-200.0,200.0,154533.25525714297,154583.26546122457,16.83382575259009
2026-04-07 15:15:00+02:00,-200.0,200.0,154557.25015510217,154582.25525714297,16.83382575259009
2026-04-07 15:30:00+02:00,-200.0,200.0,154556.2399510205,154606.25015510217,16.83382575259009
2026-04-07 15:45:00+02:00,-200.0,200.0,154580.2348489797,154605.2399510205,16.83382575259009
2026-04-07 16:00:00+02:00,-200.0,200.0,154579.22464489806,154629.2348489797,16.83382575259009
2026-04-07 16:15:00+02:00,-200.0,200.0,154603.21954285723,154628.22464489806,16.83382575259009
2026-04-07 16:30:00+02:00,-200.0,200.0,154602.2093387756,154652.21954285723,16.83382575259009
2026-04-07 16:45:00+02:00,-200.0,200.0,154626.2042367348,154651.2093387756,16.83382575259009
2026-04-07 17:00:00+02:00,-200.0,200.0,154625.19403265318,154675.2042367348,16.83382575259009
2026-04-07 17:15:00+02:00,-200.0,200.0,154649.18893061235,154674.19403265318,16.83382575259009
2026-04-07 17:30:00+02:00,-200.0,200.0,154648.17872653072,154698.18893061235,16.83382575259009
2026-04-07 17:45:00+02:00,-200.0,200.0,154672.17362448992,154697.17872653072,16.83382575259009
2026-04-07 18:00:00+02:00,-200.0,200.0,154673.7307591838,154721.17362448992,16.83382575259009
2026-04-07 18:15:00+02:00,-200.0,200.0,154697.725657143,154722.73075918382,16.83382575259009
2026-04-07 18:30:00+02:00,-200.0,200.0,154721.72055510216,154746.725657143,16.83382575259009
2026-04-07 18:45:00+02:00,-200.0,200.0,154745.71545306133,154770.72055510216,16.83382575259009
2026-04-07 19:00:00+02:00,-200.0,200.0,154769.71035102053,154794.71545306133,16.83382575259009
2026-04-07 19:15:00+02:00,-200.0,200.0,154793.70524897974,154818.71035102053,16.83382575259009
2026-04-07 19:30:00+02:00,-200.0,200.0,154841.04948571444,154842.70524897974,16.83382575259009
2026-04-07 19:45:00+02:00,-200.0,200.0,154865.0443836736,154890.04948571444,16.83382575259009
2026-04-07 20:00:00+02:00,-200.0,200.0,154914.0443836736,154914.0443836736,16.83382575259009
2026-04-07 20:15:00+02:00,-200.0,200.0,154938.0392816328,154963.0443836736,16.83382575259009
2026-04-07 20:30:00+02:00,-250.0,250.0,154987.0392816328,154987.0392816328,600.5072951403451
2026-04-07 20:45:00+02:00,-200.0,200.0,155023.284179592,155048.28928163284,16.83382575259009
2026-04-07 21:00:00+02:00,-200.0,200.0,155072.284179592,155072.284179592,16.83382575259009
2026-04-07 21:15:00+02:00,-200.0,200.0,155096.27907755118,155121.284179592,16.83382575259009
2026-04-07 21:30:00+02:00,-150.0,150.0,155145.27907755118,155145.27907755118,8.47031554850846
2026-04-07 21:45:00+02:00,-200.0,200.0,155157.02397551038,155182.02907755118,49.0939890178962
2026-04-07 22:00:00+02:00,-250.0,250.0,155206.02397551035,155206.02397551035,78.91970330361048
2026-04-07 22:15:00+02:00,-200.0,200.0,155242.26887346953,155267.27397551035,38.296029834222736
2026-04-07 22:30:00+02:00,-150.0,150.0,155291.26887346953,155291.26887346953,8.47031554850846
2026-04-07 22:45:00+02:00,-150.0,150.0,155303.01377142873,155328.01887346953,199.13837191391175
2026-04-07 23:00:00+02:00,-150.0,150.0,155339.76377142873,155339.76377142873,199.13837191391175
2026-04-07 23:15:00+02:00,-150.0,150.0,155351.5086693879,155376.51377142873,199.13837191391175
2026-04-07 23:30:00+02:00,-100.0,100.0,155388.25866938793,155388.25866938793,4.580548784660063
2026-04-07 23:45:00+02:00,-50.0,50.0,155387.75356734713,155412.75866938793,0.6169735767991407
2026-04-08 00:00:00+02:00,-50.0,50.0,155400.00356734713,155400.00356734713,0.6169735767991407
2026-04-08 00:15:00+02:00,-50.0,50.0,155387.2484653063,155412.25356734713,0.6169735767991407
2026-04-08 00:30:00+02:00,-50.0,50.0,155399.4984653063,155399.4984653063,0.6169735767991407
2026-04-08 00:45:00+02:00,-50.0,50.0,155386.74336326547,155411.7484653063,0.6169735767991407
2026-04-08 01:00:00+02:00,-50.0,50.0,155398.99336326547,155398.99336326547,0.6169735767991407
2026-04-08 01:15:00+02:00,-50.0,50.0,155386.23826122467,155411.24336326547,0.6169735767991407
2026-04-08 01:30:00+02:00,-50.0,50.0,155398.48826122467,155398.48826122467,0.6169735767991407
2026-04-08 01:45:00+02:00,-100.0,100.0,155385.73315918384,155410.73826122467,59.538810311492995
2026-04-08 02:00:00+02:00,-100.0,100.0,155410.23315918384,155410.23315918384,59.538810311492995
2026-04-08 02:15:00+02:00,-100.0,100.0,155409.72805714305,155434.73315918384,40.341789903329754
2026-04-08 02:30:00+02:00,-150.0,150.0,155434.22805714305,155434.22805714305,69.66165384890799
2026-04-08 02:45:00+02:00,-150.0,150.0,155445.97295510222,155470.97805714305,69.66165384890799
2026-04-08 03:00:00+02:00,-150.0,150.0,155482.72295510222,155482.72295510222,69.66165384890799
2026-04-08 03:15:00+02:00,-150.0,150.0,155494.4678530614,155519.47295510222,69.66165384890799
2026-04-08 03:30:00+02:00,-100.0,100.0,155531.2178530614,155531.2178530614,29.936837522377374
2026-04-08 03:45:00+02:00,-100.0,100.0,155530.7127510206,155555.7178530614,29.936837522377374
2026-04-08 04:00:00+02:00,-50.0,50.0,155555.2127510206,155555.2127510206,0.6169735767991407
2026-04-08 04:15:00+02:00,-50.0,50.0,155542.45764897976,155567.4627510206,0.6169735767991407
2026-04-08 04:30:00+02:00,-50.0,50.0,155554.70764897976,155554.70764897976,0.6169735767991407
2026-04-08 04:45:00+02:00,-50.0,50.0,155561.5364000002,155566.95764897976,0.6169735767991407
2026-04-08 05:00:00+02:00,-100.0,100.0,155573.7864000002,155573.7864000002,98.36282391693518
2026-04-08 05:15:00+02:00,-100.0,100.0,155598.2864000002,155598.2864000002,98.36282391693518
2026-04-08 05:30:00+02:00,-100.0,100.0,155622.7864000002,155622.7864000002,98.36282391693518
2026-04-08 05:45:00+02:00,-50.0,50.0,155647.2864000002,155647.2864000002,0.6169735767991407
2026-04-08 06:00:00+02:00,-50.0,50.0,155659.5364000002,155659.5364000002,0.6169735767991407
2026-04-08 06:15:00+02:00,-50.0,50.0,155671.7864000002,155671.7864000002,0.6169735767991407
2026-04-08 06:30:00+02:00,-50.0,50.0,155684.0364000002,155684.0364000002,0.6169735767991407
2026-04-08 06:45:00+02:00,-50.0,50.0,155696.2864000002,155696.2864000002,0.6169735767991407
2026-04-08 07:00:00+02:00,-50.0,50.0,155708.5364000002,155708.5364000002,0.6169735767991407
2026-04-08 07:15:00+02:00,-50.0,50.0,155720.7864000002,155720.7864000002,0.6169735767991407
2026-04-08 07:30:00+02:00,-50.0,50.0,155733.0364000002,155733.0364000002,0.6169735767991407
2026-04-08 07:45:00+02:00,-50.0,50.0,155745.2864000002,155745.2864000002,0.6169735767991407
2026-04-08 08:00:00+02:00,-50.0,50.0,155757.5364000002,155757.5364000002,0.6169735767991407
2026-04-08 08:15:00+02:00,-50.0,50.0,155769.7864000002,155769.7864000002,0.6169735767991407
2026-04-08 08:30:00+02:00,-100.0,100.0,155782.0364000002,155782.0364000002,7.2323286788399574
2026-04-08 08:45:00+02:00,-150.0,150.0,155781.53129795936,155806.5364000002,17.080491944146083
2026-04-08 09:00:00+02:00,-150.0,150.0,155793.27619591856,155818.28129795936,17.080491944146083
2026-04-08 09:15:00+02:00,-150.0,150.0,155805.02109387776,155830.02619591856,17.080491944146083
2026-04-08 09:30:00+02:00,-150.0,150.0,155838.18939591857,155841.77109387776,17.080491944146083
2026-04-08 09:45:00+02:00,-150.0,150.0,155849.93429387777,155874.93939591857,17.080491944146083
2026-04-08 10:00:00+02:00,-150.0,150.0,155886.68429387777,155886.68429387777,17.080491944146083
2026-04-08 10:15:00+02:00,-150.0,150.0,155898.42919183694,155923.43429387777,17.080491944146083
2026-04-08 10:30:00+02:00,-200.0,200.0,155935.17919183694,155935.17919183694,20.619573576799144
2026-04-08 10:45:00+02:00,-200.0,200.0,155934.16898775529,155984.17919183694,20.619573576799144
2026-04-08 11:00:00+02:00,-200.0,200.0,155983.16898775529,155983.16898775529,20.619573576799144
2026-04-08 11:15:00+02:00,-200.0,200.0,155982.1587836737,156032.16898775529,20.619573576799144
2026-04-08 11:30:00+02:00,-150.0,150.0,156031.1587836737,156031.1587836737,10.771410311493018
2026-04-08 11:45:00+02:00,-200.0,200.0,156017.89857959203,156067.9087836737,127.50610418904402
2026-04-08 12:00:00+02:00,-200.0,200.0,156066.89857959203,156066.89857959203,127.50610418904402
2026-04-08 12:15:00+02:00,-200.0,200.0,156065.8883755104,156115.89857959203,127.50610418904402
2026-04-08 12:30:00+02:00,-200.0,200.0,156114.8883755104,156114.8883755104,127.50610418904402
2026-04-08 12:45:00+02:00,-150.0,150.0,156113.87817142878,156163.8883755104,126.88913061224488
2026-04-08 13:00:00+02:00,-100.0,100.0,156150.62817142878,156150.62817142878,10.154436734693878
2026-04-08 13:15:00+02:00,-100.0,100.0,156125.11796734712,156175.12817142878,10.154436734693878
2026-04-08 13:30:00+02:00,-100.0,100.0,156149.61796734712,156149.61796734712,10.154436734693878
2026-04-08 13:45:00+02:00,-100.0,100.0,156124.10776326552,156174.11796734712,10.154436734693878
2026-04-08 14:00:00+02:00,-100.0,100.0,156148.60776326552,156148.60776326552,10.154436734693878
2026-04-08 14:15:00+02:00,-100.0,100.0,156134.81118367368,156173.10776326552,10.154436734693878
2026-04-08 14:30:00+02:00,-100.0,100.0,156159.31118367368,156159.31118367368,10.154436734693878
2026-04-08 14:45:00+02:00,-100.0,100.0,156158.80608163285,156183.81118367368,10.154436734693878
2026-04-08 15:00:00+02:00,-100.0,100.0,156183.30608163285,156183.30608163285,10.154436734693878
2026-04-08 15:15:00+02:00,-100.0,100.0,156182.80097959205,156207.80608163285,10.154436734693878
2026-04-08 15:30:00+02:00,-100.0,100.0,156207.30097959205,156207.30097959205,10.154436734693878
2026-04-08 15:45:00+02:00,-150.0,150.0,156206.79587755122,156231.80097959202,13.771076854156297
2026-04-08 16:00:00+02:00,-150.0,150.0,156218.5407755104,156243.54587755122,13.771076854156297
2026-04-08 16:15:00+02:00,-200.0,200.0,156230.28567346957,156255.2907755104,57.53685916708145
2026-04-08 16:30:00+02:00,-200.0,200.0,156254.28057142877,156279.28567346957,57.53685916708145
2026-04-08 16:45:00+02:00,-200.0,200.0,156278.27546938794,156303.28057142877,57.53685916708145
2026-04-08 17:00:00+02:00,-200.0,200.0,156302.2703673471,156327.27546938794,57.53685916708145
2026-04-08 17:15:00+02:00,-200.0,200.0,156326.26526530628,156351.2703673471,57.53685916708145
2026-04-08 17:30:00+02:00,-250.0,250.0,156350.26016326548,156375.26526530628,83.02393399701343
2026-04-08 17:45:00+02:00,-200.0,200.0,156386.50506122466,156411.51016326548,39.258151684088276
2026-04-08 18:00:00+02:00,-200.0,200.0,156410.49995918383,156435.50506122466,39.258151684088276
2026-04-08 18:15:00+02:00,-150.0,150.0,156434.49485714303,156459.49995918383,13.771076854156297
2026-04-08 18:30:00+02:00,-150.0,150.0,156446.2397551022,156471.24485714303,13.771076854156297
2026-04-08 18:45:00+02:00,-150.0,150.0,156457.98465306137,156482.9897551022,13.771076854156297
2026-04-08 19:00:00+02:00,-150.0,150.0,156469.72955102057,156494.73465306137,13.771076854156297
2026-04-08 19:15:00+02:00,-150.0,150.0,156481.47444897974,156506.47955102057,13.771076854156297
2026-04-08 19:30:00+02:00,-150.0,150.0,156493.21934693892,156518.22444897974,13.771076854156297
2026-04-08 19:45:00+02:00,-150.0,150.0,156523.41278367362,156529.96934693892,13.771076854156297
2026-04-08 20:00:00+02:00,-150.0,150.0,156535.15768163282,156560.16278367362,13.771076854156297
2026-04-08 20:15:00+02:00,-150.0,150.0,156571.90768163282,156571.90768163282,13.771076854156297
2026-04-08 20:30:00+02:00,-200.0,200.0,156583.652579592,156608.65768163282,62.41053263646921
2026-04-08 20:45:00+02:00,-200.0,200.0,156632.652579592,156632.652579592,62.41053263646921
2026-04-08 21:00:00+02:00,-150.0,150.0,156656.64747755116,156681.652579592,55.7951775344284
2026-04-08 21:15:00+02:00,-150.0,150.0,156693.39747755116,156693.39747755116,55.7951775344284
2026-04-08 21:30:00+02:00,-150.0,150.0,156705.14237551036,156730.14747755116,55.7951775344284
2026-04-08 21:45:00+02:00,-200.0,200.0,156741.89237551036,156741.89237551036,67.3685886131456
2026-04-08 22:00:00+02:00,-200.0,200.0,156759.53087346954,156790.89237551036,67.3685886131456
2026-04-08 22:15:00+02:00,-200.0,200.0,156808.53087346954,156808.53087346954,67.3685886131456
2026-04-08 22:30:00+02:00,-250.0,250.0,156832.52577142874,156857.53087346954,115.89130970158097
2026-04-08 22:45:00+02:00,-300.0,300.0,156893.77577142874,156893.77577142874,397.98069745668295
2026-04-08 23:00:00+02:00,-250.0,250.0,156942.2706693879,156967.2757714287,115.89130970158097
2026-04-08 23:15:00+02:00,-250.0,250.0,157003.5206693879,157003.5206693879,119.99258861314561
2026-04-08 23:30:00+02:00,-100.0,100.0,157039.7655673471,157064.7706693879,56.24064011946242
2026-04-08 23:45:00+02:00,-100.0,100.0,157064.2655673471,157064.2655673471,56.24064011946242
2026-04-09 00:00:00+02:00,-100.0,100.0,157063.76046530626,157088.7655673471,56.24064011946242
2026-04-09 00:15:00+02:00,-100.0,100.0,157088.26046530626,157088.26046530626,56.24064011946242
2026-04-09 00:30:00+02:00,-50.0,50.0,157087.75536326543,157112.76046530626,3.616640119462419
2026-04-09 00:45:00+02:00,-50.0,50.0,157100.00536326543,157100.00536326543,3.616640119462419
2026-04-09 01:00:00+02:00,-50.0,50.0,157087.25026122463,157112.25536326543,3.616640119462419
2026-04-09 01:15:00+02:00,-50.0,50.0,157099.50026122463,157099.50026122463,3.616640119462419
2026-04-09 01:30:00+02:00,-50.0,50.0,157086.7451591838,157111.75026122463,3.616640119462419
2026-04-09 01:45:00+02:00,-50.0,50.0,157098.9951591838,157098.9951591838,3.616640119462419
2026-04-09 02:00:00+02:00,-50.0,50.0,157086.240057143,157111.2451591838,3.616640119462419
2026-04-09 02:15:00+02:00,-50.0,50.0,157098.490057143,157098.490057143,3.616640119462419
2026-04-09 02:30:00+02:00,-50.0,50.0,157085.73495510218,157110.740057143,3.616640119462419
2026-04-09 02:45:00+02:00,-50.0,50.0,157097.98495510218,157097.98495510218,3.616640119462419
2026-04-09 03:00:00+02:00,-50.0,50.0,157085.22985306135,157110.23495510218,3.616640119462419
2026-04-09 03:15:00+02:00,-50.0,50.0,157097.47985306135,157097.47985306135,3.616640119462419
2026-04-09 03:30:00+02:00,-100.0,100.0,157084.72475102055,157109.72985306135,74.00766052762569
2026-04-09 03:45:00+02:00,-100.0,100.0,157109.22475102055,157109.22475102055,74.00766052762569
2026-04-09 04:00:00+02:00,-100.0,100.0,157108.71964897972,157133.72475102055,74.00766052762569
2026-04-09 04:15:00+02:00,-100.0,100.0,157133.21964897972,157133.21964897972,73.08837481333995
2026-04-09 04:30:00+02:00,-150.0,150.0,157132.71454693892,157157.71964897972,106.13888501742159
2026-04-09 04:45:00+02:00,-200.0,200.0,157169.46454693892,157169.46454693892,201.19983739837397
2026-04-09 05:00:00+02:00,-200.0,200.0,157193.4594448981,157218.46454693892,201.19983739837397
2026-04-09 05:15:00+02:00,-150.0,150.0,157242.4594448981,157242.4594448981,131.72810270449645
2026-04-09 05:30:00+02:00,-50.0,50.0,157254.20434285727,157279.2094448981,3.616640119462419
2026-04-09 05:45:00+02:00,-50.0,50.0,157266.45434285727,157266.45434285727,3.616640119462419
2026-04-09 06:00:00+02:00,-50.0,50.0,157264.98040000015,157278.70434285727,3.616640119462419
2026-04-09 06:15:00+02:00,-50.0,50.0,157277.23040000015,157277.23040000015,3.616640119462419
2026-04-09 06:30:00+02:00,-50.0,50.0,157289.48040000015,157289.48040000015,3.616640119462419
2026-04-09 06:45:00+02:00,-50.0,50.0,157301.73040000015,157301.73040000015,3.616640119462419
2026-04-09 07:00:00+02:00,-50.0,50.0,157313.98040000015,157313.98040000015,3.616640119462419
2026-04-09 07:15:00+02:00,-50.0,50.0,157326.23040000015,157326.23040000015,3.616640119462419
2026-04-09 07:30:00+02:00,-100.0,100.0,157338.48040000015,157338.48040000015,28.967524473203916
2026-04-09 07:45:00+02:00,-100.0,100.0,157362.98040000015,157362.98040000015,28.967524473203916
2026-04-09 08:00:00+02:00,-100.0,100.0,157387.48040000015,157387.48040000015,28.967524473203916
2026-04-09 08:15:00+02:00,-100.0,100.0,157411.98040000015,157411.98040000015,28.967524473203916
2026-04-09 08:30:00+02:00,-100.0,100.0,157436.48040000015,157436.48040000015,28.967524473203916
2026-04-09 08:45:00+02:00,-150.0,150.0,157460.98040000015,157460.98040000015,209.58527957524475
2026-04-09 09:00:00+02:00,-200.0,200.0,157497.73040000015,157497.73040000015,793.2587489629998
2026-04-09 09:15:00+02:00,-100.0,100.0,157546.73040000015,157546.73040000015,28.967524473203916
2026-04-09 09:30:00+02:00,-100.0,100.0,157571.23040000015,157571.23040000015,28.967524473203916
2026-04-09 09:45:00+02:00,-100.0,100.0,157595.73040000015,157595.73040000015,28.967524473203916
2026-04-09 10:00:00+02:00,-100.0,100.0,157620.23040000015,157620.23040000015,28.967524473203916
2026-04-09 10:15:00+02:00,-100.0,100.0,157644.73040000015,157644.73040000015,28.967524473203916
2026-04-09 10:30:00+02:00,-50.0,50.0,157669.23040000015,157669.23040000015,3.616640119462419
2026-04-09 10:45:00+02:00,-100.0,100.0,157681.48040000015,157681.48040000015,71.848068690891
2026-04-09 11:00:00+02:00,-100.0,100.0,157705.98040000015,157705.98040000015,71.848068690891
2026-04-09 11:15:00+02:00,-50.0,50.0,157730.48040000015,157730.48040000015,3.616640119462419
2026-04-09 11:30:00+02:00,-50.0,50.0,157742.73040000015,157742.73040000015,3.616640119462419
2026-04-09 11:45:00+02:00,-50.0,50.0,157754.98040000015,157754.98040000015,3.616640119462419
2026-04-09 12:00:00+02:00,-150.0,150.0,157767.23040000015,157767.23040000015,124.29842583374813
2026-04-09 12:15:00+02:00,-100.0,100.0,157778.97529795935,157803.98040000015,120.68178571428571
2026-04-09 12:30:00+02:00,-100.0,100.0,157803.47529795935,157803.47529795935,120.68178571428571
2026-04-09 12:45:00+02:00,-100.0,100.0,157802.97019591852,157827.97529795935,120.68178571428571
2026-04-09 13:00:00+02:00,-100.0,100.0,157827.47019591852,157827.47019591852,120.68178571428571
2026-04-09 13:15:00+02:00,-50.0,50.0,157826.9650938777,157851.97019591852,3.947091836734694
2026-04-09 13:30:00+02:00,-50.0,50.0,157839.2150938777,157839.2150938777,3.947091836734694
2026-04-09 13:45:00+02:00,-50.0,50.0,157826.4599918369,157851.46509387772,3.947091836734694
2026-04-09 14:00:00+02:00,-50.0,50.0,157838.7099918369,157838.7099918369,3.947091836734694
2026-04-09 14:15:00+02:00,-50.0,50.0,157825.95488979606,157850.9599918369,3.947091836734694
2026-04-09 14:30:00+02:00,-50.0,50.0,157838.20488979606,157838.20488979606,3.947091836734694
2026-04-09 14:45:00+02:00,-50.0,50.0,157841.37080000015,157850.45488979606,3.947091836734694
2026-04-09 15:00:00+02:00,-100.0,100.0,157853.62080000015,157853.62080000015,6.389798850574713
2026-04-09 15:15:00+02:00,-100.0,100.0,157853.11569795932,157878.12080000015,6.389798850574713
2026-04-09 15:30:00+02:00,-100.0,100.0,157877.61569795932,157877.61569795932,6.389798850574713
2026-04-09 15:45:00+02:00,-100.0,100.0,157877.11059591852,157902.11569795932,6.389798850574713
2026-04-09 16:00:00+02:00,-50.0,50.0,157901.61059591852,157901.61059591852,2.442707013840019
2026-04-09 16:15:00+02:00,-50.0,50.0,157888.8554938777,157913.86059591852,2.442707013840019
2026-04-09 16:30:00+02:00,-50.0,50.0,157901.1054938777,157901.1054938777,2.442707013840019
2026-04-09 16:45:00+02:00,-100.0,100.0,157888.3503918369,157913.3554938777,128.7496457893502
2026-04-09 17:00:00+02:00,-100.0,100.0,157912.8503918369,157912.8503918369,128.7496457893502
2026-04-09 17:15:00+02:00,-100.0,100.0,157912.34528979607,157937.3503918369,128.7496457893502
2026-04-09 17:30:00+02:00,-50.0,50.0,157936.84528979607,157936.84528979607,2.442707013840019
2026-04-09 17:45:00+02:00,-50.0,50.0,157924.09018775524,157949.09528979607,2.442707013840019
2026-04-09 18:00:00+02:00,-50.0,50.0,157936.34018775524,157936.34018775524,2.442707013840019
2026-04-09 18:15:00+02:00,-50.0,50.0,157923.58508571444,157948.59018775524,2.442707013840019
2026-04-09 18:30:00+02:00,-100.0,100.0,157935.83508571444,157935.83508571444,5.472250259709796
2026-04-09 18:45:00+02:00,-100.0,100.0,157910.3248816328,157960.33508571444,5.472250259709796
2026-04-09 19:00:00+02:00,-100.0,100.0,157934.8248816328,157934.8248816328,5.472250259709796
2026-04-09 19:15:00+02:00,-100.0,100.0,157909.31467755119,157959.3248816328,5.472250259709796
2026-04-09 19:30:00+02:00,-150.0,150.0,157933.81467755119,157933.81467755119,31.70420361247947
2026-04-09 19:45:00+02:00,-150.0,150.0,157920.55447346953,157970.56467755119,31.70420361247947
2026-04-09 20:00:00+02:00,-150.0,150.0,157957.30447346953,157957.30447346953,31.70420361247947
2026-04-09 20:15:00+02:00,-150.0,150.0,157944.04426938787,157994.05447346953,31.70420361247947
2026-04-09 20:30:00+02:00,-150.0,150.0,157980.79426938787,157980.79426938787,31.70420361247947
2026-04-09 20:45:00+02:00,-150.0,150.0,157967.53406530627,158017.54426938787,31.70420361247947
2026-04-09 21:00:00+02:00,-150.0,150.0,158004.28406530627,158004.28406530627,31.70420361247947
2026-04-09 21:15:00+02:00,-100.0,100.0,157991.02386122465,158041.03406530627,5.472250259709796
2026-04-09 21:30:00+02:00,-150.0,150.0,158015.52386122465,158015.52386122465,21.86180128011795
2026-04-09 21:45:00+02:00,-250.0,250.0,158002.26365714302,158052.27386122465,228.4092502597098
2026-04-09 22:00:00+02:00,-250.0,250.0,158063.51365714302,158063.51365714302,228.4092502597098
2026-04-09 22:15:00+02:00,-250.0,250.0,158079.8922693879,158124.76365714302,228.4092502597098
2026-04-09 22:30:00+02:00,-200.0,200.0,158141.1422693879,158141.1422693879,102.91945434134244
2026-04-09 22:45:00+02:00,-150.0,150.0,158165.1371673471,158190.1422693879,151.39061760664856
2026-04-09 23:00:00+02:00,-150.0,150.0,158201.8871673471,158201.8871673471,151.39061760664856
2026-04-09 23:15:00+02:00,-150.0,150.0,158213.63206530627,158238.6371673471,151.39061760664856
2026-04-09 23:30:00+02:00,-150.0,150.0,158250.38206530627,158250.38206530627,151.39061760664856
2026-04-09 23:45:00+02:00,-100.0,100.0,158262.12696326544,158287.13206530627,78.88447572132303
2026-04-10 00:00:00+02:00,-100.0,100.0,158286.62696326544,158286.62696326544,78.88447572132303
2026-04-10 00:15:00+02:00,-100.0,100.0,158286.12186122464,158311.12696326544,78.88447572132303
2026-04-10 00:30:00+02:00,-50.0,50.0,158310.62186122464,158310.62186122464,2.442707013840019
2026-04-10 00:45:00+02:00,-50.0,50.0,158297.86675918382,158322.87186122464,2.442707013840019
2026-04-10 01:00:00+02:00,-100.0,100.0,158310.11675918382,158310.11675918382,20.128013136288992
2026-04-10 01:15:00+02:00,-100.0,100.0,158309.61165714302,158334.61675918382,20.128013136288992
2026-04-10 01:30:00+02:00,-100.0,100.0,158334.11165714302,158334.11165714302,20.128013136288992
2026-04-10 01:45:00+02:00,-100.0,100.0,158333.6065551022,158358.61165714302,20.128013136288992
2026-04-10 02:00:00+02:00,-100.0,100.0,158358.1065551022,158358.1065551022,20.128013136288992
2026-04-10 02:15:00+02:00,-100.0,100.0,158357.60145306136,158382.6065551022,20.128013136288992
2026-04-10 02:30:00+02:00,-100.0,100.0,158382.10145306136,158382.10145306136,20.128013136288992
2026-04-10 02:45:00+02:00,-100.0,100.0,158381.59635102056,158406.60145306136,20.128013136288992
2026-04-10 03:00:00+02:00,-100.0,100.0,158406.09635102056,158406.09635102056,96.51141449683323
2026-04-10 03:15:00+02:00,-100.0,100.0,158405.59124897973,158430.59635102056,96.51141449683323
2026-04-10 03:30:00+02:00,-100.0,100.0,158430.09124897973,158430.09124897973,96.51141449683323
2026-04-10 03:45:00+02:00,-50.0,50.0,158429.58614693893,158454.59124897973,2.442707013840019
2026-04-10 04:00:00+02:00,-50.0,50.0,158441.83614693893,158441.83614693893,2.442707013840019
2026-04-10 04:15:00+02:00,-50.0,50.0,158429.0810448981,158454.08614693893,2.442707013840019
2026-04-10 04:30:00+02:00,-50.0,50.0,158441.3310448981,158441.3310448981,2.442707013840019
2026-04-10 04:45:00+02:00,-50.0,50.0,158428.57594285728,158453.5810448981,2.442707013840019
2026-04-10 05:00:00+02:00,-100.0,100.0,158440.82594285728,158440.82594285728,188.868013136289
2026-04-10 05:15:00+02:00,-100.0,100.0,158440.32084081648,158465.32594285728,188.868013136289
2026-04-10 05:30:00+02:00,-50.0,50.0,158464.82084081648,158464.82084081648,2.442707013840019
2026-04-10 05:45:00+02:00,-50.0,50.0,158452.06573877565,158477.07084081648,2.442707013840019
2026-04-10 06:00:00+02:00,-50.0,50.0,158464.31573877565,158464.31573877565,2.442707013840019
2026-04-10 06:15:00+02:00,-50.0,50.0,158451.56063673485,158476.56573877565,2.442707013840019
2026-04-10 06:30:00+02:00,-50.0,50.0,158463.81063673485,158463.81063673485,2.442707013840019
2026-04-10 06:45:00+02:00,-50.0,50.0,158451.05553469402,158476.06063673485,2.442707013840019
2026-04-10 07:00:00+02:00,-50.0,50.0,158463.30553469402,158463.30553469402,2.442707013840019
2026-04-10 07:15:00+02:00,-50.0,50.0,158450.5504326532,158475.55553469402,2.442707013840019
2026-04-10 07:30:00+02:00,-100.0,100.0,158462.8004326532,158462.8004326532,4.257772526426376
2026-04-10 07:45:00+02:00,-100.0,100.0,158437.2902285716,158487.3004326532,4.257772526426376
2026-04-10 08:00:00+02:00,-100.0,100.0,158461.7902285716,158461.7902285716,4.257772526426376
2026-04-10 08:15:00+02:00,-100.0,100.0,158453.97379591851,158486.2902285716,4.257772526426376
2026-04-10 08:30:00+02:00,-100.0,100.0,158478.47379591851,158478.47379591851,4.257772526426376
2026-04-10 08:45:00+02:00,-100.0,100.0,158477.9686938777,158502.97379591851,4.257772526426376
2026-04-10 09:00:00+02:00,-150.0,150.0,158502.4686938777,158502.4686938777,19.180357560439976
2026-04-10 09:15:00+02:00,-150.0,150.0,158514.21359183686,158539.2186938777,19.180357560439976
2026-04-10 09:30:00+02:00,-150.0,150.0,158550.96359183686,158550.96359183686,19.180357560439976
2026-04-10 09:45:00+02:00,-150.0,150.0,158562.70848979606,158587.71359183686,19.180357560439976
2026-04-10 10:00:00+02:00,-150.0,150.0,158599.45848979606,158599.45848979606,19.180357560439976
2026-04-10 10:15:00+02:00,-200.0,200.0,158611.20338775526,158636.20848979606,233.5052555196236
2026-04-10 10:30:00+02:00,-150.0,150.0,158660.20338775526,158660.20338775526,19.180357560439976
2026-04-10 10:45:00+02:00,-150.0,150.0,158671.94828571443,158696.95338775526,19.180357560439976
2026-04-10 11:00:00+02:00,-150.0,150.0,158708.69828571443,158708.69828571443,19.180357560439976
2026-04-10 11:15:00+02:00,-150.0,150.0,158720.4431836736,158745.44828571443,19.180357560439976
2026-04-10 11:30:00+02:00,-150.0,150.0,158757.1931836736,158757.1931836736,19.180357560439976
2026-04-10 11:45:00+02:00,-150.0,150.0,158768.93808163278,158793.9431836736,19.180357560439976
2026-04-10 12:00:00+02:00,-150.0,150.0,158805.68808163278,158805.68808163278,19.180357560439976
2026-04-10 12:15:00+02:00,-200.0,200.0,158817.43297959198,158842.43808163278,135.915051437991
2026-04-10 12:30:00+02:00,-250.0,250.0,158866.43297959198,158866.43297959198,170.3153065400318
2026-04-10 12:45:00+02:00,-150.0,150.0,158902.67787755118,158927.68297959198,152.95001449217818
2026-04-10 13:00:00+02:00,-150.0,150.0,158939.42787755118,158939.42787755118,152.95001449217818
2026-04-10 13:15:00+02:00,-150.0,150.0,158951.17277551035,158976.17787755118,152.95001449217818
2026-04-10 13:30:00+02:00,-100.0,100.0,158987.92277551035,158987.92277551035,36.21532061462718
2026-04-10 13:45:00+02:00,-100.0,100.0,158987.41767346952,159012.42277551035,36.21532061462718
2026-04-10 14:00:00+02:00,-100.0,100.0,159011.91767346952,159011.91767346952,36.21532061462718
2026-04-10 14:15:00+02:00,-100.0,100.0,159011.4125714287,159036.41767346952,36.21532061462718
2026-04-10 14:30:00+02:00,-50.0,50.0,159035.9125714287,159035.9125714287,1.8150655125863577
2026-04-10 14:45:00+02:00,-100.0,100.0,159023.1574693879,159048.1625714287,2.5430798534578414
2026-04-10 15:00:00+02:00,-100.0,100.0,159022.65236734707,159047.6574693879,2.5430798534578414
2026-04-10 15:15:00+02:00,-100.0,100.0,159022.14726530627,159047.15236734707,2.5430798534578414
2026-04-10 15:30:00+02:00,-100.0,100.0,159021.64216326547,159046.64726530627,2.5430798534578414
2026-04-10 15:45:00+02:00,-100.0,100.0,159021.13706122464,159046.14216326547,2.5430798534578414
2026-04-10 16:00:00+02:00,-100.0,100.0,159020.6319591838,159045.63706122464,2.5430798534578414
2026-04-10 16:15:00+02:00,-150.0,150.0,159020.12685714298,159045.1319591838,89.19913427522656
2026-04-10 16:30:00+02:00,-150.0,150.0,159031.87175510218,159056.87685714298,89.19913427522656
2026-04-10 16:45:00+02:00,-150.0,150.0,159043.61665306138,159068.62175510218,89.19913427522656
2026-04-10 17:00:00+02:00,-100.0,100.0,159055.36155102056,159080.36665306138,2.5430798534578414
2026-04-10 17:15:00+02:00,-100.0,100.0,159054.85644897973,159079.86155102056,2.5430798534578414
2026-04-10 17:30:00+02:00,-100.0,100.0,159054.3513469389,159079.35644897973,2.5430798534578414
2026-04-10 17:45:00+02:00,-100.0,100.0,159053.8462448981,159078.8513469389,2.5430798534578414
2026-04-10 18:00:00+02:00,-100.0,100.0,159053.3411428573,159078.3462448981,2.5430798534578414
2026-04-10 18:15:00+02:00,-100.0,100.0,159052.83604081647,159077.8411428573,2.5430798534578414
2026-04-10 18:30:00+02:00,-150.0,150.0,159052.33093877565,159077.33604081647,17.261951402077287
2026-04-10 18:45:00+02:00,-150.0,150.0,159064.07583673482,159089.08093877565,17.261951402077287
2026-04-10 19:00:00+02:00,-150.0,150.0,159075.82073469402,159100.82583673482,17.261951402077287
2026-04-10 19:15:00+02:00,-150.0,150.0,159087.56563265322,159112.57073469402,17.261951402077287
2026-04-10 19:30:00+02:00,-150.0,150.0,159099.3105306124,159124.31563265322,17.261951402077287
2026-04-10 19:45:00+02:00,-150.0,150.0,159111.05542857156,159136.0605306124,17.261951402077287
2026-04-10 20:00:00+02:00,-150.0,150.0,159122.80032653073,159147.80542857156,17.261951402077287
2026-04-10 20:15:00+02:00,-150.0,150.0,159134.54522448994,159159.55032653073,17.261951402077287
2026-04-10 20:30:00+02:00,-150.0,150.0,159146.29012244914,159171.29522448994,17.261951402077287
2026-04-10 20:45:00+02:00,-150.0,150.0,159158.0350204083,159183.04012244914,17.261951402077287
2026-04-10 21:00:00+02:00,-200.0,200.0,159169.77991836748,159194.7850204083,249.12623711636303
2026-04-10 21:15:00+02:00,-200.0,200.0,159193.77481632665,159218.77991836748,249.12623711636303
2026-04-10 21:30:00+02:00,-200.0,200.0,159217.76971428585,159242.77481632665,88.02819046913268
2026-04-10 21:45:00+02:00,-200.0,200.0,159241.76461224505,159266.76971428585,88.02819046913268
2026-04-10 22:00:00+02:00,-200.0,200.0,159265.75951020423,159290.76461224505,88.02819046913268
2026-04-10 22:15:00+02:00,-200.0,200.0,159289.75440816337,159314.7595102042,88.02819046913268
2026-04-10 22:30:00+02:00,-250.0,250.0,159313.74930612257,159338.75440816337,237.02057142151364
2026-04-10 22:45:00+02:00,-250.0,250.0,159349.99420408177,159374.99930612257,368.2200672198329
2026-04-10 23:00:00+02:00,-250.0,250.0,159386.23910204094,159411.24420408177,368.2200672198329
2026-04-10 23:15:00+02:00,-150.0,150.0,159422.48400000014,159447.48910204094,148.4614472003966
2026-04-10 23:30:00+02:00,-150.0,150.0,159434.2288979593,159459.23400000014,148.4614472003966
2026-04-10 23:45:00+02:00,-100.0,100.0,159445.9737959185,159470.9788979593,2.5430798534578414
2026-04-11 00:00:00+02:00,-100.0,100.0,159445.4686938777,159470.4737959185,2.5430798534578414
2026-04-11 00:15:00+02:00,-100.0,100.0,159444.96359183686,159469.9686938777,2.5430798534578414
2026-04-11 00:30:00+02:00,-100.0,100.0,159444.45848979603,159469.46359183686,2.5430798534578414
2026-04-11 00:45:00+02:00,-100.0,100.0,159443.95338775523,159468.95848979603,2.5430798534578414
2026-04-11 01:00:00+02:00,-100.0,100.0,159443.44828571443,159468.45338775523,2.5430798534578414
2026-04-11 01:15:00+02:00,-100.0,100.0,159442.9431836736,159467.94828571443,2.5430798534578414
2026-04-11 01:30:00+02:00,-100.0,100.0,159442.43808163278,159467.4431836736,2.5430798534578414
2026-04-11 01:45:00+02:00,-100.0,100.0,159441.93297959198,159466.93808163278,2.5430798534578414
2026-04-11 02:00:00+02:00,-100.0,100.0,159441.42787755115,159466.43297959198,2.5430798534578414
2026-04-11 02:15:00+02:00,-150.0,150.0,159440.92277551032,159465.92787755115,56.2994063840701
2026-04-11 02:30:00+02:00,-150.0,150.0,159452.66767346952,159477.67277551032,56.2994063840701
2026-04-11 02:45:00+02:00,-100.0,100.0,159464.4125714287,159489.41767346952,2.5430798534578414
2026-04-11 03:00:00+02:00,-100.0,100.0,159463.90746938786,159488.9125714287,2.5430798534578414
2026-04-11 03:15:00+02:00,-100.0,100.0,159463.40236734707,159488.40746938786,2.5430798534578414
2026-04-11 03:30:00+02:00,-100.0,100.0,159462.89726530627,159487.90236734707,2.5430798534578414
2026-04-11 03:45:00+02:00,-150.0,150.0,159462.39216326544,159487.39726530627,82.09777373100886
2026-04-11 04:00:00+02:00,-150.0,150.0,159474.1370612246,159499.14216326544,82.09777373100886
2026-04-11 04:15:00+02:00,-200.0,200.0,159485.8819591838,159510.8870612246,130.6063451595803
2026-04-11 04:30:00+02:00,-200.0,200.0,159509.87685714298,159534.8819591838,130.6063451595803
2026-04-11 04:45:00+02:00,-200.0,200.0,159533.87175510215,159558.87685714298,130.6063451595803
2026-04-11 05:00:00+02:00,-150.0,150.0,159557.86665306136,159582.87175510215,51.051651282029276
2026-04-11 05:15:00+02:00,-150.0,150.0,159569.61155102053,159594.61665306136,51.051651282029276
2026-04-11 05:30:00+02:00,-150.0,150.0,159581.3564489797,159606.36155102053,51.051651282029276
2026-04-11 05:45:00+02:00,-150.0,150.0,159593.1013469389,159618.1064489797,51.051651282029276
2026-04-11 06:00:00+02:00,-150.0,150.0,159604.8462448981,159629.8513469389,51.051651282029276
2026-04-11 06:15:00+02:00,-150.0,150.0,159616.5911428573,159641.5962448981,51.051651282029276
2026-04-11 06:30:00+02:00,-150.0,150.0,159628.33604081647,159653.3411428573,51.051651282029276
2026-04-11 06:45:00+02:00,-150.0,150.0,159640.08093877565,159665.08604081647,51.051651282029276
2026-04-11 07:00:00+02:00,-100.0,100.0,159651.82583673482,159676.83093877565,2.5430798534578414
2026-04-11 07:15:00+02:00,-100.0,100.0,159651.320734694,159676.32583673482,2.5430798534578414
2026-04-11 07:30:00+02:00,-100.0,100.0,159650.8156326532,159675.820734694,2.5430798534578414
2026-04-11 07:45:00+02:00,-100.0,100.0,159650.31053061236,159675.3156326532,2.5430798534578414
2026-04-11 08:00:00+02:00,-150.0,150.0,159649.80542857153,159674.81053061236,119.27777373100885
2026-04-11 08:15:00+02:00,-150.0,150.0,159661.55032653073,159686.55542857153,119.27777373100885
2026-04-11 08:30:00+02:00,-200.0,200.0,159673.29522448994,159698.30032653073,165.90494574267066
2026-04-11 08:45:00+02:00,-250.0,250.0,159697.29012244914,159722.29522448994,211.8900769380059
2026-04-11 09:00:00+02:00,-250.0,250.0,159733.5350204083,159758.54012244914,211.8900769380059
2026-04-11 09:15:00+02:00,-200.0,200.0,159769.77991836748,159794.7850204083,95.15538306045491
2026-04-11 09:30:00+02:00,-200.0,200.0,159793.77481632668,159818.77991836748,95.15538306045491
2026-04-11 09:45:00+02:00,-250.0,250.0,159817.76971428585,159842.77481632668,224.26395448902633
2026-04-11 10:00:00+02:00,-250.0,250.0,159854.01461224502,159879.01971428585,224.26395448902633
2026-04-11 10:15:00+02:00,-200.0,200.0,159890.2595102042,159915.26461224502,177.63678247736453
2026-04-11 10:30:00+02:00,-150.0,150.0,159914.25440816337,159939.2595102042,131.65165128202926
2026-04-11 10:45:00+02:00,-150.0,150.0,159925.99930612257,159951.00440816337,21.896719309240158
2026-04-11 11:00:00+02:00,-150.0,150.0,159937.74420408177,159962.74930612257,21.896719309240158
2026-04-11 11:15:00+02:00,-150.0,150.0,159949.48910204097,159974.49420408177,21.896719309240158
2026-04-11 11:30:00+02:00,-150.0,150.0,159961.23400000014,159986.23910204097,21.896719309240158
2026-04-11 11:45:00+02:00,-150.0,150.0,159972.9788979593,159997.98400000014,21.896719309240158
2026-04-11 12:00:00+02:00,-150.0,150.0,159984.72379591851,160009.7288979593,21.896719309240158
2026-04-11 12:15:00+02:00,-150.0,150.0,159996.4686938777,160021.47379591851,21.896719309240158
2026-04-11 12:30:00+02:00,-150.0,150.0,160008.21359183686,160033.2186938777,21.896719309240158
2026-04-11 12:45:00+02:00,-150.0,150.0,160019.95848979603,160044.96359183686,21.896719309240158
2026-04-11 13:00:00+02:00,-200.0,200.0,160031.7033877552,160056.70848979603,94.35978053372996
2026-04-11 13:15:00+02:00,-200.0,200.0,160055.6982857144,160080.7033877552,94.35978053372996
2026-04-11 13:30:00+02:00,-250.0,250.0,160079.6931836736,160104.6982857144,604.957331554138
2026-04-11 13:45:00+02:00,-150.0,150.0,160115.9380816328,160140.9431836736,75.00614107794765
2026-04-11 14:00:00+02:00,-100.0,100.0,160127.68297959198,160152.6880816328,2.5430798534578414
2026-04-11 14:15:00+02:00,-150.0,150.0,160127.17787755115,160152.18297959198,244.65083495549868
2026-04-11 14:30:00+02:00,-150.0,150.0,160138.92277551035,160163.92787755115,244.65083495549868
2026-04-11 14:45:00+02:00,-100.0,100.0,160150.66767346952,160175.67277551035,2.5430798534578414
2026-04-11 15:00:00+02:00,-100.0,100.0,160150.1625714287,160175.16767346952,2.5430798534578414
2026-04-11 15:15:00+02:00,-100.0,100.0,160149.65746938786,160174.6625714287,2.5430798534578414
2026-04-11 15:30:00+02:00,-100.0,100.0,160149.15236734704,160174.15746938786,2.5430798534578414
2026-04-11 15:45:00+02:00,-100.0,100.0,160148.64726530624,160173.65236734704,2.5430798534578414
2026-04-11 16:00:00+02:00,-100.0,100.0,160148.14216326544,160173.14726530624,2.5430798534578414
2026-04-11 16:15:00+02:00,-100.0,100.0,160147.63706122464,160172.64216326544,2.5430798534578414
2026-04-11 16:30:00+02:00,-100.0,100.0,160147.1319591838,160172.13706122464,2.5430798534578414
2026-04-11 16:45:00+02:00,-100.0,100.0,160146.62685714298,160171.6319591838,2.5430798534578414
2026-04-11 17:00:00+02:00,-100.0,100.0,160146.12175510218,160171.12685714298,2.5430798534578414
2026-04-11 17:15:00+02:00,-100.0,100.0,160145.61665306136,160170.62175510218,2.5430798534578414
2026-04-11 17:30:00+02:00,-100.0,100.0,160145.11155102053,160170.11665306136,2.5430798534578414
2026-04-11 17:45:00+02:00,-100.0,100.0,160144.6064489797,160169.61155102053,2.5430798534578414
2026-04-11 18:00:00+02:00,-100.0,100.0,160144.10134693887,160169.1064489797,2.5430798534578414
2026-04-11 18:15:00+02:00,-100.0,100.0,160143.59624489807,160168.60134693887,2.5430798534578414
2026-04-11 18:30:00+02:00,-100.0,100.0,160143.09114285727,160168.09624489807,2.5430798534578414
2026-04-11 18:45:00+02:00,-100.0,100.0,160142.58604081647,160167.59114285727,2.5430798534578414
2026-04-11 19:00:00+02:00,-200.0,200.0,160142.08093877565,160167.08604081647,7.813796533073799
2026-04-11 19:15:00+02:00,-200.0,200.0,160116.0656326532,160191.08093877565,7.813796533073799
2026-04-11 19:30:00+02:00,-200.0,200.0,160140.0605306124,160165.0656326532,7.813796533073799
2026-04-11 19:45:00+02:00,-200.0,200.0,160114.04522448994,160189.0605306124,7.813796533073799
2026-04-11 20:00:00+02:00,-200.0,200.0,160138.0401224491,160163.04522448994,7.813796533073799
2026-04-11 20:15:00+02:00,-200.0,200.0,160112.02481632665,160187.0401224491,7.813796533073799
2026-04-11 20:30:00+02:00,-250.0,250.0,160136.01971428582,160161.02481632665,13.372591479623848
2026-04-11 20:45:00+02:00,-250.0,250.0,160110.00440816337,160197.26971428582,13.372591479623848
2026-04-11 21:00:00+02:00,-250.0,250.0,160133.99930612257,160171.25440816337,13.372591479623848
2026-04-11 21:15:00+02:00,-250.0,250.0,160107.98400000014,160195.24930612257,13.372591479623848
2026-04-11 21:30:00+02:00,-250.0,250.0,160131.9788979593,160169.23400000014,13.372591479623848
2026-04-11 21:45:00+02:00,-250.0,250.0,160105.96359183686,160193.2288979593,13.372591479623848
2026-04-11 22:00:00+02:00,-250.0,250.0,160129.95848979606,160167.21359183686,13.372591479623848
2026-04-11 22:15:00+02:00,-250.0,250.0,160103.9431836736,160191.20848979606,13.372591479623848
2026-04-11 22:30:00+02:00,-250.0,250.0,160127.93808163278,160165.1931836736,13.372591479623848
2026-04-11 22:45:00+02:00,-250.0,250.0,160101.92277551035,160189.18808163278,13.372591479623848
2026-04-11 23:00:00+02:00,-250.0,250.0,160125.91767346955,160163.17277551035,13.372591479623848
2026-04-11 23:15:00+02:00,-250.0,250.0,160099.90236734707,160187.16767346955,13.372591479623848
2026-04-11 23:30:00+02:00,-250.0,250.0,160123.89726530624,160161.15236734707,13.372591479623848
2026-04-11 23:45:00+02:00,-250.0,250.0,160097.8819591838,160185.14726530624,13.372591479623848
2026-04-12 00:00:00+02:00,-250.0,250.0,160121.87685714298,160159.1319591838,13.372591479623848
2026-04-12 00:15:00+02:00,-250.0,250.0,160095.86155102053,160183.12685714298,13.372591479623848
2026-04-12 00:30:00+02:00,-250.0,250.0,160119.85644897973,160157.11155102053,13.372591479623848
2026-04-12 00:45:00+02:00,-250.0,250.0,160093.84114285727,160181.10644897973,13.372591479623848
2026-04-12 01:00:00+02:00,-250.0,250.0,160117.83604081644,160155.09114285727,13.372591479623848
2026-04-12 01:15:00+02:00,-250.0,250.0,160091.82073469402,160179.08604081644,13.372591479623848
2026-04-12 01:30:00+02:00,-250.0,250.0,160115.81563265322,160153.07073469402,13.372591479623848
2026-04-12 01:45:00+02:00,-250.0,250.0,160089.80032653073,160177.06563265322,13.372591479623848
2026-04-12 02:00:00+02:00,-250.0,250.0,160113.7952244899,160151.05032653073,13.372591479623848
2026-04-12 02:15:00+02:00,-250.0,250.0,160087.77991836748,160175.0452244899,13.372591479623848
2026-04-12 02:30:00+02:00,-250.0,250.0,160111.77481632665,160149.02991836748,13.372591479623848
2026-04-12 02:45:00+02:00,-250.0,250.0,160085.7595102042,160173.02481632665,13.372591479623848
2026-04-12 03:00:00+02:00,-250.0,250.0,160109.7544081634,160147.0095102042,13.372591479623848
2026-04-12 03:15:00+02:00,-250.0,250.0,160083.73910204094,160171.0044081634,13.372591479623848
2026-04-12 03:30:00+02:00,-250.0,250.0,160107.7340000001,160144.98910204094,13.372591479623848
2026-04-12 03:45:00+02:00,-250.0,250.0,160081.7186938777,160168.9840000001,13.372591479623848
2026-04-12 04:00:00+02:00,-250.0,250.0,160105.7135918369,160142.9686938777,13.372591479623848
2026-04-12 04:15:00+02:00,-250.0,250.0,160079.69828571443,160166.9635918369,13.372591479623848
2026-04-12 04:30:00+02:00,-250.0,250.0,160103.6931836736,160140.94828571443,13.372591479623848
2026-04-12 04:45:00+02:00,-250.0,250.0,160077.67787755115,160164.9431836736,13.372591479623848
2026-04-12 05:00:00+02:00,-250.0,250.0,160101.67277551032,160138.92787755115,13.372591479623848
2026-04-12 05:15:00+02:00,-250.0,250.0,160075.6574693879,160162.92277551032,13.372591479623848
2026-04-12 05:30:00+02:00,-250.0,250.0,160099.6523673471,160136.9074693879,13.372591479623848
2026-04-12 05:45:00+02:00,-250.0,250.0,160073.6370612246,160160.9023673471,13.372591479623848
2026-04-12 06:00:00+02:00,-250.0,250.0,160097.63195918378,160134.8870612246,13.372591479623848
2026-04-12 06:15:00+02:00,-250.0,250.0,160071.61665306136,160158.88195918378,13.372591479623848
2026-04-12 06:30:00+02:00,-250.0,250.0,160095.61155102056,160132.86665306136,13.372591479623848
2026-04-12 06:45:00+02:00,-250.0,250.0,160069.59624489813,160156.86155102056,13.372591479623848
2026-04-12 07:00:00+02:00,-250.0,250.0,160093.5911428573,160130.84624489813,13.372591479623848
2026-04-12 07:15:00+02:00,-250.0,250.0,160067.57583673482,160154.8411428573,13.372591479623848
2026-04-12 07:30:00+02:00,-250.0,250.0,160091.570734694,160128.82583673482,13.372591479623848
2026-04-12 07:45:00+02:00,-250.0,250.0,160065.55542857156,160152.820734694,13.372591479623848
2026-04-12 08:00:00+02:00,-250.0,250.0,160089.55032653076,160126.80542857156,13.372591479623848
2026-04-12 08:15:00+02:00,-250.0,250.0,160063.53502040828,160150.80032653076,13.372591479623848
2026-04-12 08:30:00+02:00,-250.0,250.0,160087.52991836745,160124.78502040828,13.372591479623848
2026-04-12 08:45:00+02:00,-250.0,250.0,160061.51461224502,160148.77991836745,13.372591479623848
2026-04-12 09:00:00+02:00,-250.0,250.0,160085.50951020423,160122.76461224502,13.372591479623848
2026-04-12 09:15:00+02:00,-250.0,250.0,160059.4942040818,160146.75951020423,13.372591479623848
2026-04-12 09:30:00+02:00,-250.0,250.0,160083.48910204097,160120.7442040818,13.372591479623848
2026-04-12 09:45:00+02:00,-250.0,250.0,160057.4737959185,160144.73910204097,13.372591479623848
2026-04-12 10:00:00+02:00,-250.0,250.0,160081.4686938777,160118.7237959185,13.372591479623848
2026-04-12 10:15:00+02:00,-250.0,250.0,160055.45338775526,160142.7186938777,13.372591479623848
2026-04-12 10:30:00+02:00,-250.0,250.0,160079.44828571443,160116.70338775526,13.372591479623848
2026-04-12 10:45:00+02:00,-250.0,250.0,160053.43297959195,160140.69828571443,13.372591479623848
2026-04-12 11:00:00+02:00,-250.0,250.0,160077.42787755112,160114.68297959195,13.372591479623848
2026-04-12 11:15:00+02:00,-250.0,250.0,160059.9125714287,160138.67787755112,13.372591479623848
2026-04-12 11:30:00+02:00,-250.0,250.0,160096.1574693879,160121.1625714287,13.372591479623848
2026-04-12 11:45:00+02:00,-250.0,250.0,160082.39216326547,160157.4074693879,13.372591479623848
2026-04-12 12:00:00+02:00,-250.0,250.0,160118.63706122464,160143.64216326547,13.372591479623848
2026-04-12 12:15:00+02:00,-250.0,250.0,160104.87175510218,160179.88706122464,13.372591479623848
2026-04-12 12:30:00+02:00,-250.0,250.0,160141.11665306138,160166.12175510218,13.372591479623848
2026-04-12 12:45:00+02:00,-250.0,250.0,160127.35134693893,160202.36665306138,13.372591479623848
2026-04-12 13:00:00+02:00,-250.0,250.0,160163.5962448981,160188.60134693893,13.372591479623848
2026-04-12 13:15:00+02:00,-250.0,250.0,160159.2743591838,160224.8462448981,13.372591479623848
2026-04-12 13:30:00+02:00,-250.0,250.0,160195.51925714297,160220.5243591838,13.372591479623848
2026-04-12 13:45:00+02:00,-250.0,250.0,160206.75905306134,160256.76925714297,13.372591479623848
2026-04-12 14:00:00+02:00,-250.0,250.0,160243.00395102054,160268.00905306134,13.372591479623848
2026-04-12 14:15:00+02:00,-250.0,250.0,160254.2437469389,160304.25395102054,13.372591479623848
2026-04-12 14:30:00+02:00,-250.0,250.0,160290.48864489808,160315.4937469389,13.372591479623848
2026-04-12 14:45:00+02:00,-250.0,250.0,160301.72844081646,160351.73864489808,13.372591479623848
2026-04-12 15:00:00+02:00,-250.0,250.0,160337.97333877566,160362.97844081646,13.372591479623848
2026-04-12 15:15:00+02:00,-250.0,250.0,160349.21313469403,160399.22333877566,13.372591479623848
2026-04-12 15:30:00+02:00,-250.0,250.0,160385.4580326532,160410.46313469403,13.372591479623848
2026-04-12 15:45:00+02:00,-250.0,250.0,160396.69782857154,160446.7080326532,13.372591479623848
2026-04-12 16:00:00+02:00,-250.0,250.0,160432.94272653072,160457.94782857154,13.372591479623848
2026-04-12 16:15:00+02:00,-250.0,250.0,160444.1825224491,160494.19272653072,13.372591479623848
2026-04-12 16:30:00+02:00,-250.0,250.0,160480.4274204083,160505.4325224491,13.372591479623848
2026-04-12 16:45:00+02:00,-250.0,250.0,160491.66721632666,160541.6774204083,13.372591479623848
2026-04-12 17:00:00+02:00,-250.0,250.0,160527.91211428583,160552.91721632666,13.372591479623848
2026-04-12 17:15:00+02:00,-250.0,250.0,160539.1519102042,160589.16211428583,13.372591479623848
2026-04-12 17:30:00+02:00,-250.0,250.0,160575.3968081634,160600.4019102042,13.372591479623848
2026-04-12 17:45:00+02:00,-250.0,250.0,160586.63660408178,160636.6468081634,13.372591479623848
2026-04-12 18:00:00+02:00,-250.0,250.0,160622.88150204095,160647.88660408178,13.372591479623848
2026-04-12 18:15:00+02:00,-250.0,250.0,160634.1212979593,160684.13150204095,13.372591479623848
2026-04-12 18:30:00+02:00,-250.0,250.0,160670.36619591847,160695.3712979593,13.372591479623848
2026-04-12 18:45:00+02:00,-250.0,250.0,160688.64888979605,160731.61619591847,13.372591479623848
2026-04-12 19:00:00+02:00,-250.0,250.0,160724.89378775525,160749.89888979605,13.372591479623848
2026-04-12 19:15:00+02:00,-250.0,250.0,160761.13868571442,160786.14378775525,13.372591479623848
2026-04-12 19:30:00+02:00,-250.0,250.0,160797.3835836736,160822.38868571442,13.372591479623848
2026-04-12 19:45:00+02:00,-250.0,250.0,160833.62848163277,160858.6335836736,13.372591479623848
2026-04-12 20:00:00+02:00,-250.0,250.0,160869.87337959197,160894.87848163277,13.372591479623848
2026-04-12 20:15:00+02:00,-250.0,250.0,160906.11827755117,160931.12337959197,13.372591479623848
2026-04-12 20:30:00+02:00,-250.0,250.0,160942.36317551034,160967.36827755117,13.372591479623848
2026-04-12 20:45:00+02:00,-250.0,250.0,160978.60807346954,161003.61317551034,13.372591479623848
2026-04-12 21:00:00+02:00,-250.0,250.0,161014.8529714287,161039.85807346954,13.372591479623848
2026-04-12 21:15:00+02:00,-250.0,250.0,161068.83547755115,161076.1029714287,13.372591479623848
2026-04-12 21:30:00+02:00,-250.0,250.0,161105.08037551036,161130.08547755115,13.372591479623848
2026-04-12 21:45:00+02:00,-250.0,250.0,161166.33037551036,161166.33037551036,13.372591479623848
2026-04-12 22:00:00+02:00,-250.0,250.0,161202.57527346953,161227.58037551036,13.372591479623848
2026-04-12 22:15:00+02:00,-250.0,250.0,161263.82527346953,161263.82527346953,13.372591479623848
2026-04-12 22:30:00+02:00,-250.0,250.0,161300.07017142873,161325.07527346953,13.372591479623848
2026-04-12 22:45:00+02:00,-200.0,200.0,161361.32017142873,161361.32017142873,7.813796533073799
2026-04-12 23:00:00+02:00,-200.0,200.0,161385.3150693879,161410.32017142873,7.813796533073799
2026-04-12 23:15:00+02:00,-200.0,200.0,161434.3150693879,161434.3150693879,297.9253370784955
2026-04-12 23:30:00+02:00,-200.0,200.0,161458.3099673471,161483.3150693879,297.9253370784955
2026-04-12 23:45:00+02:00,-100.0,100.0,161507.3099673471,161507.3099673471,4.273536872031599
2026-04-13 00:00:00+02:00,-100.0,100.0,161506.80486530627,161531.8099673471,4.273536872031599
2026-04-13 00:15:00+02:00,-100.0,100.0,161531.30486530627,161531.30486530627,4.273536872031599
2026-04-13 00:30:00+02:00,-100.0,100.0,161530.79976326544,161555.80486530627,4.273536872031599
2026-04-13 00:45:00+02:00,-100.0,100.0,161555.29976326544,161555.29976326544,4.273536872031599
2026-04-13 01:00:00+02:00,-100.0,100.0,161554.79466122465,161579.79976326544,4.273536872031599
2026-04-13 01:15:00+02:00,-100.0,100.0,161579.29466122465,161579.29466122465,4.273536872031599
2026-04-13 01:30:00+02:00,-150.0,150.0,161578.78955918382,161603.79466122465,26.783877008086026
2026-04-13 01:45:00+02:00,-150.0,150.0,161615.53955918382,161615.53955918382,26.783877008086026
2026-04-13 02:00:00+02:00,-150.0,150.0,161627.28445714302,161652.28955918382,26.783877008086026
2026-04-13 02:15:00+02:00,-150.0,150.0,161664.03445714302,161664.03445714302,26.783877008086026
2026-04-13 02:30:00+02:00,-150.0,150.0,161675.7793551022,161700.78445714302,26.783877008086026
2026-04-13 02:45:00+02:00,-150.0,150.0,161712.5293551022,161712.5293551022,26.783877008086026
2026-04-13 03:00:00+02:00,-100.0,100.0,161724.27425306136,161749.2793551022,4.273536872031599
2026-04-13 03:15:00+02:00,-100.0,100.0,161748.77425306136,161748.77425306136,4.273536872031599
2026-04-13 03:30:00+02:00,-100.0,100.0,161748.26915102056,161773.27425306136,4.273536872031599
2026-04-13 03:45:00+02:00,-150.0,150.0,161772.76915102056,161772.76915102056,28.37091296532606
2026-04-13 04:00:00+02:00,-150.0,150.0,161784.51404897973,161809.51915102056,28.37091296532606
2026-04-13 04:15:00+02:00,-150.0,150.0,161821.26404897973,161821.26404897973,28.37091296532606
2026-04-13 04:30:00+02:00,-150.0,150.0,161833.00894693893,161858.01404897973,28.37091296532606
2026-04-13 04:45:00+02:00,-150.0,150.0,161869.75894693893,161869.75894693893,28.37091296532606
2026-04-13 05:00:00+02:00,-200.0,200.0,161881.5038448981,161906.50894693893,177.09091296532605
2026-04-13 05:15:00+02:00,-200.0,200.0,161930.5038448981,161930.5038448981,177.09091296532605
2026-04-13 05:30:00+02:00,-100.0,100.0,161954.49874285728,161979.5038448981,4.273536872031599
2026-04-13 05:45:00+02:00,-100.0,100.0,161978.99874285728,161978.99874285728,4.273536872031599
2026-04-13 06:00:00+02:00,-100.0,100.0,161978.49364081648,162003.49874285728,4.273536872031599
2026-04-13 06:15:00+02:00,-100.0,100.0,162002.99364081648,162002.99364081648,4.273536872031599
2026-04-13 06:30:00+02:00,-100.0,100.0,162002.48853877565,162027.49364081648,4.273536872031599
2026-04-13 06:45:00+02:00,-100.0,100.0,162026.98853877565,162026.98853877565,4.273536872031599
2026-04-13 07:00:00+02:00,-100.0,100.0,162026.48343673485,162051.48853877565,4.273536872031599
2026-04-13 07:15:00+02:00,-100.0,100.0,162050.98343673485,162050.98343673485,4.273536872031599
2026-04-13 07:30:00+02:00,-100.0,100.0,162050.47833469402,162075.48343673485,4.273536872031599
2026-04-13 07:45:00+02:00,-100.0,100.0,162074.97833469402,162074.97833469402,4.273536872031599
2026-04-13 08:00:00+02:00,-100.0,100.0,162074.4732326532,162099.47833469402,4.273536872031599
2026-04-13 08:15:00+02:00,-50.0,50.0,162098.9732326532,162098.9732326532,0.7280143408714836
2026-04-13 08:30:00+02:00,-50.0,50.0,162086.2181306124,162111.2232326532,0.7280143408714836
2026-04-13 08:45:00+02:00,-50.0,50.0,162098.4681306124,162098.4681306124,0.7280143408714836
2026-04-13 09:00:00+02:00,-100.0,100.0,162085.71302857157,162110.7181306124,5.011957352038214
2026-04-13 09:15:00+02:00,-100.0,100.0,162085.20792653074,162110.21302857157,5.011957352038214
2026-04-13 09:30:00+02:00,-100.0,100.0,162084.70282448994,162109.70792653074,5.011957352038214
2026-04-13 09:45:00+02:00,-150.0,150.0,162084.19772244914,162109.20282448994,65.07195735203818
2026-04-13 10:00:00+02:00,-100.0,100.0,162095.9426204083,162120.94772244914,5.011957352038214
2026-04-13 10:15:00+02:00,-150.0,150.0,162095.43751836751,162120.4426204083,15.33000723865953
2026-04-13 10:30:00+02:00,-150.0,150.0,162082.1773142859,162132.18751836751,15.33000723865953
2026-04-13 10:45:00+02:00,-150.0,150.0,162093.92221224506,162118.9273142859,15.33000723865953
2026-04-13 11:00:00+02:00,-200.0,200.0,162091.54338775526,162130.67221224506,26.18633376927177
2026-04-13 11:15:00+02:00,-250.0,250.0,162101.04108571442,162140.54338775526,30.04101064002007
2026-04-13 11:30:00+02:00,-250.0,250.0,162112.28088163276,162162.29108571442,30.04101064002007
2026-04-13 11:45:00+02:00,-250.0,250.0,162148.52577959196,162173.53088163276,30.04101064002007
2026-04-13 12:00:00+02:00,-300.0,300.0,162159.76557551033,162209.77577959196,127.3199222046459
2026-04-13 12:15:00+02:00,-300.0,300.0,162208.2604734695,162233.26557551033,127.3199222046459
2026-04-13 12:30:00+02:00,-300.0,300.0,162241.30697959196,162281.7604734695,127.3199222046459
2026-04-13 12:45:00+02:00,-300.0,300.0,162289.80187755113,162314.80697959196,127.3199222046459
2026-04-13 13:00:00+02:00,-300.0,300.0,162338.29677551033,162363.30187755113,127.3199222046459
2026-04-13 13:15:00+02:00,-250.0,250.0,162386.79167346953,162411.79677551033,116.46359567403367
2026-04-13 13:30:00+02:00,-200.0,200.0,162423.0365714287,162448.04167346953,19.184684109407826
2026-04-13 13:45:00+02:00,-200.0,200.0,162447.03146938788,162472.0365714287,19.184684109407826
2026-04-13 14:00:00+02:00,-200.0,200.0,162471.02636734705,162496.03146938788,19.184684109407826
2026-04-13 14:15:00+02:00,-200.0,200.0,162495.02126530625,162520.02636734705,19.184684109407826
2026-04-13 14:30:00+02:00,-200.0,200.0,162519.01616326545,162544.02126530625,19.184684109407826
2026-04-13 14:45:00+02:00,-200.0,200.0,162543.01106122462,162568.01616326545,19.184684109407826
2026-04-13 15:00:00+02:00,-200.0,200.0,162567.0059591838,162592.01106122462,19.184684109407826
2026-04-13 15:15:00+02:00,-200.0,200.0,162591.000857143,162616.0059591838,19.184684109407826
2026-04-13 15:30:00+02:00,-200.0,200.0,162614.99575510217,162640.000857143,19.184684109407826
2026-04-13 15:45:00+02:00,-200.0,200.0,162638.99065306137,162663.99575510217,19.184684109407826
2026-04-13 16:00:00+02:00,-200.0,200.0,162662.98555102054,162687.99065306137,19.184684109407826
2026-04-13 16:15:00+02:00,-200.0,200.0,162686.9804489797,162711.98555102054,19.184684109407826
2026-04-13 16:30:00+02:00,-200.0,200.0,162710.97534693888,162735.9804489797,19.184684109407826
2026-04-13 16:45:00+02:00,-150.0,150.0,162734.97024489808,162759.97534693888,18.456669768536344
2026-04-13 17:00:00+02:00,-150.0,150.0,162746.71514285728,162771.72024489808,18.456669768536344
2026-04-13 17:15:00+02:00,-150.0,150.0,162758.46004081646,162783.46514285728,18.456669768536344
2026-04-13 17:30:00+02:00,-150.0,150.0,162770.20493877563,162795.21004081646,18.456669768536344
2026-04-13 17:45:00+02:00,-150.0,150.0,162805.2996734695,162806.95493877563,18.456669768536344
2026-04-13 18:00:00+02:00,-150.0,150.0,162817.04457142868,162842.0496734695,18.456669768536344
2026-04-13 18:15:00+02:00,-150.0,150.0,162853.79457142868,162853.79457142868,18.456669768536344
2026-04-13 18:30:00+02:00,-150.0,150.0,162865.53946938788,162890.54457142868,18.456669768536344
2026-04-13 18:45:00+02:00,-150.0,150.0,162902.28946938788,162902.28946938788,18.456669768536344
2026-04-13 19:00:00+02:00,-150.0,150.0,162914.03436734708,162939.03946938788,18.456669768536344
2026-04-13 19:15:00+02:00,-200.0,200.0,162950.78436734708,162950.78436734708,43.13232403024103
2026-04-13 19:30:00+02:00,-250.0,250.0,162993.19000000012,162999.78436734708,626.8057934179961
2026-04-13 19:45:00+02:00,-200.0,200.0,163054.44000000012,163054.44000000012,43.13232403024103
2026-04-13 20:00:00+02:00,-200.0,200.0,163103.44000000012,163103.44000000012,43.13232403024103
2026-04-13 20:15:00+02:00,-200.0,200.0,163152.44000000012,163152.44000000012,43.13232403024103
2026-04-13 20:30:00+02:00,-200.0,200.0,163201.44000000012,163201.44000000012,43.13232403024103
2026-04-13 20:45:00+02:00,-200.0,200.0,163250.44000000012,163250.44000000012,43.13232403024103
2026-04-13 21:00:00+02:00,-200.0,200.0,163299.44000000012,163299.44000000012,43.13232403024103
2026-04-13 21:15:00+02:00,-250.0,250.0,163348.44000000012,163348.44000000012,461.2759974996288
2026-04-13 21:30:00+02:00,-200.0,200.0,163409.69000000012,163409.69000000012,43.13232403024103
2026-04-13 21:45:00+02:00,-200.0,200.0,163458.69000000012,163458.69000000012,43.13232403024103
2026-04-13 22:00:00+02:00,-200.0,200.0,163507.69000000012,163507.69000000012,43.13232403024103
2026-04-13 22:15:00+02:00,-150.0,150.0,163556.69000000012,163556.69000000012,38.8483810190743
2026-04-13 22:30:00+02:00,-150.0,150.0,163593.44000000012,163593.44000000012,38.8483810190743
2026-04-13 22:45:00+02:00,-150.0,150.0,163630.19000000012,163630.19000000012,38.8483810190743
2026-04-13 23:00:00+02:00,-150.0,150.0,163666.94000000012,163666.94000000012,38.8483810190743
2026-04-13 23:15:00+02:00,-150.0,150.0,163703.69000000012,163703.69000000012,326.83043884220353
2026-04-13 23:30:00+02:00,-100.0,100.0,163740.44000000012,163740.44000000012,302.15478458049887
2026-04-13 23:45:00+02:00,0.0,0.0,163764.94000000012,163764.94000000012,0.0
2026-04-14 00:00:00+02:00,0.0,0.0,163764.94000000012,163764.94000000012,0.0
2026-04-14 00:15:00+02:00,0.0,0.0,163764.94000000012,163764.94000000012,0.0
2026-04-14 00:30:00+02:00,-50.0,50.0,163764.94000000012,163764.94000000012,42.76380952380952
2026-04-14 00:45:00+02:00,-50.0,50.0,163777.19000000012,163777.19000000012,42.76380952380952
2026-04-14 01:00:00+02:00,-50.0,50.0,163789.44000000012,163789.44000000012,42.76380952380952
2026-04-14 01:15:00+02:00,-50.0,50.0,163801.69000000012,163801.69000000012,47.45265306122449
2026-04-14 01:30:00+02:00,-50.0,50.0,163813.94000000012,163813.94000000012,47.45265306122449
2026-04-14 01:45:00+02:00,-50.0,50.0,163826.19000000012,163826.19000000012,47.45265306122449
2026-04-14 02:00:00+02:00,-50.0,50.0,163838.44000000012,163838.44000000012,47.45265306122449
2026-04-14 02:15:00+02:00,-50.0,50.0,163850.69000000012,163850.69000000012,47.45265306122449
2026-04-14 02:30:00+02:00,0.0,0.0,163862.94000000012,163862.94000000012,0.0
2026-04-14 02:45:00+02:00,0.0,0.0,163862.94000000012,163862.94000000012,0.0
2026-04-14 03:00:00+02:00,0.0,0.0,163862.94000000012,163862.94000000012,0.0
2026-04-14 03:15:00+02:00,0.0,0.0,163862.94000000012,163862.94000000012,0.0
2026-04-14 03:30:00+02:00,-50.0,50.0,163862.94000000012,163862.94000000012,165.7632653061225
2026-04-14 03:45:00+02:00,0.0,0.0,163875.19000000012,163875.19000000012,0.0
2026-04-14 04:00:00+02:00,0.0,0.0,163875.19000000012,163875.19000000012,0.0
2026-04-14 04:15:00+02:00,0.0,0.0,163875.19000000012,163875.19000000012,0.0
2026-04-14 04:30:00+02:00,0.0,0.0,163875.19000000012,163875.19000000012,0.0
2026-04-14 04:45:00+02:00,-100.0,100.0,163875.19000000012,163875.19000000012,135.29551020408164
2026-04-14 05:00:00+02:00,-100.0,100.0,163899.69000000012,163899.69000000012,135.29551020408164
2026-04-14 05:15:00+02:00,-100.0,100.0,163924.19000000012,163924.19000000012,135.29551020408164
2026-04-14 05:30:00+02:00,-50.0,50.0,163948.69000000012,163948.69000000012,20.486938775510207
2026-04-14 05:45:00+02:00,-50.0,50.0,163960.94000000012,163960.94000000012,20.486938775510207
2026-04-14 06:00:00+02:00,-50.0,50.0,163973.19000000012,163973.19000000012,20.486938775510207
2026-04-14 06:15:00+02:00,-50.0,50.0,163985.44000000012,163985.44000000012,20.486938775510207
2026-04-14 06:30:00+02:00,0.0,0.0,163997.69000000012,163997.69000000012,0.0
2026-04-14 06:45:00+02:00,0.0,0.0,163997.69000000012,163997.69000000012,0.0
2026-04-14 07:00:00+02:00,0.0,0.0,163997.69000000012,163997.69000000012,0.0
2026-04-14 07:15:00+02:00,-50.0,50.0,163997.69000000012,163997.69000000012,2.8006758113081296
2026-04-14 07:30:00+02:00,-50.0,50.0,163984.9348979593,164009.94000000012,2.8006758113081296
2026-04-14 07:45:00+02:00,-50.0,50.0,163997.1848979593,163997.1848979593,2.8006758113081296
2026-04-14 08:00:00+02:00,-50.0,50.0,163984.42979591846,164009.4348979593,2.8006758113081296
2026-04-14 08:15:00+02:00,-50.0,50.0,163996.67979591846,163996.67979591846,2.8006758113081296
2026-04-14 08:30:00+02:00,-100.0,100.0,163983.9246938777,164008.92979591846,3.326908399581534
2026-04-14 08:45:00+02:00,-100.0,100.0,163983.41959183686,164008.4246938777,3.326908399581534
2026-04-14 09:00:00+02:00,-100.0,100.0,163982.91448979604,164007.91959183686,3.326908399581534
2026-04-14 09:15:00+02:00,-150.0,150.0,163982.40938775524,164007.41448979604,6.000581868969288
2026-04-14 09:30:00+02:00,-200.0,200.0,163969.14918367358,164019.15938775524,297.8373165628468
2026-04-14 09:45:00+02:00,-250.0,250.0,163993.14408163275,164018.14918367358,299.3692877513222
2026-04-14 10:00:00+02:00,-200.0,200.0,163979.37877551033,164054.39408163275,7.5325530574446775
2026-04-14 10:15:00+02:00,-200.0,200.0,164003.37367346953,164028.37877551033,7.5325530574446775
2026-04-14 10:30:00+02:00,-250.0,250.0,163977.35836734704,164052.37367346953,17.231444085554035
2026-04-14 10:45:00+02:00,-250.0,250.0,163988.59816326541,164038.60836734704,17.231444085554035
2026-04-14 11:00:00+02:00,-250.0,250.0,163974.83285714296,164049.84816326541,17.231444085554035
2026-04-14 11:15:00+02:00,-250.0,250.0,163986.07265306133,164036.08285714296,17.231444085554035
2026-04-14 11:30:00+02:00,-250.0,250.0,163972.30734693888,164047.32265306133,17.231444085554035
2026-04-14 11:45:00+02:00,-250.0,250.0,163983.54714285725,164033.55734693888,17.231444085554035
2026-04-14 12:00:00+02:00,-250.0,250.0,163969.7818367348,164044.79714285725,17.231444085554035
2026-04-14 12:15:00+02:00,-300.0,300.0,163981.02163265317,164031.0318367348,163.1498114324928
2026-04-14 12:30:00+02:00,-300.0,300.0,163979.5063265307,164054.52163265317,163.1498114324928
2026-04-14 12:45:00+02:00,-300.0,300.0,164002.9961224491,164053.0063265307,163.1498114324928
2026-04-14 13:00:00+02:00,-300.0,300.0,164001.48081632666,164076.4961224491,163.1498114324928
2026-04-14 13:15:00+02:00,-250.0,250.0,164029.5116244899,164074.98081632666,17.231444085554035
2026-04-14 13:30:00+02:00,-250.0,250.0,164015.74631836746,164090.7616244899,17.231444085554035
2026-04-14 13:45:00+02:00,-250.0,250.0,164051.99121632663,164076.99631836746,17.231444085554035
2026-04-14 14:00:00+02:00,-250.0,250.0,164038.22591020417,164113.24121632663,17.231444085554035
2026-04-14 14:15:00+02:00,-250.0,250.0,164074.47080816337,164099.47591020417,17.231444085554035
2026-04-14 14:30:00+02:00,-250.0,250.0,164060.70550204095,164135.72080816337,17.231444085554035
2026-04-14 14:45:00+02:00,-250.0,250.0,164096.95040000012,164121.95550204095,17.231444085554035
2026-04-14 15:00:00+02:00,-250.0,250.0,164083.18509387763,164158.20040000012,17.231444085554035
2026-04-14 15:15:00+02:00,-250.0,250.0,164119.42999183683,164144.43509387763,17.231444085554035
2026-04-14 15:30:00+02:00,-250.0,250.0,164105.6646857144,164180.67999183683,17.231444085554035
2026-04-14 15:45:00+02:00,-250.0,250.0,164141.90958367358,164166.9146857144,17.231444085554035
2026-04-14 16:00:00+02:00,-250.0,250.0,164128.14427755112,164203.15958367358,17.231444085554035
2026-04-14 16:15:00+02:00,-250.0,250.0,164164.38917551033,164189.39427755112,17.231444085554035
2026-04-14 16:30:00+02:00,-250.0,250.0,164150.62386938787,164225.63917551033,17.231444085554035
2026-04-14 16:45:00+02:00,-250.0,250.0,164186.86876734704,164211.87386938787,17.231444085554035
2026-04-14 17:00:00+02:00,-250.0,250.0,164173.10346122461,164248.11876734704,17.231444085554035
2026-04-14 17:15:00+02:00,-250.0,250.0,164209.3483591838,164234.35346122461,17.231444085554035
2026-04-14 17:30:00+02:00,-250.0,250.0,164195.5830530613,164270.5983591838,17.231444085554035
2026-04-14 17:45:00+02:00,-250.0,250.0,164231.8279510205,164256.8330530613,17.231444085554035
2026-04-14 18:00:00+02:00,-250.0,250.0,164218.06264489808,164293.0779510205,17.231444085554035
2026-04-14 18:15:00+02:00,-250.0,250.0,164254.30754285725,164279.31264489808,17.231444085554035
2026-04-14 18:30:00+02:00,-250.0,250.0,164240.54223673482,164315.55754285725,17.231444085554035
2026-04-14 18:45:00+02:00,-250.0,250.0,164276.78713469402,164301.79223673482,17.231444085554035
2026-04-14 19:00:00+02:00,-250.0,250.0,164283.31867755114,164338.03713469402,17.231444085554035
2026-04-14 19:15:00+02:00,-250.0,250.0,164319.5635755103,164344.56867755114,17.231444085554035
2026-04-14 19:30:00+02:00,-250.0,250.0,164355.16091428584,164380.8135755103,17.231444085554035
2026-04-14 19:45:00+02:00,-250.0,250.0,164391.405812245,164416.41091428584,17.231444085554035
2026-04-14 20:00:00+02:00,-250.0,250.0,164427.6507102042,164452.655812245,17.231444085554035
2026-04-14 20:15:00+02:00,-250.0,250.0,164463.8956081634,164488.9007102042,17.231444085554035
2026-04-14 20:30:00+02:00,-250.0,250.0,164500.14050612258,164525.1456081634,17.231444085554035
2026-04-14 20:45:00+02:00,-250.0,250.0,164536.38540408175,164561.39050612258,17.231444085554035
2026-04-14 21:00:00+02:00,-250.0,250.0,164572.63030204093,164597.63540408175,17.231444085554035
2026-04-14 21:15:00+02:00,-250.0,250.0,164608.87520000013,164633.88030204093,17.231444085554035
2026-04-14 21:30:00+02:00,-250.0,250.0,164645.12009795933,164670.12520000013,17.231444085554035
2026-04-14 21:45:00+02:00,-250.0,250.0,164681.3649959185,164706.37009795933,17.231444085554035
2026-04-14 22:00:00+02:00,-250.0,250.0,164717.60989387767,164742.6149959185,17.231444085554035
2026-04-14 22:15:00+02:00,-200.0,200.0,164753.85479183684,164778.85989387767,14.55777061616628
2026-04-14 22:30:00+02:00,-150.0,150.0,164777.84968979604,164802.85479183684,11.757094804858152
2026-04-14 22:45:00+02:00,-150.0,150.0,164789.59458775524,164814.59968979604,11.757094804858152
2026-04-14 23:00:00+02:00,-150.0,150.0,164801.33948571442,164826.34458775521,11.757094804858152
2026-04-14 23:15:00+02:00,-200.0,200.0,164813.0843836736,164838.08948571442,206.31491793410984
2026-04-14 23:30:00+02:00,-200.0,200.0,164837.07928163276,164862.08438367356,206.31491793410984
2026-04-14 23:45:00+02:00,-150.0,150.0,164861.07417959196,164886.07928163276,196.61602690600049
2026-04-15 00:00:00+02:00,-100.0,100.0,164872.81907755116,164897.82417959196,2.058203776748795
2026-04-15 00:15:00+02:00,-100.0,100.0,164872.31397551033,164897.31907755116,2.058203776748795
2026-04-15 00:30:00+02:00,-100.0,100.0,164871.8088734695,164896.81397551033,2.058203776748795
2026-04-15 00:45:00+02:00,-100.0,100.0,164871.30377142868,164896.3088734695,2.058203776748795
2026-04-15 01:00:00+02:00,-100.0,100.0,164870.79866938788,164895.80377142868,2.058203776748795
2026-04-15 01:15:00+02:00,-150.0,150.0,164870.29356734708,164895.29866938788,47.66255751824541
2026-04-15 01:30:00+02:00,-150.0,150.0,164882.03846530625,164907.04356734705,47.66255751824541
2026-04-15 01:45:00+02:00,-150.0,150.0,164893.7833632654,164918.78846530622,47.66255751824541
2026-04-15 02:00:00+02:00,-100.0,100.0,164905.5282612246,164930.5333632654,2.058203776748795
2026-04-15 02:15:00+02:00,-100.0,100.0,164905.0231591838,164930.0282612246,2.058203776748795
2026-04-15 02:30:00+02:00,-100.0,100.0,164904.518057143,164929.5231591838,2.058203776748795
2026-04-15 02:45:00+02:00,-100.0,100.0,164904.01295510217,164929.018057143,2.058203776748795
2026-04-15 03:00:00+02:00,-100.0,100.0,164903.50785306134,164928.51295510217,2.058203776748795
2026-04-15 03:15:00+02:00,-100.0,100.0,164903.00275102054,164928.00785306134,2.058203776748795
2026-04-15 03:30:00+02:00,-150.0,150.0,164902.4976489797,164927.50275102054,5.16140105566036
2026-04-15 03:45:00+02:00,-150.0,150.0,164889.23744489808,164939.2476489797,5.16140105566036
2026-04-15 04:00:00+02:00,-150.0,150.0,164900.98234285729,164925.98744489808,5.16140105566036
2026-04-15 04:15:00+02:00,-150.0,150.0,164887.72213877563,164937.73234285729,5.16140105566036
2026-04-15 04:30:00+02:00,-150.0,150.0,164899.4670367348,164924.47213877563,5.16140105566036
2026-04-15 04:45:00+02:00,-200.0,200.0,164886.20683265317,164936.2170367348,94.62395207606852
2026-04-15 05:00:00+02:00,-200.0,200.0,164910.20173061235,164935.20683265317,94.62395207606852
2026-04-15 05:15:00+02:00,-200.0,200.0,164909.19152653072,164959.20173061235,94.62395207606852
2026-04-15 05:30:00+02:00,-250.0,250.0,164933.18642448992,164958.19152653072,133.53551670191888
2026-04-15 05:45:00+02:00,-200.0,200.0,164944.4262204083,164994.43642448992,44.072965681510695
2026-04-15 06:00:00+02:00,-200.0,200.0,164968.42111836746,164993.4262204083,44.072965681510695
2026-04-15 06:15:00+02:00,-200.0,200.0,164967.41091428584,165017.42111836746,44.072965681510695
2026-04-15 06:30:00+02:00,-200.0,200.0,164991.40581224504,165016.41091428584,44.072965681510695
2026-04-15 06:45:00+02:00,-200.0,200.0,164990.39560816338,165040.40581224504,44.072965681510695
2026-04-15 07:00:00+02:00,-200.0,200.0,165014.39050612255,165039.39560816338,44.072965681510695
2026-04-15 07:15:00+02:00,-200.0,200.0,165013.38030204093,165063.39050612255,44.072965681510695
2026-04-15 07:30:00+02:00,-200.0,200.0,165037.37520000013,165062.38030204093,44.072965681510695
2026-04-15 07:45:00+02:00,-200.0,200.0,165036.36499591847,165086.37520000013,44.072965681510695
2026-04-15 08:00:00+02:00,-200.0,200.0,165060.35989387767,165085.36499591847,44.072965681510695
2026-04-15 08:15:00+02:00,-200.0,200.0,165059.34968979604,165109.35989387767,44.072965681510695
2026-04-15 08:30:00+02:00,-200.0,200.0,165083.34458775521,165108.34968979604,44.072965681510695
2026-04-15 08:45:00+02:00,-200.0,200.0,165082.3343836736,165132.34458775521,44.072965681510695
2026-04-15 09:00:00+02:00,-250.0,250.0,165106.3292816328,165131.3343836736,49.77916976314335
2026-04-15 09:15:00+02:00,-200.0,200.0,165092.5639755103,165167.5792816328,10.867605137293012
2026-04-15 09:30:00+02:00,-200.0,200.0,165116.5588734695,165141.5639755103,10.867605137293012
2026-04-15 09:45:00+02:00,-200.0,200.0,165090.54356734708,165165.5588734695,10.867605137293012
2026-04-15 10:00:00+02:00,-200.0,200.0,165114.53846530625,165139.54356734708,10.867605137293012
2026-04-15 10:15:00+02:00,-200.0,200.0,165088.52315918377,165163.53846530625,10.867605137293012
2026-04-15 10:30:00+02:00,-250.0,250.0,165112.518057143,165137.52315918377,15.297156157701178
2026-04-15 10:45:00+02:00,-250.0,250.0,165073.7476489797,165173.76805714297,15.297156157701178
2026-04-15 11:00:00+02:00,-250.0,250.0,165109.99254693894,165134.9976489797,15.297156157701178
2026-04-15 11:15:00+02:00,-250.0,250.0,165071.22213877563,165171.2425469389,15.297156157701178
2026-04-15 11:30:00+02:00,-250.0,250.0,165107.4670367348,165132.47213877563,15.297156157701178
2026-04-15 11:45:00+02:00,-250.0,250.0,165068.69662857155,165168.7170367348,15.297156157701178
2026-04-15 12:00:00+02:00,-250.0,250.0,165104.94152653072,165129.94662857155,15.297156157701178
2026-04-15 12:15:00+02:00,-250.0,250.0,165066.1711183675,165166.19152653072,15.297156157701178
2026-04-15 12:30:00+02:00,-250.0,250.0,165102.41601632666,165127.4211183675,15.297156157701178
2026-04-15 12:45:00+02:00,-300.0,300.0,165063.64560816338,165163.66601632666,209.85497928695287
2026-04-15 13:00:00+02:00,-300.0,300.0,165112.14050612258,165137.14560816338,209.85497928695287
2026-04-15 13:15:00+02:00,-300.0,300.0,165085.6200979593,165185.64050612258,209.85497928695287
2026-04-15 13:30:00+02:00,-250.0,250.0,165134.11499591853,165159.1200979593,15.297156157701178
2026-04-15 13:45:00+02:00,-250.0,250.0,165095.34458775521,165195.3649959185,15.297156157701178
2026-04-15 14:00:00+02:00,-250.0,250.0,165131.5894857144,165156.59458775521,15.297156157701178
2026-04-15 14:15:00+02:00,-250.0,250.0,165114.60440000013,165192.8394857144,15.297156157701178
2026-04-15 14:30:00+02:00,-250.0,250.0,165150.8492979593,165175.85440000013,15.297156157701178
2026-04-15 14:45:00+02:00,-250.0,250.0,165137.08399183687,165212.0992979593,15.297156157701178
2026-04-15 15:00:00+02:00,-250.0,250.0,165173.32888979604,165198.33399183687,15.297156157701178
2026-04-15 15:15:00+02:00,-250.0,250.0,165159.56358367362,165234.57888979604,15.297156157701178
2026-04-15 15:30:00+02:00,-250.0,250.0,165195.8084816328,165220.81358367362,15.297156157701178
2026-04-15 15:45:00+02:00,-250.0,250.0,165182.0431755103,165257.0584816328,15.297156157701178
2026-04-15 16:00:00+02:00,-200.0,200.0,165218.28807346954,165243.2931755103,14.770923569427772
2026-04-15 16:15:00+02:00,-200.0,200.0,165201.16369795933,165267.2880734695,14.770923569427772
2026-04-15 16:30:00+02:00,-200.0,200.0,165225.1585959185,165250.1636979593,14.770923569427772
2026-04-15 16:45:00+02:00,-200.0,200.0,165236.2477469389,165274.1585959185,14.770923569427772
2026-04-15 17:00:00+02:00,-200.0,200.0,165260.24264489807,165285.2477469389,14.770923569427772
2026-04-15 17:15:00+02:00,-200.0,200.0,165284.23754285724,165309.24264489807,14.770923569427772
2026-04-15 17:30:00+02:00,-200.0,200.0,165308.23244081644,165333.23754285724,14.770923569427772
2026-04-15 17:45:00+02:00,-200.0,200.0,165332.22733877564,165357.23244081644,14.770923569427772
2026-04-15 18:00:00+02:00,-200.0,200.0,165356.22223673481,165381.22733877564,14.770923569427772
2026-04-15 18:15:00+02:00,-200.0,200.0,165380.217134694,165405.22223673481,14.770923569427772
2026-04-15 18:30:00+02:00,-200.0,200.0,165404.21203265316,165429.217134694,14.770923569427772
2026-04-15 18:45:00+02:00,-200.0,200.0,165428.20693061236,165453.21203265316,14.770923569427772
2026-04-15 19:00:00+02:00,-200.0,200.0,165452.20182857156,165477.20693061236,14.770923569427772
2026-04-15 19:15:00+02:00,-200.0,200.0,165491.29136326542,165501.20182857156,14.770923569427772
2026-04-15 19:30:00+02:00,-200.0,200.0,165515.2862612246,165540.29136326542,14.770923569427772
2026-04-15 19:45:00+02:00,-200.0,200.0,165564.2862612246,165564.2862612246,14.770923569427772
2026-04-15 20:00:00+02:00,-200.0,200.0,165588.2811591838,165613.2862612246,14.770923569427772
2026-04-15 20:15:00+02:00,-200.0,200.0,165637.2811591838,165637.2811591838,14.770923569427772
2026-04-15 20:30:00+02:00,-200.0,200.0,165661.276057143,165686.2811591838,14.770923569427772
2026-04-15 20:45:00+02:00,-200.0,200.0,165710.276057143,165710.276057143,14.770923569427772
2026-04-15 21:00:00+02:00,-200.0,200.0,165734.27095510217,165759.276057143,14.770923569427772
2026-04-15 21:15:00+02:00,-200.0,200.0,165783.27095510217,165783.27095510217,14.770923569427772
2026-04-15 21:30:00+02:00,-150.0,150.0,165807.26585306134,165832.27095510217,11.667726290516207
2026-04-15 21:45:00+02:00,-150.0,150.0,165844.01585306134,165844.01585306134,11.667726290516207
2026-04-15 22:00:00+02:00,-150.0,150.0,165855.7607510205,165880.76585306134,11.667726290516207
2026-04-15 22:15:00+02:00,-200.0,200.0,165892.5107510205,165892.5107510205,26.65354261704683
2026-04-15 22:30:00+02:00,-200.0,200.0,165939.6096000001,165941.5107510205,26.65354261704683
2026-04-15 22:45:00+02:00,-150.0,150.0,165988.6096000001,165988.6096000001,20.947338535414175
2026-04-15 23:00:00+02:00,-150.0,150.0,166025.3596000001,166025.3596000001,20.947338535414175
2026-04-15 23:15:00+02:00,-150.0,150.0,166062.1096000001,166062.1096000001,122.69621608643456
2026-04-15 23:30:00+02:00,-150.0,150.0,166098.85960000014,166098.85960000014,122.69621608643456
2026-04-15 23:45:00+02:00,-150.0,150.0,166135.60960000014,166135.60960000014,122.69621608643456
2026-04-16 00:00:00+02:00,-150.0,150.0,166172.35960000014,166172.35960000014,122.69621608643456
2026-04-16 00:15:00+02:00,-100.0,100.0,166209.10960000014,166209.10960000014,118.2666650660264
2026-04-16 00:30:00+02:00,-50.0,50.0,166233.60960000014,166233.60960000014,1.5319711884753902
2026-04-16 00:45:00+02:00,-50.0,50.0,166245.8596000001,166245.8596000001,1.5319711884753902
2026-04-16 01:00:00+02:00,-50.0,50.0,166258.1096000001,166258.1096000001,1.5319711884753902
2026-04-16 01:15:00+02:00,-50.0,50.0,166270.3596000001,166270.3596000001,1.5319711884753902
2026-04-16 01:30:00+02:00,-100.0,100.0,166282.6096000001,166282.6096000001,71.047481392557
2026-04-16 01:45:00+02:00,-100.0,100.0,166307.1096000001,166307.1096000001,71.047481392557
2026-04-16 02:00:00+02:00,-50.0,50.0,166331.6096000001,166331.6096000001,1.5319711884753902
2026-04-16 02:15:00+02:00,-50.0,50.0,166343.8596000001,166343.8596000001,1.5319711884753902
2026-04-16 02:30:00+02:00,-50.0,50.0,166356.1096000001,166356.1096000001,1.5319711884753902
2026-04-16 02:45:00+02:00,-50.0,50.0,166368.3596000001,166368.3596000001,1.5319711884753902
2026-04-16 03:00:00+02:00,-50.0,50.0,166380.6096000001,166380.6096000001,1.5319711884753902
2026-04-16 03:15:00+02:00,-50.0,50.0,166392.8596000001,166392.8596000001,1.5319711884753902
2026-04-16 03:30:00+02:00,-50.0,50.0,166405.1096000001,166405.1096000001,1.5319711884753902
2026-04-16 03:45:00+02:00,-50.0,50.0,166417.3596000001,166417.3596000001,1.5319711884753902
2026-04-16 04:00:00+02:00,-50.0,50.0,166429.6096000001,166429.6096000001,1.5319711884753902
2026-04-16 04:15:00+02:00,0.0,0.0,166441.8596000001,166441.8596000001,0.0
2026-04-16 04:30:00+02:00,0.0,0.0,166441.8596000001,166441.8596000001,0.0
2026-04-16 04:45:00+02:00,0.0,0.0,166441.8596000001,166441.8596000001,0.0
2026-04-16 05:00:00+02:00,0.0,0.0,166441.8596000001,166441.8596000001,0.0
2026-04-16 05:15:00+02:00,-100.0,100.0,166441.8596000001,166441.8596000001,83.0722993197279
2026-04-16 05:30:00+02:00,-100.0,100.0,166441.3544979593,166466.3596000001,83.0722993197279
2026-04-16 05:45:00+02:00,-100.0,100.0,166465.8544979593,166465.8544979593,83.0722993197279
2026-04-16 06:00:00+02:00,-50.0,50.0,166465.34939591849,166490.3544979593,2.27243537414966
2026-04-16 06:15:00+02:00,-50.0,50.0,166477.59939591849,166477.59939591849,2.27243537414966
2026-04-16 06:30:00+02:00,-50.0,50.0,166464.84429387766,166489.84939591849,2.27243537414966
2026-04-16 06:45:00+02:00,-50.0,50.0,166477.09429387766,166477.09429387766,2.27243537414966
2026-04-16 07:00:00+02:00,-100.0,100.0,166464.33919183683,166489.34429387766,19.18729251700681
2026-04-16 07:15:00+02:00,-100.0,100.0,166488.83919183683,166488.83919183683,19.18729251700681
2026-04-16 07:30:00+02:00,-100.0,100.0,166488.33408979603,166513.33919183683,19.18729251700681
2026-04-16 07:45:00+02:00,-100.0,100.0,166512.83408979603,166512.83408979603,19.18729251700681
2026-04-16 08:00:00+02:00,-100.0,100.0,166512.32898775523,166537.33408979603,19.18729251700681
2026-04-16 08:15:00+02:00,-50.0,50.0,166536.82898775523,166536.82898775523,2.27243537414966
2026-04-16 08:30:00+02:00,-50.0,50.0,166524.0738857144,166549.07898775523,2.27243537414966
2026-04-16 08:45:00+02:00,-50.0,50.0,166536.3238857144,166536.3238857144,2.27243537414966
2026-04-16 09:00:00+02:00,-100.0,100.0,166523.56878367357,166548.5738857144,22.91044257703081
2026-04-16 09:15:00+02:00,-150.0,150.0,166548.06878367357,166548.06878367357,54.866565026010406
2026-04-16 09:30:00+02:00,-150.0,150.0,166559.81368163275,166584.81878367357,54.866565026010406
2026-04-16 09:45:00+02:00,-150.0,150.0,166596.56368163275,166596.56368163275,42.58921808723489
2026-04-16 10:00:00+02:00,-150.0,150.0,166608.30857959195,166633.31368163275,42.58921808723489
2026-04-16 10:15:00+02:00,-150.0,150.0,166645.05857959195,166645.05857959195,42.58921808723489
2026-04-16 10:30:00+02:00,-200.0,200.0,166656.80347755115,166681.80857959195,48.708979350230656
2026-04-16 10:45:00+02:00,-200.0,200.0,166680.79837551032,166705.80347755115,48.708979350230656
2026-04-16 11:00:00+02:00,-250.0,250.0,166704.79327346952,166729.79837551032,134.6257140441082
2026-04-16 11:15:00+02:00,-200.0,200.0,166741.03817142872,166766.04327346952,48.708979350230656
2026-04-16 11:30:00+02:00,-200.0,200.0,166765.0330693879,166790.03817142872,48.708979350230656
2026-04-16 11:45:00+02:00,-200.0,200.0,166789.02796734706,166814.0330693879,48.708979350230656
2026-04-16 12:00:00+02:00,-200.0,200.0,166813.02286530624,166838.02796734706,48.708979350230656
2026-04-16 12:15:00+02:00,-250.0,250.0,166837.0177632654,166862.02286530624,243.26680247948235
2026-04-16 12:30:00+02:00,-250.0,250.0,166873.26266122458,166898.2677632654,243.26680247948235
2026-04-16 12:45:00+02:00,-250.0,250.0,166909.50755918378,166934.51266122458,243.26680247948235
2026-04-16 13:00:00+02:00,-150.0,150.0,166945.75245714298,166970.75755918378,29.030203840026577
2026-04-16 13:15:00+02:00,-100.0,100.0,166957.49735510215,166982.50245714298,8.392196637145425
2026-04-16 13:30:00+02:00,-100.0,100.0,166956.99225306133,166981.99735510215,8.392196637145425
2026-04-16 13:45:00+02:00,-100.0,100.0,166956.48715102053,166981.49225306133,8.392196637145425
2026-04-16 14:00:00+02:00,-100.0,100.0,166955.98204897973,166980.98715102053,8.392196637145425
2026-04-16 14:15:00+02:00,-100.0,100.0,166955.4769469389,166980.48204897973,8.392196637145425
2026-04-16 14:30:00+02:00,-100.0,100.0,166954.97184489807,166979.9769469389,8.392196637145425
2026-04-16 14:45:00+02:00,-150.0,150.0,166954.46674285724,166979.47184489807,11.21585470414581
2026-04-16 15:00:00+02:00,-150.0,150.0,166941.20653877562,166991.21674285724,11.21585470414581
2026-04-16 15:15:00+02:00,-150.0,150.0,166952.95143673482,166977.95653877562,11.21585470414581
2026-04-16 15:30:00+02:00,-150.0,150.0,166939.69123265316,166989.70143673482,11.21585470414581
2026-04-16 15:45:00+02:00,-150.0,150.0,166951.43613061236,166976.44123265316,11.21585470414581
2026-04-16 16:00:00+02:00,-150.0,150.0,166938.17592653073,166988.18613061236,11.21585470414581
2026-04-16 16:15:00+02:00,-150.0,150.0,166949.9208244899,166974.92592653073,11.21585470414581
2026-04-16 16:30:00+02:00,-150.0,150.0,166936.6606204083,166986.6708244899,11.21585470414581
2026-04-16 16:45:00+02:00,-150.0,150.0,166948.40551836748,166973.4106204083,11.21585470414581
2026-04-16 17:00:00+02:00,-150.0,150.0,166935.14531428582,166985.15551836748,11.21585470414581
2026-04-16 17:15:00+02:00,-200.0,200.0,166965.57204081645,166971.89531428582,18.161568989860093
2026-04-16 17:30:00+02:00,-200.0,200.0,166939.556734694,167014.57204081645,18.161568989860093
2026-04-16 17:45:00+02:00,-200.0,200.0,166988.556734694,166988.556734694,18.161568989860093
2026-04-16 18:00:00+02:00,-200.0,200.0,166962.54142857157,167037.556734694,18.161568989860093
2026-04-16 18:15:00+02:00,-200.0,200.0,167011.54142857157,167011.54142857157,18.161568989860093
2026-04-16 18:30:00+02:00,-200.0,200.0,166985.5261224491,167060.54142857157,18.161568989860093
2026-04-16 18:45:00+02:00,-250.0,250.0,167034.5261224491,167034.5261224491,54.641160826594785
2026-04-16 19:00:00+02:00,-250.0,250.0,167020.76081632666,167095.7761224491,54.641160826594785
2026-04-16 19:15:00+02:00,-250.0,250.0,167082.01081632666,167082.01081632666,54.641160826594785
2026-04-16 19:30:00+02:00,-250.0,250.0,167068.24551020423,167143.26081632666,54.641160826594785
2026-04-16 19:45:00+02:00,-250.0,250.0,167129.49551020423,167129.49551020423,54.641160826594785
2026-04-16 20:00:00+02:00,-250.0,250.0,167115.73020408174,167190.74551020423,54.641160826594785
2026-04-16 20:15:00+02:00,-250.0,250.0,167176.98020408174,167176.98020408174,54.641160826594785
2026-04-16 20:30:00+02:00,-250.0,250.0,167186.64706122462,167238.23020408174,54.641160826594785
2026-04-16 20:45:00+02:00,-250.0,250.0,167247.89706122462,167247.89706122462,54.641160826594785
2026-04-16 21:00:00+02:00,-250.0,250.0,167259.136857143,167309.14706122462,54.641160826594785
2026-04-16 21:15:00+02:00,-250.0,250.0,167320.386857143,167320.386857143,54.641160826594785
2026-04-16 21:30:00+02:00,-250.0,250.0,167331.62665306136,167381.636857143,54.641160826594785
2026-04-16 21:45:00+02:00,-250.0,250.0,167392.87665306136,167392.87665306136,54.641160826594785
2026-04-16 22:00:00+02:00,-250.0,250.0,167404.1164489797,167454.12665306136,54.641160826594785
2026-04-16 22:15:00+02:00,-250.0,250.0,167465.3664489797,167465.3664489797,54.641160826594785
2026-04-16 22:30:00+02:00,-250.0,250.0,167484.94556734705,167526.6164489797,54.641160826594785
2026-04-16 22:45:00+02:00,-200.0,200.0,167546.19556734705,167546.19556734705,18.161568989860093
2026-04-16 23:00:00+02:00,-200.0,200.0,167570.19046530625,167595.19556734705,18.161568989860093
2026-04-16 23:15:00+02:00,-200.0,200.0,167619.19046530625,167619.19046530625,18.161568989860093
2026-04-16 23:30:00+02:00,-250.0,250.0,167643.18536326545,167668.19046530625,212.71939211911177
2026-04-16 23:45:00+02:00,-200.0,200.0,167704.43536326545,167704.43536326545,206.59963085611602
2026-04-17 00:00:00+02:00,-150.0,150.0,167728.43026122462,167753.43536326545,204.32719548196636
2026-04-17 00:15:00+02:00,-100.0,100.0,167765.18026122462,167765.18026122462,9.769372352714669
2026-04-17 00:30:00+02:00,-100.0,100.0,167764.6751591838,167789.68026122462,9.769372352714669
2026-04-17 00:45:00+02:00,-100.0,100.0,167789.1751591838,167789.1751591838,9.769372352714669
2026-04-17 01:00:00+02:00,-100.0,100.0,167811.18800000014,167813.6751591838,9.769372352714669
2026-04-17 01:15:00+02:00,-100.0,100.0,167835.68800000014,167835.68800000014,9.769372352714669
2026-04-17 01:30:00+02:00,-100.0,100.0,167860.18800000014,167860.18800000014,9.769372352714669
2026-04-17 01:45:00+02:00,-100.0,100.0,167884.68800000014,167884.68800000014,9.769372352714669
2026-04-17 02:00:00+02:00,-100.0,100.0,167909.18800000014,167909.18800000014,9.769372352714669
2026-04-17 02:15:00+02:00,-100.0,100.0,167933.68800000014,167933.68800000014,9.769372352714669
2026-04-17 02:30:00+02:00,-100.0,100.0,167958.18800000014,167958.18800000014,9.769372352714669
2026-04-17 02:45:00+02:00,-100.0,100.0,167982.68800000014,167982.68800000014,9.769372352714669
2026-04-17 03:00:00+02:00,-100.0,100.0,168007.18800000014,168007.18800000014,9.769372352714669
2026-04-17 03:15:00+02:00,-100.0,100.0,168031.68800000014,168031.68800000014,9.769372352714669
2026-04-17 03:30:00+02:00,-100.0,100.0,168056.18800000014,168056.18800000014,9.769372352714669
2026-04-17 03:45:00+02:00,-100.0,100.0,168080.68800000014,168080.68800000014,9.769372352714669
2026-04-17 04:00:00+02:00,-50.0,50.0,168105.18800000014,168105.18800000014,6.945714285714285
2026-04-17 04:15:00+02:00,-50.0,50.0,168117.43800000014,168117.43800000014,6.945714285714285
2026-04-17 04:30:00+02:00,-50.0,50.0,168129.68800000014,168129.68800000014,6.945714285714285
2026-04-17 04:45:00+02:00,-100.0,100.0,168141.93800000014,168141.93800000014,121.24843537414966
2026-04-17 05:00:00+02:00,-150.0,150.0,168166.43800000014,168166.43800000014,240.113537414966
2026-04-17 05:15:00+02:00,-150.0,150.0,168203.18800000014,168203.18800000014,240.113537414966
2026-04-17 05:30:00+02:00,0.0,0.0,168239.93800000014,168239.93800000014,0.0
2026-04-17 05:45:00+02:00,0.0,0.0,168239.93800000014,168239.93800000014,0.0
2026-04-17 06:00:00+02:00,0.0,0.0,168239.93800000014,168239.93800000014,0.0
2026-04-17 06:15:00+02:00,0.0,0.0,168239.93800000014,168239.93800000014,0.0
2026-04-17 06:30:00+02:00,0.0,0.0,168239.93800000014,168239.93800000014,0.0
2026-04-17 06:45:00+02:00,0.0,0.0,168239.93800000014,168239.93800000014,0.0
2026-04-17 07:00:00+02:00,-50.0,50.0,168239.93800000014,168239.93800000014,10.026495119787047
2026-04-17 07:15:00+02:00,-150.0,150.0,168227.1828979593,168252.18800000014,32.214268506598415
2026-04-17 07:30:00+02:00,-150.0,150.0,168238.92779591848,168263.9328979593,32.214268506598415
2026-04-17 07:45:00+02:00,-150.0,150.0,168250.67269387766,168275.67779591848,32.214268506598415
2026-04-17 08:00:00+02:00,-150.0,150.0,168262.41759183686,168287.42269387766,32.214268506598415
2026-04-17 08:15:00+02:00,-100.0,100.0,168293.4249959185,168299.16759183686,10.122227690271888
2026-04-17 08:30:00+02:00,-100.0,100.0,168292.91989387767,168317.9249959185,10.122227690271888
2026-04-17 08:45:00+02:00,-100.0,100.0,168317.41989387767,168317.41989387767,10.122227690271888
2026-04-17 09:00:00+02:00,-150.0,150.0,168316.91479183687,168341.91989387767,17.256014538344452
2026-04-17 09:15:00+02:00,-150.0,150.0,168328.65968979607,168353.66479183687,17.256014538344452
2026-04-17 09:30:00+02:00,-250.0,250.0,168340.40458775524,168365.40968979607,134.22948392609956
2026-04-17 09:45:00+02:00,-200.0,200.0,168376.64948571444,168401.65458775524,70.31723902814036
2026-04-17 10:00:00+02:00,-200.0,200.0,168400.6443836736,168425.64948571444,70.31723902814036
2026-04-17 10:15:00+02:00,-200.0,200.0,168424.6392816328,168449.6443836736,70.31723902814036
2026-04-17 10:30:00+02:00,-250.0,250.0,168448.634179592,168473.6392816328,70.97695958026162
2026-04-17 10:45:00+02:00,-300.0,300.0,168459.87397551033,168509.884179592,99.57695958026163
2026-04-17 11:00:00+02:00,-300.0,300.0,168508.3688734695,168533.37397551033,99.57695958026163
2026-04-17 11:15:00+02:00,-300.0,300.0,168531.8586693879,168581.8688734695,99.57695958026163
2026-04-17 11:30:00+02:00,-250.0,250.0,168580.3535673471,168605.3586693879,70.97695958026162
2026-04-17 11:45:00+02:00,-250.0,250.0,168591.59336326545,168641.6035673471,70.97695958026162
2026-04-17 12:00:00+02:00,-250.0,250.0,168627.83826122462,168652.84336326545,70.97695958026162
2026-04-17 12:15:00+02:00,-200.0,200.0,168639.078057143,168689.08826122462,17.915735090465713
2026-04-17 12:30:00+02:00,-200.0,200.0,168663.07295510216,168688.078057143,17.915735090465713
2026-04-17 12:45:00+02:00,-200.0,200.0,168662.06275102054,168712.07295510216,28.959852215576618
2026-04-17 13:00:00+02:00,-200.0,200.0,168686.05764897974,168711.06275102054,28.959852215576618
2026-04-17 13:15:00+02:00,-200.0,200.0,168685.04744489808,168735.05764897974,28.959852215576618
2026-04-17 13:30:00+02:00,-250.0,250.0,168709.04234285725,168734.04744489808,30.203607317617433
2026-04-17 13:45:00+02:00,-200.0,200.0,168695.27703673483,168770.29234285725,9.132995072719483
2026-04-17 14:00:00+02:00,-200.0,200.0,168719.27193469403,168744.27703673483,9.132995072719483
2026-04-17 14:15:00+02:00,-200.0,200.0,168693.2566285716,168768.27193469403,9.132995072719483
2026-04-17 14:30:00+02:00,-200.0,200.0,168717.25152653077,168742.2566285716,9.132995072719483
2026-04-17 14:45:00+02:00,-200.0,200.0,168707.31744489807,168766.25152653077,9.132995072719483
2026-04-17 15:00:00+02:00,-200.0,200.0,168731.31234285727,168756.31744489807,9.132995072719483
2026-04-17 15:15:00+02:00,-200.0,200.0,168730.30213877567,168780.31234285727,9.132995072719483
2026-04-17 15:30:00+02:00,-200.0,200.0,168754.29703673485,168779.30213877567,9.132995072719483
2026-04-17 15:45:00+02:00,-200.0,200.0,168753.2868326532,168803.29703673485,9.132995072719483
2026-04-17 16:00:00+02:00,-200.0,200.0,168777.28173061236,168802.2868326532,9.132995072719483
2026-04-17 16:15:00+02:00,-200.0,200.0,168776.27152653076,168826.28173061236,9.132995072719483
2026-04-17 16:30:00+02:00,-200.0,200.0,168800.26642448996,168825.27152653076,9.132995072719483
2026-04-17 16:45:00+02:00,-200.0,200.0,168799.2562204083,168849.26642448996,9.132995072719483
2026-04-17 17:00:00+02:00,-200.0,200.0,168823.25111836748,168848.2562204083,9.132995072719483
2026-04-17 17:15:00+02:00,-200.0,200.0,168822.24091428582,168872.25111836748,9.132995072719483
2026-04-17 17:30:00+02:00,-200.0,200.0,168846.23581224502,168871.24091428582,9.132995072719483
2026-04-17 17:45:00+02:00,-200.0,200.0,168845.22560816343,168895.23581224502,9.132995072719483
2026-04-17 18:00:00+02:00,-200.0,200.0,168869.2205061226,168894.22560816343,9.132995072719483
2026-04-17 18:15:00+02:00,-200.0,200.0,168868.21030204094,168918.2205061226,9.132995072719483
2026-04-17 18:30:00+02:00,-200.0,200.0,168892.2052000001,168917.21030204094,9.132995072719483
2026-04-17 18:45:00+02:00,-200.0,200.0,168891.19499591851,168941.2052000001,9.132995072719483
2026-04-17 19:00:00+02:00,-200.0,200.0,168915.18989387772,168940.19499591851,9.132995072719483
2026-04-17 19:15:00+02:00,-200.0,200.0,168914.17968979606,168964.18989387772,9.132995072719483
2026-04-17 19:30:00+02:00,-200.0,200.0,168938.17458775523,168963.17968979606,9.132995072719483
2026-04-17 19:45:00+02:00,-200.0,200.0,168937.1643836736,168987.17458775523,9.132995072719483
2026-04-17 20:00:00+02:00,-200.0,200.0,168961.1592816328,168986.1643836736,9.132995072719483
2026-04-17 20:15:00+02:00,-200.0,200.0,168960.14907755118,169010.1592816328,9.132995072719483
2026-04-17 20:30:00+02:00,-200.0,200.0,168984.14397551035,169009.14907755118,9.132995072719483
2026-04-17 20:45:00+02:00,-200.0,200.0,168983.1337714287,169033.14397551035,9.132995072719483
2026-04-17 21:00:00+02:00,-200.0,200.0,169007.12866938786,169032.1337714287,9.132995072719483
2026-04-17 21:15:00+02:00,-200.0,200.0,169006.11846530627,169056.12866938786,9.132995072719483
2026-04-17 21:30:00+02:00,-200.0,200.0,169030.11336326547,169055.11846530627,9.132995072719483
2026-04-17 21:45:00+02:00,-200.0,200.0,169029.1031591838,169079.11336326547,9.132995072719483
2026-04-17 22:00:00+02:00,-200.0,200.0,169053.09805714298,169078.1031591838,9.132995072719483
2026-04-17 22:15:00+02:00,-200.0,200.0,169052.08785306138,169102.09805714298,9.132995072719483
2026-04-17 22:30:00+02:00,-150.0,150.0,169076.08275102059,169101.08785306138,1.9992082246469203
2026-04-17 22:45:00+02:00,-150.0,150.0,169062.82254693893,169112.83275102059,1.9992082246469203
2026-04-17 23:00:00+02:00,-150.0,150.0,169074.5674448981,169099.57254693893,1.9992082246469203
2026-04-17 23:15:00+02:00,-200.0,200.0,169061.30724081644,169111.3174448981,196.5570313538986
2026-04-17 23:30:00+02:00,-250.0,250.0,169085.30213877562,169110.30724081644,246.54866400695985
2026-04-17 23:45:00+02:00,-250.0,250.0,169096.54193469402,169146.55213877562,246.54866400695985
2026-04-18 00:00:00+02:00,-150.0,150.0,169132.78683265322,169157.79193469402,1.9992082246469203
2026-04-18 00:15:00+02:00,-150.0,150.0,169119.52662857156,169169.53683265322,1.9992082246469203
2026-04-18 00:30:00+02:00,-150.0,150.0,169131.27152653073,169156.27662857156,1.9992082246469203
2026-04-18 00:45:00+02:00,-150.0,150.0,169118.01132244914,169168.02152653073,1.9992082246469203
2026-04-18 01:00:00+02:00,-150.0,150.0,169129.75622040834,169154.76132244914,1.9992082246469203
2026-04-18 01:15:00+02:00,-150.0,150.0,169116.49601632668,169166.50622040834,1.9992082246469203
2026-04-18 01:30:00+02:00,-150.0,150.0,169128.24091428585,169153.24601632668,1.9992082246469203
2026-04-18 01:45:00+02:00,-150.0,150.0,169133.39666122463,169164.99091428585,1.9992082246469203
2026-04-18 02:00:00+02:00,-150.0,150.0,169145.14155918383,169170.14666122463,1.9992082246469203
2026-04-18 02:15:00+02:00,-150.0,150.0,169156.886457143,169181.89155918383,1.9992082246469203
2026-04-18 02:30:00+02:00,-150.0,150.0,169168.63135510217,169193.636457143,1.9992082246469203
2026-04-18 02:45:00+02:00,-150.0,150.0,169180.37625306137,169205.38135510217,1.9992082246469203
2026-04-18 03:00:00+02:00,-150.0,150.0,169192.12115102055,169217.12625306137,1.9992082246469203
2026-04-18 03:15:00+02:00,-100.0,100.0,169203.86604897975,169228.87115102055,0.7554531226061048
2026-04-18 03:30:00+02:00,-150.0,150.0,169203.36094693895,169228.36604897975,43.24688169403467
2026-04-18 03:45:00+02:00,-200.0,200.0,169215.10584489812,169240.11094693895,47.52020530919502
2026-04-18 04:00:00+02:00,-200.0,200.0,169214.0956408165,169264.10584489812,47.52020530919502
2026-04-18 04:15:00+02:00,-250.0,250.0,169238.09053877566,169263.0956408165,86.15938898266441
2026-04-18 04:30:00+02:00,-250.0,250.0,169249.33033469404,169299.34053877566,86.15938898266441
2026-04-18 04:45:00+02:00,-200.0,200.0,169285.57523265324,169310.58033469404,43.66796041123584
2026-04-18 05:00:00+02:00,-150.0,150.0,169284.56502857158,169334.57523265324,5.028776737766455
2026-04-18 05:15:00+02:00,-150.0,150.0,169296.30992653075,169321.31502857158,5.028776737766455
2026-04-18 05:30:00+02:00,-150.0,150.0,169283.04972244913,169333.05992653075,5.028776737766455
2026-04-18 05:45:00+02:00,-150.0,150.0,169294.79462040833,169319.79972244913,5.028776737766455
2026-04-18 06:00:00+02:00,-150.0,150.0,169293.6899265308,169331.54462040833,5.028776737766455
2026-04-18 06:15:00+02:00,-150.0,150.0,169305.43482448996,169330.4399265308,5.028776737766455
2026-04-18 06:30:00+02:00,-150.0,150.0,169317.17972244913,169342.18482448996,5.028776737766455
2026-04-18 06:45:00+02:00,-150.0,150.0,169328.9246204083,169353.92972244913,5.028776737766455
2026-04-18 07:00:00+02:00,-150.0,150.0,169340.6695183675,169365.6746204083,5.028776737766455
2026-04-18 07:15:00+02:00,-100.0,100.0,169352.41441632668,169377.4195183675,0.7554531226061048
2026-04-18 07:30:00+02:00,-100.0,100.0,169351.90931428585,169376.91441632668,0.7554531226061048
2026-04-18 07:45:00+02:00,-150.0,150.0,169351.40421224502,169376.40931428585,2.4786367960754925
2026-04-18 08:00:00+02:00,-150.0,150.0,169338.1440081634,169388.15421224502,2.4786367960754925
2026-04-18 08:15:00+02:00,-150.0,150.0,169349.8889061226,169374.8940081634,2.4786367960754925
2026-04-18 08:30:00+02:00,-200.0,200.0,169336.62870204097,169386.6389061226,14.88753475525917
2026-04-18 08:45:00+02:00,-200.0,200.0,169359.73080000016,169385.62870204097,14.88753475525917
2026-04-18 09:00:00+02:00,-200.0,200.0,169358.7205959185,169408.73080000016,14.88753475525917
2026-04-18 09:15:00+02:00,-250.0,250.0,169382.71549387768,169407.7205959185,598.5610041430143
2026-04-18 09:30:00+02:00,-200.0,200.0,169393.95528979605,169443.96549387768,14.88753475525917
2026-04-18 09:45:00+02:00,-250.0,250.0,169417.95018775522,169442.95528979605,26.572677612402032
2026-04-18 10:00:00+02:00,-250.0,250.0,169405.23318367358,169479.20018775522,26.572677612402032
2026-04-18 10:15:00+02:00,-250.0,250.0,169441.47808163278,169466.48318367358,26.572677612402032
2026-04-18 10:30:00+02:00,-250.0,250.0,169452.71787755116,169502.72808163278,26.572677612402032
2026-04-18 10:45:00+02:00,-250.0,250.0,169488.96277551033,169513.96787755116,26.572677612402032
2026-04-18 11:00:00+02:00,-200.0,200.0,169500.2025714287,169550.21277551033,14.16377965321835
2026-04-18 11:15:00+02:00,-200.0,200.0,169524.1974693879,169549.2025714287,14.16377965321835
2026-04-18 11:30:00+02:00,-200.0,200.0,169523.18726530627,169573.1974693879,14.16377965321835
2026-04-18 11:45:00+02:00,-200.0,200.0,169547.18216326545,169572.18726530627,14.16377965321835
2026-04-18 12:00:00+02:00,-250.0,250.0,169546.17195918382,169596.18216326545,14.637490330859572
2026-04-18 12:15:00+02:00,-250.0,250.0,169557.41175510216,169607.42195918382,14.637490330859572
2026-04-18 12:30:00+02:00,-250.0,250.0,169568.65155102054,169618.66175510216,14.637490330859572
2026-04-18 12:45:00+02:00,-250.0,250.0,169579.8913469389,169629.90155102054,14.637490330859572
2026-04-18 13:00:00+02:00,-250.0,250.0,169591.13114285725,169641.1413469389,14.637490330859572
2026-04-18 13:15:00+02:00,-250.0,250.0,169602.37093877565,169652.38114285725,14.637490330859572
2026-04-18 13:30:00+02:00,-250.0,250.0,169613.61073469403,169663.62093877565,14.637490330859572
2026-04-18 13:45:00+02:00,-250.0,250.0,169624.8505306124,169674.86073469403,14.637490330859572
2026-04-18 14:00:00+02:00,-250.0,250.0,169636.09032653077,169686.1005306124,14.637490330859572
2026-04-18 14:15:00+02:00,-250.0,250.0,169647.33012244912,169697.34032653077,14.637490330859572
2026-04-18 14:30:00+02:00,-250.0,250.0,169658.5699183675,169708.58012244912,14.637490330859572
2026-04-18 14:45:00+02:00,-250.0,250.0,169669.80971428586,169719.8199183675,14.637490330859572
2026-04-18 15:00:00+02:00,-250.0,250.0,169681.04951020423,169731.05971428586,14.637490330859572
2026-04-18 15:15:00+02:00,-250.0,250.0,169692.28930612258,169742.29951020423,14.637490330859572
2026-04-18 15:30:00+02:00,-250.0,250.0,169703.52910204095,169753.53930612258,14.637490330859572
2026-04-18 15:45:00+02:00,-250.0,250.0,169714.76889795935,169764.77910204095,14.637490330859572
2026-04-18 16:00:00+02:00,-250.0,250.0,169726.0086938777,169776.01889795935,14.637490330859572
2026-04-18 16:15:00+02:00,-250.0,250.0,169737.24848979607,169787.2586938777,14.637490330859572
2026-04-18 16:30:00+02:00,-250.0,250.0,169748.48828571444,169798.49848979607,14.637490330859572
2026-04-18 16:45:00+02:00,-250.0,250.0,169759.72808163278,169809.73828571444,14.637490330859572
2026-04-18 17:00:00+02:00,-250.0,250.0,169770.9678775512,169820.97808163278,14.637490330859572
2026-04-18 17:15:00+02:00,-200.0,200.0,169782.20767346956,169832.2178775512,2.952347473716715
2026-04-18 17:30:00+02:00,-200.0,200.0,169781.1974693879,169831.20767346956,2.952347473716715
2026-04-18 17:45:00+02:00,-200.0,200.0,169780.18726530625,169830.1974693879,2.952347473716715
2026-04-18 18:00:00+02:00,-200.0,200.0,169779.17706122462,169829.18726530625,2.952347473716715
2026-04-18 18:15:00+02:00,-200.0,200.0,169778.16685714302,169828.17706122462,2.952347473716715
2026-04-18 18:30:00+02:00,-250.0,250.0,169777.15665306136,169827.16685714302,3.8933163846455727
2026-04-18 18:45:00+02:00,-250.0,250.0,169763.39134693894,169838.40665306136,3.8933163846455727
2026-04-18 19:00:00+02:00,-250.0,250.0,169774.63114285728,169824.64134693894,3.8933163846455727
2026-04-18 19:15:00+02:00,-250.0,250.0,169760.86583673483,169835.88114285728,3.8933163846455727
2026-04-18 19:30:00+02:00,-250.0,250.0,169772.10563265323,169822.11583673483,3.8933163846455727
2026-04-18 19:45:00+02:00,-250.0,250.0,169758.34032653074,169833.35563265323,3.8933163846455727
2026-04-18 20:00:00+02:00,-250.0,250.0,169769.5801224491,169819.59032653074,3.8933163846455727
2026-04-18 20:15:00+02:00,-250.0,250.0,169755.81481632666,169830.8301224491,3.8933163846455727
2026-04-18 20:30:00+02:00,-250.0,250.0,169767.05461224503,169817.06481632666,3.8933163846455727
2026-04-18 20:45:00+02:00,-250.0,250.0,169753.2893061226,169828.30461224503,3.8933163846455727
2026-04-18 21:00:00+02:00,-250.0,250.0,169764.52910204095,169814.5393061226,3.8933163846455727
2026-04-18 21:15:00+02:00,-250.0,250.0,169750.76379591852,169825.77910204095,3.8933163846455727
2026-04-18 21:30:00+02:00,-250.0,250.0,169775.66324897972,169812.01379591852,3.8933163846455727
2026-04-18 21:45:00+02:00,-250.0,250.0,169761.89794285726,169836.91324897972,3.8933163846455727
2026-04-18 22:00:00+02:00,-250.0,250.0,169798.14284081646,169823.14794285726,3.8933163846455727
2026-04-18 22:15:00+02:00,-250.0,250.0,169784.37753469404,169859.39284081646,3.8933163846455727
2026-04-18 22:30:00+02:00,-250.0,250.0,169820.6224326532,169845.62753469404,3.8933163846455727
2026-04-18 22:45:00+02:00,-250.0,250.0,169806.85712653073,169881.8724326532,3.8933163846455727
2026-04-18 23:00:00+02:00,-250.0,250.0,169843.10202448993,169868.10712653073,3.8933163846455727
2026-04-18 23:15:00+02:00,-250.0,250.0,169829.3367183675,169904.35202448996,3.8933163846455727
2026-04-18 23:30:00+02:00,-250.0,250.0,169865.58161632667,169890.5867183675,3.8933163846455727
2026-04-18 23:45:00+02:00,-250.0,250.0,169851.81631020422,169926.83161632667,3.8933163846455727
2026-04-19 00:00:00+02:00,-200.0,200.0,169888.0612081634,169913.06631020422,2.1701327111761852
2026-04-19 00:15:00+02:00,-200.0,200.0,169862.04590204093,169937.0612081634,2.1701327111761852
2026-04-19 00:30:00+02:00,-200.0,200.0,169886.04080000016,169911.04590204096,2.1701327111761852
2026-04-19 00:45:00+02:00,-200.0,200.0,169860.0254938777,169935.04080000016,2.1701327111761852
2026-04-19 01:00:00+02:00,-200.0,200.0,169884.02039183688,169909.0254938777,2.1701327111761852
2026-04-19 01:15:00+02:00,-200.0,200.0,169858.0050857144,169933.02039183688,2.1701327111761852
2026-04-19 01:30:00+02:00,-200.0,200.0,169881.99998367362,169907.00508571442,2.1701327111761852
2026-04-19 01:45:00+02:00,-200.0,200.0,169855.98467755117,169930.99998367362,2.1701327111761852
2026-04-19 02:00:00+02:00,-200.0,200.0,169879.97957551034,169904.98467755117,2.1701327111761852
2026-04-19 02:15:00+02:00,-200.0,200.0,169853.96426938788,169928.97957551034,2.1701327111761852
2026-04-19 02:30:00+02:00,-200.0,200.0,169877.9591673471,169902.96426938788,2.1701327111761852
2026-04-19 02:45:00+02:00,-200.0,200.0,169851.94386122463,169926.9591673471,2.1701327111761852
2026-04-19 03:00:00+02:00,-200.0,200.0,169875.93875918383,169900.94386122466,2.1701327111761852
2026-04-19 03:15:00+02:00,-200.0,200.0,169849.92345306138,169924.93875918383,2.1701327111761852
2026-04-19 03:30:00+02:00,-200.0,200.0,169873.91835102055,169898.92345306138,2.1701327111761852
2026-04-19 03:45:00+02:00,-200.0,200.0,169847.90304489806,169922.91835102055,2.1701327111761852
2026-04-19 04:00:00+02:00,-200.0,200.0,169871.8979428573,169896.9030448981,2.1701327111761852
2026-04-19 04:15:00+02:00,-250.0,250.0,169845.88263673484,169920.8979428573,4.572173527502716
2026-04-19 04:30:00+02:00,-250.0,250.0,169857.12243265318,169907.13263673484,4.572173527502716
2026-04-19 04:45:00+02:00,-250.0,250.0,169843.35712653075,169918.3724326532,4.572173527502716
2026-04-19 05:00:00+02:00,-250.0,250.0,169854.59692244913,169904.60712653075,4.572173527502716
2026-04-19 05:15:00+02:00,-250.0,250.0,169840.8316163267,169915.84692244913,4.572173527502716
2026-04-19 05:30:00+02:00,-250.0,250.0,169852.07141224504,169902.0816163267,4.572173527502716
2026-04-19 05:45:00+02:00,-250.0,250.0,169838.3061061226,169913.32141224504,4.572173527502716
2026-04-19 06:00:00+02:00,-250.0,250.0,169849.54590204096,169899.5561061226,4.572173527502716
2026-04-19 06:15:00+02:00,-250.0,250.0,169835.78059591848,169910.79590204096,4.572173527502716
2026-04-19 06:30:00+02:00,-250.0,250.0,169847.02039183688,169897.0305959185,4.572173527502716
2026-04-19 06:45:00+02:00,-250.0,250.0,169833.25508571442,169908.27039183688,4.572173527502716
2026-04-19 07:00:00+02:00,-250.0,250.0,169844.49488163277,169894.50508571442,4.572173527502716
2026-04-19 07:15:00+02:00,-250.0,250.0,169830.72957551034,169905.7448816328,4.572173527502716
2026-04-19 07:30:00+02:00,-250.0,250.0,169841.9693714287,169891.97957551034,4.572173527502716
2026-04-19 07:45:00+02:00,-250.0,250.0,169828.2040653063,169903.2193714287,4.572173527502716
2026-04-19 08:00:00+02:00,-250.0,250.0,169839.44386122463,169889.4540653063,4.572173527502716
2026-04-19 08:15:00+02:00,-250.0,250.0,169825.6785551022,169900.69386122463,4.572173527502716
2026-04-19 08:30:00+02:00,-250.0,250.0,169836.91835102055,169886.9285551022,4.572173527502716
2026-04-19 08:45:00+02:00,-250.0,250.0,169823.15304489806,169898.16835102055,4.572173527502716
2026-04-19 09:00:00+02:00,-250.0,250.0,169834.39284081646,169884.40304489806,4.572173527502716
2026-04-19 09:15:00+02:00,-250.0,250.0,169820.627534694,169895.64284081646,4.572173527502716
2026-04-19 09:30:00+02:00,-250.0,250.0,169831.86733061235,169881.877534694,4.572173527502716
2026-04-19 09:45:00+02:00,-250.0,250.0,169818.10202448993,169893.11733061238,4.572173527502716
2026-04-19 10:00:00+02:00,-250.0,250.0,169829.3418204083,169879.35202448993,4.572173527502716
2026-04-19 10:15:00+02:00,-250.0,250.0,169815.57651428587,169890.59182040833,4.572173527502716
2026-04-19 10:30:00+02:00,-250.0,250.0,169826.81631020422,169876.82651428587,4.572173527502716
2026-04-19 10:45:00+02:00,-250.0,250.0,169813.0510040818,169888.06631020422,4.572173527502716
2026-04-19 11:00:00+02:00,-250.0,250.0,169824.29080000013,169874.3010040818,4.572173527502716
2026-04-19 11:15:00+02:00,-250.0,250.0,169810.52549387768,169885.54080000013,4.572173527502716
2026-04-19 11:30:00+02:00,-250.0,250.0,169821.76528979608,169871.77549387768,4.572173527502716
2026-04-19 11:45:00+02:00,-250.0,250.0,169807.9999836736,169883.01528979608,4.572173527502716
2026-04-19 12:00:00+02:00,-250.0,250.0,169819.23977959197,169869.2499836736,4.572173527502716
2026-04-19 12:15:00+02:00,-250.0,250.0,169805.4744734695,169880.48977959197,4.572173527502716
2026-04-19 12:30:00+02:00,-250.0,250.0,169816.71426938788,169866.7244734695,4.572173527502716
2026-04-19 12:45:00+02:00,-250.0,250.0,169802.94896326546,169877.9642693879,4.572173527502716
2026-04-19 13:00:00+02:00,-250.0,250.0,169814.1887591838,169864.19896326546,4.572173527502716
2026-04-19 13:15:00+02:00,-250.0,250.0,169800.42345306138,169875.4387591838,4.572173527502716
2026-04-19 13:30:00+02:00,-250.0,250.0,169811.66324897972,169861.67345306138,4.572173527502716
2026-04-19 13:45:00+02:00,-250.0,250.0,169797.8979428573,169872.91324897972,4.572173527502716
2026-04-19 14:00:00+02:00,-250.0,250.0,169809.13773877567,169859.1479428573,4.572173527502716
2026-04-19 14:15:00+02:00,-250.0,250.0,169795.37243265318,169870.38773877567,4.572173527502716
2026-04-19 14:30:00+02:00,-250.0,250.0,169806.61222857155,169856.62243265318,4.572173527502716
2026-04-19 14:45:00+02:00,-250.0,250.0,169792.8469224491,169867.86222857155,4.572173527502716
2026-04-19 15:00:00+02:00,-250.0,250.0,169804.08671836747,169854.0969224491,4.572173527502716
2026-04-19 15:15:00+02:00,-250.0,250.0,169790.32141224504,169865.33671836747,4.572173527502716
2026-04-19 15:30:00+02:00,-250.0,250.0,169801.5612081634,169851.57141224504,4.572173527502716
2026-04-19 15:45:00+02:00,-250.0,250.0,169787.79590204096,169862.8112081634,4.572173527502716
2026-04-19 16:00:00+02:00,-250.0,250.0,169799.03569795933,169849.04590204096,4.572173527502716
2026-04-19 16:15:00+02:00,-250.0,250.0,169785.2703918369,169860.28569795933,4.572173527502716
2026-04-19 16:30:00+02:00,-250.0,250.0,169796.51018775525,169846.5203918369,4.572173527502716
2026-04-19 16:45:00+02:00,-250.0,250.0,169782.74488163277,169857.76018775525,4.572173527502716
2026-04-19 17:00:00+02:00,-250.0,250.0,169800.87733061236,169843.99488163277,4.572173527502716
2026-04-19 17:15:00+02:00,-250.0,250.0,169787.11202448994,169862.12733061236,4.572173527502716
2026-04-19 17:30:00+02:00,-250.0,250.0,169823.35692244914,169848.36202448994,4.572173527502716
2026-04-19 17:45:00+02:00,-250.0,250.0,169809.59161632665,169884.60692244914,4.572173527502716
2026-04-19 18:00:00+02:00,-250.0,250.0,169845.83651428582,169870.84161632665,4.572173527502716
2026-04-19 18:15:00+02:00,-250.0,250.0,169836.20543673483,169907.08651428585,4.572173527502716
2026-04-19 18:30:00+02:00,-250.0,250.0,169872.45033469403,169897.45543673483,4.572173527502716
2026-04-19 18:45:00+02:00,-250.0,250.0,169896.8601306124,169933.70033469403,4.572173527502716
2026-04-19 19:00:00+02:00,-250.0,250.0,169933.10502857156,169958.1101306124,4.572173527502716
2026-04-19 19:15:00+02:00,-250.0,250.0,169969.34992653076,169994.35502857156,4.572173527502716
2026-04-19 19:30:00+02:00,-250.0,250.0,170005.59482448993,170030.59992653076,4.572173527502716
2026-04-19 19:45:00+02:00,-250.0,250.0,170041.8397224491,170066.84482448993,4.572173527502716
2026-04-19 20:00:00+02:00,-250.0,250.0,170078.0846204083,170103.0897224491,4.572173527502716
2026-04-19 20:15:00+02:00,-250.0,250.0,170114.32951836748,170139.33462040834,4.572173527502716
2026-04-19 20:30:00+02:00,-200.0,200.0,170150.57441632668,170175.5795183675,2.1701327111761852
2026-04-19 20:45:00+02:00,-200.0,200.0,170174.56931428585,170199.57441632668,2.1701327111761852
2026-04-19 21:00:00+02:00,-250.0,250.0,170198.56421224505,170223.56931428585,22.170676928863266
2026-04-19 21:15:00+02:00,-200.0,200.0,170234.80911020422,170259.81421224502,21.229708017934406
2026-04-19 21:30:00+02:00,-200.0,200.0,170258.8040081634,170283.80911020422,21.229708017934406
2026-04-19 21:45:00+02:00,-150.0,150.0,170282.79890612257,170307.8040081634,1.229163800247327
2026-04-19 22:00:00+02:00,-150.0,150.0,170294.54380408174,170319.54890612257,1.229163800247327
2026-04-19 22:15:00+02:00,-150.0,150.0,170306.28870204094,170331.29380408174,1.229163800247327
2026-04-19 22:30:00+02:00,-150.0,150.0,170318.03360000014,170343.03870204094,1.229163800247327
2026-04-19 22:45:00+02:00,-100.0,100.0,170329.7784979593,170354.78360000014,0.5694432481260638
2026-04-19 23:00:00+02:00,-100.0,100.0,170329.27339591848,170354.2784979593,0.5694432481260638
2026-04-19 23:15:00+02:00,-150.0,150.0,170328.76829387766,170353.77339591848,49.208899030438985
2026-04-19 23:30:00+02:00,-200.0,200.0,170340.51319183686,170365.51829387766,97.12849086717368
2026-04-19 23:45:00+02:00,-200.0,200.0,170364.50808979606,170389.51319183686,97.12849086717368
2026-04-20 00:00:00+02:00,-200.0,200.0,170388.50298775523,170413.50808979606,97.12849086717368
2026-04-20 00:15:00+02:00,-150.0,150.0,170412.4978857144,170437.50298775523,49.208899030438985
2026-04-20 00:30:00+02:00,-150.0,150.0,170424.2427836736,170449.24788571443,49.208899030438985
2026-04-20 00:45:00+02:00,-200.0,200.0,170435.98768163277,170460.9927836736,67.28526637737775
2026-04-20 01:00:00+02:00,-200.0,200.0,170459.98257959198,170484.98768163277,67.28526637737775
2026-04-20 01:15:00+02:00,-200.0,200.0,170483.97747755115,170508.98257959198,67.28526637737775
2026-04-20 01:30:00+02:00,-200.0,200.0,170507.97237551035,170532.97747755118,67.28526637737775
2026-04-20 01:45:00+02:00,-200.0,200.0,170531.9672734695,170556.97237551035,67.28526637737775
2026-04-20 02:00:00+02:00,-200.0,200.0,170555.96217142872,170580.96727346952,67.28526637737775
2026-04-20 02:15:00+02:00,-150.0,150.0,170579.9570693879,170604.96217142872,18.645810595064837
2026-04-20 02:30:00+02:00,-150.0,150.0,170591.70196734706,170616.7070693879,18.645810595064837
2026-04-20 02:45:00+02:00,-150.0,150.0,170603.44686530624,170628.45196734706,18.645810595064837
2026-04-20 03:00:00+02:00,-150.0,150.0,170615.19176326544,170640.19686530624,18.645810595064837
2026-04-20 03:15:00+02:00,-100.0,100.0,170626.93666122464,170651.94176326544,0.5694432481260638
2026-04-20 03:30:00+02:00,-100.0,100.0,170626.4315591838,170651.43666122464,0.5694432481260638
2026-04-20 03:45:00+02:00,-150.0,150.0,170625.92645714298,170650.9315591838,52.41132079914649
2026-04-20 04:00:00+02:00,-150.0,150.0,170637.67135510215,170662.67645714298,52.41132079914649
2026-04-20 04:15:00+02:00,-200.0,200.0,170649.41625306135,170674.42135510215,67.64519835016691
2026-04-20 04:30:00+02:00,-250.0,250.0,170673.41115102055,170698.41625306135,106.55676297601724
2026-04-20 04:45:00+02:00,-250.0,250.0,170709.65604897973,170734.66115102055,106.55676297601724
2026-04-20 05:00:00+02:00,-200.0,200.0,170745.9009469389,170770.90604897973,54.71488542499682
2026-04-20 05:15:00+02:00,-150.0,150.0,170769.89584489807,170794.9009469389,39.4810078739764
2026-04-20 05:30:00+02:00,-150.0,150.0,170781.64074285727,170806.64584489807,39.4810078739764
2026-04-20 05:45:00+02:00,-150.0,150.0,170793.38564081647,170818.39074285727,39.4810078739764
2026-04-20 06:00:00+02:00,-200.0,200.0,170805.13053877564,170830.13564081647,50.6875384862213
2026-04-20 06:15:00+02:00,-200.0,200.0,170818.98463673482,170854.13053877564,50.6875384862213
2026-04-20 06:30:00+02:00,-200.0,200.0,170842.979534694,170867.98463673482,50.6875384862213
2026-04-20 06:45:00+02:00,-200.0,200.0,170884.1900081634,170891.979534694,50.6875384862213
2026-04-20 07:00:00+02:00,-200.0,200.0,170908.1849061226,170933.1900081634,50.6875384862213
2026-04-20 07:15:00+02:00,-200.0,200.0,170957.18490612257,170957.18490612257,50.6875384862213
2026-04-20 07:30:00+02:00,-200.0,200.0,170981.17980408174,171006.18490612257,50.6875384862213
2026-04-20 07:45:00+02:00,-300.0,300.0,171030.17980408174,171030.17980408174,59.71911954128483
2026-04-20 08:00:00+02:00,-250.0,250.0,171028.6644979593,171103.67980408177,48.512588929039936
2026-04-20 08:15:00+02:00,-200.0,200.0,171089.9144979593,171089.9144979593,9.601024303189599
2026-04-20 08:30:00+02:00,-200.0,200.0,171063.89919183686,171138.91449795934,9.601024303189599
2026-04-20 08:45:00+02:00,-200.0,200.0,171112.89919183686,171112.89919183686,9.601024303189599
2026-04-20 09:00:00+02:00,-200.0,200.0,171086.8838857144,171161.89919183686,9.601024303189599
2026-04-20 09:15:00+02:00,-150.0,150.0,171135.8838857144,171135.8838857144,9.127313625548377
2026-04-20 09:30:00+02:00,-150.0,150.0,171097.61857959197,171172.63388571437,9.127313625548377
2026-04-20 09:45:00+02:00,-200.0,200.0,171134.36857959197,171134.36857959197,18.025999339834094
2026-04-20 10:00:00+02:00,-200.0,200.0,171083.3481714287,171183.36857959194,18.025999339834094
2026-04-20 10:15:00+02:00,-250.0,250.0,171132.3481714287,171132.3481714287,22.282924509902124
2026-04-20 10:30:00+02:00,-250.0,250.0,171068.5726612246,171193.5981714287,22.282924509902124
2026-04-20 10:45:00+02:00,-250.0,250.0,171129.82266122464,171129.82266122464,22.282924509902124
2026-04-20 11:00:00+02:00,-250.0,250.0,171066.04715102052,171191.0726612246,22.282924509902124
2026-04-20 11:15:00+02:00,-250.0,250.0,171127.29715102052,171127.29715102052,22.282924509902124
2026-04-20 11:30:00+02:00,-300.0,300.0,171063.5216408164,171188.54715102052,168.2012918568409
2026-04-20 11:45:00+02:00,-350.0,350.0,171137.02164081644,171137.02164081644,191.09101974799734
2026-04-20 12:00:00+02:00,-350.0,350.0,171097.7461306124,171222.7716408164,191.09101974799734
2026-04-20 12:15:00+02:00,-350.0,350.0,171183.4961306124,171183.4961306124,191.09101974799734
2026-04-20 12:30:00+02:00,-300.0,300.0,171148.07293061237,171269.24613061236,45.17265240105858
2026-04-20 12:45:00+02:00,-300.0,300.0,171221.57293061237,171221.57293061237,45.17265240105858
2026-04-20 13:00:00+02:00,-300.0,300.0,171195.05252244914,171295.07293061237,45.17265240105858
2026-04-20 13:15:00+02:00,-250.0,250.0,171268.5525224491,171268.5525224491,22.282924509902124
2026-04-20 13:30:00+02:00,-250.0,250.0,171253.35853061237,171329.8025224491,22.282924509902124
2026-04-20 13:45:00+02:00,-250.0,250.0,171314.60853061237,171314.60853061237,22.282924509902124
2026-04-20 14:00:00+02:00,-200.0,200.0,171300.84322448992,171375.85853061237,18.025999339834094
2026-04-20 14:15:00+02:00,-200.0,200.0,171349.84322448992,171349.84322448992,18.025999339834094
2026-04-20 14:30:00+02:00,-200.0,200.0,171341.4045469389,171398.84322448992,18.025999339834094
2026-04-20 14:45:00+02:00,-250.0,250.0,171390.4045469389,171390.4045469389,23.376339475888518
2026-04-20 15:00:00+02:00,-250.0,250.0,171376.63924081644,171451.6545469389,23.376339475888518
2026-04-20 15:15:00+02:00,-250.0,250.0,171437.88924081644,171437.88924081644,23.376339475888518
2026-04-20 15:30:00+02:00,-250.0,250.0,171424.123934694,171499.13924081644,23.376339475888518
2026-04-20 15:45:00+02:00,-250.0,250.0,171485.373934694,171485.373934694,23.376339475888518
2026-04-20 16:00:00+02:00,-250.0,250.0,171471.60862857156,171546.623934694,23.376339475888518
2026-04-20 16:15:00+02:00,-250.0,250.0,171532.85862857156,171532.85862857156,23.376339475888518
2026-04-20 16:30:00+02:00,-250.0,250.0,171535.0337306124,171594.10862857156,23.376339475888518
2026-04-20 16:45:00+02:00,-250.0,250.0,171596.2837306124,171596.2837306124,23.376339475888518
2026-04-20 17:00:00+02:00,-250.0,250.0,171607.52352653077,171657.5337306124,23.376339475888518
2026-04-20 17:15:00+02:00,-250.0,250.0,171668.77352653077,171668.77352653077,23.376339475888518
2026-04-20 17:30:00+02:00,-250.0,250.0,171680.01332244911,171730.02352653077,23.376339475888518
2026-04-20 17:45:00+02:00,-200.0,200.0,171741.26332244911,171741.26332244911,18.025999339834094
2026-04-20 18:00:00+02:00,-200.0,200.0,171756.36466122465,171790.26332244911,18.025999339834094
2026-04-20 18:15:00+02:00,-200.0,200.0,171805.36466122465,171805.36466122465,18.025999339834094
2026-04-20 18:30:00+02:00,-200.0,200.0,171829.35955918382,171854.36466122465,18.025999339834094
2026-04-20 18:45:00+02:00,-200.0,200.0,171878.35955918382,171878.35955918382,18.025999339834094
2026-04-20 19:00:00+02:00,-200.0,200.0,171902.35445714302,171927.35955918382,18.025999339834094
2026-04-20 19:15:00+02:00,-250.0,250.0,171951.35445714302,171951.35445714302,21.90202352728685
2026-04-20 19:30:00+02:00,-250.0,250.0,171962.5942530614,172012.60445714305,21.90202352728685
2026-04-20 19:45:00+02:00,-250.0,250.0,172023.8442530614,172023.8442530614,21.90202352728685
2026-04-20 20:00:00+02:00,-250.0,250.0,172035.08404897974,172085.0942530614,21.90202352728685
2026-04-20 20:15:00+02:00,-250.0,250.0,172096.33404897974,172096.33404897974,21.90202352728685
2026-04-20 20:30:00+02:00,-250.0,250.0,172107.5738448981,172157.58404897974,21.90202352728685
2026-04-20 20:45:00+02:00,-250.0,250.0,172168.8238448981,172168.8238448981,21.90202352728685
2026-04-20 21:00:00+02:00,-200.0,200.0,172180.0636408165,172230.0738448981,19.201707778345764
2026-04-20 21:15:00+02:00,-200.0,200.0,172229.0636408165,172229.0636408165,19.201707778345764
2026-04-20 21:30:00+02:00,-150.0,150.0,172228.0534367349,172278.0636408165,12.870442472223317
2026-04-20 21:45:00+02:00,-200.0,200.0,172264.8034367349,172264.8034367349,74.09778941099881
2026-04-20 22:00:00+02:00,-150.0,150.0,172263.79323265323,172313.8034367349,12.870442472223317
2026-04-20 22:15:00+02:00,-150.0,150.0,172300.54323265323,172300.54323265323,149.89012410487638
2026-04-20 22:30:00+02:00,-150.0,150.0,172287.28302857158,172337.29323265323,149.89012410487638
2026-04-20 22:45:00+02:00,-150.0,150.0,172324.0330285716,172324.0330285716,149.89012410487638
2026-04-20 23:00:00+02:00,-150.0,150.0,172310.77282448995,172360.7830285716,149.89012410487638
2026-04-20 23:15:00+02:00,-100.0,100.0,172347.52282448998,172347.52282448998,3.9717567579376007
2026-04-20 23:30:00+02:00,-100.0,100.0,172322.01262040832,172372.02282448998,3.9717567579376007
2026-04-20 23:45:00+02:00,-100.0,100.0,172346.51262040832,172346.51262040832,3.9717567579376007
2026-04-21 00:00:00+02:00,-150.0,150.0,172321.00241632672,172371.01262040832,47.747266962019225
2026-04-21 00:15:00+02:00,-150.0,150.0,172357.75241632672,172357.75241632672,47.747266962019225
2026-04-21 00:30:00+02:00,-150.0,150.0,172344.49221224507,172394.50241632672,47.747266962019225
2026-04-21 00:45:00+02:00,-100.0,100.0,172381.24221224507,172381.24221224507,3.9717567579376007
2026-04-21 01:00:00+02:00,-100.0,100.0,172355.73200816344,172405.74221224507,3.9717567579376007
2026-04-21 01:15:00+02:00,-100.0,100.0,172380.23200816344,172380.23200816344,3.9717567579376007
2026-04-21 01:30:00+02:00,-100.0,100.0,172354.7218040818,172404.73200816344,3.9717567579376007
2026-04-21 01:45:00+02:00,-150.0,150.0,172379.2218040818,172379.2218040818,29.369890868724774
2026-04-21 02:00:00+02:00,-150.0,150.0,172365.96160000016,172415.9718040818,29.369890868724774
2026-04-21 02:15:00+02:00,-150.0,150.0,172402.71160000016,172402.71160000016,29.369890868724774
2026-04-21 02:30:00+02:00,-150.0,150.0,172389.45139591856,172439.46160000016,29.369890868724774
2026-04-21 02:45:00+02:00,-150.0,150.0,172426.20139591856,172426.20139591856,29.369890868724774
2026-04-21 03:00:00+02:00,-150.0,150.0,172412.9411918369,172462.95139591856,29.369890868724774
2026-04-21 03:15:00+02:00,-150.0,150.0,172449.6911918369,172449.6911918369,29.369890868724774
2026-04-21 03:30:00+02:00,-100.0,100.0,172436.4309877553,172486.4411918369,3.9717567579376007
2026-04-21 03:45:00+02:00,-150.0,150.0,172460.9309877553,172460.9309877553,41.87162070351582
2026-04-21 04:00:00+02:00,-150.0,150.0,172447.67078367365,172497.6809877553,41.87162070351582
2026-04-21 04:15:00+02:00,-150.0,150.0,172484.42078367365,172484.42078367365,41.87162070351582
2026-04-21 04:30:00+02:00,-100.0,100.0,172471.160579592,172521.17078367365,3.9717567579376007
2026-04-21 04:45:00+02:00,-100.0,100.0,172495.660579592,172495.660579592,3.9717567579376007
2026-04-21 05:00:00+02:00,-100.0,100.0,172470.1503755104,172520.160579592,3.9717567579376007
2026-04-21 05:15:00+02:00,-100.0,100.0,172494.6503755104,172494.6503755104,3.9717567579376007
2026-04-21 05:30:00+02:00,-100.0,100.0,172469.14017142873,172519.1503755104,3.9717567579376007
2026-04-21 05:45:00+02:00,-100.0,100.0,172493.64017142873,172493.64017142873,3.9717567579376007
2026-04-21 06:00:00+02:00,-150.0,150.0,172468.12996734714,172518.14017142873,19.51414742849154
2026-04-21 06:15:00+02:00,-150.0,150.0,172504.87996734714,172504.87996734714,19.51414742849154
2026-04-21 06:30:00+02:00,-150.0,150.0,172491.61976326548,172541.62996734714,19.51414742849154
2026-04-21 06:45:00+02:00,-150.0,150.0,172528.36976326548,172528.36976326548,19.51414742849154
2026-04-21 07:00:00+02:00,-150.0,150.0,172515.10955918382,172565.11976326548,19.51414742849154
2026-04-21 07:15:00+02:00,-150.0,150.0,172551.85955918382,172551.85955918382,19.51414742849154
2026-04-21 07:30:00+02:00,-200.0,200.0,172538.59935510223,172588.60955918382,133.75850116998814
2026-04-21 07:45:00+02:00,-200.0,200.0,172587.59935510223,172587.59935510223,121.03631458106685
2026-04-21 08:00:00+02:00,-200.0,200.0,172561.58404897974,172636.59935510223,121.03631458106685
2026-04-21 08:15:00+02:00,-200.0,200.0,172610.58404897974,172610.58404897974,17.43427376474033
2026-04-21 08:30:00+02:00,-200.0,200.0,172573.64554285735,172659.58404897974,17.43427376474033
2026-04-21 08:45:00+02:00,-200.0,200.0,172622.64554285735,172622.64554285735,17.43427376474033
2026-04-21 09:00:00+02:00,-200.0,200.0,172596.63023673487,172671.64554285735,17.43427376474033
2026-04-21 09:15:00+02:00,-200.0,200.0,172645.63023673487,172645.63023673487,17.43427376474033
2026-04-21 09:30:00+02:00,-200.0,200.0,172619.61493061244,172694.63023673487,17.43427376474033
2026-04-21 09:45:00+02:00,-150.0,150.0,172668.61493061244,172668.61493061244,6.791960839570254
2026-04-21 10:00:00+02:00,-150.0,150.0,172630.34962449,172705.36493061244,6.791960839570254
2026-04-21 10:15:00+02:00,-200.0,200.0,172667.09962449,172667.09962449,13.28007512528454
2026-04-21 10:30:00+02:00,-200.0,200.0,172616.0792163267,172716.09962449,13.28007512528454
2026-04-21 10:45:00+02:00,-200.0,200.0,172665.0792163267,172665.0792163267,13.28007512528454
2026-04-21 11:00:00+02:00,-200.0,200.0,172614.05880816348,172714.0792163267,13.28007512528454
2026-04-21 11:15:00+02:00,-200.0,200.0,172663.05880816348,172663.05880816348,13.28007512528454
2026-04-21 11:30:00+02:00,-200.0,200.0,172612.03840000016,172712.05880816348,13.28007512528454
2026-04-21 11:45:00+02:00,-250.0,250.0,172661.03840000016,172661.03840000016,159.19844247222332
2026-04-21 12:00:00+02:00,-250.0,250.0,172622.2679918369,172722.28840000016,159.19844247222332
2026-04-21 12:15:00+02:00,-250.0,250.0,172683.5179918369,172683.5179918369,159.19844247222332
2026-04-21 12:30:00+02:00,-250.0,250.0,172644.74758367366,172744.7679918369,159.19844247222332
2026-04-21 12:45:00+02:00,-200.0,200.0,172705.99758367366,172705.99758367366,13.28007512528454
2026-04-21 13:00:00+02:00,-200.0,200.0,172654.97717551037,172754.99758367366,13.28007512528454
2026-04-21 13:15:00+02:00,-200.0,200.0,172703.97717551037,172703.97717551037,13.28007512528454
2026-04-21 13:30:00+02:00,-200.0,200.0,172665.38394285736,172752.97717551037,13.28007512528454
2026-04-21 13:45:00+02:00,-200.0,200.0,172714.38394285736,172714.38394285736,13.28007512528454
2026-04-21 14:00:00+02:00,-250.0,250.0,172688.36863673487,172763.38394285736,159.19844247222332
2026-04-21 14:15:00+02:00,-250.0,250.0,172749.61863673487,172749.61863673487,159.19844247222332
2026-04-21 14:30:00+02:00,-250.0,250.0,172735.85333061244,172810.8686367349,159.19844247222332
2026-04-21 14:45:00+02:00,-300.0,300.0,172797.10333061244,172797.10333061244,191.12538124773354
2026-04-21 15:00:00+02:00,-250.0,250.0,172795.58802449,172870.60333061244,45.20701390079477
2026-04-21 15:15:00+02:00,-200.0,200.0,172856.83802449,172856.83802449,13.28007512528454
2026-04-21 15:30:00+02:00,-200.0,200.0,172830.82271836756,172905.83802449,13.28007512528454
2026-04-21 15:45:00+02:00,-250.0,250.0,172879.82271836756,172879.82271836756,45.20701390079477
2026-04-21 16:00:00+02:00,-250.0,250.0,172871.53623673492,172941.07271836756,45.20701390079477
2026-04-21 16:15:00+02:00,-200.0,200.0,172932.78623673492,172932.78623673492,13.28007512528454
2026-04-21 16:30:00+02:00,-250.0,250.0,172931.77603265326,172981.78623673492,26.045847720036726
2026-04-21 16:45:00+02:00,-250.0,250.0,172993.02603265326,172993.02603265326,26.045847720036726
2026-04-21 17:00:00+02:00,-250.0,250.0,173004.26582857166,173054.27603265326,26.045847720036726
2026-04-21 17:15:00+02:00,-250.0,250.0,173065.51582857166,173065.51582857166,26.045847720036726
2026-04-21 17:30:00+02:00,-250.0,250.0,173076.75562449,173126.76582857166,26.045847720036726
2026-04-21 17:45:00+02:00,-250.0,250.0,173138.00562449,173138.00562449,26.045847720036726
2026-04-21 18:00:00+02:00,-250.0,250.0,173149.24542040838,173199.25562449,26.045847720036726
2026-04-21 18:15:00+02:00,-250.0,250.0,173210.49542040838,173210.49542040838,51.847422064060055
2026-04-21 18:30:00+02:00,-300.0,300.0,173221.73521632675,173271.74542040838,72.918034308958
2026-04-21 18:45:00+02:00,-300.0,300.0,173295.23521632675,173295.23521632675,72.918034308958
2026-04-21 19:00:00+02:00,-300.0,300.0,173318.7250122451,173368.73521632675,72.918034308958
2026-04-21 19:15:00+02:00,-300.0,300.0,173392.2250122451,173392.2250122451,72.918034308958
2026-04-21 19:30:00+02:00,-250.0,250.0,173415.7148081635,173465.7250122451,51.847422064060055
2026-04-21 19:45:00+02:00,-250.0,250.0,173476.9648081635,173476.9648081635,51.847422064060055
2026-04-21 20:00:00+02:00,-250.0,250.0,173488.2046040818,173538.21480816347,51.847422064060055
2026-04-21 20:15:00+02:00,-250.0,250.0,173549.4546040818,173549.4546040818,51.847422064060055
2026-04-21 20:30:00+02:00,-250.0,250.0,173584.7378530614,173610.7046040818,51.847422064060055
2026-04-21 20:45:00+02:00,-250.0,250.0,173645.9878530614,173645.9878530614,51.847422064060055
2026-04-21 21:00:00+02:00,-250.0,250.0,173682.2327510206,173707.2378530614,51.847422064060055
2026-04-21 21:15:00+02:00,-250.0,250.0,173743.4827510206,173743.4827510206,51.847422064060055
2026-04-21 21:30:00+02:00,-200.0,200.0,173779.7276489798,173804.73275102064,13.28007512528454
2026-04-21 21:45:00+02:00,-200.0,200.0,173828.7276489798,173828.7276489798,13.28007512528454
2026-04-21 22:00:00+02:00,-200.0,200.0,173852.722546939,173877.7276489798,13.28007512528454
2026-04-21 22:15:00+02:00,-200.0,200.0,173901.722546939,173901.722546939,126.1387448153828
2026-04-21 22:30:00+02:00,-200.0,200.0,173925.71744489818,173950.722546939,126.1387448153828
2026-04-21 22:45:00+02:00,-150.0,150.0,173974.71744489818,173974.71744489818,119.6506305296685
2026-04-21 23:00:00+02:00,-150.0,150.0,173986.46234285735,174011.46744489818,119.6506305296685
2026-04-21 23:15:00+02:00,-150.0,150.0,174023.21234285735,174023.21234285735,119.6506305296685
2026-04-21 23:30:00+02:00,-150.0,150.0,174034.95724081655,174059.96234285735,141.4994740670835
2026-04-21 23:45:00+02:00,-150.0,150.0,174071.70724081655,174071.70724081655,141.4994740670835
2026-04-22 00:00:00+02:00,-150.0,150.0,174083.45213877573,174108.45724081655,141.4994740670835
2026-04-22 00:15:00+02:00,-50.0,50.0,174120.20213877573,174120.20213877573,0.09573257048484138
2026-04-22 00:30:00+02:00,-50.0,50.0,174107.44703673493,174132.45213877573,0.09573257048484138
2026-04-22 00:45:00+02:00,-50.0,50.0,174119.69703673493,174119.69703673493,0.09573257048484138
2026-04-22 01:00:00+02:00,-50.0,50.0,174106.9419346941,174131.94703673493,0.09573257048484138
2026-04-22 01:15:00+02:00,-50.0,50.0,174119.1919346941,174119.1919346941,0.09573257048484138
2026-04-22 01:30:00+02:00,-50.0,50.0,174106.43683265327,174131.4419346941,0.09573257048484138
2026-04-22 01:45:00+02:00,-50.0,50.0,174118.68683265327,174118.68683265327,0.09573257048484138
2026-04-22 02:00:00+02:00,-100.0,100.0,174105.93173061247,174130.93683265327,61.87756930517872
2026-04-22 02:15:00+02:00,-100.0,100.0,174130.43173061247,174130.43173061247,61.87756930517872
2026-04-22 02:30:00+02:00,-100.0,100.0,174129.92662857164,174154.93173061247,61.87756930517872
2026-04-22 02:45:00+02:00,-100.0,100.0,174154.42662857164,174154.42662857164,61.87756930517872
2026-04-22 03:00:00+02:00,-100.0,100.0,174153.92152653084,174178.92662857164,9.644630529668511
2026-04-22 03:15:00+02:00,-100.0,100.0,174153.41642449002,174178.42152653084,9.644630529668511
2026-04-22 03:30:00+02:00,-100.0,100.0,174152.9113224492,174177.91642449002,9.644630529668511
2026-04-22 03:45:00+02:00,-100.0,100.0,174173.49562449002,174177.4113224492,9.644630529668511
2026-04-22 04:00:00+02:00,-150.0,150.0,174172.99052244922,174197.99562449002,339.65361012150527
2026-04-22 04:15:00+02:00,-100.0,100.0,174209.74052244922,174209.74052244922,9.644630529668511
2026-04-22 04:30:00+02:00,-100.0,100.0,174209.2354204084,174234.24052244922,9.644630529668511
2026-04-22 04:45:00+02:00,-100.0,100.0,174233.7354204084,174233.7354204084,9.644630529668511
2026-04-22 05:00:00+02:00,-100.0,100.0,174233.23031836757,174258.2354204084,9.644630529668511
2026-04-22 05:15:00+02:00,-100.0,100.0,174257.73031836757,174257.73031836757,9.644630529668511
2026-04-22 05:30:00+02:00,-50.0,50.0,174257.22521632677,174282.23031836757,0.09573257048484138
2026-04-22 05:45:00+02:00,-50.0,50.0,174269.47521632677,174269.47521632677,0.09573257048484138
2026-04-22 06:00:00+02:00,-100.0,100.0,174256.72011428594,174281.72521632677,15.076684951437228
2026-04-22 06:15:00+02:00,-100.0,100.0,174281.22011428594,174281.22011428594,15.076684951437228
2026-04-22 06:30:00+02:00,-100.0,100.0,174280.71501224514,174305.72011428594,15.076684951437228
2026-04-22 06:45:00+02:00,-100.0,100.0,174305.21501224514,174305.21501224514,15.076684951437228
2026-04-22 07:00:00+02:00,-100.0,100.0,174304.7099102043,174329.71501224514,15.076684951437228
2026-04-22 07:15:00+02:00,-150.0,150.0,174329.2099102043,174329.2099102043,598.7501543391924
2026-04-22 07:30:00+02:00,-100.0,100.0,174340.9548081635,174365.9599102043,2.4601047600386283
2026-04-22 07:45:00+02:00,-150.0,150.0,174340.44970612266,174365.4548081635,148.3784721069774
2026-04-22 08:00:00+02:00,-200.0,200.0,174352.19460408186,174377.19970612266,153.3938190457529
2026-04-22 08:15:00+02:00,-250.0,250.0,174351.18440000023,174401.19460408186,209.16381904575292
2026-04-22 08:30:00+02:00,-250.0,250.0,174387.4292979594,174412.43440000023,209.16381904575292
2026-04-22 08:45:00+02:00,-150.0,150.0,174398.66909387775,174448.6792979594,7.475451698814139
2026-04-22 09:00:00+02:00,-150.0,150.0,174410.41399183695,174435.41909387775,7.475451698814139
2026-04-22 09:15:00+02:00,-200.0,200.0,174397.15378775535,174447.16399183695,10.946592154996612
2026-04-22 09:30:00+02:00,-200.0,200.0,174396.1435836737,174446.15378775535,10.946592154996612
2026-04-22 09:45:00+02:00,-200.0,200.0,174395.13337959207,174445.1435836737,10.946592154996612
2026-04-22 10:00:00+02:00,-200.0,200.0,174394.1231755104,174444.13337959207,10.946592154996612
2026-04-22 10:15:00+02:00,-200.0,200.0,174393.11297142878,174443.1231755104,10.946592154996612
2026-04-22 10:30:00+02:00,-200.0,200.0,174392.10276734715,174442.11297142878,10.946592154996612
2026-04-22 10:45:00+02:00,-200.0,200.0,174391.09256326553,174441.10276734715,10.946592154996612
2026-04-22 11:00:00+02:00,-200.0,200.0,174390.0823591839,174440.09256326553,10.946592154996612
2026-04-22 11:15:00+02:00,-200.0,200.0,174389.07215510224,174439.0823591839,10.946592154996612
2026-04-22 11:30:00+02:00,-200.0,200.0,174388.06195102062,174438.07215510224,10.946592154996612
2026-04-22 11:45:00+02:00,-200.0,200.0,174387.05174693902,174437.06195102062,10.946592154996612
2026-04-22 12:00:00+02:00,-250.0,250.0,174386.04154285736,174436.05174693902,18.04146743844333
2026-04-22 12:15:00+02:00,-250.0,250.0,174372.2762367349,174447.29154285736,18.04146743844333
2026-04-22 12:30:00+02:00,-250.0,250.0,174383.51603265325,174433.5262367349,18.04146743844333
2026-04-22 12:45:00+02:00,-250.0,250.0,174372.08773061246,174444.76603265325,18.04146743844333
2026-04-22 13:00:00+02:00,-250.0,250.0,174383.32752653083,174433.33773061246,18.04146743844333
2026-04-22 13:15:00+02:00,-250.0,250.0,174394.56732244923,174444.57752653083,18.04146743844333
2026-04-22 13:30:00+02:00,-250.0,250.0,174405.80711836758,174455.81732244923,18.04146743844333
2026-04-22 13:45:00+02:00,-300.0,300.0,174417.04691428592,174467.05711836758,212.59929056769502
2026-04-22 14:00:00+02:00,-300.0,300.0,174440.5367102043,174490.54691428592,212.59929056769502
2026-04-22 14:15:00+02:00,-250.0,250.0,174464.0265061227,174514.0367102043,205.5044152842483
2026-04-22 14:30:00+02:00,-250.0,250.0,174475.26630204104,174525.2765061227,41.005775828465985
2026-04-22 14:45:00+02:00,-250.0,250.0,174486.5060979594,174536.51630204104,41.005775828465985
2026-04-22 15:00:00+02:00,-250.0,250.0,174497.74589387776,174547.7560979594,41.005775828465985
2026-04-22 15:15:00+02:00,-200.0,200.0,174508.98568979616,174558.99589387776,10.946592154996612
2026-04-22 15:30:00+02:00,-200.0,200.0,174507.97548571453,174557.98568979616,10.946592154996612
2026-04-22 15:45:00+02:00,-200.0,200.0,174506.9652816329,174556.97548571453,10.946592154996612
2026-04-22 16:00:00+02:00,-200.0,200.0,174505.95507755125,174555.9652816329,10.946592154996612
2026-04-22 16:15:00+02:00,-200.0,200.0,174526.60880816347,174554.95507755125,10.946592154996612
2026-04-22 16:30:00+02:00,-200.0,200.0,174525.59860408187,174575.60880816347,10.946592154996612
2026-04-22 16:45:00+02:00,-200.0,200.0,174549.59350204107,174574.59860408187,10.946592154996612
2026-04-22 17:00:00+02:00,-200.0,200.0,174548.5832979594,174598.59350204104,10.946592154996612
2026-04-22 17:15:00+02:00,-200.0,200.0,174572.57819591858,174597.5832979594,10.946592154996612
2026-04-22 17:30:00+02:00,-250.0,250.0,174571.567991837,174621.57819591858,27.861449297853763
2026-04-22 17:45:00+02:00,-300.0,300.0,174607.8128897962,174632.817991837,66.7730139237041
2026-04-22 18:00:00+02:00,-300.0,300.0,174631.30268571453,174681.3128897962,66.7730139237041
2026-04-22 18:15:00+02:00,-300.0,300.0,174679.7975836737,174704.80268571453,66.7730139237041
2026-04-22 18:30:00+02:00,-300.0,300.0,174703.28737959205,174753.2975836737,66.7730139237041
2026-04-22 18:45:00+02:00,-250.0,250.0,174751.78227755125,174776.78737959208,49.85815678084695
2026-04-22 19:00:00+02:00,-250.0,250.0,174763.02207346962,174813.03227755125,49.85815678084695
2026-04-22 19:15:00+02:00,-250.0,250.0,174813.34742040842,174824.27207346962,49.85815678084695
2026-04-22 19:30:00+02:00,-250.0,250.0,174824.58721632676,174874.59742040842,49.85815678084695
2026-04-22 19:45:00+02:00,-250.0,250.0,174885.83721632676,174885.83721632676,49.85815678084695
2026-04-22 20:00:00+02:00,-250.0,250.0,174897.07701224516,174947.08721632676,49.85815678084695
2026-04-22 20:15:00+02:00,-250.0,250.0,174958.32701224516,174958.32701224516,49.85815678084695
2026-04-22 20:30:00+02:00,-250.0,250.0,174969.5668081635,175019.57701224514,49.85815678084695
2026-04-22 20:45:00+02:00,-250.0,250.0,175030.8168081635,175030.8168081635,49.85815678084695
2026-04-22 21:00:00+02:00,-250.0,250.0,175042.05660408188,175092.0668081635,49.85815678084695
2026-04-22 21:15:00+02:00,-250.0,250.0,175103.30660408188,175103.30660408188,49.85815678084695
2026-04-22 21:30:00+02:00,-200.0,200.0,175137.99075102067,175164.55660408188,10.946592154996612
2026-04-22 21:45:00+02:00,-150.0,150.0,175186.99075102067,175186.99075102067,5.931245216221101
2026-04-22 22:00:00+02:00,-150.0,150.0,175198.73564897984,175223.74075102067,5.931245216221101
2026-04-22 22:15:00+02:00,-100.0,100.0,175235.48564897984,175235.48564897984,3.5668730266673143
2026-04-22 22:30:00+02:00,-100.0,100.0,175234.98054693904,175259.98564897984,3.5668730266673143
2026-04-22 22:45:00+02:00,-100.0,100.0,175259.48054693904,175259.48054693904,3.5668730266673143
2026-04-22 23:00:00+02:00,-150.0,150.0,175258.9754448982,175283.98054693904,100.84578459129315
2026-04-22 23:15:00+02:00,-150.0,150.0,175295.7254448982,175295.7254448982,100.84578459129315
2026-04-22 23:30:00+02:00,-150.0,150.0,175307.47034285738,175332.4754448982,100.84578459129315
2026-04-22 23:45:00+02:00,-150.0,150.0,175344.22034285738,175344.22034285738,100.84578459129315
2026-04-23 00:00:00+02:00,-150.0,150.0,175355.9652408166,175380.97034285738,100.84578459129315
2026-04-23 00:15:00+02:00,-150.0,150.0,175392.7152408166,175392.7152408166,100.84578459129315
2026-04-23 00:30:00+02:00,-150.0,150.0,175404.46013877576,175429.4652408166,19.559526087891804
2026-04-23 00:45:00+02:00,-150.0,150.0,175441.21013877576,175441.21013877576,19.559526087891804
2026-04-23 01:00:00+02:00,-150.0,150.0,175452.95503673496,175477.96013877576,19.559526087891804
2026-04-23 01:15:00+02:00,-150.0,150.0,175489.70503673496,175489.70503673496,19.559526087891804
2026-04-23 01:30:00+02:00,-150.0,150.0,175501.44993469413,175526.45503673496,19.559526087891804
2026-04-23 01:45:00+02:00,-150.0,150.0,175538.19993469413,175538.19993469413,19.559526087891804
2026-04-23 02:00:00+02:00,-150.0,150.0,175549.9448326533,175574.94993469413,19.559526087891804
2026-04-23 02:15:00+02:00,-100.0,100.0,175586.6948326533,175586.6948326533,16.088385631709333
2026-04-23 02:30:00+02:00,-100.0,100.0,175586.1897306125,175611.1948326533,16.088385631709333
2026-04-23 02:45:00+02:00,-100.0,100.0,175610.6897306125,175610.6897306125,16.088385631709333
2026-04-23 03:00:00+02:00,-150.0,150.0,175610.18462857167,175635.1897306125,50.79361012150525
2026-04-23 03:15:00+02:00,-100.0,100.0,175646.93462857167,175646.93462857167,34.800957060280766
2026-04-23 03:30:00+02:00,-100.0,100.0,175646.42952653088,175671.43462857167,34.800957060280766
2026-04-23 03:45:00+02:00,-100.0,100.0,175670.92952653088,175670.92952653088,34.800957060280766
2026-04-23 04:00:00+02:00,-150.0,150.0,175670.42442449005,175695.42952653088,190.05809991742362
2026-04-23 04:15:00+02:00,-50.0,50.0,175707.17442449005,175707.17442449005,0.09573257048484138
2026-04-23 04:30:00+02:00,-50.0,50.0,175694.41932244925,175719.42442449005,0.09573257048484138
2026-04-23 04:45:00+02:00,-50.0,50.0,175706.66932244925,175706.66932244925,0.09573257048484138
2026-04-23 05:00:00+02:00,-50.0,50.0,175693.91422040842,175718.91932244925,0.09573257048484138
2026-04-23 05:15:00+02:00,-50.0,50.0,175706.16422040842,175706.16422040842,0.09573257048484138
2026-04-23 05:30:00+02:00,-50.0,50.0,175693.4091183676,175718.41422040842,0.09573257048484138
2026-04-23 05:45:00+02:00,-50.0,50.0,175705.6591183676,175705.6591183676,0.09573257048484138
2026-04-23 06:00:00+02:00,-50.0,50.0,175692.9040163268,175717.9091183676,0.09573257048484138
2026-04-23 06:15:00+02:00,-50.0,50.0,175705.1540163268,175705.1540163268,0.09573257048484138
2026-04-23 06:30:00+02:00,-50.0,50.0,175692.39891428596,175717.4040163268,0.09573257048484138
2026-04-23 06:45:00+02:00,-50.0,50.0,175704.64891428596,175704.64891428596,0.09573257048484138
2026-04-23 07:00:00+02:00,-50.0,50.0,175691.89381224517,175716.89891428596,0.09573257048484138
2026-04-23 07:15:00+02:00,-50.0,50.0,175704.14381224517,175704.14381224517,0.09573257048484138
2026-04-23 07:30:00+02:00,-50.0,50.0,175691.38871020434,175716.39381224517,0.09573257048484138
2026-04-23 07:45:00+02:00,-150.0,150.0,175703.63871020434,175703.63871020434,86.96158358083973
2026-04-23 08:00:00+02:00,-150.0,150.0,175690.3785061227,175740.38871020434,86.96158358083973
2026-04-23 08:15:00+02:00,-150.0,150.0,175727.12850612268,175727.12850612268,86.96158358083973
2026-04-23 08:30:00+02:00,-150.0,150.0,175713.86830204108,175763.87850612268,86.96158358083973
2026-04-23 08:45:00+02:00,-150.0,150.0,175750.61830204108,175750.61830204108,86.96158358083973
2026-04-23 09:00:00+02:00,-150.0,150.0,175737.35809795943,175787.36830204108,86.96158358083973
2026-04-23 09:15:00+02:00,-200.0,200.0,175774.10809795943,175774.10809795943,97.6038965060098
2026-04-23 09:30:00+02:00,-200.0,200.0,175762.1746938778,175823.10809795943,18.041666185310092
2026-04-23 09:45:00+02:00,-200.0,200.0,175786.169591837,175811.1746938778,18.041666185310092
2026-04-23 10:00:00+02:00,-200.0,200.0,175785.15938775538,175835.169591837,18.041666185310092
2026-04-23 10:15:00+02:00,-200.0,200.0,175809.15428571455,175834.15938775538,18.041666185310092
2026-04-23 10:30:00+02:00,-200.0,200.0,175808.1440816329,175858.15428571455,18.041666185310092
2026-04-23 10:45:00+02:00,-150.0,150.0,175832.13897959207,175857.1440816329,7.399353260140014
2026-04-23 11:00:00+02:00,-150.0,150.0,175818.87877551047,175868.88897959207,7.399353260140014
2026-04-23 11:15:00+02:00,-150.0,150.0,175830.62367346964,175855.62877551044,7.399353260140014
2026-04-23 11:30:00+02:00,-150.0,150.0,175817.36346938802,175867.37367346964,7.399353260140014
2026-04-23 11:45:00+02:00,-200.0,200.0,175829.1083673472,175854.11346938802,17.016994983496026
2026-04-23 12:00:00+02:00,-200.0,200.0,175803.09306122473,175878.1083673472,17.016994983496026
2026-04-23 12:15:00+02:00,-200.0,200.0,175827.08795918393,175852.09306122473,17.016994983496026
2026-04-23 12:30:00+02:00,-200.0,200.0,175825.66045714312,175876.08795918393,17.016994983496026
2026-04-23 12:45:00+02:00,-200.0,200.0,175849.6553551023,175874.66045714312,17.016994983496026
2026-04-23 13:00:00+02:00,-200.0,200.0,175848.64515102064,175898.6553551023,17.016994983496026
2026-04-23 13:15:00+02:00,-200.0,200.0,175872.64004897984,175897.64515102064,17.016994983496026
2026-04-23 13:30:00+02:00,-200.0,200.0,175871.62984489824,175921.64004897984,17.016994983496026
2026-04-23 13:45:00+02:00,-200.0,200.0,175895.62474285738,175920.6298448982,17.016994983496026
2026-04-23 14:00:00+02:00,-150.0,150.0,175894.61453877576,175944.62474285738,7.399353260140014
2026-04-23 14:15:00+02:00,-150.0,150.0,175906.35943673493,175931.36453877576,7.399353260140014
2026-04-23 14:30:00+02:00,-200.0,200.0,175893.0992326533,175943.10943673493,72.25196096989058
2026-04-23 14:45:00+02:00,-200.0,200.0,175917.0941306125,175942.0992326533,72.25196096989058
2026-04-23 15:00:00+02:00,-200.0,200.0,175916.08392653088,175966.0941306125,72.25196096989058
2026-04-23 15:15:00+02:00,-200.0,200.0,175940.07882449005,175965.08392653088,72.25196096989058
2026-04-23 15:30:00+02:00,-200.0,200.0,175939.06862040842,175989.07882449005,72.25196096989058
2026-04-23 15:45:00+02:00,-200.0,200.0,175963.0635183676,175988.06862040842,72.25196096989058
2026-04-23 16:00:00+02:00,-200.0,200.0,175962.053314286,176012.0635183676,72.25196096989058
2026-04-23 16:15:00+02:00,-200.0,200.0,175986.04821224516,176011.053314286,72.25196096989058
2026-04-23 16:30:00+02:00,-200.0,200.0,175985.0380081635,176035.04821224516,72.25196096989058
2026-04-23 16:45:00+02:00,-150.0,150.0,176009.03290612268,176034.0380081635,7.399353260140014
2026-04-23 17:00:00+02:00,-150.0,150.0,175995.77270204105,176045.78290612268,7.399353260140014
2026-04-23 17:15:00+02:00,-150.0,150.0,176007.51760000025,176032.52270204105,7.399353260140014
2026-04-23 17:30:00+02:00,-150.0,150.0,175994.25739591863,176044.26760000025,7.399353260140014
2026-04-23 17:45:00+02:00,-200.0,200.0,176006.0022938778,176031.00739591863,46.31091788599035
2026-04-23 18:00:00+02:00,-200.0,200.0,176017.62563265333,176055.0022938778,46.31091788599035
2026-04-23 18:15:00+02:00,-200.0,200.0,176049.3639673472,176066.6256326533,46.31091788599035
2026-04-23 18:30:00+02:00,-200.0,200.0,176073.35886530636,176098.3639673472,46.31091788599035
2026-04-23 18:45:00+02:00,-200.0,200.0,176122.35886530636,176122.35886530636,46.31091788599035
2026-04-23 19:00:00+02:00,-200.0,200.0,176146.35376326554,176171.35886530636,46.31091788599035
2026-04-23 19:15:00+02:00,-200.0,200.0,176195.35376326554,176195.35376326554,46.31091788599035
2026-04-23 19:30:00+02:00,-200.0,200.0,176219.34866122474,176244.35376326554,46.31091788599035
2026-04-23 19:45:00+02:00,-200.0,200.0,176268.34866122474,176268.34866122474,46.31091788599035
2026-04-23 20:00:00+02:00,-200.0,200.0,176292.3435591839,176317.34866122474,46.31091788599035
2026-04-23 20:15:00+02:00,-250.0,250.0,176341.3435591839,176341.3435591839,62.99425121932369
2026-04-23 20:30:00+02:00,-250.0,250.0,176377.5884571431,176402.5935591839,62.99425121932369
2026-04-23 20:45:00+02:00,-250.0,250.0,176438.8384571431,176438.8384571431,62.99425121932369
2026-04-23 21:00:00+02:00,-250.0,250.0,176475.08335510228,176500.0884571431,62.99425121932369
2026-04-23 21:15:00+02:00,-250.0,250.0,176536.33335510228,176536.33335510228,62.99425121932369
2026-04-23 21:30:00+02:00,-200.0,200.0,176572.57825306145,176597.58335510228,24.082686593473348
2026-04-23 21:45:00+02:00,-150.0,150.0,176621.57825306145,176621.57825306145,7.399353260140014
2026-04-23 22:00:00+02:00,-150.0,150.0,176633.32315102065,176658.32825306145,7.399353260140014
2026-04-23 22:15:00+02:00,-100.0,100.0,176670.07315102065,176670.07315102065,3.9154264480358623
2026-04-23 22:30:00+02:00,-50.0,50.0,176669.56804897983,176694.57315102065,0.09573257048484138
2026-04-23 22:45:00+02:00,-50.0,50.0,176681.81804897983,176681.81804897983,0.09573257048484138
2026-04-23 23:00:00+02:00,-50.0,50.0,176669.06294693903,176694.06804897983,0.09573257048484138
2026-04-23 23:15:00+02:00,-50.0,50.0,176681.31294693903,176681.31294693903,0.09573257048484138
2026-04-23 23:30:00+02:00,-50.0,50.0,176668.5578448982,176693.56294693903,0.09573257048484138
2026-04-23 23:45:00+02:00,-100.0,100.0,176680.8078448982,176680.8078448982,291.93246726436234
2026-04-24 00:00:00+02:00,-100.0,100.0,176680.30274285737,176705.3078448982,291.93246726436234
2026-04-24 00:15:00+02:00,-50.0,50.0,176704.80274285737,176704.80274285737,0.09573257048484138
2026-04-24 00:30:00+02:00,-50.0,50.0,176692.04764081657,176717.05274285737,0.09573257048484138
2026-04-24 00:45:00+02:00,-50.0,50.0,176704.29764081657,176704.29764081657,0.09573257048484138
2026-04-24 01:00:00+02:00,-50.0,50.0,176691.54253877574,176716.54764081657,0.09573257048484138
2026-04-24 01:15:00+02:00,-50.0,50.0,176703.79253877574,176703.79253877574,0.09573257048484138
2026-04-24 01:30:00+02:00,-100.0,100.0,176691.03743673494,176716.04253877574,25.37608971334199
2026-04-24 01:45:00+02:00,-100.0,100.0,176715.53743673494,176715.53743673494,25.37608971334199
2026-04-24 02:00:00+02:00,-150.0,150.0,176715.03233469411,176740.03743673494,39.70527338681138
2026-04-24 02:15:00+02:00,-150.0,150.0,176751.78233469411,176751.78233469411,39.70527338681138
2026-04-24 02:30:00+02:00,-150.0,150.0,176763.5272326533,176788.53233469411,39.70527338681138
2026-04-24 02:45:00+02:00,-150.0,150.0,176800.2772326533,176800.2772326533,39.70527338681138
2026-04-24 03:00:00+02:00,-150.0,150.0,176812.0221306125,176837.0272326533,39.70527338681138
2026-04-24 03:15:00+02:00,-150.0,150.0,176848.7721306125,176848.7721306125,39.70527338681138
2026-04-24 03:30:00+02:00,-100.0,100.0,176860.51702857166,176885.5221306125,14.424916243954229
2026-04-24 03:45:00+02:00,-150.0,150.0,176885.01702857166,176885.01702857166,131.54872576776376
2026-04-24 04:00:00+02:00,-100.0,100.0,176896.76192653086,176921.76702857166,117.21954209429437
2026-04-24 04:15:00+02:00,-100.0,100.0,176921.26192653086,176921.26192653086,117.21954209429437
2026-04-24 04:30:00+02:00,-50.0,50.0,176920.75682449003,176945.76192653086,0.09573257048484138
2026-04-24 04:45:00+02:00,-50.0,50.0,176933.00682449003,176933.00682449003,0.09573257048484138
2026-04-24 05:00:00+02:00,-50.0,50.0,176920.25172244923,176945.25682449003,0.09573257048484138
2026-04-24 05:15:00+02:00,-50.0,50.0,176932.50172244923,176932.50172244923,0.09573257048484138
2026-04-24 05:30:00+02:00,-50.0,50.0,176919.7466204084,176944.75172244923,0.09573257048484138
2026-04-24 05:45:00+02:00,-50.0,50.0,176931.9966204084,176931.9966204084,0.09573257048484138
2026-04-24 06:00:00+02:00,-50.0,50.0,176919.24151836758,176944.2466204084,0.09573257048484138
2026-04-24 06:15:00+02:00,-50.0,50.0,176931.49151836758,176931.49151836758,0.09573257048484138
2026-04-24 06:30:00+02:00,-50.0,50.0,176918.73641632678,176943.74151836758,0.09573257048484138
2026-04-24 06:45:00+02:00,-50.0,50.0,176930.98641632678,176930.98641632678,0.09573257048484138
2026-04-24 07:00:00+02:00,-50.0,50.0,176918.23131428595,176943.23641632678,0.09573257048484138
2026-04-24 07:15:00+02:00,-100.0,100.0,176930.48131428595,176930.48131428595,5.2729162439542305
2026-04-24 07:30:00+02:00,-100.0,100.0,176919.6124979594,176954.98131428595,5.2729162439542305
2026-04-24 07:45:00+02:00,-200.0,200.0,176944.1124979594,176944.1124979594,132.11349933433323
2026-04-24 08:00:00+02:00,-200.0,200.0,176943.10229387778,176993.1124979594,132.11349933433323
2026-04-24 08:15:00+02:00,-200.0,200.0,176992.10229387778,176992.10229387778,132.11349933433323
2026-04-24 08:30:00+02:00,-200.0,200.0,177008.2550938778,177041.10229387778,132.11349933433323
2026-04-24 08:45:00+02:00,-200.0,200.0,177057.2550938778,177057.2550938778,132.11349933433323
2026-04-24 09:00:00+02:00,-150.0,150.0,177081.249991837,177106.2550938778,15.378805456782217
2026-04-24 09:15:00+02:00,-150.0,150.0,177117.999991837,177117.999991837,15.378805456782217
2026-04-24 09:30:00+02:00,-200.0,200.0,177129.74488979616,177154.749991837,16.11868334236268
2026-04-24 09:45:00+02:00,-200.0,200.0,177153.73978775533,177178.74488979616,16.11868334236268
2026-04-24 10:00:00+02:00,-200.0,200.0,177177.73468571453,177202.73978775533,16.11868334236268
2026-04-24 10:15:00+02:00,-200.0,200.0,177201.7295836737,177226.73468571453,16.11868334236268
2026-04-24 10:30:00+02:00,-200.0,200.0,177225.7244816329,177250.7295836737,16.11868334236268
2026-04-24 10:45:00+02:00,-250.0,250.0,177249.71937959208,177274.7244816329,32.08215273011779
2026-04-24 11:00:00+02:00,-250.0,250.0,177285.96427755125,177310.96937959208,32.08215273011779
2026-04-24 11:15:00+02:00,-200.0,200.0,177322.20917551045,177347.21427755125,21.97626351728981
2026-04-24 11:30:00+02:00,-200.0,200.0,177346.20407346962,177371.20917551045,21.97626351728981
2026-04-24 11:45:00+02:00,-150.0,150.0,177370.19897142882,177395.20407346962,6.012794129534692
2026-04-24 12:00:00+02:00,-150.0,150.0,177381.943869388,177406.94897142882,6.012794129534692
2026-04-24 12:15:00+02:00,-100.0,100.0,177393.6887673472,177418.693869388,5.91706155904985
2026-04-24 12:30:00+02:00,-100.0,100.0,177393.18366530637,177418.1887673472,5.91706155904985
2026-04-24 12:45:00+02:00,-100.0,100.0,177392.67856326554,177417.68366530637,5.91706155904985
2026-04-24 13:00:00+02:00,-100.0,100.0,177392.17346122474,177417.17856326554,5.91706155904985
2026-04-24 13:15:00+02:00,-100.0,100.0,177391.6683591839,177416.67346122474,5.91706155904985
2026-04-24 13:30:00+02:00,-100.0,100.0,177391.1632571431,177416.1683591839,5.91706155904985
2026-04-24 13:45:00+02:00,-100.0,100.0,177390.65815510228,177415.6632571431,5.91706155904985
2026-04-24 14:00:00+02:00,-150.0,150.0,177390.15305306145,177415.15815510228,297.75379625292743
2026-04-24 14:15:00+02:00,-200.0,200.0,177401.89795102066,177426.90305306145,300.5516632707023
2026-04-24 14:30:00+02:00,-150.0,150.0,177417.14627755125,177450.89795102066,8.7149285768247
2026-04-24 14:45:00+02:00,-150.0,150.0,177428.89117551042,177453.89627755122,8.7149285768247
2026-04-24 15:00:00+02:00,-150.0,150.0,177440.63607346962,177465.64117551042,8.7149285768247
2026-04-24 15:15:00+02:00,-150.0,150.0,177452.38097142882,177477.38607346962,8.7149285768247
2026-04-24 15:30:00+02:00,-150.0,150.0,177464.125869388,177489.13097142882,8.7149285768247
2026-04-24 15:45:00+02:00,-150.0,150.0,177475.87076734717,177500.875869388,8.7149285768247
2026-04-24 16:00:00+02:00,-150.0,150.0,177487.61566530637,177512.62076734717,8.7149285768247
2026-04-24 16:15:00+02:00,-200.0,200.0,177499.36056326554,177524.36566530637,14.541051025804295
2026-04-24 16:30:00+02:00,-200.0,200.0,177498.35035918388,177548.36056326554,14.541051025804295
2026-04-24 16:45:00+02:00,-200.0,200.0,177522.34525714308,177547.35035918388,14.541051025804295
2026-04-24 17:00:00+02:00,-200.0,200.0,177521.33505306146,177571.34525714308,14.541051025804295
2026-04-24 17:15:00+02:00,-250.0,250.0,177545.32995102063,177570.33505306146,48.87478451920165
2026-04-24 17:30:00+02:00,-250.0,250.0,177559.64065306145,177606.57995102063,48.87478451920165
2026-04-24 17:45:00+02:00,-250.0,250.0,177595.88555102065,177620.89065306145,48.87478451920165
2026-04-24 18:00:00+02:00,-250.0,250.0,177632.13044897982,177657.13555102065,48.87478451920165
2026-04-24 18:15:00+02:00,-250.0,250.0,177668.375346939,177693.38044897982,48.87478451920165
2026-04-24 18:30:00+02:00,-300.0,300.0,177704.6202448982,177729.625346939,49.1481632040089
2026-04-24 18:45:00+02:00,-300.0,300.0,177728.11004081657,177778.1202448982,49.1481632040089
2026-04-24 19:00:00+02:00,-250.0,250.0,177776.60493877574,177801.61004081657,43.322040755029306
2026-04-24 19:15:00+02:00,-250.0,250.0,177787.8447346941,177837.85493877574,43.322040755029306
2026-04-24 19:30:00+02:00,-250.0,250.0,177824.08963265328,177849.0947346941,43.322040755029306
2026-04-24 19:45:00+02:00,-200.0,200.0,177835.32942857163,177885.33963265328,38.14485708155992
2026-04-24 20:00:00+02:00,-200.0,200.0,177864.6347510206,177884.32942857163,38.14485708155992
2026-04-24 20:15:00+02:00,-200.0,200.0,177863.624546939,177913.6347510206,38.14485708155992
2026-04-24 20:30:00+02:00,-250.0,250.0,177912.624546939,177912.624546939,82.18302034686604
2026-04-24 20:45:00+02:00,-300.0,300.0,177923.86434285736,177973.874546939,88.1481632040089
2026-04-24 21:00:00+02:00,-250.0,250.0,177972.35924081656,177997.36434285736,44.10999993870278
2026-04-24 21:15:00+02:00,-250.0,250.0,177983.5990367349,178033.60924081656,44.10999993870278
2026-04-24 21:30:00+02:00,-250.0,250.0,178019.8439346941,178044.8490367349,10.060357750073779
2026-04-24 21:45:00+02:00,-250.0,250.0,178006.07862857165,178081.0939346941,10.060357750073779
2026-04-24 22:00:00+02:00,-200.0,200.0,178053.29723265328,178067.32862857165,7.262490732298926
2026-04-24 22:15:00+02:00,-200.0,200.0,178027.28192653082,178102.29723265328,7.262490732298926
2026-04-24 22:30:00+02:00,-200.0,200.0,178076.28192653082,178076.28192653082,7.262490732298926
2026-04-24 22:45:00+02:00,-200.0,200.0,178050.2666204084,178125.28192653082,7.262490732298926
2026-04-24 23:00:00+02:00,-200.0,200.0,178099.2666204084,178099.2666204084,7.262490732298926
2026-04-24 23:15:00+02:00,-150.0,150.0,178073.25131428594,178148.2666204084,1.2973478751560712
2026-04-24 23:30:00+02:00,-150.0,150.0,178110.00131428594,178110.00131428594,1.2973478751560712
2026-04-24 23:45:00+02:00,-200.0,200.0,178071.73600816348,178146.75131428594,293.13408256903364
2026-04-25 00:00:00+02:00,-200.0,200.0,178120.73600816348,178120.73600816348,293.13408256903364
2026-04-25 00:15:00+02:00,-150.0,150.0,178094.72070204103,178169.73600816348,1.2973478751560712
2026-04-25 00:30:00+02:00,-150.0,150.0,178131.47070204103,178131.47070204103,1.2973478751560712
2026-04-25 00:45:00+02:00,-150.0,150.0,178093.20539591857,178168.22070204103,1.2973478751560712
2026-04-25 01:00:00+02:00,-150.0,150.0,178129.95539591857,178129.95539591857,1.2973478751560712
2026-04-25 01:15:00+02:00,-150.0,150.0,178091.69008979615,178166.70539591857,1.2973478751560712
2026-04-25 01:30:00+02:00,-150.0,150.0,178128.44008979615,178128.44008979615,1.2973478751560712
2026-04-25 01:45:00+02:00,-150.0,150.0,178090.1747836737,178165.19008979615,1.2973478751560712
2026-04-25 02:00:00+02:00,-150.0,150.0,178126.9247836737,178126.9247836737,1.2973478751560712
2026-04-25 02:15:00+02:00,-150.0,150.0,178088.65947755126,178163.6747836737,1.2973478751560712
2026-04-25 02:30:00+02:00,-200.0,200.0,178125.40947755126,178125.40947755126,37.02983767107444
2026-04-25 02:45:00+02:00,-200.0,200.0,178099.39417142878,178174.40947755126,37.02983767107444
2026-04-25 03:00:00+02:00,-200.0,200.0,178148.39417142878,178148.39417142878,37.02983767107444
2026-04-25 03:15:00+02:00,-250.0,250.0,178122.37886530632,178197.39417142878,143.60861318127854
2026-04-25 03:30:00+02:00,-200.0,200.0,178183.62886530632,178183.62886530632,37.02983767107444
2026-04-25 03:45:00+02:00,-200.0,200.0,178157.6135591839,178232.62886530632,46.415307058829534
2026-04-25 04:00:00+02:00,-200.0,200.0,178206.6135591839,178206.6135591839,46.415307058829534
2026-04-25 04:15:00+02:00,-150.0,150.0,178180.59825306144,178255.6135591839,1.2973478751560712
2026-04-25 04:30:00+02:00,-150.0,150.0,178217.34825306144,178217.34825306144,1.2973478751560712
2026-04-25 04:45:00+02:00,-150.0,150.0,178179.08294693902,178254.09825306144,1.2973478751560712
2026-04-25 05:00:00+02:00,-150.0,150.0,178215.83294693902,178215.83294693902,1.2973478751560712
2026-04-25 05:15:00+02:00,-150.0,150.0,178177.56764081656,178252.58294693902,1.2973478751560712
2026-04-25 05:30:00+02:00,-150.0,150.0,178214.31764081656,178214.31764081656,1.2973478751560712
2026-04-25 05:45:00+02:00,-150.0,150.0,178176.05233469408,178251.06764081656,1.2973478751560712
2026-04-25 06:00:00+02:00,-150.0,150.0,178212.80233469408,178212.80233469408,1.2973478751560712
2026-04-25 06:15:00+02:00,-150.0,150.0,178174.53702857165,178249.55233469408,1.2973478751560712
2026-04-25 06:30:00+02:00,-200.0,200.0,178211.28702857165,178211.28702857165,3.9801978572541743
2026-04-25 06:45:00+02:00,-200.0,200.0,178160.26662040837,178260.28702857165,3.9801978572541743
2026-04-25 07:00:00+02:00,-200.0,200.0,178209.26662040837,178209.26662040837,3.9801978572541743
2026-04-25 07:15:00+02:00,-200.0,200.0,178158.24621224514,178258.26662040837,3.9801978572541743
2026-04-25 07:30:00+02:00,-200.0,200.0,178207.24621224514,178207.24621224514,3.9801978572541743
2026-04-25 07:45:00+02:00,-200.0,200.0,178156.22580408186,178256.24621224514,3.9801978572541743
2026-04-25 08:00:00+02:00,-250.0,250.0,178205.22580408186,178205.22580408186,14.320946156573898
2026-04-25 08:15:00+02:00,-250.0,250.0,178153.7589959186,178266.47580408186,14.320946156573898
2026-04-25 08:30:00+02:00,-250.0,250.0,178215.0089959186,178215.0089959186,14.320946156573898
2026-04-25 08:45:00+02:00,-250.0,250.0,178176.2385877553,178276.2589959186,14.320946156573898
2026-04-25 09:00:00+02:00,-250.0,250.0,178237.4885877553,178237.4885877553,14.320946156573898
2026-04-25 09:15:00+02:00,-250.0,250.0,178198.71817959205,178298.7385877553,14.320946156573898
2026-04-25 09:30:00+02:00,-200.0,200.0,178259.96817959205,178259.96817959205,3.9801978572541743
2026-04-25 09:45:00+02:00,-200.0,200.0,178208.94777142882,178308.96817959205,3.9801978572541743
2026-04-25 10:00:00+02:00,-200.0,200.0,178257.94777142882,178257.94777142882,3.9801978572541743
2026-04-25 10:15:00+02:00,-200.0,200.0,178206.92736326554,178306.94777142882,3.9801978572541743
2026-04-25 10:30:00+02:00,-200.0,200.0,178255.92736326554,178255.92736326554,3.9801978572541743
2026-04-25 10:45:00+02:00,-200.0,200.0,178204.90695510225,178304.92736326554,3.9801978572541743
2026-04-25 11:00:00+02:00,-250.0,250.0,178253.90695510225,178253.90695510225,40.45978969398887
2026-04-25 11:15:00+02:00,-250.0,250.0,178215.13654693897,178315.15695510225,40.45978969398887
2026-04-25 11:30:00+02:00,-250.0,250.0,178276.38654693897,178276.38654693897,40.45978969398887
2026-04-25 11:45:00+02:00,-250.0,250.0,178237.61613877572,178337.63654693897,40.45978969398887
2026-04-25 12:00:00+02:00,-250.0,250.0,178298.86613877572,178298.86613877572,40.45978969398887
2026-04-25 12:15:00+02:00,-250.0,250.0,178260.0957306125,178360.11613877572,40.45978969398887
2026-04-25 12:30:00+02:00,-250.0,250.0,178321.3457306125,178321.3457306125,40.45978969398887
2026-04-25 12:45:00+02:00,-250.0,250.0,178282.5753224492,178382.5957306125,40.45978969398887
2026-04-25 13:00:00+02:00,-250.0,250.0,178343.8253224492,178343.8253224492,40.45978969398887
2026-04-25 13:15:00+02:00,-250.0,250.0,178305.05491428595,178405.0753224492,40.45978969398887
2026-04-25 13:30:00+02:00,-250.0,250.0,178366.30491428595,178366.30491428595,40.45978969398887
2026-04-25 13:45:00+02:00,-250.0,250.0,178327.53450612267,178427.55491428595,40.45978969398887
2026-04-25 14:00:00+02:00,-300.0,300.0,178388.78450612267,178388.78450612267,140.54033391167596
2026-04-25 14:15:00+02:00,-300.0,300.0,178362.2640979594,178462.28450612267,140.54033391167596
2026-04-25 14:30:00+02:00,-300.0,300.0,178435.7640979594,178435.7640979594,140.54033391167596
2026-04-25 14:45:00+02:00,-250.0,250.0,178409.24368979616,178509.2640979594,40.45978969398887
2026-04-25 15:00:00+02:00,-200.0,200.0,178470.49368979616,178470.49368979616,3.9801978572541743
2026-04-25 15:15:00+02:00,-200.0,200.0,178419.47328163288,178519.49368979616,3.9801978572541743
2026-04-25 15:30:00+02:00,-250.0,250.0,178468.47328163288,178468.47328163288,87.3621220555049
2026-04-25 15:45:00+02:00,-250.0,250.0,178429.70287346962,178529.72328163288,87.3621220555049
2026-04-25 16:00:00+02:00,-250.0,250.0,178490.95287346962,178490.95287346962,87.3621220555049
2026-04-25 16:15:00+02:00,-250.0,250.0,178452.18246530637,178552.20287346962,87.3621220555049
2026-04-25 16:30:00+02:00,-250.0,250.0,178513.43246530637,178513.43246530637,87.3621220555049
2026-04-25 16:45:00+02:00,-250.0,250.0,178474.66205714308,178574.68246530637,87.3621220555049
2026-04-25 17:00:00+02:00,-250.0,250.0,178535.91205714308,178535.91205714308,87.3621220555049
2026-04-25 17:15:00+02:00,-200.0,200.0,178498.8678938778,178597.16205714308,3.9801978572541743
2026-04-25 17:30:00+02:00,-200.0,200.0,178547.8678938778,178547.8678938778,3.9801978572541743
2026-04-25 17:45:00+02:00,-200.0,200.0,178521.85258775533,178596.8678938778,3.9801978572541743
2026-04-25 18:00:00+02:00,-200.0,200.0,178570.85258775533,178570.85258775533,3.9801978572541743
2026-04-25 18:15:00+02:00,-250.0,250.0,178544.83728163288,178619.85258775533,7.048652667749801
2026-04-25 18:30:00+02:00,-250.0,250.0,178581.08217959208,178606.08728163288,7.048652667749801
2026-04-25 18:45:00+02:00,-250.0,250.0,178567.31687346965,178642.33217959208,7.048652667749801
2026-04-25 19:00:00+02:00,-250.0,250.0,178603.56177142882,178628.56687346965,7.048652667749801
2026-04-25 19:15:00+02:00,-250.0,250.0,178589.79646530634,178664.81177142882,7.048652667749801
2026-04-25 19:30:00+02:00,-250.0,250.0,178626.04136326554,178651.04646530634,7.048652667749801
2026-04-25 19:45:00+02:00,-250.0,250.0,178612.27605714308,178687.29136326554,7.048652667749801
2026-04-25 20:00:00+02:00,-300.0,300.0,178648.52095510226,178673.52605714308,10.809773034263754
2026-04-25 20:15:00+02:00,-300.0,300.0,178622.000546939,178722.02095510226,10.809773034263754
2026-04-25 20:30:00+02:00,-300.0,300.0,178670.49544489817,178695.500546939,10.809773034263754
2026-04-25 20:45:00+02:00,-250.0,250.0,178643.97503673492,178743.99544489817,8.126923052165651
2026-04-25 21:00:00+02:00,-250.0,250.0,178680.21993469412,178705.22503673492,8.126923052165651
2026-04-25 21:15:00+02:00,-250.0,250.0,178641.44952653084,178741.46993469412,8.126923052165651
2026-04-25 21:30:00+02:00,-250.0,250.0,178677.69442449004,178702.69952653084,8.126923052165651
2026-04-25 21:45:00+02:00,-250.0,250.0,178638.92401632675,178738.94442449004,8.126923052165651
2026-04-25 22:00:00+02:00,-300.0,300.0,178675.16891428592,178700.17401632675,9.283825307804749
2026-04-25 22:15:00+02:00,-300.0,300.0,178623.64340408184,178748.66891428592,9.283825307804749
2026-04-25 22:30:00+02:00,-300.0,300.0,178672.138302041,178697.14340408184,9.283825307804749
2026-04-25 22:45:00+02:00,-300.0,300.0,178620.61279183696,178745.638302041,9.283825307804749
2026-04-25 23:00:00+02:00,-300.0,300.0,178669.10768979613,178694.11279183696,9.283825307804749
2026-04-25 23:15:00+02:00,-300.0,300.0,178617.58217959205,178742.60768979613,9.283825307804749
2026-04-25 23:30:00+02:00,-300.0,300.0,178666.07707755125,178691.08217959205,9.283825307804749
2026-04-25 23:45:00+02:00,-300.0,300.0,178614.55156734717,178739.57707755125,9.283825307804749
2026-04-26 00:00:00+02:00,-300.0,300.0,178663.04646530637,178688.05156734717,9.283825307804749
2026-04-26 00:15:00+02:00,-300.0,300.0,178611.52095510226,178736.54646530637,9.283825307804749
2026-04-26 00:30:00+02:00,-300.0,300.0,178660.01585306143,178685.02095510226,9.283825307804749
2026-04-26 00:45:00+02:00,-300.0,300.0,178608.49034285735,178733.51585306143,9.283825307804749
2026-04-26 01:00:00+02:00,-300.0,300.0,178656.98524081655,178681.99034285735,9.283825307804749
2026-04-26 01:15:00+02:00,-300.0,300.0,178605.45973061246,178730.48524081655,9.283825307804749
2026-04-26 01:30:00+02:00,-300.0,300.0,178653.95462857164,178678.95973061246,9.283825307804749
2026-04-26 01:45:00+02:00,-300.0,300.0,178602.42911836758,178727.45462857164,9.283825307804749
2026-04-26 02:00:00+02:00,-300.0,300.0,178650.92401632675,178675.92911836758,9.283825307804749
2026-04-26 02:15:00+02:00,-300.0,300.0,178599.39850612267,178724.42401632675,9.283825307804749
2026-04-26 02:30:00+02:00,-300.0,300.0,178647.89340408187,178672.89850612267,9.283825307804749
2026-04-26 02:45:00+02:00,-300.0,300.0,178596.3678938778,178721.39340408187,9.283825307804749
2026-04-26 03:00:00+02:00,-300.0,300.0,178644.86279183696,178669.8678938778,9.283825307804749
2026-04-26 03:15:00+02:00,-300.0,300.0,178593.33728163288,178718.36279183696,9.283825307804749
2026-04-26 03:30:00+02:00,-300.0,300.0,178641.83217959205,178666.83728163288,9.283825307804749
2026-04-26 03:45:00+02:00,-300.0,300.0,178590.30666938797,178715.33217959205,9.283825307804749
2026-04-26 04:00:00+02:00,-300.0,300.0,178638.80156734714,178663.80666938797,9.283825307804749
2026-04-26 04:15:00+02:00,-300.0,300.0,178587.27605714308,178712.30156734714,9.283825307804749
2026-04-26 04:30:00+02:00,-300.0,300.0,178635.77095510226,178660.77605714308,9.283825307804749
2026-04-26 04:45:00+02:00,-300.0,300.0,178584.24544489817,178709.27095510226,9.283825307804749
2026-04-26 05:00:00+02:00,-300.0,300.0,178632.74034285737,178657.74544489817,9.283825307804749
2026-04-26 05:15:00+02:00,-300.0,300.0,178581.2148326533,178706.24034285737,9.283825307804749
2026-04-26 05:30:00+02:00,-300.0,300.0,178629.70973061246,178654.7148326533,9.283825307804749
2026-04-26 05:45:00+02:00,-300.0,300.0,178578.18422040844,178703.20973061246,9.283825307804749
2026-04-26 06:00:00+02:00,-300.0,300.0,178626.6791183676,178651.68422040844,9.283825307804749
2026-04-26 06:15:00+02:00,-300.0,300.0,178575.15360816347,178700.1791183676,9.283825307804749
2026-04-26 06:30:00+02:00,-300.0,300.0,178623.64850612267,178648.65360816347,9.283825307804749
2026-04-26 06:45:00+02:00,-300.0,300.0,178572.1229959186,178697.14850612267,9.283825307804749
2026-04-26 07:00:00+02:00,-300.0,300.0,178620.61789387776,178645.6229959186,9.283825307804749
2026-04-26 07:15:00+02:00,-300.0,300.0,178569.0923836737,178694.11789387776,9.283825307804749
2026-04-26 07:30:00+02:00,-300.0,300.0,178617.5872816329,178642.5923836737,9.283825307804749
2026-04-26 07:45:00+02:00,-300.0,300.0,178566.0617714288,178691.0872816329,9.283825307804749
2026-04-26 08:00:00+02:00,-300.0,300.0,178614.55666938797,178639.5617714288,9.283825307804749
2026-04-26 08:15:00+02:00,-300.0,300.0,178563.03115918394,178688.05666938797,9.283825307804749
2026-04-26 08:30:00+02:00,-300.0,300.0,178611.5260571431,178636.53115918394,9.283825307804749
2026-04-26 08:45:00+02:00,-300.0,300.0,178560.000546939,178685.0260571431,9.283825307804749
2026-04-26 09:00:00+02:00,-300.0,300.0,178608.4954448982,178633.500546939,9.283825307804749
2026-04-26 09:15:00+02:00,-300.0,300.0,178556.9699346941,178681.9954448982,9.283825307804749
2026-04-26 09:30:00+02:00,-300.0,300.0,178605.46483265326,178630.4699346941,9.283825307804749
2026-04-26 09:45:00+02:00,-300.0,300.0,178553.9393224492,178678.96483265326,9.283825307804749
2026-04-26 10:00:00+02:00,-300.0,300.0,178602.4342204084,178627.4393224492,9.283825307804749
2026-04-26 10:15:00+02:00,-300.0,300.0,178550.9087102043,178675.9342204084,9.283825307804749
2026-04-26 10:30:00+02:00,-300.0,300.0,178599.40360816347,178624.4087102043,9.283825307804749
2026-04-26 10:45:00+02:00,-300.0,300.0,178547.87809795944,178672.90360816347,9.283825307804749
2026-04-26 11:00:00+02:00,-300.0,300.0,178596.37299591862,178621.37809795944,9.283825307804749
2026-04-26 11:15:00+02:00,-300.0,300.0,178544.8474857145,178669.87299591862,9.283825307804749
2026-04-26 11:30:00+02:00,-300.0,300.0,178593.3423836737,178618.3474857145,9.283825307804749
2026-04-26 11:45:00+02:00,-300.0,300.0,178541.8168734696,178666.8423836737,9.283825307804749
2026-04-26 12:00:00+02:00,-300.0,300.0,178590.31177142877,178615.3168734696,9.283825307804749
2026-04-26 12:15:00+02:00,-300.0,300.0,178538.78626122474,178663.81177142877,9.283825307804749
2026-04-26 12:30:00+02:00,-300.0,300.0,178587.2811591839,178612.28626122474,9.283825307804749
2026-04-26 12:45:00+02:00,-300.0,300.0,178546.64711836755,178660.7811591839,9.283825307804749
2026-04-26 13:00:00+02:00,-300.0,300.0,178595.14201632675,178620.14711836755,9.283825307804749
2026-04-26 13:15:00+02:00,-300.0,300.0,178568.62160816352,178668.64201632675,9.283825307804749
2026-04-26 13:30:00+02:00,-300.0,300.0,178617.1165061227,178642.12160816352,9.283825307804749
2026-04-26 13:45:00+02:00,-300.0,300.0,178590.5960979594,178690.6165061227,9.283825307804749
2026-04-26 14:00:00+02:00,-300.0,300.0,178639.0909959186,178664.0960979594,9.283825307804749
2026-04-26 14:15:00+02:00,-300.0,300.0,178612.57058775533,178712.5909959186,9.283825307804749
2026-04-26 14:30:00+02:00,-300.0,300.0,178661.0654857145,178686.07058775533,9.283825307804749
2026-04-26 14:45:00+02:00,-300.0,300.0,178634.54507755124,178734.5654857145,9.283825307804749
2026-04-26 15:00:00+02:00,-300.0,300.0,178698.0478612247,178708.04507755124,9.283825307804749
2026-04-26 15:15:00+02:00,-300.0,300.0,178671.52745306143,178771.5478612247,9.283825307804749
2026-04-26 15:30:00+02:00,-300.0,300.0,178745.02745306143,178745.02745306143,9.283825307804749
2026-04-26 15:45:00+02:00,-300.0,300.0,178718.50704489823,178818.52745306146,9.283825307804749
2026-04-26 16:00:00+02:00,-300.0,300.0,178792.00704489823,178792.00704489823,9.283825307804749
2026-04-26 16:15:00+02:00,-300.0,300.0,178765.48663673495,178865.50704489823,9.283825307804749
2026-04-26 16:30:00+02:00,-300.0,300.0,178838.98663673495,178838.98663673495,9.283825307804749
2026-04-26 16:45:00+02:00,-300.0,300.0,178812.4662285717,178912.48663673495,9.283825307804749
2026-04-26 17:00:00+02:00,-300.0,300.0,178885.9662285717,178885.9662285717,9.283825307804749
2026-04-26 17:15:00+02:00,-300.0,300.0,178859.44582040838,178959.4662285717,9.283825307804749
2026-04-26 17:30:00+02:00,-300.0,300.0,178932.94582040838,178932.94582040838,9.283825307804749
2026-04-26 17:45:00+02:00,-300.0,300.0,178919.92154285737,179006.44582040838,9.283825307804749
2026-04-26 18:00:00+02:00,-300.0,300.0,178993.42154285737,178993.42154285737,9.283825307804749
2026-04-26 18:15:00+02:00,-300.0,300.0,178991.90623673494,179066.92154285737,9.283825307804749
2026-04-26 18:30:00+02:00,-300.0,300.0,179065.40623673494,179065.40623673494,9.283825307804749
2026-04-26 18:45:00+02:00,-300.0,300.0,179063.89093061248,179138.90623673494,9.283825307804749
2026-04-26 19:00:00+02:00,-300.0,300.0,179137.39093061248,179137.39093061248,9.283825307804749
2026-04-26 19:15:00+02:00,-300.0,300.0,179155.05261224514,179210.89093061248,9.283825307804749
2026-04-26 19:30:00+02:00,-300.0,300.0,179228.55261224514,179228.55261224514,9.283825307804749
2026-04-26 19:45:00+02:00,-300.0,300.0,179252.04240816348,179302.05261224514,9.283825307804749
2026-04-26 20:00:00+02:00,-300.0,300.0,179325.54240816348,179325.54240816348,9.283825307804749
2026-04-26 20:15:00+02:00,-300.0,300.0,179349.03220408186,179399.04240816348,9.283825307804749
2026-04-26 20:30:00+02:00,-250.0,250.0,179422.53220408186,179422.53220408186,5.522704941290796
2026-04-26 20:45:00+02:00,-250.0,250.0,179433.77200000023,179483.78220408186,5.522704941290796
2026-04-26 21:00:00+02:00,-250.0,250.0,179495.02200000023,179495.02200000023,5.522704941290796
2026-04-26 21:15:00+02:00,-300.0,300.0,179506.2617959186,179556.27200000023,15.48406548550849
2026-04-26 21:30:00+02:00,-300.0,300.0,179564.83459591863,179579.7617959186,15.48406548550849
2026-04-26 21:45:00+02:00,-250.0,250.0,179588.324391837,179638.33459591863,14.327163229869392
2026-04-26 22:00:00+02:00,-250.0,250.0,179649.57439183697,179649.57439183697,14.327163229869392
2026-04-26 22:15:00+02:00,-200.0,200.0,179660.8141877553,179710.82439183697,11.258708419373765
2026-04-26 22:30:00+02:00,-150.0,150.0,179709.8141877553,179709.8141877553,10.518830533793302
2026-04-26 22:45:00+02:00,-100.0,100.0,179696.5539836737,179746.5641877553,0.5574699895756094
2026-04-26 23:00:00+02:00,-100.0,100.0,179721.0539836737,179721.0539836737,0.5574699895756094
2026-04-26 23:15:00+02:00,-100.0,100.0,179695.54377959206,179745.5539836737,0.5574699895756094
2026-04-26 23:30:00+02:00,-150.0,150.0,179720.04377959206,179720.04377959206,2.6696383569225475
2026-04-26 23:45:00+02:00,-150.0,150.0,179681.7784734696,179756.79377959206,2.6696383569225475
2026-04-27 00:00:00+02:00,-150.0,150.0,179718.5284734696,179718.5284734696,2.6696383569225475
2026-04-27 00:15:00+02:00,-150.0,150.0,179704.77797551043,179755.2784734696,2.6696383569225475
2026-04-27 00:30:00+02:00,-150.0,150.0,179741.52797551043,179741.52797551043,2.6696383569225475
2026-04-27 00:45:00+02:00,-150.0,150.0,179728.26777142877,179778.27797551043,2.6696383569225475
2026-04-27 01:00:00+02:00,-150.0,150.0,179765.01777142877,179765.01777142877,2.6696383569225475
2026-04-27 01:15:00+02:00,-150.0,150.0,179751.75756734717,179801.76777142877,2.6696383569225475
2026-04-27 01:30:00+02:00,-150.0,150.0,179788.50756734717,179788.50756734717,2.6696383569225475
2026-04-27 01:45:00+02:00,-150.0,150.0,179775.24736326552,179825.25756734717,2.6696383569225475
2026-04-27 02:00:00+02:00,-150.0,150.0,179811.99736326552,179811.99736326552,2.6696383569225475
2026-04-27 02:15:00+02:00,-100.0,100.0,179798.7371591839,179848.74736326552,2.3855470521541946
2026-04-27 02:30:00+02:00,-100.0,100.0,179823.2371591839,179823.2371591839,2.3855470521541946
2026-04-27 02:45:00+02:00,-150.0,150.0,179819.4946857145,179847.7371591839,82.58228174603175
2026-04-27 03:00:00+02:00,-200.0,200.0,179856.2446857145,179856.2446857145,125.61569282474896
2026-04-27 03:15:00+02:00,-150.0,150.0,179880.23958367368,179905.2446857145,45.4189581308714
2026-04-27 03:30:00+02:00,-150.0,150.0,179916.98958367368,179916.98958367368,45.4189581308714
2026-04-27 03:45:00+02:00,-150.0,150.0,179928.73448163288,179953.73958367368,45.4189581308714
2026-04-27 04:00:00+02:00,-150.0,150.0,179965.48448163288,179965.48448163288,45.4189581308714
2026-04-27 04:15:00+02:00,-150.0,150.0,179977.22937959206,180002.23448163288,45.4189581308714
2026-04-27 04:30:00+02:00,-200.0,200.0,180013.97937959206,180013.97937959206,78.61052275672174
2026-04-27 04:45:00+02:00,-150.0,150.0,180037.97427755123,180062.97937959206,35.57711167800453
2026-04-27 05:00:00+02:00,-150.0,150.0,180074.72427755123,180074.72427755123,60.39638605442177
2026-04-27 05:15:00+02:00,-150.0,150.0,180086.46917551043,180111.47427755123,60.39638605442177
2026-04-27 05:30:00+02:00,-150.0,150.0,180123.21917551043,180123.21917551043,60.39638605442177
2026-04-27 05:45:00+02:00,-150.0,150.0,180134.9640734696,180159.96917551043,60.39638605442177
2026-04-27 06:00:00+02:00,-100.0,100.0,180171.7140734696,180171.7140734696,27.20482142857143
2026-04-27 06:15:00+02:00,-100.0,100.0,180195.51800000021,180196.2140734696,27.20482142857143
2026-04-27 06:30:00+02:00,-100.0,100.0,180220.01800000021,180220.01800000021,27.20482142857143
2026-04-27 06:45:00+02:00,-100.0,100.0,180244.51800000021,180244.51800000021,27.20482142857143
2026-04-27 07:00:00+02:00,-100.0,100.0,180269.01800000021,180269.01800000021,27.20482142857143
2026-04-27 07:15:00+02:00,-150.0,150.0,180293.51800000021,180293.51800000021,44.18138119533528
2026-04-27 07:30:00+02:00,-100.0,100.0,180330.26800000021,180330.26800000021,42.06921282798834
2026-04-27 07:45:00+02:00,-50.0,50.0,180354.76800000021,180354.76800000021,16.97655976676385
2026-04-27 08:00:00+02:00,-150.0,150.0,180367.01800000021,180367.01800000021,24.514285714285712
2026-04-27 08:15:00+02:00,-150.0,150.0,180353.75779591856,180403.76800000021,24.514285714285712
2026-04-27 08:30:00+02:00,-150.0,150.0,180390.50779591856,180390.50779591856,24.514285714285712
2026-04-27 08:45:00+02:00,-150.0,150.0,180377.24759183696,180427.25779591856,24.514285714285712
2026-04-27 09:00:00+02:00,-100.0,100.0,180413.99759183696,180413.99759183696,7.537725947521867
2026-04-27 09:15:00+02:00,-150.0,150.0,180388.4873877553,180438.49759183696,21.633440233236158
2026-04-27 09:30:00+02:00,-150.0,150.0,180425.2373877553,180425.2373877553,21.633440233236158
2026-04-27 09:45:00+02:00,-200.0,200.0,180411.9771836737,180461.9873877553,35.72915451895045
2026-04-27 10:00:00+02:00,-200.0,200.0,180460.9771836737,180460.9771836737,35.72915451895045
2026-04-27 10:15:00+02:00,-200.0,200.0,180459.96697959205,180509.9771836737,35.72915451895045
2026-04-27 10:30:00+02:00,-200.0,200.0,180508.96697959205,180508.96697959205,35.72915451895045
2026-04-27 10:45:00+02:00,-150.0,150.0,180507.9567755104,180557.96697959205,21.633440233236158
2026-04-27 11:00:00+02:00,-150.0,150.0,180544.7067755104,180544.7067755104,21.633440233236158
2026-04-27 11:15:00+02:00,-100.0,100.0,180531.4465714288,180581.4567755104,7.537725947521867
2026-04-27 11:30:00+02:00,-100.0,100.0,180555.9465714288,180555.9465714288,7.537725947521867
2026-04-27 11:45:00+02:00,-100.0,100.0,180530.43636734714,180580.4465714288,7.537725947521867
2026-04-27 12:00:00+02:00,-100.0,100.0,180554.93636734714,180554.93636734714,7.537725947521867
2026-04-27 12:15:00+02:00,-100.0,100.0,180529.42616326554,180579.43636734714,7.537725947521867
2026-04-27 12:30:00+02:00,-100.0,100.0,180553.92616326554,180553.92616326554,7.537725947521867
2026-04-27 12:45:00+02:00,-100.0,100.0,180528.41595918388,180578.42616326554,7.537725947521867
2026-04-27 13:00:00+02:00,-100.0,100.0,180552.91595918388,180552.91595918388,7.537725947521867
2026-04-27 13:15:00+02:00,-150.0,150.0,180527.40575510223,180577.41595918388,21.405807580174926
2026-04-27 13:30:00+02:00,-150.0,150.0,180564.15575510223,180564.15575510223,21.405807580174926
2026-04-27 13:45:00+02:00,-150.0,150.0,180550.89555102063,180600.90575510223,21.405807580174926
2026-04-27 14:00:00+02:00,-150.0,150.0,180587.64555102063,180587.64555102063,21.405807580174926
2026-04-27 14:15:00+02:00,-200.0,200.0,180574.38534693897,180624.39555102063,110.48897084548105
2026-04-27 14:30:00+02:00,-150.0,150.0,180623.38534693897,180623.38534693897,96.62088921282799
2026-04-27 14:45:00+02:00,-150.0,150.0,180610.12514285737,180660.13534693897,96.62088921282799
2026-04-27 15:00:00+02:00,-150.0,150.0,180646.87514285737,180646.87514285737,96.62088921282799
2026-04-27 15:15:00+02:00,-100.0,100.0,180649.88266938797,180683.62514285737,7.537725947521867
2026-04-27 15:30:00+02:00,-100.0,100.0,180674.38266938797,180674.38266938797,7.537725947521867
2026-04-27 15:45:00+02:00,-100.0,100.0,180673.87756734714,180698.88266938797,7.537725947521867
2026-04-27 16:00:00+02:00,-100.0,100.0,180698.37756734714,180698.37756734714,7.537725947521867
2026-04-27 16:15:00+02:00,-150.0,150.0,180697.87246530634,180722.87756734714,50.35017492711373
2026-04-27 16:30:00+02:00,-150.0,150.0,180734.62246530634,180734.62246530634,50.35017492711373
2026-04-27 16:45:00+02:00,-100.0,100.0,180746.36736326554,180771.37246530634,7.537725947521867
2026-04-27 17:00:00+02:00,-250.0,250.0,180770.86736326554,180770.86736326554,106.26397084548107
2026-04-27 17:15:00+02:00,-200.0,200.0,180782.10715918388,180832.11736326554,30.386419825072892
2026-04-27 17:30:00+02:00,-200.0,200.0,180831.10715918388,180831.10715918388,30.386419825072892
2026-04-27 17:45:00+02:00,-200.0,200.0,180850.4693959186,180880.10715918388,30.386419825072892
2026-04-27 18:00:00+02:00,-200.0,200.0,180899.4693959186,180899.4693959186,30.386419825072892
2026-04-27 18:15:00+02:00,-200.0,200.0,180923.46429387777,180948.4693959186,30.386419825072892
2026-04-27 18:30:00+02:00,-200.0,200.0,180972.46429387777,180972.46429387777,30.386419825072892
2026-04-27 18:45:00+02:00,-200.0,200.0,180996.45919183694,181021.46429387777,30.386419825072892
2026-04-27 19:00:00+02:00,-200.0,200.0,181045.45919183694,181045.45919183694,30.386419825072892
2026-04-27 19:15:00+02:00,-200.0,200.0,181069.4540897961,181094.45919183694,30.386419825072892
2026-04-27 19:30:00+02:00,-200.0,200.0,181118.4540897961,181118.4540897961,30.386419825072892
2026-04-27 19:45:00+02:00,-200.0,200.0,181150.5356000002,181167.4540897961,30.386419825072892
2026-04-27 20:00:00+02:00,-200.0,200.0,181199.5356000002,181199.5356000002,30.386419825072892
2026-04-27 20:15:00+02:00,-100.0,100.0,181248.5356000002,181248.5356000002,22.848693877551025
2026-04-27 20:30:00+02:00,-150.0,150.0,181273.0356000002,181273.0356000002,66.09889795918367
2026-04-27 20:45:00+02:00,-200.0,200.0,181309.7856000002,181309.7856000002,86.04107482993197
2026-04-27 21:00:00+02:00,-150.0,150.0,181358.7856000002,181358.7856000002,42.79087074829933
2026-04-27 21:15:00+02:00,-150.0,150.0,181395.5356000002,181395.5356000002,42.79087074829933
2026-04-27 21:30:00+02:00,-100.0,100.0,181432.2856000002,181432.2856000002,22.848693877551025
2026-04-27 21:45:00+02:00,-100.0,100.0,181456.7856000002,181456.7856000002,22.848693877551025
2026-04-27 22:00:00+02:00,-50.0,50.0,181481.2856000002,181481.2856000002,5.916326530612245
2026-04-27 22:15:00+02:00,-50.0,50.0,181493.5356000002,181493.5356000002,5.916326530612245
2026-04-27 22:30:00+02:00,0.0,0.0,181505.7856000002,181505.7856000002,0.0
2026-04-27 22:45:00+02:00,0.0,0.0,181505.7856000002,181505.7856000002,0.0
2026-04-27 23:00:00+02:00,0.0,0.0,181505.7856000002,181505.7856000002,0.0
2026-04-27 23:15:00+02:00,0.0,0.0,181505.7856000002,181505.7856000002,0.0
2026-04-27 23:30:00+02:00,0.0,0.0,181505.7856000002,181505.7856000002,0.0
2026-04-27 23:45:00+02:00,0.0,0.0,181505.7856000002,181505.7856000002,0.0
2026-04-28 00:00:00+02:00,0.0,0.0,181505.7856000002,181505.7856000002,0.0
2026-04-28 00:15:00+02:00,0.0,0.0,181505.7856000002,181505.7856000002,0.0
2026-04-28 00:30:00+02:00,0.0,0.0,181505.7856000002,181505.7856000002,0.0
2026-04-28 00:45:00+02:00,-50.0,50.0,181505.7856000002,181505.7856000002,15.920816326530614
2026-04-28 01:00:00+02:00,-50.0,50.0,181518.0356000002,181518.0356000002,15.920816326530614
2026-04-28 01:15:00+02:00,-50.0,50.0,181530.2856000002,181530.2856000002,15.920816326530614
2026-04-28 01:30:00+02:00,-50.0,50.0,181542.5356000002,181542.5356000002,15.920816326530614
2026-04-28 01:45:00+02:00,-50.0,50.0,181554.7856000002,181554.7856000002,15.920816326530614
2026-04-28 02:00:00+02:00,-50.0,50.0,181567.0356000002,181567.0356000002,15.920816326530614
2026-04-28 02:15:00+02:00,-50.0,50.0,181579.2856000002,181579.2856000002,15.920816326530614
2026-04-28 02:30:00+02:00,-50.0,50.0,181591.5356000002,181591.5356000002,15.920816326530614
2026-04-28 02:45:00+02:00,-50.0,50.0,181603.7856000002,181603.7856000002,15.920816326530614
2026-04-28 03:00:00+02:00,-50.0,50.0,181616.0356000002,181616.0356000002,15.920816326530614
2026-04-28 03:15:00+02:00,-50.0,50.0,181628.2856000002,181628.2856000002,15.920816326530614
2026-04-28 03:30:00+02:00,-100.0,100.0,181640.5356000002,181640.5356000002,56.807142857142864
2026-04-28 03:45:00+02:00,-150.0,150.0,181665.0356000002,181665.0356000002,83.07244897959185
2026-04-28 04:00:00+02:00,-50.0,50.0,181701.7856000002,181701.7856000002,26.26530612244898
2026-04-28 04:15:00+02:00,-50.0,50.0,181714.0356000002,181714.0356000002,26.26530612244898
2026-04-28 04:30:00+02:00,-50.0,50.0,181726.2856000002,181726.2856000002,26.26530612244898
2026-04-28 04:45:00+02:00,-50.0,50.0,181738.5356000002,181738.5356000002,26.26530612244898
2026-04-28 05:00:00+02:00,-50.0,50.0,181750.7856000002,181750.7856000002,26.26530612244898
2026-04-28 05:15:00+02:00,-50.0,50.0,181763.0356000002,181763.0356000002,26.26530612244898
2026-04-28 05:30:00+02:00,-100.0,100.0,181775.2856000002,181775.2856000002,41.70346938775509
2026-04-28 05:45:00+02:00,-100.0,100.0,181799.7856000002,181799.7856000002,41.70346938775509
2026-04-28 06:00:00+02:00,-100.0,100.0,181824.2856000002,181824.2856000002,41.70346938775509
2026-04-28 06:15:00+02:00,-100.0,100.0,181848.7856000002,181848.7856000002,41.70346938775509
2026-04-28 06:30:00+02:00,-100.0,100.0,181873.2856000002,181873.2856000002,41.70346938775509
2026-04-28 06:45:00+02:00,-100.0,100.0,181897.7856000002,181897.7856000002,41.70346938775509
2026-04-28 07:00:00+02:00,-50.0,50.0,181922.2856000002,181922.2856000002,26.26530612244898
2026-04-28 07:15:00+02:00,0.0,0.0,181934.5356000002,181934.5356000002,0.0
2026-04-28 07:30:00+02:00,0.0,0.0,181934.5356000002,181934.5356000002,0.0
2026-04-28 07:45:00+02:00,0.0,0.0,181934.5356000002,181934.5356000002,0.0
2026-04-28 08:00:00+02:00,-50.0,50.0,181934.5356000002,181934.5356000002,33.969795918367346
2026-04-28 08:15:00+02:00,-50.0,50.0,181946.7856000002,181946.7856000002,33.969795918367346
2026-04-28 08:30:00+02:00,-50.0,50.0,181959.0356000002,181959.0356000002,33.969795918367346
2026-04-28 08:45:00+02:00,-50.0,50.0,181971.2856000002,181971.2856000002,33.969795918367346
2026-04-28 09:00:00+02:00,-50.0,50.0,181983.5356000002,181983.5356000002,33.969795918367346
2026-04-28 09:15:00+02:00,-50.0,50.0,181995.7856000002,181995.7856000002,13.726054421768708
2026-04-28 09:30:00+02:00,-50.0,50.0,182008.0356000002,182008.0356000002,13.726054421768708
2026-04-28 09:45:00+02:00,-100.0,100.0,182020.2856000002,182020.2856000002,16.101049562682217
2026-04-28 10:00:00+02:00,-150.0,150.0,182019.78049795938,182044.7856000002,19.468845481049563
2026-04-28 10:15:00+02:00,-150.0,150.0,182031.52539591858,182056.53049795938,19.468845481049563
2026-04-28 10:30:00+02:00,-150.0,150.0,182043.27029387775,182068.27539591858,19.468845481049563
2026-04-28 10:45:00+02:00,-100.0,100.0,182055.01519183695,182080.02029387775,5.742791059280856
2026-04-28 11:00:00+02:00,-100.0,100.0,182054.51008979612,182079.51519183695,5.742791059280856
2026-04-28 11:15:00+02:00,-100.0,100.0,182054.0049877553,182079.01008979612,5.742791059280856
2026-04-28 11:30:00+02:00,-100.0,100.0,182053.49988571447,182078.5049877553,5.742791059280856
2026-04-28 11:45:00+02:00,-100.0,100.0,182052.99478367367,182077.99988571447,5.742791059280856
2026-04-28 12:00:00+02:00,-100.0,100.0,182052.48968163284,182077.49478367367,5.742791059280856
2026-04-28 12:15:00+02:00,-150.0,150.0,182051.98457959204,182076.98968163284,30.289503077421436
2026-04-28 12:30:00+02:00,-150.0,150.0,182063.7294775512,182088.73457959204,30.289503077421436
2026-04-28 12:45:00+02:00,-150.0,150.0,182075.4743755104,182100.4794775512,30.289503077421436
2026-04-28 13:00:00+02:00,-150.0,150.0,182087.2192734696,182112.2243755104,30.289503077421436
2026-04-28 13:15:00+02:00,-150.0,150.0,182098.9641714288,182123.9692734696,30.289503077421436
2026-04-28 13:30:00+02:00,-150.0,150.0,182110.70906938796,182135.7141714288,30.289503077421436
2026-04-28 13:45:00+02:00,-150.0,150.0,182122.45396734716,182147.45906938796,30.289503077421436
2026-04-28 14:00:00+02:00,-200.0,200.0,182134.19886530633,182159.20396734713,47.13431940395205
2026-04-28 14:15:00+02:00,-200.0,200.0,182158.1937632655,182183.1988653063,47.13431940395205
2026-04-28 14:30:00+02:00,-150.0,150.0,182182.18866122467,182207.19376326547,22.587607385811467
2026-04-28 14:45:00+02:00,-150.0,150.0,182193.93355918388,182218.93866122467,22.587607385811467
2026-04-28 15:00:00+02:00,-200.0,200.0,182205.67845714305,182230.68355918388,117.95985228377063
2026-04-28 15:15:00+02:00,-100.0,100.0,182229.67335510222,182254.67845714305,5.742791059280856
2026-04-28 15:30:00+02:00,-100.0,100.0,182229.16825306142,182254.17335510222,5.742791059280856
2026-04-28 15:45:00+02:00,-100.0,100.0,182228.66315102062,182253.66825306142,5.742791059280856
2026-04-28 16:00:00+02:00,-100.0,100.0,182228.1580489798,182253.16315102062,5.742791059280856
2026-04-28 16:15:00+02:00,-100.0,100.0,182227.65294693896,182252.6580489798,5.742791059280856
2026-04-28 16:30:00+02:00,-100.0,100.0,182227.14784489814,182252.15294693896,5.742791059280856
2026-04-28 16:45:00+02:00,-100.0,100.0,182226.6427428573,182251.64784489814,5.742791059280856
2026-04-28 17:00:00+02:00,-100.0,100.0,182226.1376408165,182251.1427428573,5.742791059280856
2026-04-28 17:15:00+02:00,-100.0,100.0,182225.6325387757,182250.6376408165,5.742791059280856
2026-04-28 17:30:00+02:00,-150.0,150.0,182225.12743673488,182250.1325387757,33.68129446064139
2026-04-28 17:45:00+02:00,-150.0,150.0,182236.87233469405,182261.87743673488,33.68129446064139
2026-04-28 18:00:00+02:00,-200.0,200.0,182256.95876734713,182273.62233469405,45.42660058309037
2026-04-28 18:15:00+02:00,-150.0,150.0,182271.33886530632,182305.95876734713,17.488097181729838
2026-04-28 18:30:00+02:00,-150.0,150.0,182308.08886530632,182308.08886530632,17.488097181729838
2026-04-28 18:45:00+02:00,-150.0,150.0,182322.44760000016,182344.83886530632,17.488097181729838
2026-04-28 19:00:00+02:00,-150.0,150.0,182359.19760000016,182359.19760000016,17.488097181729838
2026-04-28 19:15:00+02:00,-200.0,200.0,182395.94760000016,182395.94760000016,25.744423712342083
2026-04-28 19:30:00+02:00,-200.0,200.0,182419.94249795933,182444.94760000016,25.744423712342083
2026-04-28 19:45:00+02:00,-200.0,200.0,182468.94249795933,182468.94249795933,25.744423712342083
2026-04-28 20:00:00+02:00,-200.0,200.0,182497.20080000017,182517.94249795933,25.744423712342083
2026-04-28 20:15:00+02:00,-150.0,150.0,182546.20080000017,182546.20080000017,23.369428571428575
2026-04-28 20:30:00+02:00,-150.0,150.0,182582.95080000017,182582.95080000017,23.369428571428575
2026-04-28 20:45:00+02:00,-250.0,250.0,182619.70080000017,182619.70080000017,60.17198639455782
2026-04-28 21:00:00+02:00,-250.0,250.0,182678.10200000016,182680.95080000017,60.17198639455782
2026-04-28 21:15:00+02:00,-200.0,200.0,182739.35200000016,182739.35200000016,48.42668027210884
2026-04-28 21:30:00+02:00,-150.0,150.0,182788.35200000016,182788.35200000016,23.542734693877556
2026-04-28 21:45:00+02:00,-150.0,150.0,182825.10200000016,182825.10200000016,23.542734693877556
2026-04-28 22:00:00+02:00,-50.0,50.0,182861.85200000016,182861.85200000016,3.367795918367347
2026-04-28 22:15:00+02:00,-50.0,50.0,182874.10200000016,182874.10200000016,3.367795918367347
2026-04-28 22:30:00+02:00,0.0,0.0,182886.35200000016,182886.35200000016,0.0
2026-04-28 22:45:00+02:00,0.0,0.0,182886.35200000016,182886.35200000016,0.0
2026-04-28 23:00:00+02:00,0.0,0.0,182886.35200000016,182886.35200000016,0.0
2026-04-28 23:15:00+02:00,0.0,0.0,182886.35200000016,182886.35200000016,0.0
2026-04-28 23:30:00+02:00,0.0,0.0,182886.35200000016,182886.35200000016,0.0
2026-04-28 23:45:00+02:00,0.0,0.0,182886.35200000016,182886.35200000016,0.0
2026-04-29 00:00:00+02:00,0.0,0.0,182886.35200000016,182886.35200000016,0.0
2026-04-29 00:15:00+02:00,0.0,0.0,182886.35200000016,182886.35200000016,0.0
2026-04-29 00:30:00+02:00,-50.0,50.0,182886.35200000016,182886.35200000016,3.5750000000000006
2026-04-29 00:45:00+02:00,-50.0,50.0,182873.59689795933,182898.60200000016,3.5750000000000006
2026-04-29 01:00:00+02:00,-50.0,50.0,182885.84689795933,182885.84689795933,3.5750000000000006
2026-04-29 01:15:00+02:00,-50.0,50.0,182873.09179591853,182898.09689795933,3.5750000000000006
2026-04-29 01:30:00+02:00,-50.0,50.0,182885.34179591853,182885.34179591853,3.5750000000000006
2026-04-29 01:45:00+02:00,-50.0,50.0,182872.5866938777,182897.59179591853,3.5750000000000006
2026-04-29 02:00:00+02:00,-100.0,100.0,182884.8366938777,182884.8366938777,106.85602040816326
2026-04-29 02:15:00+02:00,-100.0,100.0,182884.3315918369,182909.3366938777,106.85602040816326
2026-04-29 02:30:00+02:00,-100.0,100.0,182908.8315918369,182908.8315918369,33.36180272108844
2026-04-29 02:45:00+02:00,-150.0,150.0,182908.32648979608,182933.3315918369,36.15282312925171
2026-04-29 03:00:00+02:00,-200.0,200.0,182920.07138775525,182945.07648979608,172.64486394557824
2026-04-29 03:15:00+02:00,-200.0,200.0,182944.06628571442,182969.07138775525,172.64486394557824
2026-04-29 03:30:00+02:00,-150.0,150.0,182968.06118367362,182993.06628571442,36.15282312925171
2026-04-29 03:45:00+02:00,-200.0,200.0,182979.80608163282,183004.81118367362,214.8736394557823
2026-04-29 04:00:00+02:00,-200.0,200.0,183003.800979592,183028.80608163282,214.8736394557823
2026-04-29 04:15:00+02:00,-150.0,150.0,183027.79587755117,183052.800979592,36.15282312925171
2026-04-29 04:30:00+02:00,-150.0,150.0,183039.54077551037,183064.54587755117,36.15282312925171
2026-04-29 04:45:00+02:00,-100.0,100.0,183066.4155918369,183076.29077551037,6.366020408163267
2026-04-29 05:00:00+02:00,-100.0,100.0,183065.91048979608,183090.9155918369,6.366020408163267
2026-04-29 05:15:00+02:00,-100.0,100.0,183090.41048979608,183090.41048979608,6.366020408163267
2026-04-29 05:30:00+02:00,-100.0,100.0,183089.90538775525,183114.91048979608,6.366020408163267
2026-04-29 05:45:00+02:00,-100.0,100.0,183114.40538775525,183114.40538775525,6.366020408163267
2026-04-29 06:00:00+02:00,-100.0,100.0,183113.90028571445,183138.90538775525,6.366020408163267
2026-04-29 06:15:00+02:00,-100.0,100.0,183138.40028571445,183138.40028571445,6.366020408163267
2026-04-29 06:30:00+02:00,-50.0,50.0,183137.89518367362,183162.90028571445,2.791020408163267
2026-04-29 06:45:00+02:00,-50.0,50.0,183150.14518367362,183150.14518367362,2.791020408163267
2026-04-29 07:00:00+02:00,-50.0,50.0,183137.39008163282,183162.39518367362,2.791020408163267
2026-04-29 07:15:00+02:00,-50.0,50.0,183149.64008163282,183149.64008163282,2.791020408163267
2026-04-29 07:30:00+02:00,-100.0,100.0,183136.884979592,183161.89008163282,5.517468004150814
2026-04-29 07:45:00+02:00,-100.0,100.0,183136.3798775512,183161.384979592,5.517468004150814
2026-04-29 08:00:00+02:00,-100.0,100.0,183135.87477551037,183160.8798775512,5.517468004150814
2026-04-29 08:15:00+02:00,-150.0,150.0,183135.36967346954,183160.37477551037,8.080767323878705
2026-04-29 08:30:00+02:00,-150.0,150.0,183122.10946938794,183172.11967346954,8.080767323878705
2026-04-29 08:45:00+02:00,-150.0,150.0,183133.8543673471,183158.85946938794,8.080767323878705
2026-04-29 09:00:00+02:00,-150.0,150.0,183131.67208979608,183170.6043673471,8.080767323878705
2026-04-29 09:15:00+02:00,-200.0,200.0,183143.41698775528,183168.42208979608,68.04348841231408
2026-04-29 09:30:00+02:00,-300.0,300.0,183167.41188571448,183192.41698775528,85.09419269402677
2026-04-29 09:45:00+02:00,-300.0,300.0,183190.90168163285,183240.91188571448,85.09419269402677
2026-04-29 10:00:00+02:00,-350.0,350.0,183239.39657959202,183264.40168163285,101.92733555116962
2026-04-29 10:15:00+02:00,-350.0,350.0,183275.1363755104,183325.14657959202,101.92733555116962
2026-04-29 10:30:00+02:00,-350.0,350.0,183335.88127346957,183360.8863755104,101.92733555116962
2026-04-29 10:45:00+02:00,-300.0,300.0,183371.6210693879,183421.63127346957,41.96461446273425
2026-04-29 11:00:00+02:00,-200.0,200.0,183420.1159673471,183445.1210693879,25.03896820423084
2026-04-29 11:15:00+02:00,-150.0,150.0,183419.10576326548,183469.1159673471,8.205825347087988
2026-04-29 11:30:00+02:00,-150.0,150.0,183430.85066122466,183455.85576326548,8.205825347087988
2026-04-29 11:45:00+02:00,-150.0,150.0,183417.59045714303,183467.60066122466,8.205825347087988
2026-04-29 12:00:00+02:00,-150.0,150.0,183429.33535510223,183454.34045714303,8.205825347087988
2026-04-29 12:15:00+02:00,-150.0,150.0,183416.0751510206,183466.08535510223,8.205825347087988
2026-04-29 12:30:00+02:00,-150.0,150.0,183427.82004897977,183452.8251510206,8.205825347087988
2026-04-29 12:45:00+02:00,-150.0,150.0,183414.55984489815,183464.57004897977,8.205825347087988
2026-04-29 13:00:00+02:00,-150.0,150.0,183426.30474285732,183451.30984489815,8.205825347087988
2026-04-29 13:15:00+02:00,-150.0,150.0,183413.0445387757,183463.05474285732,8.205825347087988
2026-04-29 13:30:00+02:00,-150.0,150.0,183424.7894367349,183449.7945387757,8.205825347087988
2026-04-29 13:45:00+02:00,-150.0,150.0,183411.52923265324,183461.5394367349,8.205825347087988
2026-04-29 14:00:00+02:00,-150.0,150.0,183423.2741306124,183448.27923265324,8.205825347087988
2026-04-29 14:15:00+02:00,-150.0,150.0,183410.01392653078,183460.0241306124,8.205825347087988
2026-04-29 14:30:00+02:00,-150.0,150.0,183421.75882448998,183446.76392653078,8.205825347087988
2026-04-29 14:45:00+02:00,-200.0,200.0,183408.49862040835,183458.50882448998,398.97521310218997
2026-04-29 15:00:00+02:00,-200.0,200.0,183432.49351836753,183457.49862040835,72.00133555116959
2026-04-29 15:15:00+02:00,-150.0,150.0,183431.4833142859,183481.49351836753,8.205825347087988
2026-04-29 15:30:00+02:00,-150.0,150.0,183443.22821224507,183468.2333142859,8.205825347087988
2026-04-29 15:45:00+02:00,-150.0,150.0,183429.96800816344,183479.97821224507,8.205825347087988
2026-04-29 16:00:00+02:00,-150.0,150.0,183441.71290612264,183466.71800816344,8.205825347087988
2026-04-29 16:15:00+02:00,-150.0,150.0,183428.452702041,183478.46290612264,8.205825347087988
2026-04-29 16:30:00+02:00,-200.0,200.0,183440.19760000016,183465.202702041,29.539090653210433
2026-04-29 16:45:00+02:00,-200.0,200.0,183439.18739591853,183489.19760000016,29.539090653210433
2026-04-29 17:00:00+02:00,-200.0,200.0,183463.18229387773,183488.18739591853,29.539090653210433
2026-04-29 17:15:00+02:00,-200.0,200.0,183462.1720897961,183512.18229387773,29.539090653210433
2026-04-29 17:30:00+02:00,-150.0,150.0,183493.8415265308,183511.1720897961,8.205825347087988
2026-04-29 17:45:00+02:00,-150.0,150.0,183480.58132244917,183530.5915265308,8.205825347087988
2026-04-29 18:00:00+02:00,-150.0,150.0,183517.33132244917,183517.33132244917,8.205825347087988
2026-04-29 18:15:00+02:00,-150.0,150.0,183504.07111836754,183554.08132244917,8.205825347087988
2026-04-29 18:30:00+02:00,-150.0,150.0,183540.82111836754,183540.82111836754,8.205825347087988
2026-04-29 18:45:00+02:00,-200.0,200.0,183537.5714612247,183577.57111836754,72.05970289810844
2026-04-29 19:00:00+02:00,-150.0,150.0,183586.5714612247,183586.5714612247,8.205825347087988
2026-04-29 19:15:00+02:00,-150.0,150.0,183619.4140000002,183623.3214612247,8.205825347087988
2026-04-29 19:30:00+02:00,-150.0,150.0,183656.1640000002,183656.1640000002,8.205825347087988
2026-04-29 19:45:00+02:00,-150.0,150.0,183692.9140000002,183692.9140000002,8.205825347087988
2026-04-29 20:00:00+02:00,-150.0,150.0,183729.6640000002,183729.6640000002,8.205825347087988
2026-04-29 20:15:00+02:00,-150.0,150.0,183766.4140000002,183766.4140000002,89.9833423538907
2026-04-29 20:30:00+02:00,-100.0,100.0,183803.1640000002,183803.1640000002,5.642526027360097
2026-04-29 20:45:00+02:00,-200.0,200.0,183827.6640000002,183827.6640000002,159.09028112940092
2026-04-29 21:00:00+02:00,-200.0,200.0,183876.6640000002,183876.6640000002,159.09028112940092
2026-04-29 21:15:00+02:00,-200.0,200.0,183925.6640000002,183925.6640000002,159.09028112940092
2026-04-29 21:30:00+02:00,-100.0,100.0,183974.6640000002,183974.6640000002,5.642526027360097
2026-04-29 21:45:00+02:00,-100.0,100.0,183999.1640000002,183999.1640000002,5.642526027360097
2026-04-29 22:00:00+02:00,-100.0,100.0,184023.6640000002,184023.6640000002,5.642526027360097
2026-04-29 22:15:00+02:00,0.0,0.0,184048.1640000002,184048.1640000002,0.0
2026-04-29 22:30:00+02:00,0.0,0.0,184048.1640000002,184048.1640000002,0.0
2026-04-29 22:45:00+02:00,0.0,0.0,184048.1640000002,184048.1640000002,0.0
2026-04-29 23:00:00+02:00,0.0,0.0,184048.1640000002,184048.1640000002,0.0
2026-04-29 23:15:00+02:00,0.0,0.0,184048.1640000002,184048.1640000002,0.0
2026-04-29 23:30:00+02:00,0.0,0.0,184048.1640000002,184048.1640000002,0.0
2026-04-29 23:45:00+02:00,0.0,0.0,184048.1640000002,184048.1640000002,0.0
2026-04-30 00:00:00+02:00,0.0,0.0,184048.1640000002,184048.1640000002,0.0
2026-04-30 00:15:00+02:00,0.0,0.0,184048.1640000002,184048.1640000002,0.0
2026-04-30 00:30:00+02:00,0.0,0.0,184048.1640000002,184048.1640000002,0.0
2026-04-30 00:45:00+02:00,0.0,0.0,184048.1640000002,184048.1640000002,0.0
2026-04-30 01:00:00+02:00,0.0,0.0,184048.1640000002,184048.1640000002,0.0
2026-04-30 01:15:00+02:00,0.0,0.0,184048.1640000002,184048.1640000002,0.0
2026-04-30 01:30:00+02:00,-50.0,50.0,184048.1640000002,184048.1640000002,18.866122448979592
2026-04-30 01:45:00+02:00,-50.0,50.0,184060.4140000002,184060.4140000002,18.866122448979592
2026-04-30 02:00:00+02:00,-100.0,100.0,184072.6640000002,184072.6640000002,86.32904761904763
2026-04-30 02:15:00+02:00,-150.0,150.0,184097.1640000002,184097.1640000002,103.89761904761906
2026-04-30 02:30:00+02:00,-150.0,150.0,184133.9140000002,184133.9140000002,103.89761904761906
2026-04-30 02:45:00+02:00,-150.0,150.0,184170.6640000002,184170.6640000002,103.89761904761906
2026-04-30 03:00:00+02:00,-150.0,150.0,184207.4140000002,184207.4140000002,103.89761904761906
2026-04-30 03:15:00+02:00,-150.0,150.0,184244.1640000002,184244.1640000002,103.89761904761906
2026-04-30 03:30:00+02:00,-100.0,100.0,184280.9140000002,184280.9140000002,36.43469387755102
2026-04-30 03:45:00+02:00,-100.0,100.0,184305.4140000002,184305.4140000002,36.43469387755102
2026-04-30 04:00:00+02:00,-150.0,150.0,184329.9140000002,184329.9140000002,306.7922448979591
2026-04-30 04:15:00+02:00,-100.0,100.0,184366.6640000002,184366.6640000002,36.43469387755102
2026-04-30 04:30:00+02:00,-100.0,100.0,184391.1640000002,184391.1640000002,36.43469387755102
2026-04-30 04:45:00+02:00,-50.0,50.0,184415.6640000002,184415.6640000002,17.568571428571428
2026-04-30 05:00:00+02:00,-50.0,50.0,184427.9140000002,184427.9140000002,17.568571428571428
2026-04-30 05:15:00+02:00,-50.0,50.0,184440.1640000002,184440.1640000002,17.568571428571428
2026-04-30 05:30:00+02:00,-50.0,50.0,184452.4140000002,184452.4140000002,17.568571428571428
2026-04-30 05:45:00+02:00,0.0,0.0,184464.6640000002,184464.6640000002,0.0
2026-04-30 06:00:00+02:00,0.0,0.0,184464.6640000002,184464.6640000002,0.0
2026-04-30 06:15:00+02:00,-50.0,50.0,184464.6640000002,184464.6640000002,117.31836734693876
2026-04-30 06:30:00+02:00,0.0,0.0,184476.9140000002,184476.9140000002,0.0
2026-04-30 06:45:00+02:00,0.0,0.0,184476.9140000002,184476.9140000002,0.0
2026-04-30 07:00:00+02:00,0.0,0.0,184476.9140000002,184476.9140000002,0.0
2026-04-30 07:15:00+02:00,-50.0,50.0,184476.9140000002,184476.9140000002,3.4768008825151684
2026-04-30 07:30:00+02:00,-50.0,50.0,184464.1588979594,184489.1640000002,3.4768008825151684
2026-04-30 07:45:00+02:00,-50.0,50.0,184476.4088979594,184476.4088979594,3.4768008825151684
2026-04-30 08:00:00+02:00,-100.0,100.0,184463.6537959186,184488.6588979594,11.39962779105636
2026-04-30 08:15:00+02:00,-150.0,150.0,184463.14869387777,184488.1537959186,35.587056362484944
2026-04-30 08:30:00+02:00,-150.0,150.0,184474.89359183694,184499.89869387777,35.587056362484944
2026-04-30 08:45:00+02:00,-200.0,200.0,184486.63848979614,184511.64359183694,47.38559863653742
2026-04-30 09:00:00+02:00,-250.0,250.0,184505.8213877553,184535.63848979614,50.770904758986404
2026-04-30 09:15:00+02:00,-250.0,250.0,184517.06118367365,184567.0713877553,50.770904758986404
2026-04-30 09:30:00+02:00,-200.0,200.0,184553.30608163285,184578.31118367365,26.583476187557817
2026-04-30 09:45:00+02:00,-200.0,200.0,184552.29587755125,184602.30608163285,26.583476187557817
2026-04-30 10:00:00+02:00,-200.0,200.0,184576.29077551042,184601.29587755125,26.583476187557817
2026-04-30 10:15:00+02:00,-250.0,250.0,184575.28057142877,184625.29077551042,32.63283478814091
2026-04-30 10:30:00+02:00,-200.0,200.0,184586.5203673471,184636.53057142877,20.834292514088432
2026-04-30 10:45:00+02:00,-200.0,200.0,184585.51016326548,184635.5203673471,20.834292514088432
2026-04-30 11:00:00+02:00,-200.0,200.0,184584.4999591839,184634.51016326548,20.834292514088432
2026-04-30 11:15:00+02:00,-200.0,200.0,184583.48975510226,184633.4999591839,20.834292514088432
2026-04-30 11:30:00+02:00,-200.0,200.0,184582.4795510206,184632.48975510226,20.834292514088432
2026-04-30 11:45:00+02:00,-200.0,200.0,184581.46934693895,184631.4795510206,20.834292514088432
2026-04-30 12:00:00+02:00,-200.0,200.0,184591.97675102061,184630.46934693895,20.834292514088432
2026-04-30 12:15:00+02:00,-200.0,200.0,184590.96654693902,184640.97675102061,20.834292514088432
2026-04-30 12:30:00+02:00,-200.0,200.0,184614.9614448982,184639.96654693902,20.834292514088432
2026-04-30 12:45:00+02:00,-200.0,200.0,184621.7782612247,184663.9614448982,20.834292514088432
2026-04-30 13:00:00+02:00,-200.0,200.0,184645.7731591839,184670.7782612247,20.834292514088432
2026-04-30 13:15:00+02:00,-200.0,200.0,184669.76805714308,184694.7731591839,20.834292514088432
2026-04-30 13:30:00+02:00,-250.0,250.0,184693.76295510228,184718.76805714308,53.704836731775515
2026-04-30 13:45:00+02:00,-200.0,200.0,184730.00785306146,184755.01295510228,47.655478131192424
2026-04-30 14:00:00+02:00,-200.0,200.0,184776.89297959206,184779.00785306146,47.655478131192424
2026-04-30 14:15:00+02:00,-200.0,200.0,184800.88787755123,184825.89297959206,47.655478131192424
2026-04-30 14:30:00+02:00,-250.0,250.0,184849.88787755123,184849.88787755123,131.82119241690668
2026-04-30 14:45:00+02:00,-200.0,200.0,184886.13277551043,184911.13787755123,47.655478131192424
2026-04-30 15:00:00+02:00,-150.0,150.0,184935.13277551043,184935.13277551043,14.784933913505341
2026-04-30 15:15:00+02:00,-150.0,150.0,184946.87767346963,184971.88277551043,14.784933913505341
2026-04-30 15:30:00+02:00,-150.0,150.0,184983.62767346963,184983.62767346963,14.784933913505341
2026-04-30 15:45:00+02:00,-150.0,150.0,184995.3725714288,185020.37767346963,14.784933913505341
2026-04-30 16:00:00+02:00,-200.0,200.0,185032.1225714288,185032.1225714288,17.688238719298628
2026-04-30 16:15:00+02:00,-200.0,200.0,185031.11236734714,185081.1225714288,17.688238719298628
2026-04-30 16:30:00+02:00,-150.0,150.0,185080.11236734714,185080.11236734714,14.211437836783459
2026-04-30 16:45:00+02:00,-150.0,150.0,185066.85216326552,185116.86236734714,14.211437836783459
2026-04-30 17:00:00+02:00,-150.0,150.0,185103.60216326555,185103.60216326555,14.211437836783459
2026-04-30 17:15:00+02:00,-150.0,150.0,185090.3419591839,185140.35216326555,14.211437836783459
2026-04-30 17:30:00+02:00,-150.0,150.0,185127.0919591839,185127.0919591839,14.211437836783459
2026-04-30 17:45:00+02:00,-150.0,150.0,185113.8317551023,185163.8419591839,14.211437836783459
2026-04-30 18:00:00+02:00,-150.0,150.0,185150.5817551023,185150.5817551023,14.211437836783459
2026-04-30 18:15:00+02:00,-150.0,150.0,185137.32155102064,185187.3317551023,14.211437836783459
2026-04-30 18:30:00+02:00,-150.0,150.0,185174.07155102064,185174.07155102064,14.211437836783459
2026-04-30 18:45:00+02:00,-150.0,150.0,185178.56378775532,185210.82155102064,14.211437836783459
2026-04-30 19:00:00+02:00,-200.0,200.0,185215.31378775532,185215.31378775532,37.92609089800794
2026-04-30 19:15:00+02:00,-200.0,200.0,185239.30868571452,185264.31378775532,37.92609089800794
2026-04-30 19:30:00+02:00,-200.0,200.0,185288.30868571452,185288.30868571452,37.92609089800794
2026-04-30 19:45:00+02:00,-200.0,200.0,185312.3035836737,185337.30868571452,37.92609089800794
2026-04-30 20:00:00+02:00,-250.0,250.0,185361.3035836737,185361.3035836737,62.61547865310999
2026-04-30 20:15:00+02:00,-250.0,250.0,185397.5484816329,185422.5535836737,62.61547865310999
2026-04-30 20:30:00+02:00,-300.0,300.0,185458.7984816329,185458.7984816329,104.55241742862022
2026-04-30 20:45:00+02:00,-300.0,300.0,185507.29337959207,185532.2984816329,104.55241742862022
2026-04-30 21:00:00+02:00,-250.0,250.0,185580.79337959207,185580.79337959207,62.61547865310999
2026-04-30 21:15:00+02:00,-250.0,250.0,185617.03827755124,185642.04337959207,62.61547865310999
2026-04-30 21:30:00+02:00,-150.0,150.0,185678.28827755124,185678.28827755124,30.977998683344307
2026-04-30 21:45:00+02:00,-150.0,150.0,185698.54680000024,185715.03827755124,30.977998683344307
2026-04-30 22:00:00+02:00,-150.0,150.0,185735.29680000024,185735.29680000024,30.977998683344307
2026-04-30 22:15:00+02:00,-100.0,100.0,185772.04680000024,185772.04680000024,6.2886109282422655
2026-04-30 22:30:00+02:00,-50.0,50.0,185796.54680000024,185796.54680000024,2.9033048057932853
2026-04-30 22:45:00+02:00,-50.0,50.0,185808.79680000024,185808.79680000024,2.9033048057932853
2026-04-30 23:00:00+02:00,-50.0,50.0,185821.04680000024,185821.04680000024,2.9033048057932853
2026-04-30 23:15:00+02:00,-50.0,50.0,185833.29680000024,185833.29680000024,2.9033048057932853
2026-04-30 23:30:00+02:00,-50.0,50.0,185845.54680000024,185845.54680000024,2.9033048057932853
2026-04-30 23:45:00+02:00,0.0,0.0,185857.79680000024,185857.79680000024,0.0
2026-05-01 00:00:00+02:00,0.0,0.0,185857.79680000024,185857.79680000024,0.0
2026-05-01 00:15:00+02:00,0.0,0.0,185857.79680000024,185857.79680000024,0.0
2026-05-01 00:30:00+02:00,0.0,0.0,185857.79680000024,185857.79680000024,0.0
2026-05-01 00:45:00+02:00,0.0,0.0,185857.79680000024,185857.79680000024,0.0
2026-05-01 01:00:00+02:00,0.0,0.0,185857.79680000024,185857.79680000024,0.0
2026-05-01 01:15:00+02:00,0.0,0.0,185857.79680000024,185857.79680000024,0.0
2026-05-01 01:30:00+02:00,0.0,0.0,185857.79680000024,185857.79680000024,0.0
2026-05-01 01:45:00+02:00,0.0,0.0,185857.79680000024,185857.79680000024,0.0
2026-05-01 02:00:00+02:00,-50.0,50.0,185857.79680000024,185857.79680000024,41.547823129251704
2026-05-01 02:15:00+02:00,-50.0,50.0,185870.04680000024,185870.04680000024,41.547823129251704
2026-05-01 02:30:00+02:00,-100.0,100.0,185882.29680000024,185882.29680000024,71.42541950113379
2026-05-01 02:45:00+02:00,-100.0,100.0,185906.79680000024,185906.79680000024,71.42541950113379
2026-05-01 03:00:00+02:00,-200.0,200.0,185931.29680000024,185931.29680000024,168.513664399093
2026-05-01 03:15:00+02:00,-200.0,200.0,185980.29680000024,185980.29680000024,168.513664399093
2026-05-01 03:30:00+02:00,-150.0,150.0,186029.29680000024,186029.29680000024,126.96584126984128
2026-05-01 03:45:00+02:00,-150.0,150.0,186066.04680000024,186066.04680000024,126.96584126984128
2026-05-01 04:00:00+02:00,-150.0,150.0,186102.79680000024,186102.79680000024,126.96584126984128
2026-05-01 04:15:00+02:00,-100.0,100.0,186139.54680000024,186139.54680000024,62.1664126984127
2026-05-01 04:30:00+02:00,-100.0,100.0,186164.04680000024,186164.04680000024,62.1664126984127
2026-05-01 04:45:00+02:00,-50.0,50.0,186188.54680000024,186188.54680000024,32.288816326530615
2026-05-01 05:00:00+02:00,-50.0,50.0,186200.79680000024,186200.79680000024,32.288816326530615
2026-05-01 05:15:00+02:00,-50.0,50.0,186213.04680000024,186213.04680000024,32.288816326530615
2026-05-01 05:30:00+02:00,0.0,0.0,186225.29680000024,186225.29680000024,0.0
2026-05-01 05:45:00+02:00,0.0,0.0,186225.29680000024,186225.29680000024,0.0
2026-05-01 06:00:00+02:00,-50.0,50.0,186225.29680000024,186225.29680000024,20.997653061224497
2026-05-01 06:15:00+02:00,-50.0,50.0,186237.54680000024,186237.54680000024,20.997653061224497
2026-05-01 06:30:00+02:00,-50.0,50.0,186249.79680000024,186249.79680000024,20.997653061224497
2026-05-01 06:45:00+02:00,-50.0,50.0,186262.04680000024,186262.04680000024,20.997653061224497
2026-05-01 07:00:00+02:00,0.0,0.0,186274.29680000024,186274.29680000024,0.0
2026-05-01 07:15:00+02:00,-50.0,50.0,186274.29680000024,186274.29680000024,7.00938775510204
2026-05-01 07:30:00+02:00,-50.0,50.0,186261.54169795942,186286.54680000024,7.00938775510204
2026-05-01 07:45:00+02:00,-100.0,100.0,186273.79169795942,186273.79169795942,11.08192231731402
2026-05-01 08:00:00+02:00,-200.0,200.0,186248.28149387776,186298.29169795942,56.141514154048714
2026-05-01 08:15:00+02:00,-200.0,200.0,186295.95869387776,186297.28149387776,56.141514154048714
2026-05-01 08:30:00+02:00,-200.0,200.0,186310.77499591862,186344.9586938778,56.141514154048714
2026-05-01 08:45:00+02:00,-200.0,200.0,186359.77499591865,186359.77499591865,56.141514154048714
2026-05-01 09:00:00+02:00,-200.0,200.0,186383.76989387782,186408.77499591865,56.141514154048714
2026-05-01 09:15:00+02:00,-250.0,250.0,186432.76989387782,186432.76989387782,56.80775606544742
2026-05-01 09:30:00+02:00,-250.0,250.0,186444.0096897962,186494.01989387782,56.80775606544742
2026-05-01 09:45:00+02:00,-150.0,150.0,186505.2596897962,186505.2596897962,11.748164228712728
2026-05-01 10:00:00+02:00,-100.0,100.0,186491.99948571456,186542.0096897962,4.738776473610688
2026-05-01 10:15:00+02:00,-150.0,150.0,186516.49948571456,186516.49948571456,36.69489892259028
2026-05-01 10:30:00+02:00,-150.0,150.0,186503.2392816329,186553.24948571456,36.69489892259028
2026-05-01 10:45:00+02:00,-100.0,100.0,186539.9892816329,186539.9892816329,4.738776473610688
2026-05-01 11:00:00+02:00,-100.0,100.0,186514.47907755128,186564.4892816329,4.738776473610688
2026-05-01 11:15:00+02:00,-100.0,100.0,186538.97907755128,186538.97907755128,4.738776473610688
2026-05-01 11:30:00+02:00,-100.0,100.0,186513.46887346965,186563.47907755128,4.738776473610688
2026-05-01 11:45:00+02:00,-100.0,100.0,186537.96887346965,186537.96887346965,4.738776473610688
2026-05-01 12:00:00+02:00,-100.0,100.0,186512.45866938803,186562.46887346965,4.738776473610688
2026-05-01 12:15:00+02:00,-100.0,100.0,186536.95866938803,186536.95866938803,4.738776473610688
2026-05-01 12:30:00+02:00,-100.0,100.0,186511.4484653064,186561.45866938803,4.738776473610688
2026-05-01 12:45:00+02:00,-100.0,100.0,186535.9484653064,186535.9484653064,4.738776473610688
2026-05-01 13:00:00+02:00,-150.0,150.0,186510.43826122474,186560.4484653064,52.47159280014131
2026-05-01 13:15:00+02:00,-150.0,150.0,186547.18826122474,186547.18826122474,52.47159280014131
2026-05-01 13:30:00+02:00,-150.0,150.0,186533.92805714312,186583.93826122474,52.47159280014131
2026-05-01 13:45:00+02:00,-200.0,200.0,186570.67805714312,186570.67805714312,132.66832749401888
2026-05-01 14:00:00+02:00,-200.0,200.0,186569.66785306146,186619.67805714312,132.66832749401888
2026-05-01 14:15:00+02:00,-100.0,100.0,186618.66785306146,186618.66785306146,4.738776473610688
2026-05-01 14:30:00+02:00,-100.0,100.0,186593.15764897986,186643.16785306146,4.738776473610688
2026-05-01 14:45:00+02:00,-100.0,100.0,186617.65764897986,186617.65764897986,4.738776473610688
2026-05-01 15:00:00+02:00,-100.0,100.0,186592.14744489823,186642.15764897986,4.738776473610688
2026-05-01 15:15:00+02:00,-100.0,100.0,186616.64744489823,186616.64744489823,4.738776473610688
2026-05-01 15:30:00+02:00,-100.0,100.0,186591.1372408166,186641.14744489823,4.738776473610688
2026-05-01 15:45:00+02:00,-100.0,100.0,186615.6372408166,186615.6372408166,4.738776473610688
2026-05-01 16:00:00+02:00,-100.0,100.0,186590.12703673495,186640.1372408166,4.738776473610688
2026-05-01 16:15:00+02:00,-100.0,100.0,186614.62703673495,186614.62703673495,4.738776473610688
2026-05-01 16:30:00+02:00,-150.0,150.0,186589.1168326533,186639.12703673495,46.850817289937225
2026-05-01 16:45:00+02:00,-150.0,150.0,186625.8668326533,186625.8668326533,46.850817289937225
2026-05-01 17:00:00+02:00,-100.0,100.0,186612.6066285717,186662.6168326533,4.738776473610688
2026-05-01 17:15:00+02:00,-150.0,150.0,186637.1066285717,186637.1066285717,15.295970351161714
2026-05-01 17:30:00+02:00,-150.0,150.0,186608.61482449007,186673.8566285717,15.295970351161714
2026-05-01 17:45:00+02:00,-150.0,150.0,186645.36482449007,186645.36482449007,15.295970351161714
2026-05-01 18:00:00+02:00,-150.0,150.0,186645.15896326557,186682.11482449007,15.295970351161714
2026-05-01 18:15:00+02:00,-150.0,150.0,186681.90896326557,186681.90896326557,15.295970351161714
2026-05-01 18:30:00+02:00,-150.0,150.0,186693.65386122474,186718.65896326557,15.295970351161714
2026-05-01 18:45:00+02:00,-200.0,200.0,186730.40386122474,186730.40386122474,29.92587274690262
2026-05-01 19:00:00+02:00,-250.0,250.0,186754.3987591839,186779.40386122474,53.45277750880739
2026-05-01 19:15:00+02:00,-200.0,200.0,186815.6487591839,186815.6487591839,42.895583631256365
2026-05-01 19:30:00+02:00,-200.0,200.0,186839.6436571431,186864.6487591839,42.895583631256365
2026-05-01 19:45:00+02:00,-200.0,200.0,186888.6436571431,186888.6436571431,42.895583631256365
2026-05-01 20:00:00+02:00,-200.0,200.0,186912.6385551023,186937.6436571431,42.895583631256365
2026-05-01 20:15:00+02:00,-200.0,200.0,186961.6385551023,186961.6385551023,42.895583631256365
2026-05-01 20:30:00+02:00,-200.0,200.0,186985.63345306148,187010.6385551023,42.895583631256365
2026-05-01 20:45:00+02:00,-200.0,200.0,187034.63345306148,187034.63345306148,42.895583631256365
2026-05-01 21:00:00+02:00,-200.0,200.0,187058.62835102066,187083.63345306148,42.895583631256365
2026-05-01 21:15:00+02:00,-200.0,200.0,187107.62835102066,187107.62835102066,42.895583631256365
2026-05-01 21:30:00+02:00,-200.0,200.0,187131.62324897983,187156.62835102066,42.895583631256365
2026-05-01 21:45:00+02:00,-200.0,200.0,187180.62324897983,187180.62324897983,42.895583631256365
2026-05-01 22:00:00+02:00,-150.0,150.0,187204.61814693903,187229.62324897983,19.368678869351594
2026-05-01 22:15:00+02:00,-150.0,150.0,187241.36814693903,187241.36814693903,19.368678869351594
2026-05-01 22:30:00+02:00,-150.0,150.0,187253.11304489823,187278.11814693903,19.368678869351594
2026-05-01 22:45:00+02:00,-150.0,150.0,187289.86304489823,187289.86304489823,19.368678869351594
2026-05-01 23:00:00+02:00,-150.0,150.0,187301.6079428574,187326.61304489823,19.368678869351594
2026-05-01 23:15:00+02:00,-100.0,100.0,187338.3579428574,187338.3579428574,15.296144307139613
2026-05-01 23:30:00+02:00,-100.0,100.0,187337.85284081657,187362.8579428574,15.296144307139613
2026-05-01 23:45:00+02:00,-100.0,100.0,187362.35284081657,187362.35284081657,15.296144307139613
2026-05-02 00:00:00+02:00,-100.0,100.0,187361.84773877574,187386.85284081657,15.296144307139613
2026-05-02 00:15:00+02:00,-100.0,100.0,187386.34773877574,187386.34773877574,15.296144307139613
2026-05-02 00:30:00+02:00,-50.0,50.0,187385.84263673495,187410.84773877574,0.666241911398706
2026-05-02 00:45:00+02:00,-50.0,50.0,187398.09263673495,187398.09263673495,0.666241911398706
2026-05-02 01:00:00+02:00,-50.0,50.0,187385.33753469415,187410.34263673495,0.666241911398706
2026-05-02 01:15:00+02:00,-50.0,50.0,187397.58753469415,187397.58753469415,0.666241911398706
2026-05-02 01:30:00+02:00,-50.0,50.0,187384.83243265332,187409.83753469415,0.666241911398706
2026-05-02 01:45:00+02:00,-50.0,50.0,187397.08243265332,187397.08243265332,0.666241911398706
2026-05-02 02:00:00+02:00,-50.0,50.0,187384.3273306125,187409.33243265332,0.666241911398706
2026-05-02 02:15:00+02:00,-50.0,50.0,187396.5773306125,187396.5773306125,0.666241911398706
2026-05-02 02:30:00+02:00,-50.0,50.0,187383.8222285717,187408.8273306125,0.666241911398706
2026-05-02 02:45:00+02:00,-50.0,50.0,187396.0722285717,187396.0722285717,0.666241911398706
2026-05-02 03:00:00+02:00,-100.0,100.0,187383.31712653086,187408.3222285717,11.2818031358885
2026-05-02 03:15:00+02:00,-150.0,150.0,187382.81202449003,187407.81712653086,37.70761946241912
2026-05-02 03:30:00+02:00,-200.0,200.0,187394.55692244924,187419.56202449003,109.86425211548035
2026-05-02 03:45:00+02:00,-200.0,200.0,187439.01402449005,187443.55692244924,109.86425211548035
2026-05-02 04:00:00+02:00,-200.0,200.0,187463.00892244923,187488.01402449005,109.86425211548035
2026-05-02 04:15:00+02:00,-150.0,150.0,187512.00892244923,187512.00892244923,83.43843578894973
2026-05-02 04:30:00+02:00,-100.0,100.0,187523.7538204084,187548.75892244923,11.2818031358885
2026-05-02 04:45:00+02:00,-100.0,100.0,187548.2538204084,187548.2538204084,11.2818031358885
2026-05-02 05:00:00+02:00,-100.0,100.0,187547.7487183676,187572.7538204084,11.2818031358885
2026-05-02 05:15:00+02:00,-100.0,100.0,187572.2487183676,187572.2487183676,11.2818031358885
2026-05-02 05:30:00+02:00,-100.0,100.0,187571.74361632677,187596.7487183676,11.2818031358885
2026-05-02 05:45:00+02:00,-100.0,100.0,187596.24361632677,187596.24361632677,11.2818031358885
2026-05-02 06:00:00+02:00,-100.0,100.0,187595.73851428597,187620.74361632677,11.2818031358885
2026-05-02 06:15:00+02:00,-100.0,100.0,187620.23851428597,187620.23851428597,11.2818031358885
2026-05-02 06:30:00+02:00,-100.0,100.0,187619.73341224514,187644.73851428597,11.2818031358885
2026-05-02 06:45:00+02:00,-100.0,100.0,187644.23341224514,187644.23341224514,11.2818031358885
2026-05-02 07:00:00+02:00,-100.0,100.0,187643.72831020431,187668.73341224514,95.51318068690892
2026-05-02 07:15:00+02:00,-100.0,100.0,187668.22831020431,187668.22831020431,95.51318068690892
2026-05-02 07:30:00+02:00,-100.0,100.0,187667.72320816352,187692.72831020431,95.51318068690892
2026-05-02 07:45:00+02:00,-100.0,100.0,187692.22320816352,187692.22320816352,71.52420109507217
2026-05-02 08:00:00+02:00,-100.0,100.0,187691.71810612272,187716.72320816352,71.52420109507217
2026-05-02 08:15:00+02:00,-150.0,150.0,187716.21810612272,187716.21810612272,67.44497207012886
2026-05-02 08:30:00+02:00,-150.0,150.0,187727.9630040819,187752.96810612272,67.44497207012886
2026-05-02 08:45:00+02:00,-100.0,100.0,187764.7130040819,187764.7130040819,26.587829212986016
2026-05-02 09:00:00+02:00,-100.0,100.0,187764.20790204106,187789.2130040819,26.587829212986016
2026-05-02 09:15:00+02:00,-100.0,100.0,187788.70790204106,187788.70790204106,26.587829212986016
2026-05-02 09:30:00+02:00,-100.0,100.0,187788.20280000023,187813.20790204106,26.587829212986016
2026-05-02 09:45:00+02:00,-100.0,100.0,187812.70280000023,187812.70280000023,26.587829212986016
2026-05-02 10:00:00+02:00,-100.0,100.0,187812.19769795943,187837.20280000023,26.587829212986016
2026-05-02 10:15:00+02:00,-100.0,100.0,187836.69769795943,187836.69769795943,26.587829212986016
2026-05-02 10:30:00+02:00,-50.0,50.0,187836.19259591863,187861.19769795943,0.666241911398706
2026-05-02 10:45:00+02:00,-50.0,50.0,187848.44259591863,187848.44259591863,0.666241911398706
2026-05-02 11:00:00+02:00,-50.0,50.0,187835.6874938778,187860.69259591863,0.666241911398706
2026-05-02 11:15:00+02:00,-50.0,50.0,187847.9374938778,187847.9374938778,0.666241911398706
2026-05-02 11:30:00+02:00,-50.0,50.0,187835.18239183698,187860.1874938778,0.666241911398706
2026-05-02 11:45:00+02:00,-50.0,50.0,187847.43239183698,187847.43239183698,0.666241911398706
2026-05-02 12:00:00+02:00,-50.0,50.0,187834.67728979615,187859.68239183698,0.666241911398706
2026-05-02 12:15:00+02:00,-50.0,50.0,187846.92728979615,187846.92728979615,0.666241911398706
2026-05-02 12:30:00+02:00,-50.0,50.0,187834.17218775535,187859.17728979615,0.666241911398706
2026-05-02 12:45:00+02:00,-50.0,50.0,187846.42218775535,187846.42218775535,0.666241911398706
2026-05-02 13:00:00+02:00,-50.0,50.0,187833.66708571455,187858.67218775535,0.666241911398706
2026-05-02 13:15:00+02:00,-50.0,50.0,187845.91708571455,187845.91708571455,0.666241911398706
2026-05-02 13:30:00+02:00,-100.0,100.0,187833.16198367372,187858.16708571455,8.096405176704824
2026-05-02 13:45:00+02:00,-100.0,100.0,187832.6568816329,187857.66198367372,8.096405176704824
2026-05-02 14:00:00+02:00,-100.0,100.0,187832.15177959207,187857.1568816329,8.096405176704824
2026-05-02 14:15:00+02:00,-100.0,100.0,187831.9724816329,187856.65177959207,8.096405176704824
2026-05-02 14:30:00+02:00,-100.0,100.0,187831.46737959207,187856.4724816329,8.096405176704824
2026-05-02 14:45:00+02:00,-100.0,100.0,187855.96737959207,187855.96737959207,8.096405176704824
2026-05-02 15:00:00+02:00,-100.0,100.0,187855.46227755127,187880.46737959207,8.096405176704824
2026-05-02 15:15:00+02:00,-100.0,100.0,187879.96227755127,187879.96227755127,8.096405176704824
2026-05-02 15:30:00+02:00,-100.0,100.0,187879.45717551047,187904.46227755127,8.096405176704824
2026-05-02 15:45:00+02:00,-100.0,100.0,187903.95717551047,187903.95717551047,8.096405176704824
2026-05-02 16:00:00+02:00,-50.0,50.0,187903.45207346964,187928.45717551047,0.666241911398706
2026-05-02 16:15:00+02:00,-100.0,100.0,187915.70207346964,187915.70207346964,3.0522990542558484
2026-05-02 16:30:00+02:00,-100.0,100.0,187890.19186938799,187940.20207346964,3.0522990542558484
2026-05-02 16:45:00+02:00,-100.0,100.0,187914.69186938799,187914.69186938799,3.0522990542558484
2026-05-02 17:00:00+02:00,-100.0,100.0,187889.18166530636,187939.19186938799,3.0522990542558484
2026-05-02 17:15:00+02:00,-100.0,100.0,187913.68166530636,187913.68166530636,3.0522990542558484
2026-05-02 17:30:00+02:00,-100.0,100.0,187888.17146122473,187938.18166530636,3.0522990542558484
2026-05-02 17:45:00+02:00,-200.0,200.0,187912.67146122473,187912.67146122473,43.61536690086352
2026-05-02 18:00:00+02:00,-200.0,200.0,187886.6561551023,187961.67146122473,43.61536690086352
2026-05-02 18:15:00+02:00,-200.0,200.0,187935.6561551023,187935.6561551023,43.61536690086352
2026-05-02 18:30:00+02:00,-150.0,150.0,187909.64084897985,187984.6561551023,6.1240743838567155
2026-05-02 18:45:00+02:00,-150.0,150.0,187946.39084897985,187946.39084897985,6.1240743838567155
2026-05-02 19:00:00+02:00,-150.0,150.0,187908.1255428574,187983.14084897985,6.1240743838567155
2026-05-02 19:15:00+02:00,-150.0,150.0,187944.8755428574,187944.8755428574,6.1240743838567155
2026-05-02 19:30:00+02:00,-150.0,150.0,187906.61023673494,187981.6255428574,6.1240743838567155
2026-05-02 19:45:00+02:00,-150.0,150.0,187943.36023673494,187943.36023673494,6.1240743838567155
2026-05-02 20:00:00+02:00,-150.0,150.0,187905.09493061248,187980.11023673494,6.1240743838567155
2026-05-02 20:15:00+02:00,-150.0,150.0,187941.84493061248,187941.84493061248,6.1240743838567155
2026-05-02 20:30:00+02:00,-150.0,150.0,187903.57962449006,187978.59493061248,6.1240743838567155
2026-05-02 20:45:00+02:00,-150.0,150.0,187940.32962449006,187940.32962449006,6.1240743838567155
2026-05-02 21:00:00+02:00,-150.0,150.0,187904.32373877577,187977.07962449006,6.1240743838567155
2026-05-02 21:15:00+02:00,-150.0,150.0,187941.07373877577,187941.07373877577,6.1240743838567155
2026-05-02 21:30:00+02:00,-150.0,150.0,187927.81353469414,187977.82373877577,6.1240743838567155
2026-05-02 21:45:00+02:00,-150.0,150.0,187964.56353469414,187964.56353469414,6.1240743838567155
2026-05-02 22:00:00+02:00,-150.0,150.0,187951.30333061249,188001.31353469414,6.1240743838567155
2026-05-02 22:15:00+02:00,-200.0,200.0,187988.05333061249,187988.05333061249,6.875477176552741
2026-05-02 22:30:00+02:00,-150.0,150.0,187962.03802449006,188037.05333061249,4.489420033695599
2026-05-02 22:45:00+02:00,-150.0,150.0,187998.78802449006,187998.78802449006,4.489420033695599
2026-05-02 23:00:00+02:00,-150.0,150.0,187960.52271836757,188035.53802449006,4.489420033695599
2026-05-02 23:15:00+02:00,-150.0,150.0,187997.27271836757,187997.27271836757,4.489420033695599
2026-05-02 23:30:00+02:00,-150.0,150.0,187959.00741224515,188034.02271836757,4.489420033695599
2026-05-02 23:45:00+02:00,-150.0,150.0,187995.75741224515,187995.75741224515,4.489420033695599
2026-05-03 00:00:00+02:00,-150.0,150.0,187957.4921061227,188032.50741224515,4.489420033695599
2026-05-03 00:15:00+02:00,-150.0,150.0,187994.2421061227,187994.2421061227,4.489420033695599
2026-05-03 00:30:00+02:00,-150.0,150.0,187955.97680000024,188030.9921061227,4.489420033695599
2026-05-03 00:45:00+02:00,-150.0,150.0,187992.72680000024,187992.72680000024,4.489420033695599
2026-05-03 01:00:00+02:00,-150.0,150.0,187954.4614938778,188029.47680000024,4.489420033695599
2026-05-03 01:15:00+02:00,-150.0,150.0,187991.2114938778,187991.2114938778,4.489420033695599
2026-05-03 01:30:00+02:00,-150.0,150.0,187952.94618775533,188027.9614938778,4.489420033695599
2026-05-03 01:45:00+02:00,-150.0,150.0,187989.69618775533,187989.69618775533,4.489420033695599
2026-05-03 02:00:00+02:00,-150.0,150.0,187951.4308816329,188026.44618775533,4.489420033695599
2026-05-03 02:15:00+02:00,-150.0,150.0,187988.1808816329,187988.1808816329,4.489420033695599
2026-05-03 02:30:00+02:00,-150.0,150.0,187949.91557551044,188024.9308816329,4.489420033695599
2026-05-03 02:45:00+02:00,-150.0,150.0,187986.66557551044,187986.66557551044,4.489420033695599
2026-05-03 03:00:00+02:00,-150.0,150.0,187948.40026938802,188023.41557551044,4.489420033695599
2026-05-03 03:15:00+02:00,-150.0,150.0,187985.15026938802,187985.15026938802,4.489420033695599
2026-05-03 03:30:00+02:00,-150.0,150.0,187946.88496326556,188021.90026938802,4.489420033695599
2026-05-03 03:45:00+02:00,-150.0,150.0,187983.63496326556,187983.63496326556,4.489420033695599
2026-05-03 04:00:00+02:00,-150.0,150.0,187945.36965714308,188020.38496326556,4.489420033695599
2026-05-03 04:15:00+02:00,-150.0,150.0,187982.11965714308,187982.11965714308,4.489420033695599
2026-05-03 04:30:00+02:00,-150.0,150.0,187943.85435102065,188018.86965714308,4.489420033695599
2026-05-03 04:45:00+02:00,-150.0,150.0,187980.60435102065,187980.60435102065,4.489420033695599
2026-05-03 05:00:00+02:00,-150.0,150.0,187942.3390448982,188017.35435102065,4.489420033695599
2026-05-03 05:15:00+02:00,-150.0,150.0,187979.0890448982,187979.0890448982,4.489420033695599
2026-05-03 05:30:00+02:00,-150.0,150.0,187940.82373877577,188015.8390448982,4.489420033695599
2026-05-03 05:45:00+02:00,-150.0,150.0,187977.57373877577,187977.57373877577,4.489420033695599
2026-05-03 06:00:00+02:00,-150.0,150.0,187939.3084326533,188014.32373877577,4.489420033695599
2026-05-03 06:15:00+02:00,-150.0,150.0,187976.0584326533,187976.0584326533,4.489420033695599
2026-05-03 06:30:00+02:00,-150.0,150.0,187937.79312653083,188012.8084326533,4.489420033695599
2026-05-03 06:45:00+02:00,-150.0,150.0,187974.54312653083,187974.54312653083,4.489420033695599
2026-05-03 07:00:00+02:00,-150.0,150.0,187936.2778204084,188011.29312653083,4.489420033695599
2026-05-03 07:15:00+02:00,-150.0,150.0,187973.0278204084,187973.0278204084,4.489420033695599
2026-05-03 07:30:00+02:00,-150.0,150.0,187934.76251428598,188009.7778204084,4.489420033695599
2026-05-03 07:45:00+02:00,-150.0,150.0,187971.51251428598,187971.51251428598,4.489420033695599
2026-05-03 08:00:00+02:00,-150.0,150.0,187933.24720816352,188008.26251428598,4.489420033695599
2026-05-03 08:15:00+02:00,-150.0,150.0,187969.99720816352,187969.99720816352,4.489420033695599
2026-05-03 08:30:00+02:00,-150.0,150.0,187931.73190204107,188006.74720816352,4.489420033695599
2026-05-03 08:45:00+02:00,-150.0,150.0,187968.48190204107,187968.48190204107,4.489420033695599
2026-05-03 09:00:00+02:00,-150.0,150.0,187930.21659591864,188005.23190204107,4.489420033695599
2026-05-03 09:15:00+02:00,-150.0,150.0,187966.96659591864,187966.96659591864,4.489420033695599
2026-05-03 09:30:00+02:00,-150.0,150.0,187928.70128979615,188003.71659591864,4.489420033695599
2026-05-03 09:45:00+02:00,-150.0,150.0,187965.45128979615,187965.45128979615,4.489420033695599
2026-05-03 10:00:00+02:00,-150.0,150.0,187927.18598367373,188002.20128979615,4.489420033695599
2026-05-03 10:15:00+02:00,-150.0,150.0,187963.93598367373,187963.93598367373,4.489420033695599
2026-05-03 10:30:00+02:00,-150.0,150.0,187925.67067755127,188000.68598367373,4.489420033695599
2026-05-03 10:45:00+02:00,-150.0,150.0,187962.42067755127,187962.42067755127,4.489420033695599
2026-05-03 11:00:00+02:00,-150.0,150.0,187924.15537142882,187999.17067755127,4.489420033695599
2026-05-03 11:15:00+02:00,-150.0,150.0,187960.90537142882,187960.90537142882,4.489420033695599
2026-05-03 11:30:00+02:00,-150.0,150.0,187922.6400653064,187997.65537142882,4.489420033695599
2026-05-03 11:45:00+02:00,-150.0,150.0,187959.3900653064,187959.3900653064,4.489420033695599
2026-05-03 12:00:00+02:00,-150.0,150.0,187921.1247591839,187996.1400653064,4.489420033695599
2026-05-03 12:15:00+02:00,-150.0,150.0,187957.8747591839,187957.8747591839,4.489420033695599
2026-05-03 12:30:00+02:00,-150.0,150.0,187919.60945306148,187994.6247591839,4.489420033695599
2026-05-03 12:45:00+02:00,-150.0,150.0,187956.35945306148,187956.35945306148,4.489420033695599
2026-05-03 13:00:00+02:00,-150.0,150.0,187918.09414693902,187993.10945306148,4.489420033695599
2026-05-03 13:15:00+02:00,-150.0,150.0,187954.84414693902,187954.84414693902,4.489420033695599
2026-05-03 13:30:00+02:00,-150.0,150.0,187916.57884081657,187991.59414693902,4.489420033695599
2026-05-03 13:45:00+02:00,-150.0,150.0,187953.32884081657,187953.32884081657,4.489420033695599
2026-05-03 14:00:00+02:00,-150.0,150.0,187915.06353469414,187990.07884081657,4.489420033695599
2026-05-03 14:15:00+02:00,-150.0,150.0,187951.81353469414,187951.81353469414,4.489420033695599
2026-05-03 14:30:00+02:00,-150.0,150.0,187919.68091428594,187988.56353469414,4.489420033695599
2026-05-03 14:45:00+02:00,-150.0,150.0,187956.43091428594,187956.43091428594,4.489420033695599
2026-05-03 15:00:00+02:00,-150.0,150.0,187943.17071020434,187993.18091428594,4.489420033695599
2026-05-03 15:15:00+02:00,-150.0,150.0,187979.92071020434,187979.92071020434,4.489420033695599
2026-05-03 15:30:00+02:00,-150.0,150.0,187966.6605061227,188016.67071020434,4.489420033695599
2026-05-03 15:45:00+02:00,-150.0,150.0,188003.4105061227,188003.4105061227,4.489420033695599
2026-05-03 16:00:00+02:00,-150.0,150.0,187990.15030204106,188040.1605061227,4.489420033695599
2026-05-03 16:15:00+02:00,-150.0,150.0,188026.90030204106,188026.90030204106,4.489420033695599
2026-05-03 16:30:00+02:00,-150.0,150.0,188013.64009795943,188063.65030204106,4.489420033695599
2026-05-03 16:45:00+02:00,-150.0,150.0,188050.39009795943,188050.39009795943,4.489420033695599
2026-05-03 17:00:00+02:00,-150.0,150.0,188037.12989387778,188087.14009795943,4.489420033695599
2026-05-03 17:15:00+02:00,-150.0,150.0,188073.8798938778,188073.8798938778,4.489420033695599
2026-05-03 17:30:00+02:00,-150.0,150.0,188060.61968979618,188110.6298938778,4.489420033695599
2026-05-03 17:45:00+02:00,-150.0,150.0,188097.36968979618,188097.36968979618,4.489420033695599
2026-05-03 18:00:00+02:00,-150.0,150.0,188084.10948571455,188134.11968979618,4.489420033695599
2026-05-03 18:15:00+02:00,-150.0,150.0,188120.85948571455,188120.85948571455,4.489420033695599
2026-05-03 18:30:00+02:00,-150.0,150.0,188130.30361632677,188157.60948571455,4.489420033695599
2026-05-03 18:45:00+02:00,-150.0,150.0,188167.05361632677,188167.05361632677,4.489420033695599
2026-05-03 19:00:00+02:00,-150.0,150.0,188178.79851428597,188203.80361632677,4.489420033695599
2026-05-03 19:15:00+02:00,-150.0,150.0,188215.54851428597,188215.54851428597,4.489420033695599
2026-05-03 19:30:00+02:00,-150.0,150.0,188227.29341224517,188252.29851428597,4.489420033695599
2026-05-03 19:45:00+02:00,-150.0,150.0,188264.04341224517,188264.04341224517,4.489420033695599
2026-05-03 20:00:00+02:00,-150.0,150.0,188282.21840000025,188300.79341224517,4.489420033695599
2026-05-03 20:15:00+02:00,-150.0,150.0,188318.96840000025,188318.96840000025,4.489420033695599
2026-05-03 20:30:00+02:00,-200.0,200.0,188355.71840000025,188355.71840000025,78.5575832990017
2026-05-03 20:45:00+02:00,-150.0,150.0,188404.71840000027,188404.71840000027,4.489420033695599
2026-05-03 21:00:00+02:00,-150.0,150.0,188441.46840000027,188441.46840000027,4.489420033695599
2026-05-03 21:15:00+02:00,-150.0,150.0,188478.21840000027,188478.21840000027,4.489420033695599
2026-05-03 21:30:00+02:00,-150.0,150.0,188514.96840000027,188514.96840000027,4.489420033695599
2026-05-03 21:45:00+02:00,-150.0,150.0,188551.71840000027,188551.71840000027,4.489420033695599
2026-05-03 22:00:00+02:00,-50.0,50.0,188588.46840000027,188588.46840000027,0.666241911398706
2026-05-03 22:15:00+02:00,-50.0,50.0,188600.71840000027,188600.71840000027,0.666241911398706
2026-05-03 22:30:00+02:00,-50.0,50.0,188612.96840000027,188612.96840000027,0.666241911398706
2026-05-03 22:45:00+02:00,0.0,0.0,188625.21840000027,188625.21840000027,0.0
2026-05-03 23:00:00+02:00,0.0,0.0,188625.21840000027,188625.21840000027,0.0
2026-05-03 23:15:00+02:00,0.0,0.0,188625.21840000027,188625.21840000027,0.0
2026-05-03 23:30:00+02:00,0.0,0.0,188625.21840000027,188625.21840000027,0.0
2026-05-03 23:45:00+02:00,0.0,0.0,188625.21840000027,188625.21840000027,0.0
2026-05-04 00:00:00+02:00,0.0,0.0,188625.21840000027,188625.21840000027,0.0
2026-05-04 00:15:00+02:00,0.0,0.0,188625.21840000027,188625.21840000027,0.0
2026-05-04 00:30:00+02:00,0.0,0.0,188625.21840000027,188625.21840000027,0.0
2026-05-04 00:45:00+02:00,0.0,0.0,188625.21840000027,188625.21840000027,0.0
2026-05-04 01:00:00+02:00,0.0,0.0,188625.21840000027,188625.21840000027,0.0
2026-05-04 01:15:00+02:00,0.0,0.0,188625.21840000027,188625.21840000027,0.0
2026-05-04 01:30:00+02:00,0.0,0.0,188625.21840000027,188625.21840000027,0.0
2026-05-04 01:45:00+02:00,0.0,0.0,188625.21840000027,188625.21840000027,0.0
2026-05-04 02:00:00+02:00,0.0,0.0,188625.21840000027,188625.21840000027,0.0
2026-05-04 02:15:00+02:00,0.0,0.0,188625.21840000027,188625.21840000027,0.0
2026-05-04 02:30:00+02:00,0.0,0.0,188625.21840000027,188625.21840000027,0.0
2026-05-04 02:45:00+02:00,0.0,0.0,188625.21840000027,188625.21840000027,0.0
2026-05-04 03:00:00+02:00,-50.0,50.0,188625.21840000027,188625.21840000027,62.67485714285715
2026-05-04 03:15:00+02:00,-100.0,100.0,188637.46840000027,188637.46840000027,243.49689795918368
2026-05-04 03:30:00+02:00,-50.0,50.0,188661.96840000027,188661.96840000027,62.67485714285715
2026-05-04 03:45:00+02:00,-100.0,100.0,188674.21840000027,188674.21840000027,153.3485306122449
2026-05-04 04:00:00+02:00,-150.0,150.0,188698.71840000027,188698.71840000027,476.0032244897959
2026-05-04 04:15:00+02:00,0.0,0.0,188735.46840000027,188735.46840000027,0.0
2026-05-04 04:30:00+02:00,0.0,0.0,188735.46840000027,188735.46840000027,0.0
2026-05-04 04:45:00+02:00,0.0,0.0,188735.46840000027,188735.46840000027,0.0
2026-05-04 05:00:00+02:00,0.0,0.0,188735.46840000027,188735.46840000027,0.0
2026-05-04 05:15:00+02:00,0.0,0.0,188735.46840000027,188735.46840000027,0.0
2026-05-04 05:30:00+02:00,0.0,0.0,188735.46840000027,188735.46840000027,0.0
2026-05-04 05:45:00+02:00,0.0,0.0,188735.46840000027,188735.46840000027,0.0
2026-05-04 06:00:00+02:00,0.0,0.0,188735.46840000027,188735.46840000027,0.0
2026-05-04 06:15:00+02:00,0.0,0.0,188735.46840000027,188735.46840000027,0.0
2026-05-04 06:30:00+02:00,-50.0,50.0,188735.46840000027,188735.46840000027,4.472715173025732
2026-05-04 06:45:00+02:00,-50.0,50.0,188722.71329795945,188747.71840000027,4.472715173025732
2026-05-04 07:00:00+02:00,-50.0,50.0,188734.96329795945,188734.96329795945,4.472715173025732
2026-05-04 07:15:00+02:00,-50.0,50.0,188722.20819591865,188747.21329795945,4.472715173025732
2026-05-04 07:30:00+02:00,-50.0,50.0,188734.45819591865,188734.45819591865,4.472715173025732
2026-05-04 07:45:00+02:00,-100.0,100.0,188721.70309387782,188746.70819591865,22.449858030168592
2026-05-04 08:00:00+02:00,-100.0,100.0,188746.20309387782,188746.20309387782,22.449858030168592
2026-05-04 08:15:00+02:00,-100.0,100.0,188745.69799183702,188770.70309387782,22.449858030168592
2026-05-04 08:30:00+02:00,-200.0,200.0,188770.19799183702,188770.19799183702,58.48761532663558
2026-05-04 08:45:00+02:00,-200.0,200.0,188769.18778775536,188819.19799183702,58.48761532663558
2026-05-04 09:00:00+02:00,-250.0,250.0,188818.18778775536,188818.18778775536,366.9006765511254
2026-05-04 09:15:00+02:00,-100.0,100.0,188829.42758367374,188879.43778775536,12.124486074934882
2026-05-04 09:30:00+02:00,-150.0,150.0,188853.92758367374,188853.92758367374,71.7175472994247
2026-05-04 09:45:00+02:00,-100.0,100.0,188840.6673795921,188890.67758367374,12.124486074934882
2026-05-04 10:00:00+02:00,-100.0,100.0,188865.1673795921,188865.1673795921,12.124486074934882
2026-05-04 10:15:00+02:00,-150.0,150.0,188839.65717551048,188889.6673795921,42.09611872799613
2026-05-04 10:30:00+02:00,-150.0,150.0,188876.40717551048,188876.40717551048,42.09611872799613
2026-05-04 10:45:00+02:00,-100.0,100.0,188863.14697142885,188913.15717551048,12.124486074934882
2026-05-04 11:00:00+02:00,-150.0,150.0,188887.64697142885,188887.64697142885,76.09509831983289
2026-05-04 11:15:00+02:00,-100.0,100.0,188877.1281795921,188924.39697142885,12.124486074934882
2026-05-04 11:30:00+02:00,-100.0,100.0,188901.6281795921,188901.6281795921,12.124486074934882
2026-05-04 11:45:00+02:00,-200.0,200.0,188901.12307755128,188926.1281795921,65.84013233343828
2026-05-04 12:00:00+02:00,-200.0,200.0,188925.11797551045,188950.12307755128,65.84013233343828
2026-05-04 12:15:00+02:00,-200.0,200.0,188949.11287346965,188974.11797551045,27.69290201273858
2026-05-04 12:30:00+02:00,-200.0,200.0,188951.19127346968,188998.11287346965,27.69290201273858
2026-05-04 12:45:00+02:00,-200.0,200.0,188975.18617142885,189000.19127346968,27.69290201273858
2026-05-04 13:00:00+02:00,-200.0,200.0,188999.18106938803,189024.18617142885,27.69290201273858
2026-05-04 13:15:00+02:00,-200.0,200.0,189023.1759673472,189048.18106938803,27.69290201273858
2026-05-04 13:30:00+02:00,-200.0,200.0,189047.17086530637,189072.1759673472,27.69290201273858
2026-05-04 13:45:00+02:00,-200.0,200.0,189071.16576326557,189096.17086530637,27.69290201273858
2026-05-04 14:00:00+02:00,-200.0,200.0,189095.16066122477,189120.16576326557,27.69290201273858
2026-05-04 14:15:00+02:00,-200.0,200.0,189119.15555918394,189144.16066122477,27.69290201273858
2026-05-04 14:30:00+02:00,-300.0,300.0,189158.6807673472,189168.15555918394,105.44793602634402
2026-05-04 14:45:00+02:00,-250.0,250.0,189207.1756653064,189232.1807673472,41.24385439369096
2026-05-04 15:00:00+02:00,-250.0,250.0,189268.4256653064,189268.4256653064,41.24385439369096
2026-05-04 15:15:00+02:00,-250.0,250.0,189304.6705632656,189329.6756653064,41.24385439369096
2026-05-04 15:30:00+02:00,-250.0,250.0,189365.9205632656,189365.9205632656,41.24385439369096
2026-05-04 15:45:00+02:00,-200.0,200.0,189402.16546122477,189427.17056326556,36.72455410214577
2026-05-04 16:00:00+02:00,-150.0,150.0,189451.16546122474,189451.16546122474,23.173601721193386
2026-05-04 16:15:00+02:00,-100.0,100.0,189462.9103591839,189487.91546122474,15.521830819284236
2026-05-04 16:30:00+02:00,-100.0,100.0,189487.4103591839,189487.4103591839,15.521830819284236
2026-05-04 16:45:00+02:00,-100.0,100.0,189486.9052571431,189511.9103591839,15.521830819284236
2026-05-04 17:00:00+02:00,-100.0,100.0,189511.4052571431,189511.4052571431,15.521830819284236
2026-05-04 17:15:00+02:00,-100.0,100.0,189510.90015510228,189535.9052571431,15.521830819284236
2026-05-04 17:30:00+02:00,-100.0,100.0,189535.40015510228,189535.40015510228,15.521830819284236
2026-05-04 17:45:00+02:00,-100.0,100.0,189534.89505306148,189559.90015510228,15.521830819284236
2026-05-04 18:00:00+02:00,-100.0,100.0,189559.39505306148,189559.39505306148,15.521830819284236
2026-05-04 18:15:00+02:00,-100.0,100.0,189558.88995102065,189583.89505306148,15.521830819284236
2026-05-04 18:30:00+02:00,-150.0,150.0,189583.38995102065,189583.38995102065,100.21285122744752
2026-05-04 18:45:00+02:00,-100.0,100.0,189595.13484897983,189620.13995102065,15.521830819284236
2026-05-04 19:00:00+02:00,-100.0,100.0,189619.63484897983,189619.63484897983,15.521830819284236
2026-05-04 19:15:00+02:00,-150.0,150.0,189619.12974693903,189644.13484897983,47.53632061520261
2026-05-04 19:30:00+02:00,-150.0,150.0,189655.87974693903,189655.87974693903,47.53632061520261
2026-05-04 19:45:00+02:00,-200.0,200.0,189667.6246448982,189692.62974693903,80.05406664694864
2026-05-04 20:00:00+02:00,-150.0,150.0,189716.6246448982,189716.6246448982,69.00495100069014
2026-05-04 20:15:00+02:00,-150.0,150.0,189728.3695428574,189753.3746448982,69.00495100069014
2026-05-04 20:30:00+02:00,-150.0,150.0,189765.1195428574,189765.1195428574,69.00495100069014
2026-05-04 20:45:00+02:00,-150.0,150.0,189778.27240000025,189801.8695428574,69.00495100069014
2026-05-04 21:00:00+02:00,-150.0,150.0,189815.02240000025,189815.02240000025,75.83976732722073
2026-05-04 21:15:00+02:00,-150.0,150.0,189851.77240000025,189851.77240000025,75.83976732722073
2026-05-04 21:30:00+02:00,-100.0,100.0,189888.52240000025,189888.52240000025,30.692624470077888
2026-05-04 21:45:00+02:00,-150.0,150.0,189913.02240000025,189913.02240000025,38.68165508232279
2026-05-04 22:00:00+02:00,-100.0,100.0,189924.76729795942,189949.77240000025,12.461745785270633
2026-05-04 22:15:00+02:00,-100.0,100.0,189949.26729795942,189949.26729795942,12.461745785270633
2026-05-04 22:30:00+02:00,-100.0,100.0,189963.40640000024,189973.76729795942,12.461745785270633
2026-05-04 22:45:00+02:00,-100.0,100.0,189987.90640000024,189987.90640000024,12.461745785270633
2026-05-04 23:00:00+02:00,-100.0,100.0,190012.40640000024,190012.40640000024,12.461745785270633
2026-05-04 23:15:00+02:00,-100.0,100.0,190036.90640000024,190036.90640000024,12.461745785270633
2026-05-04 23:30:00+02:00,-100.0,100.0,190061.40640000024,190061.40640000024,12.461745785270633
2026-05-04 23:45:00+02:00,-50.0,50.0,190085.90640000024,190085.90640000024,4.472715173025732
2026-05-05 00:00:00+02:00,-50.0,50.0,190098.15640000024,190098.15640000024,4.472715173025732
2026-05-05 00:15:00+02:00,-50.0,50.0,190110.40640000024,190110.40640000024,4.472715173025732
2026-05-05 00:30:00+02:00,-50.0,50.0,190122.65640000024,190122.65640000024,4.472715173025732
2026-05-05 00:45:00+02:00,-50.0,50.0,190134.90640000024,190134.90640000024,4.472715173025732
2026-05-05 01:00:00+02:00,-50.0,50.0,190147.15640000024,190147.15640000024,4.472715173025732
2026-05-05 01:15:00+02:00,-50.0,50.0,190159.40640000024,190159.40640000024,4.472715173025732
2026-05-05 01:30:00+02:00,-100.0,100.0,190171.6564000002,190171.6564000002,101.85863354037267
2026-05-05 01:45:00+02:00,-100.0,100.0,190196.1564000002,190196.1564000002,101.85863354037267
2026-05-05 02:00:00+02:00,-50.0,50.0,190220.6564000002,190220.6564000002,4.472715173025732
2026-05-05 02:15:00+02:00,-50.0,50.0,190232.9064000002,190232.9064000002,4.472715173025732
2026-05-05 02:30:00+02:00,-150.0,150.0,190245.1564000002,190245.1564000002,211.21819622258838
2026-05-05 02:45:00+02:00,-150.0,150.0,190281.9064000002,190281.9064000002,109.406087379051
2026-05-05 03:00:00+02:00,-150.0,150.0,190318.6564000002,190318.6564000002,109.406087379051
2026-05-05 03:15:00+02:00,-150.0,150.0,190355.4064000002,190355.4064000002,109.406087379051
2026-05-05 03:30:00+02:00,-100.0,100.0,190392.1564000002,190392.1564000002,49.365543161363924
2026-05-05 03:45:00+02:00,-100.0,100.0,190416.6564000002,190416.6564000002,49.365543161363924
2026-05-05 04:00:00+02:00,-100.0,100.0,190441.1564000002,190441.1564000002,49.365543161363924
2026-05-05 04:15:00+02:00,-50.0,50.0,190465.65640000024,190465.65640000024,4.472715173025732
2026-05-05 04:30:00+02:00,-50.0,50.0,190477.90640000024,190477.90640000024,4.472715173025732
2026-05-05 04:45:00+02:00,-50.0,50.0,190490.1564000002,190490.1564000002,4.472715173025732
2026-05-05 05:00:00+02:00,-50.0,50.0,190502.4064000002,190502.4064000002,4.472715173025732
2026-05-05 05:15:00+02:00,-100.0,100.0,190514.6564000002,190514.6564000002,18.75974465148378
2026-05-05 05:30:00+02:00,-50.0,50.0,190539.1564000002,190539.1564000002,14.287029478458047
2026-05-05 05:45:00+02:00,-50.0,50.0,190551.4064000002,190551.4064000002,14.287029478458047
2026-05-05 06:00:00+02:00,-100.0,100.0,190563.6564000002,190563.6564000002,37.61062131519274
2026-05-05 06:15:00+02:00,-100.0,100.0,190588.1564000002,190588.1564000002,37.61062131519274
2026-05-05 06:30:00+02:00,-100.0,100.0,190612.6564000002,190612.6564000002,37.61062131519274
2026-05-05 06:45:00+02:00,-100.0,100.0,190637.1564000002,190637.1564000002,37.61062131519274
2026-05-05 07:00:00+02:00,-100.0,100.0,190661.6564000002,190661.6564000002,37.61062131519274
2026-05-05 07:15:00+02:00,-50.0,50.0,190686.1564000002,190686.1564000002,14.287029478458047
2026-05-05 07:30:00+02:00,-50.0,50.0,190698.4064000002,190698.4064000002,14.287029478458047
2026-05-05 07:45:00+02:00,-100.0,100.0,190710.6564000002,190710.6564000002,18.744172335600904
2026-05-05 08:00:00+02:00,-100.0,100.0,190710.1512979594,190735.1564000002,18.744172335600904
2026-05-05 08:15:00+02:00,-100.0,100.0,190734.6512979594,190734.6512979594,18.744172335600904
2026-05-05 08:30:00+02:00,-100.0,100.0,190734.14619591858,190759.1512979594,18.744172335600904
2026-05-05 08:45:00+02:00,-100.0,100.0,190758.64619591858,190758.64619591858,18.744172335600904
2026-05-05 09:00:00+02:00,-100.0,100.0,190758.14109387776,190783.14619591858,18.744172335600904
2026-05-05 09:15:00+02:00,-150.0,150.0,190782.64109387776,190782.64109387776,260.6768253968254
2026-05-05 09:30:00+02:00,-100.0,100.0,190794.38599183693,190819.39109387776,18.744172335600904
2026-05-05 09:45:00+02:00,-50.0,50.0,190818.88599183696,190818.88599183696,4.457142857142857
2026-05-05 10:00:00+02:00,-50.0,50.0,190806.13088979613,190831.13599183696,4.457142857142857
2026-05-05 10:15:00+02:00,-50.0,50.0,190818.38088979613,190818.38088979613,4.457142857142857
2026-05-05 10:30:00+02:00,-50.0,50.0,190805.62578775533,190830.63088979613,4.457142857142857
2026-05-05 10:45:00+02:00,-100.0,100.0,190817.87578775533,190817.87578775533,25.76122448979592
2026-05-05 11:00:00+02:00,-150.0,150.0,190817.3706857145,190842.37578775533,34.79148688046647
2026-05-05 11:15:00+02:00,-150.0,150.0,190830.3182857145,190854.1206857145,34.79148688046647
2026-05-05 11:30:00+02:00,-100.0,100.0,190842.0631836737,190867.0682857145,13.487405247813406
2026-05-05 11:45:00+02:00,-100.0,100.0,190866.5631836737,190866.5631836737,13.487405247813406
2026-05-05 12:00:00+02:00,-150.0,150.0,190866.05808163286,190891.0631836737,71.4461807580175
2026-05-05 12:15:00+02:00,-150.0,150.0,190902.80808163286,190902.80808163286,71.4461807580175
2026-05-05 12:30:00+02:00,-150.0,150.0,190914.55297959206,190939.55808163286,71.4461807580175
2026-05-05 12:45:00+02:00,-100.0,100.0,190951.30297959206,190951.30297959206,62.41591836734695
2026-05-05 13:00:00+02:00,-150.0,150.0,190950.79787755123,190975.80297959206,63.597601145721455
2026-05-05 13:15:00+02:00,-100.0,100.0,190962.54277551043,190987.54787755123,5.638825635517364
2026-05-05 13:30:00+02:00,-100.0,100.0,190962.0376734696,190987.04277551043,5.638825635517364
2026-05-05 13:45:00+02:00,-100.0,100.0,190961.5325714288,190986.5376734696,5.638825635517364
2026-05-05 14:00:00+02:00,-100.0,100.0,190961.02746938798,190986.0325714288,5.638825635517364
2026-05-05 14:15:00+02:00,-100.0,100.0,190960.52236734715,190985.52746938798,5.638825635517364
2026-05-05 14:30:00+02:00,-100.0,100.0,190960.01726530632,190985.02236734715,5.638825635517364
2026-05-05 14:45:00+02:00,-150.0,150.0,190959.51216326552,190984.51726530632,37.62413175796637
2026-05-05 15:00:00+02:00,-150.0,150.0,190971.2570612247,190996.26216326552,37.62413175796637
2026-05-05 15:15:00+02:00,-100.0,100.0,190983.0019591839,191008.0070612247,5.638825635517364
2026-05-05 15:30:00+02:00,-100.0,100.0,190982.49685714307,191007.5019591839,5.638825635517364
2026-05-05 15:45:00+02:00,-100.0,100.0,190981.99175510227,191006.99685714307,5.638825635517364
2026-05-05 16:00:00+02:00,-100.0,100.0,190981.48665306144,191006.49175510227,5.638825635517364
2026-05-05 16:15:00+02:00,-150.0,150.0,190980.98155102064,191005.98665306144,35.994335839598996
2026-05-05 16:30:00+02:00,-150.0,150.0,191009.3082857145,191017.73155102064,35.994335839598996
2026-05-05 16:45:00+02:00,-150.0,150.0,191021.05318367368,191046.0582857145,35.994335839598996
2026-05-05 17:00:00+02:00,-150.0,150.0,191057.80318367368,191057.80318367368,35.994335839598996
2026-05-05 17:15:00+02:00,-150.0,150.0,191069.54808163285,191094.55318367368,35.994335839598996
2026-05-05 17:30:00+02:00,-150.0,150.0,191106.29808163285,191106.29808163285,35.994335839598996
2026-05-05 17:45:00+02:00,-250.0,250.0,191118.04297959205,191143.04808163285,92.34800930898676
2026-05-05 18:00:00+02:00,-250.0,250.0,191179.29297959205,191179.29297959205,92.34800930898676
2026-05-05 18:15:00+02:00,-200.0,200.0,191215.53787755122,191240.54297959205,49.53556032939491
2026-05-05 18:30:00+02:00,-250.0,250.0,191264.53787755122,191264.53787755122,62.6897171500179
2026-05-05 18:45:00+02:00,-250.0,250.0,191300.78277551042,191325.78787755122,62.6897171500179
2026-05-05 19:00:00+02:00,-250.0,250.0,191362.03277551042,191362.03277551042,62.6897171500179
2026-05-05 19:15:00+02:00,-200.0,200.0,191398.2776734696,191423.28277551042,49.14849266022198
2026-05-05 19:30:00+02:00,-150.0,150.0,191447.2776734696,191447.2776734696,18.79298245614035
2026-05-05 19:45:00+02:00,-150.0,150.0,191459.02257142877,191484.0276734696,18.79298245614035
2026-05-05 20:00:00+02:00,-150.0,150.0,191495.77257142877,191495.77257142877,18.79298245614035
2026-05-05 20:15:00+02:00,-150.0,150.0,191507.51746938797,191532.5225714288,18.79298245614035
2026-05-05 20:30:00+02:00,-150.0,150.0,191544.26746938797,191544.26746938797,18.79298245614035
2026-05-05 20:45:00+02:00,-150.0,150.0,191556.01236734717,191581.01746938797,18.79298245614035
2026-05-05 21:00:00+02:00,-150.0,150.0,191592.76236734717,191592.76236734717,18.79298245614035
2026-05-05 21:15:00+02:00,-150.0,150.0,191604.50726530634,191629.51236734717,18.79298245614035
2026-05-05 21:30:00+02:00,-100.0,100.0,191641.25726530634,191641.25726530634,14.335839598997493
2026-05-05 21:45:00+02:00,-100.0,100.0,191640.75216326554,191665.75726530634,14.335839598997493
2026-05-05 22:00:00+02:00,-100.0,100.0,191665.25216326554,191665.25216326554,14.335839598997493
2026-05-05 22:15:00+02:00,-150.0,150.0,191664.7470612247,191689.75216326554,56.38951306838526
2026-05-05 22:30:00+02:00,-150.0,150.0,191701.4970612247,191701.4970612247,56.38951306838526
2026-05-05 22:45:00+02:00,-100.0,100.0,191713.24195918388,191738.2470612247,14.335839598997493
2026-05-05 23:00:00+02:00,-100.0,100.0,191737.74195918388,191737.74195918388,14.335839598997493
2026-05-05 23:15:00+02:00,-50.0,50.0,191737.23685714309,191762.24195918388,1.1816827783745067
2026-05-05 23:30:00+02:00,-50.0,50.0,191749.48685714306,191749.48685714306,1.1816827783745067
2026-05-05 23:45:00+02:00,-50.0,50.0,191736.73175510226,191761.73685714306,1.1816827783745067
2026-05-06 00:00:00+02:00,-50.0,50.0,191748.98175510226,191748.98175510226,1.1816827783745067
2026-05-06 00:15:00+02:00,-50.0,50.0,191736.22665306146,191761.23175510226,1.1816827783745067
2026-05-06 00:30:00+02:00,-50.0,50.0,191748.47665306146,191748.47665306146,1.1816827783745067
2026-05-06 00:45:00+02:00,-50.0,50.0,191735.72155102063,191760.72665306146,1.1816827783745067
2026-05-06 01:00:00+02:00,-50.0,50.0,191747.97155102063,191747.97155102063,1.1816827783745067
2026-05-06 01:15:00+02:00,-50.0,50.0,191735.2164489798,191760.22155102063,1.1816827783745067
2026-05-06 01:30:00+02:00,-50.0,50.0,191747.4664489798,191747.4664489798,1.1816827783745067
2026-05-06 01:45:00+02:00,-50.0,50.0,191752.60280000023,191759.7164489798,1.1816827783745067
2026-05-06 02:00:00+02:00,-100.0,100.0,191764.85280000023,191764.85280000023,5.870526315789471
2026-05-06 02:15:00+02:00,-100.0,100.0,191764.34769795937,191789.3528000002,5.870526315789471
2026-05-06 02:30:00+02:00,-100.0,100.0,191788.84769795937,191788.84769795937,5.870526315789471
2026-05-06 02:45:00+02:00,-100.0,100.0,191788.34259591857,191813.34769795937,5.870526315789471
2026-05-06 03:00:00+02:00,-150.0,150.0,191812.84259591857,191812.84259591857,41.57966917293233
2026-05-06 03:15:00+02:00,-150.0,150.0,191824.58749387774,191849.59259591857,71.19093100097182
2026-05-06 03:30:00+02:00,-150.0,150.0,191861.33749387774,191861.33749387774,71.19093100097182
2026-05-06 03:45:00+02:00,-150.0,150.0,191873.08239183694,191898.08749387774,71.19093100097182
2026-05-06 04:00:00+02:00,-200.0,200.0,191909.83239183694,191909.83239183694,192.6339241982507
2026-05-06 04:15:00+02:00,-150.0,150.0,191933.8272897961,191958.83239183694,156.92478134110786
2026-05-06 04:30:00+02:00,-150.0,150.0,191970.5772897961,191970.5772897961,156.92478134110786
2026-05-06 04:45:00+02:00,-100.0,100.0,191994.5640000002,192007.3272897961,35.48178814382896
2026-05-06 05:00:00+02:00,-50.0,50.0,192019.0640000002,192019.0640000002,4.688843537414964
2026-05-06 05:15:00+02:00,-50.0,50.0,192031.3140000002,192031.3140000002,4.688843537414964
2026-05-06 05:30:00+02:00,-50.0,50.0,192043.5640000002,192043.5640000002,4.688843537414964
2026-05-06 05:45:00+02:00,-50.0,50.0,192055.8140000002,192055.8140000002,4.688843537414964
2026-05-06 06:00:00+02:00,-100.0,100.0,192068.0640000002,192068.0640000002,25.96374149659864
2026-05-06 06:15:00+02:00,-100.0,100.0,192092.5640000002,192092.5640000002,25.96374149659864
2026-05-06 06:30:00+02:00,-50.0,50.0,192117.0640000002,192117.0640000002,21.274897959183676
2026-05-06 06:45:00+02:00,-50.0,50.0,192129.3140000002,192129.3140000002,21.274897959183676
2026-05-06 07:00:00+02:00,0.0,0.0,192141.5640000002,192141.5640000002,0.0
2026-05-06 07:15:00+02:00,0.0,0.0,192141.5640000002,192141.5640000002,0.0
2026-05-06 07:30:00+02:00,0.0,0.0,192141.5640000002,192141.5640000002,0.0
2026-05-06 07:45:00+02:00,0.0,0.0,192141.5640000002,192141.5640000002,0.0
2026-05-06 08:00:00+02:00,0.0,0.0,192141.5640000002,192141.5640000002,0.0
2026-05-06 08:15:00+02:00,-50.0,50.0,192141.5640000002,192141.5640000002,17.841836734693874
2026-05-06 08:30:00+02:00,-50.0,50.0,192153.8140000002,192153.8140000002,17.841836734693874
2026-05-06 08:45:00+02:00,-100.0,100.0,192166.0640000002,192166.0640000002,53.309727891156456
2026-05-06 09:00:00+02:00,-150.0,150.0,192190.5640000002,192190.5640000002,73.58265306122448
2026-05-06 09:15:00+02:00,-200.0,200.0,192227.3140000002,192227.3140000002,110.14979591836732
2026-05-06 09:30:00+02:00,-150.0,150.0,192276.3140000002,192276.3140000002,74.68190476190473
2026-05-06 09:45:00+02:00,-100.0,100.0,192313.0640000002,192313.0640000002,49.76877551020411
2026-05-06 10:00:00+02:00,-150.0,150.0,192337.5640000002,192337.5640000002,56.00240816326533
2026-05-06 10:15:00+02:00,-150.0,150.0,192349.3088979594,192374.3140000002,28.81513619325281
2026-05-06 10:30:00+02:00,-200.0,200.0,192361.05379591856,192386.0588979594,38.906201952889994
2026-05-06 10:45:00+02:00,-200.0,200.0,192363.80189387777,192410.05379591856,38.906201952889994
2026-05-06 11:00:00+02:00,-200.0,200.0,192387.79679183694,192412.80189387777,38.906201952889994
2026-05-06 11:15:00+02:00,-200.0,200.0,192425.39659591857,192436.79679183694,38.906201952889994
2026-05-06 11:30:00+02:00,-200.0,200.0,192449.39149387775,192474.39659591857,38.906201952889994
2026-05-06 11:45:00+02:00,-200.0,200.0,192498.39149387775,192498.39149387775,38.906201952889994
2026-05-06 12:00:00+02:00,-200.0,200.0,192522.38639183692,192547.39149387775,38.906201952889994
2026-05-06 12:15:00+02:00,-250.0,250.0,192571.38639183695,192571.38639183695,40.99236390154042
2026-05-06 12:30:00+02:00,-200.0,200.0,192582.6261877553,192632.63639183695,34.7587312484792
2026-05-06 12:45:00+02:00,-150.0,150.0,192631.6261877553,192631.6261877553,24.66766548884201
2026-05-06 13:00:00+02:00,-200.0,200.0,192618.3659836737,192668.3761877553,66.5754205908828
2026-05-06 13:15:00+02:00,-200.0,200.0,192667.3659836737,192667.3659836737,66.5754205908828
2026-05-06 13:30:00+02:00,-150.0,150.0,192666.35577959204,192716.3659836737,24.66766548884201
2026-05-06 13:45:00+02:00,-100.0,100.0,192703.10577959204,192703.10577959204,6.825828754148139
2026-05-06 14:00:00+02:00,-100.0,100.0,192677.59557551044,192727.60577959204,6.825828754148139
2026-05-06 14:15:00+02:00,-100.0,100.0,192702.09557551044,192702.09557551044,6.825828754148139
2026-05-06 14:30:00+02:00,-100.0,100.0,192676.58537142878,192726.59557551044,6.825828754148139
2026-05-06 14:45:00+02:00,-100.0,100.0,192701.08537142878,192701.08537142878,6.825828754148139
2026-05-06 15:00:00+02:00,-100.0,100.0,192675.57516734712,192725.58537142878,6.825828754148139
2026-05-06 15:15:00+02:00,-100.0,100.0,192700.07516734712,192700.07516734712,6.825828754148139
2026-05-06 15:30:00+02:00,-100.0,100.0,192674.56496326553,192724.57516734712,6.825828754148139
2026-05-06 15:45:00+02:00,-100.0,100.0,192699.06496326553,192699.06496326553,6.825828754148139
2026-05-06 16:00:00+02:00,-100.0,100.0,192673.55475918387,192723.56496326553,6.825828754148139
2026-05-06 16:15:00+02:00,-100.0,100.0,192698.05475918387,192698.05475918387,6.825828754148139
2026-05-06 16:30:00+02:00,-150.0,150.0,192672.54455510227,192722.55475918387,13.927189298365828
2026-05-06 16:45:00+02:00,-150.0,150.0,192684.28945306144,192709.29455510227,13.927189298365828
2026-05-06 17:00:00+02:00,-200.0,200.0,192671.0292489798,192721.03945306144,26.744658686120935
2026-05-06 17:15:00+02:00,-200.0,200.0,192697.4183510206,192720.0292489798,26.744658686120935
2026-05-06 17:30:00+02:00,-200.0,200.0,192698.8334775512,192746.4183510206,26.744658686120935
2026-05-06 17:45:00+02:00,-200.0,200.0,192747.8334775512,192747.8334775512,26.744658686120935
2026-05-06 18:00:00+02:00,-200.0,200.0,192771.8283755104,192796.8334775512,26.744658686120935
2026-05-06 18:15:00+02:00,-200.0,200.0,192820.8283755104,192820.8283755104,38.58963827795766
2026-05-06 18:30:00+02:00,-200.0,200.0,192853.5172000002,192869.8283755104,38.58963827795766
2026-05-06 18:45:00+02:00,-150.0,150.0,192902.5172000002,192902.5172000002,31.488277733739974
2026-05-06 19:00:00+02:00,-150.0,150.0,192939.2672000002,192939.2672000002,31.488277733739974
2026-05-06 19:15:00+02:00,-150.0,150.0,192976.0172000002,192976.0172000002,31.488277733739974
2026-05-06 19:30:00+02:00,-200.0,200.0,193012.7672000002,193012.7672000002,61.30102149791231
2026-05-06 19:45:00+02:00,-200.0,200.0,193061.7672000002,193061.7672000002,61.30102149791231
2026-05-06 20:00:00+02:00,-150.0,150.0,193110.7672000002,193110.7672000002,59.21485954926188
2026-05-06 20:15:00+02:00,-150.0,150.0,193147.5172000002,193147.5172000002,59.21485954926188
2026-05-06 20:30:00+02:00,-150.0,150.0,193184.2672000002,193184.2672000002,59.21485954926188
2026-05-06 20:45:00+02:00,-150.0,150.0,193221.0172000002,193221.0172000002,59.21485954926188
2026-05-06 21:00:00+02:00,-150.0,150.0,193257.7672000002,193257.7672000002,59.21485954926188
2026-05-06 21:15:00+02:00,-150.0,150.0,193294.5172000002,193294.5172000002,59.21485954926188
2026-05-06 21:30:00+02:00,-150.0,150.0,193331.2672000002,193331.2672000002,55.20277791660881
2026-05-06 21:45:00+02:00,-100.0,100.0,193368.0172000002,193368.0172000002,25.390034152436474
2026-05-06 22:00:00+02:00,-150.0,150.0,193392.5172000002,193392.5172000002,28.058516295293618
2026-05-06 22:15:00+02:00,-150.0,150.0,193404.26209795938,193429.2672000002,28.058516295293618
2026-05-06 22:30:00+02:00,-100.0,100.0,193441.01209795938,193441.01209795938,23.31884948979591
2026-05-06 22:45:00+02:00,-50.0,50.0,193440.50699591858,193465.51209795938,2.6684821428571435
2026-05-06 23:00:00+02:00,-50.0,50.0,193452.75699591858,193452.75699591858,2.6684821428571435
2026-05-06 23:15:00+02:00,-50.0,50.0,193440.00189387775,193465.00699591858,2.6684821428571435
2026-05-06 23:30:00+02:00,-50.0,50.0,193452.25189387775,193452.25189387775,2.6684821428571435
2026-05-06 23:45:00+02:00,-50.0,50.0,193439.49679183695,193464.50189387775,2.6684821428571435
2026-05-07 00:00:00+02:00,-50.0,50.0,193451.74679183695,193451.74679183695,2.6684821428571435
2026-05-07 00:15:00+02:00,-50.0,50.0,193438.99168979612,193463.99679183695,2.6684821428571435
2026-05-07 00:30:00+02:00,-50.0,50.0,193451.24168979612,193451.24168979612,2.6684821428571435
2026-05-07 00:45:00+02:00,-50.0,50.0,193438.4865877553,193463.49168979612,2.6684821428571435
2026-05-07 01:00:00+02:00,-50.0,50.0,193450.7365877553,193450.7365877553,2.6684821428571435
2026-05-07 01:15:00+02:00,-50.0,50.0,193437.9814857145,193462.9865877553,2.6684821428571435
2026-05-07 01:30:00+02:00,-50.0,50.0,193450.2314857145,193450.2314857145,2.6684821428571435
2026-05-07 01:45:00+02:00,-50.0,50.0,193437.47638367367,193462.4814857145,2.6684821428571435
2026-05-07 02:00:00+02:00,-50.0,50.0,193449.72638367367,193449.72638367367,2.6684821428571435
2026-05-07 02:15:00+02:00,-50.0,50.0,193436.97128163287,193461.97638367367,2.6684821428571435
2026-05-07 02:30:00+02:00,-50.0,50.0,193449.22128163287,193449.22128163287,2.6684821428571435
2026-05-07 02:45:00+02:00,-50.0,50.0,193436.46617959204,193461.47128163287,2.6684821428571435
2026-05-07 03:00:00+02:00,-50.0,50.0,193448.71617959204,193448.71617959204,2.6684821428571435
2026-05-07 03:15:00+02:00,-150.0,150.0,193435.9610775512,193460.96617959204,79.1234529883382
2026-05-07 03:30:00+02:00,-150.0,150.0,193472.7110775512,193472.7110775512,79.1234529883382
2026-05-07 03:45:00+02:00,-200.0,200.0,193484.4559755104,193509.4610775512,168.23093598153545
2026-05-07 04:00:00+02:00,-250.0,250.0,193533.4559755104,193533.4559755104,619.5272625121477
2026-05-07 04:15:00+02:00,-150.0,150.0,193586.4508000002,193594.7059755104,111.13307883867833
2026-05-07 04:30:00+02:00,-100.0,100.0,193623.2008000002,193623.2008000002,22.025595845481053
2026-05-07 04:45:00+02:00,-100.0,100.0,193647.7008000002,193647.7008000002,22.025595845481053
2026-05-07 05:00:00+02:00,-100.0,100.0,193672.2008000002,193672.2008000002,22.025595845481053
2026-05-07 05:15:00+02:00,-100.0,100.0,193696.7008000002,193696.7008000002,22.025595845481053
2026-05-07 05:30:00+02:00,-100.0,100.0,193721.2008000002,193721.2008000002,22.025595845481053
2026-05-07 05:45:00+02:00,-100.0,100.0,193745.7008000002,193745.7008000002,22.025595845481053
2026-05-07 06:00:00+02:00,-100.0,100.0,193770.2008000002,193770.2008000002,61.73180758017493
2026-05-07 06:15:00+02:00,-100.0,100.0,193794.7008000002,193794.7008000002,61.73180758017493
2026-05-07 06:30:00+02:00,-100.0,100.0,193819.2008000002,193819.2008000002,40.64173955296406
2026-05-07 06:45:00+02:00,-50.0,50.0,193843.7008000002,193843.7008000002,21.284625850340152
2026-05-07 07:00:00+02:00,-50.0,50.0,193855.9508000002,193855.9508000002,21.284625850340152
2026-05-07 07:15:00+02:00,0.0,0.0,193868.2008000002,193868.2008000002,0.0
2026-05-07 07:30:00+02:00,0.0,0.0,193868.2008000002,193868.2008000002,0.0
2026-05-07 07:45:00+02:00,-50.0,50.0,193868.2008000002,193868.2008000002,12.140408163265306
2026-05-07 08:00:00+02:00,-50.0,50.0,193876.5744000002,193880.4508000002,12.140408163265306
2026-05-07 08:15:00+02:00,-100.0,100.0,193888.8244000002,193888.8244000002,97.10380952380952
2026-05-07 08:30:00+02:00,-100.0,100.0,193913.3244000002,193913.3244000002,97.10380952380952
2026-05-07 08:45:00+02:00,-150.0,150.0,193937.8244000002,193937.8244000002,97.68402615715989
2026-05-07 09:00:00+02:00,-150.0,150.0,193949.5692979594,193974.5744000002,97.68402615715989
2026-05-07 09:15:00+02:00,-150.0,150.0,193986.3192979594,193986.3192979594,97.68402615715989
2026-05-07 09:30:00+02:00,-150.0,150.0,193998.06419591856,194023.0692979594,97.68402615715989
2026-05-07 09:45:00+02:00,-150.0,150.0,194034.81419591856,194034.81419591856,60.8736860211055
2026-05-07 10:00:00+02:00,-150.0,150.0,194046.55909387773,194071.56419591856,60.8736860211055
2026-05-07 10:15:00+02:00,-150.0,150.0,194083.30909387773,194083.30909387773,60.8736860211055
2026-05-07 10:30:00+02:00,-100.0,100.0,194095.05399183693,194120.05909387773,43.830420714983035
2026-05-07 10:45:00+02:00,-100.0,100.0,194119.55399183693,194119.55399183693,43.830420714983035
2026-05-07 11:00:00+02:00,-100.0,100.0,194119.0488897961,194144.05399183693,32.50715540886061
2026-05-07 11:15:00+02:00,-100.0,100.0,194143.5488897961,194143.5488897961,32.50715540886061
2026-05-07 11:30:00+02:00,-50.0,50.0,194143.0437877553,194168.0488897961,0.580216633350379
2026-05-07 11:45:00+02:00,-50.0,50.0,194155.2937877553,194155.2937877553,0.580216633350379
2026-05-07 12:00:00+02:00,-50.0,50.0,194142.53868571448,194167.5437877553,0.580216633350379
2026-05-07 12:15:00+02:00,-50.0,50.0,194154.78868571448,194154.78868571448,0.580216633350379
2026-05-07 12:30:00+02:00,-100.0,100.0,194142.03358367368,194167.03868571448,123.64776765375854
2026-05-07 12:45:00+02:00,-150.0,150.0,194166.53358367368,194166.53358367368,128.0878551173154
2026-05-07 13:00:00+02:00,-150.0,150.0,194153.27337959202,194203.28358367368,128.0878551173154
2026-05-07 13:15:00+02:00,-150.0,150.0,194190.02337959202,194190.02337959202,128.0878551173154
2026-05-07 13:30:00+02:00,-100.0,100.0,194176.7631755104,194226.77337959202,5.020304096907231
2026-05-07 13:45:00+02:00,-100.0,100.0,194201.2631755104,194201.2631755104,5.020304096907231
2026-05-07 14:00:00+02:00,-100.0,100.0,194175.75297142877,194225.7631755104,5.020304096907231
2026-05-07 14:15:00+02:00,-150.0,150.0,194200.25297142877,194200.25297142877,103.86540613772355
2026-05-07 14:30:00+02:00,-150.0,150.0,194186.99276734714,194237.00297142877,103.86540613772355
2026-05-07 14:45:00+02:00,-150.0,150.0,194223.74276734714,194223.74276734714,20.70652858670315
2026-05-07 15:00:00+02:00,-150.0,150.0,194224.9260734696,194260.49276734714,20.70652858670315
2026-05-07 15:15:00+02:00,-200.0,200.0,194261.6760734696,194261.6760734696,59.79805919894805
2026-05-07 15:30:00+02:00,-200.0,200.0,194285.67097142877,194310.6760734696,59.79805919894805
2026-05-07 15:45:00+02:00,-150.0,150.0,194334.67097142877,194334.67097142877,44.111834709152134
2026-05-07 16:00:00+02:00,-150.0,150.0,194346.41586938794,194371.42097142877,44.111834709152134
2026-05-07 16:15:00+02:00,-50.0,50.0,194383.16586938794,194383.16586938794,0.580216633350379
2026-05-07 16:30:00+02:00,-50.0,50.0,194370.41076734714,194395.41586938794,0.580216633350379
2026-05-07 16:45:00+02:00,-100.0,100.0,194382.66076734714,194382.66076734714,16.533958129949017
2026-05-07 17:00:00+02:00,-100.0,100.0,194382.15566530632,194407.16076734714,16.533958129949017
2026-05-07 17:15:00+02:00,-100.0,100.0,194406.65566530632,194406.65566530632,16.533958129949017
2026-05-07 17:30:00+02:00,-100.0,100.0,194406.15056326552,194431.15566530632,16.533958129949017
2026-05-07 17:45:00+02:00,-100.0,100.0,194430.65056326552,194430.65056326552,16.533958129949017
2026-05-07 18:00:00+02:00,-100.0,100.0,194430.1454612247,194455.15056326552,16.533958129949017
2026-05-07 18:15:00+02:00,-50.0,50.0,194454.6454612247,194454.6454612247,0.580216633350379
2026-05-07 18:30:00+02:00,-100.0,100.0,194441.89035918386,194466.8954612247,8.569247245595278
2026-05-07 18:45:00+02:00,-100.0,100.0,194441.38525714303,194466.39035918386,8.569247245595278
2026-05-07 19:00:00+02:00,-150.0,150.0,194440.88015510223,194465.88525714303,9.415573776207523
2026-05-07 19:15:00+02:00,-200.0,200.0,194442.26415510222,194477.63015510223,22.174675817023843
2026-05-07 19:30:00+02:00,-200.0,200.0,194466.2590530614,194491.26415510222,22.174675817023843
2026-05-07 19:45:00+02:00,-200.0,200.0,194490.2539510206,194515.2590530614,22.174675817023843
2026-05-07 20:00:00+02:00,-200.0,200.0,194514.2488489798,194539.2539510206,22.174675817023843
2026-05-07 20:15:00+02:00,-200.0,200.0,194538.24374693897,194563.2488489798,22.174675817023843
2026-05-07 20:30:00+02:00,-150.0,150.0,194562.23864489814,194587.24374693897,5.027631599336774
2026-05-07 20:45:00+02:00,-150.0,150.0,194548.97844081654,194598.98864489814,5.027631599336774
2026-05-07 21:00:00+02:00,-150.0,150.0,194560.72333877572,194585.72844081654,5.027631599336774
2026-05-07 21:15:00+02:00,-200.0,200.0,194547.46313469406,194597.47333877572,11.303690409957795
2026-05-07 21:30:00+02:00,-200.0,200.0,194559.20803265326,194596.46313469406,11.303690409957795
2026-05-07 21:45:00+02:00,-200.0,200.0,194545.9478285716,194608.20803265326,11.303690409957795
2026-05-07 22:00:00+02:00,-200.0,200.0,194557.69272653077,194594.9478285716,11.303690409957795
2026-05-07 22:15:00+02:00,-200.0,200.0,194544.43252244918,194606.69272653077,11.303690409957795
2026-05-07 22:30:00+02:00,-200.0,200.0,194556.17742040835,194593.43252244918,11.303690409957795
2026-05-07 22:45:00+02:00,-200.0,200.0,194542.91721632672,194605.17742040835,11.303690409957795
2026-05-07 23:00:00+02:00,-200.0,200.0,194554.6621142859,194591.91721632672,11.303690409957795
2026-05-07 23:15:00+02:00,-200.0,200.0,194541.4019102043,194603.6621142859,11.303690409957795
2026-05-07 23:30:00+02:00,-200.0,200.0,194553.14680816347,194590.4019102043,11.303690409957795
2026-05-07 23:45:00+02:00,-200.0,200.0,194539.8866040818,194602.14680816347,11.303690409957795
2026-05-08 00:00:00+02:00,-200.0,200.0,194551.631502041,194588.8866040818,11.303690409957795
2026-05-08 00:15:00+02:00,-200.0,200.0,194538.37129795935,194600.631502041,11.303690409957795
2026-05-08 00:30:00+02:00,-200.0,200.0,194550.11619591856,194587.37129795935,11.303690409957795
2026-05-08 00:45:00+02:00,-200.0,200.0,194536.85599183693,194599.11619591856,11.303690409957795
2026-05-08 01:00:00+02:00,-200.0,200.0,194548.6008897961,194585.85599183693,11.303690409957795
2026-05-08 01:15:00+02:00,-200.0,200.0,194535.34068571447,194597.6008897961,11.303690409957795
2026-05-08 01:30:00+02:00,-200.0,200.0,194547.08558367364,194584.34068571447,11.303690409957795
2026-05-08 01:45:00+02:00,-200.0,200.0,194533.82537959205,194596.08558367364,11.303690409957795
2026-05-08 02:00:00+02:00,-200.0,200.0,194545.57027755122,194582.82537959205,11.303690409957795
2026-05-08 02:15:00+02:00,-200.0,200.0,194532.3100734696,194594.57027755122,11.303690409957795
2026-05-08 02:30:00+02:00,-200.0,200.0,194544.05497142876,194581.3100734696,11.303690409957795
2026-05-08 02:45:00+02:00,-200.0,200.0,194530.79476734714,194593.05497142876,11.303690409957795
2026-05-08 03:00:00+02:00,-200.0,200.0,194542.53966530634,194579.79476734714,11.303690409957795
2026-05-08 03:15:00+02:00,-200.0,200.0,194529.27946122468,194591.53966530634,11.303690409957795
2026-05-08 03:30:00+02:00,-200.0,200.0,194541.02435918385,194578.27946122468,11.303690409957795
2026-05-08 03:45:00+02:00,-200.0,200.0,194527.76415510222,194590.02435918385,11.303690409957795
2026-05-08 04:00:00+02:00,-200.0,200.0,194539.5090530614,194576.76415510222,11.303690409957795
2026-05-08 04:15:00+02:00,-200.0,200.0,194526.2488489798,194588.5090530614,11.303690409957795
2026-05-08 04:30:00+02:00,-200.0,200.0,194537.99374693897,194575.2488489798,11.303690409957795
2026-05-08 04:45:00+02:00,-200.0,200.0,194524.73354285734,194586.99374693897,11.303690409957795
2026-05-08 05:00:00+02:00,-200.0,200.0,194536.4784408165,194573.73354285734,11.303690409957795
2026-05-08 05:15:00+02:00,-200.0,200.0,194523.2182367349,194585.4784408165,11.303690409957795
2026-05-08 05:30:00+02:00,-200.0,200.0,194534.9631346941,194572.2182367349,11.303690409957795
2026-05-08 05:45:00+02:00,-200.0,200.0,194521.70293061243,194583.9631346941,11.303690409957795
2026-05-08 06:00:00+02:00,-200.0,200.0,194533.44782857163,194570.70293061243,11.303690409957795
2026-05-08 06:15:00+02:00,-200.0,200.0,194520.18762448998,194582.44782857163,11.303690409957795
2026-05-08 06:30:00+02:00,-200.0,200.0,194531.93252244915,194569.18762448998,11.303690409957795
2026-05-08 06:45:00+02:00,-200.0,200.0,194518.67231836755,194580.93252244915,11.303690409957795
2026-05-08 07:00:00+02:00,-200.0,200.0,194530.41721632672,194567.67231836755,11.303690409957795
2026-05-08 07:15:00+02:00,-200.0,200.0,194517.1570122451,194579.41721632672,11.303690409957795
2026-05-08 07:30:00+02:00,-200.0,200.0,194528.90191020427,194566.1570122451,11.303690409957795
2026-05-08 07:45:00+02:00,-200.0,200.0,194515.64170612267,194577.90191020427,11.303690409957795
2026-05-08 08:00:00+02:00,-200.0,200.0,194527.38660408184,194564.64170612267,11.303690409957795
2026-05-08 08:15:00+02:00,-200.0,200.0,194538.66724897976,194576.38660408184,11.303690409957795
2026-05-08 08:30:00+02:00,-200.0,200.0,194550.41214693896,194587.66724897976,11.303690409957795
2026-05-08 08:45:00+02:00,-200.0,200.0,194562.15704489814,194599.41214693896,11.303690409957795
2026-05-08 09:00:00+02:00,-200.0,200.0,194582.4019428573,194611.15704489814,11.303690409957795
2026-05-08 09:15:00+02:00,-200.0,200.0,194606.3968408165,194631.4019428573,11.303690409957795
2026-05-08 09:30:00+02:00,-200.0,200.0,194630.3917387757,194655.3968408165,11.303690409957795
2026-05-08 09:45:00+02:00,-200.0,200.0,194654.38663673488,194679.3917387757,11.303690409957795
2026-05-08 10:00:00+02:00,-200.0,200.0,194678.38153469405,194703.38663673485,11.303690409957795
2026-05-08 10:15:00+02:00,-200.0,200.0,194702.37643265325,194727.38153469405,11.303690409957795
2026-05-08 10:30:00+02:00,-200.0,200.0,194726.37133061243,194751.37643265325,11.303690409957795
2026-05-08 10:45:00+02:00,-200.0,200.0,194750.3662285716,194775.37133061243,11.303690409957795
2026-05-08 11:00:00+02:00,-200.0,200.0,194774.3611265308,194799.3662285716,11.303690409957795
2026-05-08 11:15:00+02:00,-200.0,200.0,194798.35602448997,194823.3611265308,11.303690409957795
2026-05-08 11:30:00+02:00,-200.0,200.0,194822.35092244914,194847.35602448997,11.303690409957795
2026-05-08 11:45:00+02:00,-200.0,200.0,194846.34582040834,194871.35092244914,11.303690409957795
2026-05-08 12:00:00+02:00,-200.0,200.0,194870.34071836754,194895.34582040834,11.303690409957795
2026-05-08 12:15:00+02:00,-200.0,200.0,194894.33561632672,194919.34071836754,11.303690409957795
2026-05-08 12:30:00+02:00,-200.0,200.0,194918.3305142859,194943.33561632672,11.303690409957795
2026-05-08 12:45:00+02:00,-200.0,200.0,194942.3254122451,194967.3305142859,11.303690409957795
2026-05-08 13:00:00+02:00,-150.0,150.0,194966.3203102043,194991.3254122451,7.702601974583646
2026-05-08 13:15:00+02:00,-150.0,150.0,194978.06520816346,195003.0703102043,7.702601974583646
2026-05-08 13:30:00+02:00,-200.0,200.0,194989.81010612263,195014.81520816346,9.363705118543932
2026-05-08 13:45:00+02:00,-200.0,200.0,194988.79990204104,195038.81010612263,9.363705118543932
2026-05-08 14:00:00+02:00,-200.0,200.0,195012.7948000002,195037.79990204104,9.363705118543932
2026-05-08 14:15:00+02:00,-200.0,200.0,195011.78459591855,195061.7948000002,9.363705118543932
2026-05-08 14:30:00+02:00,-200.0,200.0,195035.77949387775,195060.78459591858,9.363705118543932
2026-05-08 14:45:00+02:00,-200.0,200.0,195034.7692897961,195084.77949387775,9.363705118543932
2026-05-08 15:00:00+02:00,-200.0,200.0,195058.7641877553,195083.7692897961,9.363705118543932
2026-05-08 15:15:00+02:00,-200.0,200.0,195057.75398367367,195107.7641877553,9.363705118543932
2026-05-08 15:30:00+02:00,-200.0,200.0,195081.74888163287,195106.75398367367,9.363705118543932
2026-05-08 15:45:00+02:00,-200.0,200.0,195080.7386775512,195130.74888163287,9.363705118543932
2026-05-08 16:00:00+02:00,-200.0,200.0,195104.73357551038,195129.7386775512,9.363705118543932
2026-05-08 16:15:00+02:00,-200.0,200.0,195103.7233714288,195153.73357551038,9.363705118543932
2026-05-08 16:30:00+02:00,-200.0,200.0,195127.71826938796,195152.7233714288,9.363705118543932
2026-05-08 16:45:00+02:00,-200.0,200.0,195126.70806530633,195176.71826938796,9.363705118543932
2026-05-08 17:00:00+02:00,-200.0,200.0,195150.7029632655,195175.70806530633,9.363705118543932
2026-05-08 17:15:00+02:00,-200.0,200.0,195149.69275918388,195199.7029632655,9.363705118543932
2026-05-08 17:30:00+02:00,-200.0,200.0,195173.68765714305,195198.69275918388,9.363705118543932
2026-05-08 17:45:00+02:00,-200.0,200.0,195172.67745306142,195222.68765714305,9.363705118543932
2026-05-08 18:00:00+02:00,-200.0,200.0,195196.67235102062,195221.67745306142,9.363705118543932
2026-05-08 18:15:00+02:00,-200.0,200.0,195206.00074285734,195245.67235102062,9.363705118543932
2026-05-08 18:30:00+02:00,-200.0,200.0,195229.99564081655,195255.00074285734,9.363705118543932
2026-05-08 18:45:00+02:00,-200.0,200.0,195253.99053877572,195278.99564081655,9.363705118543932
2026-05-08 19:00:00+02:00,-200.0,200.0,195277.9854367349,195302.99053877572,9.363705118543932
2026-05-08 19:15:00+02:00,-200.0,200.0,195301.9803346941,195326.9854367349,9.363705118543932
2026-05-08 19:30:00+02:00,-200.0,200.0,195325.97523265326,195350.9803346941,9.363705118543932
2026-05-08 19:45:00+02:00,-200.0,200.0,195349.97013061246,195374.97523265326,9.363705118543932
2026-05-08 20:00:00+02:00,-200.0,200.0,195373.96502857163,195398.97013061246,9.363705118543932
2026-05-08 20:15:00+02:00,-200.0,200.0,195397.9599265308,195422.96502857163,9.363705118543932
2026-05-08 20:30:00+02:00,-100.0,100.0,195421.95482449,195446.9599265308,2.2413197773106646
2026-05-08 20:45:00+02:00,-150.0,150.0,195421.44972244918,195446.45482449,10.762952430371886
2026-05-08 21:00:00+02:00,-150.0,150.0,195408.18951836755,195458.19972244918,10.762952430371886
2026-05-08 21:15:00+02:00,-150.0,150.0,195426.9976489798,195444.93951836755,10.762952430371886
2026-05-08 21:30:00+02:00,-200.0,200.0,195436.4560489798,195463.7476489798,22.6932381446576
2026-05-08 21:45:00+02:00,-200.0,200.0,195482.6644489798,195485.4560489798,22.6932381446576
2026-05-08 22:00:00+02:00,-200.0,200.0,195506.65934693898,195531.6644489798,22.6932381446576
2026-05-08 22:15:00+02:00,-200.0,200.0,195555.65934693898,195555.65934693898,22.6932381446576
2026-05-08 22:30:00+02:00,-150.0,150.0,195579.65424489818,195604.65934693898,14.171605491596376
2026-05-08 22:45:00+02:00,-50.0,50.0,195616.40424489818,195616.40424489818,0.580216633350379
2026-05-08 23:00:00+02:00,-50.0,50.0,195603.64914285735,195628.65424489818,0.580216633350379
2026-05-08 23:15:00+02:00,-50.0,50.0,195615.89914285735,195615.89914285735,0.580216633350379
2026-05-08 23:30:00+02:00,-50.0,50.0,195603.14404081655,195628.14914285735,0.580216633350379
2026-05-08 23:45:00+02:00,-50.0,50.0,195615.39404081655,195615.39404081655,0.580216633350379
2026-05-09 00:00:00+02:00,-50.0,50.0,195602.63893877572,195627.64404081655,0.580216633350379
2026-05-09 00:15:00+02:00,-50.0,50.0,195614.88893877572,195614.88893877572,0.580216633350379
2026-05-09 00:30:00+02:00,-50.0,50.0,195602.1338367349,195627.13893877572,0.580216633350379
2026-05-09 00:45:00+02:00,-50.0,50.0,195614.3838367349,195614.3838367349,0.580216633350379
2026-05-09 01:00:00+02:00,-50.0,50.0,195601.6287346941,195626.6338367349,0.580216633350379
2026-05-09 01:15:00+02:00,-100.0,100.0,195613.8787346941,195613.8787346941,18.345114592534053
2026-05-09 01:30:00+02:00,-100.0,100.0,195613.37363265327,195638.3787346941,18.345114592534053
2026-05-09 01:45:00+02:00,-100.0,100.0,195637.87363265327,195637.87363265327,18.345114592534053
2026-05-09 02:00:00+02:00,-100.0,100.0,195637.36853061247,195662.37363265327,18.345114592534053
2026-05-09 02:15:00+02:00,-100.0,100.0,195661.86853061244,195661.86853061244,18.345114592534053
2026-05-09 02:30:00+02:00,-100.0,100.0,195661.36342857164,195686.36853061244,18.345114592534053
2026-05-09 02:45:00+02:00,-100.0,100.0,195685.86342857164,195685.86342857164,18.345114592534053
2026-05-09 03:00:00+02:00,-100.0,100.0,195685.3583265308,195710.36342857164,18.345114592534053
2026-05-09 03:15:00+02:00,-150.0,150.0,195709.8583265308,195709.8583265308,42.60161119117351
2026-05-09 03:30:00+02:00,-150.0,150.0,195721.60322448998,195746.6083265308,42.60161119117351
2026-05-09 03:45:00+02:00,-150.0,150.0,195758.35322448998,195758.35322448998,42.60161119117351
2026-05-09 04:00:00+02:00,-150.0,150.0,195770.09812244918,195795.10322448998,116.88201935443878
2026-05-09 04:15:00+02:00,-100.0,100.0,195806.84812244918,195806.84812244918,24.836713231989837
2026-05-09 04:30:00+02:00,-100.0,100.0,195806.34302040836,195831.34812244918,24.836713231989837
2026-05-09 04:45:00+02:00,-100.0,100.0,195830.84302040836,195830.84302040836,24.836713231989837
2026-05-09 05:00:00+02:00,-100.0,100.0,195830.33791836756,195855.34302040836,24.836713231989837
2026-05-09 05:15:00+02:00,-100.0,100.0,195854.83791836756,195854.83791836756,24.836713231989837
2026-05-09 05:30:00+02:00,-100.0,100.0,195854.33281632673,195879.33791836756,24.836713231989837
2026-05-09 05:45:00+02:00,-100.0,100.0,195878.83281632673,195878.83281632673,24.836713231989837
2026-05-09 06:00:00+02:00,-100.0,100.0,195878.3277142859,195903.33281632673,24.836713231989837
2026-05-09 06:15:00+02:00,-50.0,50.0,195902.8277142859,195902.8277142859,0.580216633350379
2026-05-09 06:30:00+02:00,-50.0,50.0,195890.0726122451,195915.0777142859,0.580216633350379
2026-05-09 06:45:00+02:00,-50.0,50.0,195902.3226122451,195902.3226122451,0.580216633350379
2026-05-09 07:00:00+02:00,-50.0,50.0,195889.56751020427,195914.5726122451,0.580216633350379
2026-05-09 07:15:00+02:00,-50.0,50.0,195901.81751020427,195901.81751020427,0.580216633350379
2026-05-09 07:30:00+02:00,-50.0,50.0,195889.06240816347,195914.06751020427,0.580216633350379
2026-05-09 07:45:00+02:00,-50.0,50.0,195901.31240816347,195901.31240816347,0.580216633350379
2026-05-09 08:00:00+02:00,-50.0,50.0,195888.55730612265,195913.56240816347,0.580216633350379
2026-05-09 08:15:00+02:00,-100.0,100.0,195900.80730612265,195900.80730612265,44.10766561294223
2026-05-09 08:30:00+02:00,-100.0,100.0,195900.30220408182,195925.30730612265,44.10766561294223
2026-05-09 08:45:00+02:00,-150.0,150.0,195924.80220408182,195924.80220408182,48.67666153130958
2026-05-09 09:00:00+02:00,-150.0,150.0,195911.5420000002,195961.55220408182,48.67666153130958
2026-05-09 09:15:00+02:00,-100.0,100.0,195948.2920000002,195948.2920000002,5.149212551717727
2026-05-09 09:30:00+02:00,-100.0,100.0,195922.78179591856,195972.7920000002,5.149212551717727
2026-05-09 09:45:00+02:00,-100.0,100.0,195947.28179591856,195947.28179591856,5.149212551717727
2026-05-09 10:00:00+02:00,-100.0,100.0,195921.77159183694,195971.78179591856,5.149212551717727
2026-05-09 10:15:00+02:00,-100.0,100.0,195946.27159183694,195946.27159183694,5.149212551717727
2026-05-09 10:30:00+02:00,-100.0,100.0,195920.7613877553,195970.77159183694,5.149212551717727
2026-05-09 10:45:00+02:00,-100.0,100.0,195945.2613877553,195945.2613877553,5.149212551717727
2026-05-09 11:00:00+02:00,-150.0,150.0,195919.75118367365,195969.7613877553,32.99387041486298
2026-05-09 11:15:00+02:00,-150.0,150.0,195956.50118367365,195956.50118367365,32.99387041486298
2026-05-09 11:30:00+02:00,-200.0,200.0,195943.24097959202,195993.25118367365,69.97542143527114
2026-05-09 11:45:00+02:00,-200.0,200.0,195992.24097959202,195992.24097959202,69.97542143527114
2026-05-09 12:00:00+02:00,-200.0,200.0,195991.2307755104,196041.24097959202,69.97542143527114
2026-05-09 12:15:00+02:00,-200.0,200.0,196040.2307755104,196040.2307755104,69.97542143527114
2026-05-09 12:30:00+02:00,-200.0,200.0,196044.9517877553,196089.2307755104,69.97542143527114
2026-05-09 12:45:00+02:00,-150.0,150.0,196093.9517877553,196093.9517877553,32.99387041486298
2026-05-09 13:00:00+02:00,-150.0,150.0,196105.69668571447,196130.7017877553,32.99387041486298
2026-05-09 13:15:00+02:00,-150.0,150.0,196142.44668571447,196142.44668571447,32.99387041486298
2026-05-09 13:30:00+02:00,-150.0,150.0,196154.19158367367,196179.19668571447,32.99387041486298
2026-05-09 13:45:00+02:00,-150.0,150.0,196190.94158367367,196190.94158367367,32.99387041486298
2026-05-09 14:00:00+02:00,-150.0,150.0,196202.68648163285,196227.69158367367,32.99387041486298
2026-05-09 14:15:00+02:00,-150.0,150.0,196239.43648163285,196239.43648163285,32.99387041486298
2026-05-09 14:30:00+02:00,-150.0,150.0,196251.18137959202,196276.18648163285,32.99387041486298
2026-05-09 14:45:00+02:00,-150.0,150.0,196287.93137959202,196287.93137959202,32.99387041486298
2026-05-09 15:00:00+02:00,-100.0,100.0,196299.67627755122,196324.68137959202,28.424874496495637
2026-05-09 15:15:00+02:00,-50.0,50.0,196324.17627755122,196324.17627755122,0.580216633350379
2026-05-09 15:30:00+02:00,-100.0,100.0,196311.4211755104,196336.42627755122,2.7085402485107295
2026-05-09 15:45:00+02:00,-100.0,100.0,196310.91607346956,196335.9211755104,2.7085402485107295
2026-05-09 16:00:00+02:00,-100.0,100.0,196310.41097142876,196335.41607346956,2.7085402485107295
2026-05-09 16:15:00+02:00,-100.0,100.0,196309.90586938793,196334.91097142873,2.7085402485107295
2026-05-09 16:30:00+02:00,-100.0,100.0,196309.40076734714,196334.40586938793,2.7085402485107295
2026-05-09 16:45:00+02:00,-100.0,100.0,196308.89566530628,196333.9007673471,2.7085402485107295
2026-05-09 17:00:00+02:00,-100.0,100.0,196308.39056326548,196333.39566530628,2.7085402485107295
2026-05-09 17:15:00+02:00,-100.0,100.0,196307.88546122468,196332.89056326548,2.7085402485107295
2026-05-09 17:30:00+02:00,-100.0,100.0,196307.38035918388,196332.38546122468,2.7085402485107295
2026-05-09 17:45:00+02:00,-100.0,100.0,196306.87525714305,196331.88035918388,2.7085402485107295
2026-05-09 18:00:00+02:00,-100.0,100.0,196306.37015510222,196331.37525714305,2.7085402485107295
2026-05-09 18:15:00+02:00,-100.0,100.0,196305.8650530614,196330.87015510222,2.7085402485107295
2026-05-09 18:30:00+02:00,-150.0,150.0,196305.3599510206,196330.3650530614,3.6264858961575435
2026-05-09 18:45:00+02:00,-150.0,150.0,196292.09974693897,196342.10995102057,3.6264858961575435
2026-05-09 19:00:00+02:00,-150.0,150.0,196303.84464489817,196328.84974693897,3.6264858961575435
2026-05-09 19:15:00+02:00,-150.0,150.0,196290.5844408165,196340.59464489817,3.6264858961575435
2026-05-09 19:30:00+02:00,-150.0,150.0,196302.3293387757,196327.3344408165,3.6264858961575435
2026-05-09 19:45:00+02:00,-150.0,150.0,196289.06913469406,196339.0793387757,3.6264858961575435
2026-05-09 20:00:00+02:00,-200.0,200.0,196300.81403265326,196325.81913469406,5.322365293142468
2026-05-09 20:15:00+02:00,-200.0,200.0,196274.7987265308,196349.81403265323,5.322365293142468
2026-05-09 20:30:00+02:00,-200.0,200.0,196298.79362448998,196323.7987265308,5.322365293142468
2026-05-09 20:45:00+02:00,-200.0,200.0,196272.77831836752,196347.79362448998,5.322365293142468
2026-05-09 21:00:00+02:00,-200.0,200.0,196296.77321632672,196321.77831836752,5.322365293142468
2026-05-09 21:15:00+02:00,-200.0,200.0,196286.22033469408,196345.77321632672,5.322365293142468
2026-05-09 21:30:00+02:00,-200.0,200.0,196310.21523265325,196335.22033469405,5.322365293142468
2026-05-09 21:45:00+02:00,-200.0,200.0,196309.20502857163,196359.21523265325,5.322365293142468
2026-05-09 22:00:00+02:00,-200.0,200.0,196333.1999265308,196358.20502857163,5.322365293142468
2026-05-09 22:15:00+02:00,-200.0,200.0,196332.18972244917,196382.1999265308,5.322365293142468
2026-05-09 22:30:00+02:00,-150.0,150.0,196356.18462040834,196381.18972244914,3.1940416779821175
2026-05-09 22:45:00+02:00,-150.0,150.0,196342.9244163267,196392.93462040834,3.1940416779821175
2026-05-09 23:00:00+02:00,-150.0,150.0,196354.6693142859,196379.6744163267,3.1940416779821175
2026-05-09 23:15:00+02:00,-150.0,150.0,196341.40911020426,196391.4193142859,3.1940416779821175
2026-05-09 23:30:00+02:00,-150.0,150.0,196353.15400816346,196378.15911020426,3.1940416779821175
2026-05-09 23:45:00+02:00,-150.0,150.0,196339.89380408183,196389.90400816346,3.1940416779821175
2026-05-10 00:00:00+02:00,-150.0,150.0,196351.638702041,196376.64380408183,3.1940416779821175
2026-05-10 00:15:00+02:00,-150.0,150.0,196338.37849795938,196388.388702041,3.1940416779821175
2026-05-10 00:30:00+02:00,-150.0,150.0,196350.12339591855,196375.12849795938,3.1940416779821175
2026-05-10 00:45:00+02:00,-150.0,150.0,196336.86319183692,196386.87339591855,3.1940416779821175
2026-05-10 01:00:00+02:00,-150.0,150.0,196348.6080897961,196373.61319183692,3.1940416779821175
2026-05-10 01:15:00+02:00,-150.0,150.0,196335.34788571447,196385.3580897961,3.1940416779821175
2026-05-10 01:30:00+02:00,-150.0,150.0,196347.09278367364,196372.09788571447,3.1940416779821175
2026-05-10 01:45:00+02:00,-150.0,150.0,196333.832579592,196383.84278367364,3.1940416779821175
2026-05-10 02:00:00+02:00,-200.0,200.0,196345.5774775512,196370.582579592,5.6728299432882405
2026-05-10 02:15:00+02:00,-200.0,200.0,196319.56217142876,196394.5774775512,5.6728299432882405
2026-05-10 02:30:00+02:00,-200.0,200.0,196343.55706938793,196368.56217142876,5.6728299432882405
2026-05-10 02:45:00+02:00,-200.0,200.0,196317.5417632655,196392.55706938793,5.6728299432882405
2026-05-10 03:00:00+02:00,-200.0,200.0,196341.5366612247,196366.5417632655,5.6728299432882405
2026-05-10 03:15:00+02:00,-200.0,200.0,196315.52135510222,196390.5366612247,5.6728299432882405
2026-05-10 03:30:00+02:00,-200.0,200.0,196339.5162530614,196364.52135510222,5.6728299432882405
2026-05-10 03:45:00+02:00,-200.0,200.0,196313.50094693896,196388.5162530614,5.6728299432882405
2026-05-10 04:00:00+02:00,-200.0,200.0,196337.49584489816,196362.50094693896,5.6728299432882405
2026-05-10 04:15:00+02:00,-200.0,200.0,196311.48053877568,196386.49584489816,5.6728299432882405
2026-05-10 04:30:00+02:00,-200.0,200.0,196335.47543673488,196360.48053877568,5.6728299432882405
2026-05-10 04:45:00+02:00,-200.0,200.0,196309.46013061242,196384.47543673488,5.6728299432882405
2026-05-10 05:00:00+02:00,-200.0,200.0,196333.4550285716,196358.46013061242,5.6728299432882405
2026-05-10 05:15:00+02:00,-200.0,200.0,196307.43972244917,196382.4550285716,5.6728299432882405
2026-05-10 05:30:00+02:00,-200.0,200.0,196331.43462040837,196356.43972244917,5.6728299432882405
2026-05-10 05:45:00+02:00,-200.0,200.0,196305.41931428591,196380.43462040837,5.6728299432882405
2026-05-10 06:00:00+02:00,-200.0,200.0,196329.4142122451,196354.41931428591,5.6728299432882405
2026-05-10 06:15:00+02:00,-200.0,200.0,196303.39890612263,196378.4142122451,5.6728299432882405
2026-05-10 06:30:00+02:00,-200.0,200.0,196327.39380408183,196352.39890612263,5.6728299432882405
2026-05-10 06:45:00+02:00,-200.0,200.0,196301.37849795935,196376.39380408183,5.6728299432882405
2026-05-10 07:00:00+02:00,-200.0,200.0,196325.37339591855,196350.37849795935,5.6728299432882405
2026-05-10 07:15:00+02:00,-200.0,200.0,196299.3580897961,196374.37339591855,5.6728299432882405
2026-05-10 07:30:00+02:00,-200.0,200.0,196323.35298775526,196348.3580897961,5.6728299432882405
2026-05-10 07:45:00+02:00,-200.0,200.0,196297.33768163284,196372.35298775526,5.6728299432882405
2026-05-10 08:00:00+02:00,-200.0,200.0,196321.33257959204,196346.33768163284,5.6728299432882405
2026-05-10 08:15:00+02:00,-200.0,200.0,196295.31727346958,196370.33257959204,5.6728299432882405
2026-05-10 08:30:00+02:00,-200.0,200.0,196319.31217142876,196344.31727346958,5.6728299432882405
2026-05-10 08:45:00+02:00,-200.0,200.0,196293.29686530633,196368.31217142876,5.6728299432882405
2026-05-10 09:00:00+02:00,-200.0,200.0,196317.2917632655,196342.29686530633,5.6728299432882405
2026-05-10 09:15:00+02:00,-200.0,200.0,196291.27645714302,196366.2917632655,5.6728299432882405
2026-05-10 09:30:00+02:00,-200.0,200.0,196315.27135510222,196340.27645714302,5.6728299432882405
2026-05-10 09:45:00+02:00,-200.0,200.0,196289.2560489798,196364.27135510222,5.6728299432882405
2026-05-10 10:00:00+02:00,-200.0,200.0,196313.25094693896,196338.2560489798,5.6728299432882405
2026-05-10 10:15:00+02:00,-200.0,200.0,196287.2356408165,196362.25094693896,5.6728299432882405
2026-05-10 10:30:00+02:00,-200.0,200.0,196311.2305387757,196336.2356408165,5.6728299432882405
2026-05-10 10:45:00+02:00,-200.0,200.0,196285.21523265325,196360.2305387757,5.6728299432882405
2026-05-10 11:00:00+02:00,-200.0,200.0,196309.21013061242,196334.21523265325,5.6728299432882405
2026-05-10 11:15:00+02:00,-200.0,200.0,196283.19482449,196358.21013061242,5.6728299432882405
2026-05-10 11:30:00+02:00,-200.0,200.0,196307.18972244917,196332.19482449,5.6728299432882405
2026-05-10 11:45:00+02:00,-200.0,200.0,196281.1744163267,196356.18972244917,5.6728299432882405
2026-05-10 12:00:00+02:00,-200.0,200.0,196305.1693142859,196330.1744163267,5.6728299432882405
2026-05-10 12:15:00+02:00,-200.0,200.0,196279.15400816346,196354.1693142859,5.6728299432882405
2026-05-10 12:30:00+02:00,-200.0,200.0,196303.14890612263,196328.15400816346,5.6728299432882405
2026-05-10 12:45:00+02:00,-200.0,200.0,196277.13360000018,196352.14890612263,5.6728299432882405
2026-05-10 13:00:00+02:00,-200.0,200.0,196301.12849795938,196326.13360000018,5.6728299432882405
2026-05-10 13:15:00+02:00,-200.0,200.0,196275.11319183692,196350.12849795938,5.6728299432882405
2026-05-10 13:30:00+02:00,-200.0,200.0,196299.1080897961,196324.11319183692,5.6728299432882405
2026-05-10 13:45:00+02:00,-200.0,200.0,196273.09278367367,196348.1080897961,5.6728299432882405
2026-05-10 14:00:00+02:00,-200.0,200.0,196297.08768163287,196322.09278367367,5.6728299432882405
2026-05-10 14:15:00+02:00,-200.0,200.0,196271.07237551038,196346.08768163287,5.6728299432882405
2026-05-10 14:30:00+02:00,-200.0,200.0,196295.06727346955,196320.07237551038,5.6728299432882405
2026-05-10 14:45:00+02:00,-200.0,200.0,196290.65422040835,196344.06727346955,5.6728299432882405
2026-05-10 15:00:00+02:00,-200.0,200.0,196314.64911836752,196339.65422040835,5.6728299432882405
2026-05-10 15:15:00+02:00,-200.0,200.0,196313.6389142859,196363.64911836752,5.6728299432882405
2026-05-10 15:30:00+02:00,-200.0,200.0,196337.6338122451,196362.6389142859,5.6728299432882405
2026-05-10 15:45:00+02:00,-200.0,200.0,196336.62360816347,196386.6338122451,5.6728299432882405
2026-05-10 16:00:00+02:00,-200.0,200.0,196360.61850612264,196385.62360816347,5.6728299432882405
2026-05-10 16:15:00+02:00,-200.0,200.0,196359.60830204102,196409.61850612264,5.6728299432882405
2026-05-10 16:30:00+02:00,-200.0,200.0,196383.60320000022,196408.60830204102,5.6728299432882405
2026-05-10 16:45:00+02:00,-200.0,200.0,196382.5929959186,196432.60320000022,5.6728299432882405
2026-05-10 17:00:00+02:00,-200.0,200.0,196406.58789387776,196431.5929959186,5.6728299432882405
2026-05-10 17:15:00+02:00,-200.0,200.0,196405.5776897961,196455.58789387776,5.6728299432882405
2026-05-10 17:30:00+02:00,-200.0,200.0,196429.5725877553,196454.5776897961,5.6728299432882405
2026-05-10 17:45:00+02:00,-200.0,200.0,196428.56238367365,196478.5725877553,5.6728299432882405
2026-05-10 18:00:00+02:00,-150.0,150.0,196452.55728163285,196477.56238367365,3.1940416779821175
2026-05-10 18:15:00+02:00,-150.0,150.0,196439.29707755122,196489.30728163285,3.1940416779821175
2026-05-10 18:30:00+02:00,-150.0,150.0,196451.0419755104,196476.04707755122,3.1940416779821175
2026-05-10 18:45:00+02:00,-200.0,200.0,196437.78177142877,196487.7919755104,18.165266167778025
2026-05-10 19:00:00+02:00,-200.0,200.0,196461.77666938797,196486.78177142877,18.165266167778025
2026-05-10 19:15:00+02:00,-200.0,200.0,196460.76646530634,196510.77666938797,18.165266167778025
2026-05-10 19:30:00+02:00,-200.0,200.0,196484.7613632655,196509.76646530634,18.165266167778025
2026-05-10 19:45:00+02:00,-150.0,150.0,196483.75115918388,196533.7613632655,3.1940416779821175
2026-05-10 20:00:00+02:00,-150.0,150.0,196495.49605714306,196520.50115918388,3.1940416779821175
2026-05-10 20:15:00+02:00,-150.0,150.0,196482.2358530614,196532.24605714306,3.1940416779821175
2026-05-10 20:30:00+02:00,-150.0,150.0,196493.9807510206,196518.9858530614,3.1940416779821175
2026-05-10 20:45:00+02:00,-150.0,150.0,196480.72054693897,196530.7307510206,3.1940416779821175
2026-05-10 21:00:00+02:00,-150.0,150.0,196492.46544489815,196517.47054693897,3.1940416779821175
2026-05-10 21:15:00+02:00,-150.0,150.0,196479.20524081652,196529.21544489815,3.1940416779821175
2026-05-10 21:30:00+02:00,-150.0,150.0,196490.95013877572,196515.95524081652,3.1940416779821175
2026-05-10 21:45:00+02:00,-150.0,150.0,196477.6899346941,196527.70013877572,3.1940416779821175
2026-05-10 22:00:00+02:00,-150.0,150.0,196489.43483265326,196514.4399346941,3.1940416779821175
2026-05-10 22:15:00+02:00,-150.0,150.0,196476.17462857164,196526.18483265326,3.1940416779821175
2026-05-10 22:30:00+02:00,-150.0,150.0,196487.9195265308,196512.92462857164,3.1940416779821175
2026-05-10 22:45:00+02:00,-150.0,150.0,196474.65932244918,196524.6695265308,3.1940416779821175
2026-05-10 23:00:00+02:00,-150.0,150.0,196486.40422040835,196511.40932244918,3.1940416779821175
2026-05-10 23:15:00+02:00,-150.0,150.0,196473.14401632673,196523.15422040835,3.1940416779821175
2026-05-10 23:30:00+02:00,-150.0,150.0,196484.8889142859,196509.89401632673,3.1940416779821175
2026-05-10 23:45:00+02:00,-200.0,200.0,196471.62871020427,196521.6389142859,15.320980453492322
2026-05-11 00:00:00+02:00,-200.0,200.0,196490.87080816348,196520.62871020427,15.320980453492322
2026-05-11 00:15:00+02:00,-200.0,200.0,196489.86060408186,196539.87080816348,15.320980453492322
2026-05-11 00:30:00+02:00,-200.0,200.0,196513.85550204103,196538.86060408186,15.320980453492322
2026-05-11 00:45:00+02:00,-200.0,200.0,196512.8452979594,196562.85550204103,15.320980453492322
2026-05-11 01:00:00+02:00,-200.0,200.0,196536.8401959186,196561.8452979594,15.320980453492322
2026-05-11 01:15:00+02:00,-200.0,200.0,196535.82999183694,196585.8401959186,15.320980453492322
2026-05-11 01:30:00+02:00,-200.0,200.0,196559.82488979612,196584.82999183694,15.320980453492322
2026-05-11 01:45:00+02:00,-200.0,200.0,196558.8146857145,196608.82488979612,15.320980453492322
2026-05-11 02:00:00+02:00,-200.0,200.0,196582.80958367366,196607.8146857145,15.320980453492322
2026-05-11 02:15:00+02:00,-200.0,200.0,196581.79937959203,196631.80958367366,15.320980453492322
2026-05-11 02:30:00+02:00,-200.0,200.0,196605.79427755123,196630.79937959203,15.320980453492322
2026-05-11 02:45:00+02:00,-200.0,200.0,196604.7840734696,196654.79427755123,15.320980453492322
2026-05-11 03:00:00+02:00,-150.0,150.0,196628.77897142878,196653.7840734696,3.1940416779821175
2026-05-11 03:15:00+02:00,-150.0,150.0,196615.51876734715,196665.52897142878,3.1940416779821175
2026-05-11 03:30:00+02:00,-200.0,200.0,196627.26366530635,196652.26876734715,4.215470249410689
2026-05-11 03:45:00+02:00,-200.0,200.0,196601.24835918387,196676.26366530635,4.215470249410689
2026-05-11 04:00:00+02:00,-200.0,200.0,196625.24325714304,196650.24835918387,4.215470249410689
2026-05-11 04:15:00+02:00,-200.0,200.0,196599.2279510206,196674.24325714304,4.215470249410689
2026-05-11 04:30:00+02:00,-200.0,200.0,196623.2228489798,196648.2279510206,4.215470249410689
2026-05-11 04:45:00+02:00,-200.0,200.0,196597.20754285733,196672.2228489798,4.215470249410689
2026-05-11 05:00:00+02:00,-200.0,200.0,196621.20244081653,196646.20754285733,4.215470249410689
2026-05-11 05:15:00+02:00,-200.0,200.0,196595.1871346941,196670.20244081653,4.215470249410689
2026-05-11 05:30:00+02:00,-200.0,200.0,196619.18203265328,196644.1871346941,4.215470249410689
2026-05-11 05:45:00+02:00,-200.0,200.0,196593.16672653082,196668.18203265328,4.215470249410689
2026-05-11 06:00:00+02:00,-200.0,200.0,196617.16162449002,196642.16672653082,4.215470249410689
2026-05-11 06:15:00+02:00,-200.0,200.0,196591.14631836757,196666.16162449002,4.215470249410689
2026-05-11 06:30:00+02:00,-200.0,200.0,196615.14121632674,196640.14631836757,4.215470249410689
2026-05-11 06:45:00+02:00,-200.0,200.0,196589.12591020428,196664.14121632674,4.215470249410689
2026-05-11 07:00:00+02:00,-200.0,200.0,196613.12080816348,196638.12591020428,4.215470249410689
2026-05-11 07:15:00+02:00,-200.0,200.0,196587.105502041,196662.12080816348,4.215470249410689
2026-05-11 07:30:00+02:00,-200.0,200.0,196611.1004000002,196636.105502041,4.215470249410689
2026-05-11 07:45:00+02:00,-200.0,200.0,196585.08509387777,196660.1004000002,4.215470249410689
2026-05-11 08:00:00+02:00,-200.0,200.0,196609.07999183694,196634.08509387777,4.215470249410689
2026-05-11 08:15:00+02:00,-200.0,200.0,196583.0646857145,196658.07999183694,4.215470249410689
2026-05-11 08:30:00+02:00,-200.0,200.0,196607.0595836737,196632.0646857145,4.215470249410689
2026-05-11 08:45:00+02:00,-200.0,200.0,196581.04427755123,196656.0595836737,4.215470249410689
2026-05-11 09:00:00+02:00,-200.0,200.0,196605.0391755104,196630.04427755123,4.215470249410689
2026-05-11 09:15:00+02:00,-200.0,200.0,196579.02386938798,196654.0391755104,4.215470249410689
2026-05-11 09:30:00+02:00,-200.0,200.0,196603.01876734715,196628.02386938798,4.215470249410689
2026-05-11 09:45:00+02:00,-200.0,200.0,196577.00346122467,196652.01876734715,4.215470249410689
2026-05-11 10:00:00+02:00,-200.0,200.0,196600.99835918387,196626.00346122467,4.215470249410689
2026-05-11 10:15:00+02:00,-200.0,200.0,196574.98305306144,196649.99835918387,4.215470249410689
2026-05-11 10:30:00+02:00,-200.0,200.0,196598.9779510206,196623.98305306144,4.215470249410689
2026-05-11 10:45:00+02:00,-200.0,200.0,196572.96264489816,196647.9779510206,4.215470249410689
2026-05-11 11:00:00+02:00,-200.0,200.0,196596.95754285736,196621.96264489816,4.215470249410689
2026-05-11 11:15:00+02:00,-200.0,200.0,196570.94223673493,196645.95754285736,4.215470249410689
2026-05-11 11:30:00+02:00,-200.0,200.0,196594.9371346941,196619.94223673493,4.215470249410689
2026-05-11 11:45:00+02:00,-200.0,200.0,196568.92182857165,196643.9371346941,4.215470249410689
2026-05-11 12:00:00+02:00,-200.0,200.0,196592.91672653082,196617.92182857165,4.215470249410689
2026-05-11 12:15:00+02:00,-200.0,200.0,196566.90142040837,196641.91672653082,4.215470249410689
2026-05-11 12:30:00+02:00,-200.0,200.0,196590.89631836754,196615.90142040837,4.215470249410689
2026-05-11 12:45:00+02:00,-200.0,200.0,196564.8810122451,196639.89631836754,4.215470249410689
2026-05-11 13:00:00+02:00,-200.0,200.0,196588.87591020428,196613.8810122451,4.215470249410689
2026-05-11 13:15:00+02:00,-200.0,200.0,196562.86060408183,196637.87591020428,4.215470249410689
2026-05-11 13:30:00+02:00,-200.0,200.0,196586.85550204103,196611.86060408183,4.215470249410689
2026-05-11 13:45:00+02:00,-200.0,200.0,196560.8401959186,196635.85550204103,4.215470249410689
2026-05-11 14:00:00+02:00,-200.0,200.0,196584.83509387777,196609.8401959186,4.215470249410689
2026-05-11 14:15:00+02:00,-200.0,200.0,196577.2338612247,196633.83509387777,4.215470249410689
2026-05-11 14:30:00+02:00,-200.0,200.0,196601.2287591839,196626.2338612247,4.215470249410689
2026-05-11 14:45:00+02:00,-200.0,200.0,196600.21855510224,196650.2287591839,4.215470249410689
2026-05-11 15:00:00+02:00,-200.0,200.0,196624.2134530614,196649.21855510224,4.215470249410689
2026-05-11 15:15:00+02:00,-200.0,200.0,196623.2032489798,196673.2134530614,4.215470249410689
2026-05-11 15:30:00+02:00,-200.0,200.0,196670.11996734716,196672.2032489798,4.215470249410689
2026-05-11 15:45:00+02:00,-200.0,200.0,196669.1097632655,196719.11996734716,4.215470249410689
2026-05-11 16:00:00+02:00,-200.0,200.0,196718.1097632655,196718.1097632655,4.215470249410689
2026-05-11 16:15:00+02:00,-200.0,200.0,196717.0995591839,196767.1097632655,4.215470249410689
2026-05-11 16:30:00+02:00,-200.0,200.0,196766.0995591839,196766.0995591839,4.215470249410689
2026-05-11 16:45:00+02:00,-200.0,200.0,196765.28711020428,196815.0995591839,4.215470249410689
2026-05-11 17:00:00+02:00,-200.0,200.0,196814.28711020428,196814.28711020428,4.215470249410689
2026-05-11 17:15:00+02:00,-200.0,200.0,196838.28200816349,196863.28711020428,4.215470249410689
2026-05-11 17:30:00+02:00,-200.0,200.0,196887.28200816349,196887.28200816349,4.215470249410689
2026-05-11 17:45:00+02:00,-200.0,200.0,196911.27690612266,196936.28200816349,4.215470249410689
2026-05-11 18:00:00+02:00,-200.0,200.0,196960.27690612266,196960.27690612266,4.215470249410689
2026-05-11 18:15:00+02:00,-200.0,200.0,196984.27180408183,197009.27690612266,4.215470249410689
2026-05-11 18:30:00+02:00,-150.0,150.0,197033.27180408183,197033.27180408183,3.1940416779821175
2026-05-11 18:45:00+02:00,-150.0,150.0,197045.01670204103,197070.02180408183,3.1940416779821175
2026-05-11 19:00:00+02:00,-150.0,150.0,197081.76670204103,197081.76670204103,3.1940416779821175
2026-05-11 19:15:00+02:00,-150.0,150.0,197093.5116000002,197118.51670204103,3.1940416779821175
2026-05-11 19:30:00+02:00,-150.0,150.0,197130.2616000002,197130.2616000002,3.1940416779821175
2026-05-11 19:45:00+02:00,-200.0,200.0,197142.0064979594,197167.0116000002,12.16964258501159
2026-05-11 20:00:00+02:00,-200.0,200.0,197166.00139591857,197191.0064979594,12.16964258501159
2026-05-11 20:15:00+02:00,-200.0,200.0,197189.99629387775,197215.00139591857,12.16964258501159
2026-05-11 20:30:00+02:00,-200.0,200.0,197232.91619591857,197238.99629387775,12.16964258501159
2026-05-11 20:45:00+02:00,-200.0,200.0,197256.91109387774,197281.91619591857,12.16964258501159
2026-05-11 21:00:00+02:00,-200.0,200.0,197305.91109387774,197305.91109387774,12.16964258501159
2026-05-11 21:15:00+02:00,-200.0,200.0,197329.90599183695,197354.91109387774,12.16964258501159
2026-05-11 21:30:00+02:00,-200.0,200.0,197378.90599183695,197378.90599183695,12.16964258501159
2026-05-11 21:45:00+02:00,-150.0,150.0,197402.90088979612,197427.90599183695,10.473763188026666
2026-05-11 22:00:00+02:00,-100.0,100.0,197439.65088979612,197439.65088979612,1.4981622809971928
2026-05-11 22:15:00+02:00,-100.0,100.0,197439.14578775532,197464.15088979612,1.4981622809971928
2026-05-11 22:30:00+02:00,-50.0,50.0,197463.64578775532,197463.64578775532,0.9179456476468139
2026-05-11 22:45:00+02:00,-100.0,100.0,197450.8906857145,197475.89578775532,60.71529258642231
2026-05-11 23:00:00+02:00,-100.0,100.0,197475.3906857145,197475.3906857145,60.71529258642231
2026-05-11 23:15:00+02:00,-50.0,50.0,197474.8855836737,197499.8906857145,0.9179456476468139
2026-05-11 23:30:00+02:00,-50.0,50.0,197487.1355836737,197487.1355836737,0.9179456476468139
2026-05-11 23:45:00+02:00,-50.0,50.0,197474.38048163286,197499.38558367366,0.9179456476468139
2026-05-12 00:00:00+02:00,-50.0,50.0,197486.63048163286,197486.63048163286,0.9179456476468139
2026-05-12 00:15:00+02:00,-50.0,50.0,197473.87537959203,197498.88048163283,0.9179456476468139
2026-05-12 00:30:00+02:00,-50.0,50.0,197486.12537959203,197486.12537959203,0.9179456476468139
2026-05-12 00:45:00+02:00,-50.0,50.0,197473.37027755124,197498.37537959203,0.9179456476468139
2026-05-12 01:00:00+02:00,-50.0,50.0,197485.62027755124,197485.62027755124,0.9179456476468139
2026-05-12 01:15:00+02:00,-50.0,50.0,197472.8651755104,197497.87027755124,0.9179456476468139
2026-05-12 01:30:00+02:00,-50.0,50.0,197485.1151755104,197485.1151755104,0.9179456476468139
2026-05-12 01:45:00+02:00,-50.0,50.0,197472.3600734696,197497.3651755104,0.9179456476468139
2026-05-12 02:00:00+02:00,-100.0,100.0,197484.6100734696,197484.6100734696,64.05682319866722
2026-05-12 02:15:00+02:00,-150.0,150.0,197484.10497142878,197509.11007346958,87.11922115785089
2026-05-12 02:30:00+02:00,-150.0,150.0,197520.85497142875,197520.85497142875,87.11922115785089
2026-05-12 02:45:00+02:00,-150.0,150.0,197532.59986938795,197557.60497142875,87.11922115785089
2026-05-12 03:00:00+02:00,-100.0,100.0,197569.34986938795,197569.34986938795,23.98034360683049
2026-05-12 03:15:00+02:00,-100.0,100.0,197568.84476734715,197593.84986938795,23.98034360683049
2026-05-12 03:30:00+02:00,-100.0,100.0,197593.34476734715,197593.34476734715,23.98034360683049
2026-05-12 03:45:00+02:00,-150.0,150.0,197592.83966530632,197617.84476734715,122.62115993336113
2026-05-12 04:00:00+02:00,-150.0,150.0,197629.58966530632,197629.58966530632,122.62115993336113
2026-05-12 04:15:00+02:00,-100.0,100.0,197641.3345632655,197666.33966530632,99.55876197417744
2026-05-12 04:30:00+02:00,-50.0,50.0,197665.8345632655,197665.8345632655,0.9179456476468139
2026-05-12 04:45:00+02:00,-50.0,50.0,197653.0794612247,197678.0845632655,0.9179456476468139
2026-05-12 05:00:00+02:00,-50.0,50.0,197665.3294612247,197665.3294612247,0.9179456476468139
2026-05-12 05:15:00+02:00,-50.0,50.0,197652.57435918387,197677.5794612247,0.9179456476468139
2026-05-12 05:30:00+02:00,-50.0,50.0,197664.82435918387,197664.82435918387,0.9179456476468139
2026-05-12 05:45:00+02:00,-50.0,50.0,197652.06925714307,197677.07435918387,0.9179456476468139
2026-05-12 06:00:00+02:00,-50.0,50.0,197664.31925714307,197664.31925714307,0.9179456476468139
2026-05-12 06:15:00+02:00,-50.0,50.0,197651.56415510224,197676.56925714307,0.9179456476468139
2026-05-12 06:30:00+02:00,-50.0,50.0,197663.81415510224,197663.81415510224,0.9179456476468139
2026-05-12 06:45:00+02:00,-50.0,50.0,197651.0590530614,197676.06415510224,0.9179456476468139
2026-05-12 07:00:00+02:00,-50.0,50.0,197663.3090530614,197663.3090530614,0.9179456476468139
2026-05-12 07:15:00+02:00,-50.0,50.0,197650.5539510206,197675.5590530614,0.9179456476468139
2026-05-12 07:30:00+02:00,-50.0,50.0,197662.8039510206,197662.8039510206,0.9179456476468139
2026-05-12 07:45:00+02:00,-50.0,50.0,197650.0488489798,197675.0539510206,0.9179456476468139
2026-05-12 08:00:00+02:00,-50.0,50.0,197662.2988489798,197662.2988489798,0.9179456476468139
2026-05-12 08:15:00+02:00,-50.0,50.0,197649.543746939,197674.5488489798,0.9179456476468139
2026-05-12 08:30:00+02:00,-100.0,100.0,197661.793746939,197661.793746939,29.089918436762467
2026-05-12 08:45:00+02:00,-100.0,100.0,197661.28864489816,197686.293746939,29.089918436762467
2026-05-12 09:00:00+02:00,-150.0,150.0,197685.78864489816,197685.78864489816,34.752575078366476
2026-05-12 09:15:00+02:00,-100.0,100.0,197672.52844081653,197722.53864489816,6.580602289250825
2026-05-12 09:30:00+02:00,-100.0,100.0,197697.02844081653,197697.02844081653,6.580602289250825
2026-05-12 09:45:00+02:00,-100.0,100.0,197671.5182367349,197721.52844081653,6.580602289250825
2026-05-12 10:00:00+02:00,-100.0,100.0,197696.0182367349,197696.0182367349,6.580602289250825
2026-05-12 10:15:00+02:00,-100.0,100.0,197670.50803265325,197720.5182367349,6.580602289250825
2026-05-12 10:30:00+02:00,-100.0,100.0,197695.00803265325,197695.00803265325,6.580602289250825
2026-05-12 10:45:00+02:00,-100.0,100.0,197669.49782857165,197719.50803265325,6.580602289250825
2026-05-12 11:00:00+02:00,-100.0,100.0,197693.99782857165,197693.99782857165,6.580602289250825
2026-05-12 11:15:00+02:00,-100.0,100.0,197668.48762449,197718.49782857165,6.580602289250825
2026-05-12 11:30:00+02:00,-100.0,100.0,197692.98762449,197692.98762449,6.580602289250825
2026-05-12 11:45:00+02:00,-100.0,100.0,197667.47742040837,197717.48762449,6.580602289250825
2026-05-12 12:00:00+02:00,-150.0,150.0,197691.97742040837,197691.97742040837,10.565146506937902
2026-05-12 12:15:00+02:00,-150.0,150.0,197653.7121142859,197728.72742040837,10.565146506937902
2026-05-12 12:30:00+02:00,-150.0,150.0,197690.4621142859,197690.4621142859,10.565146506937902
2026-05-12 12:45:00+02:00,-150.0,150.0,197652.19680816348,197727.2121142859,10.565146506937902
2026-05-12 13:00:00+02:00,-150.0,150.0,197688.94680816348,197688.94680816348,10.565146506937902
2026-05-12 13:15:00+02:00,-150.0,150.0,197650.68150204103,197725.69680816348,10.565146506937902
2026-05-12 13:30:00+02:00,-150.0,150.0,197687.43150204103,197687.43150204103,10.565146506937902
2026-05-12 13:45:00+02:00,-150.0,150.0,197649.16619591857,197724.18150204103,10.565146506937902
2026-05-12 14:00:00+02:00,-200.0,200.0,197685.91619591857,197685.91619591857,39.3207927654413
2026-05-12 14:15:00+02:00,-200.0,200.0,197659.90088979612,197734.91619591857,39.3207927654413
2026-05-12 14:30:00+02:00,-200.0,200.0,197708.90088979612,197708.90088979612,39.3207927654413
2026-05-12 14:45:00+02:00,-200.0,200.0,197707.73899591857,197757.90088979612,39.3207927654413
2026-05-12 15:00:00+02:00,-200.0,200.0,197756.73899591857,197756.73899591857,39.3207927654413
2026-05-12 15:15:00+02:00,-200.0,200.0,197755.72879183694,197805.73899591857,39.3207927654413
2026-05-12 15:30:00+02:00,-200.0,200.0,197804.72879183694,197804.72879183694,12.881079451544315
2026-05-12 15:45:00+02:00,-150.0,150.0,197778.71348571448,197853.72879183694,8.896535233857238
2026-05-12 16:00:00+02:00,-150.0,150.0,197815.46348571448,197815.46348571448,8.896535233857238
2026-05-12 16:15:00+02:00,-150.0,150.0,197777.19817959203,197852.21348571448,8.896535233857238
2026-05-12 16:30:00+02:00,-150.0,150.0,197813.94817959203,197813.94817959203,8.896535233857238
2026-05-12 16:45:00+02:00,-150.0,150.0,197793.83050612264,197850.69817959203,8.896535233857238
2026-05-12 17:00:00+02:00,-150.0,150.0,197830.58050612264,197830.58050612264,8.896535233857238
2026-05-12 17:15:00+02:00,-150.0,150.0,197817.32030204101,197867.33050612264,8.896535233857238
2026-05-12 17:30:00+02:00,-150.0,150.0,197854.07030204101,197854.07030204101,8.896535233857238
2026-05-12 17:45:00+02:00,-150.0,150.0,197840.8100979594,197890.82030204101,8.896535233857238
2026-05-12 18:00:00+02:00,-150.0,150.0,197877.5600979594,197877.5600979594,8.896535233857238
2026-05-12 18:15:00+02:00,-150.0,150.0,197864.29989387776,197914.3100979594,8.896535233857238
2026-05-12 18:30:00+02:00,-150.0,150.0,197901.04989387776,197901.04989387776,8.896535233857238
2026-05-12 18:45:00+02:00,-150.0,150.0,197887.78968979613,197937.79989387776,8.896535233857238
2026-05-12 19:00:00+02:00,-150.0,150.0,197924.53968979613,197924.53968979613,8.896535233857238
2026-05-12 19:15:00+02:00,-150.0,150.0,197911.27948571448,197961.2896897961,8.896535233857238
2026-05-12 19:30:00+02:00,-250.0,250.0,197948.02948571448,197948.02948571448,78.59245360120423
2026-05-12 19:45:00+02:00,-200.0,200.0,197934.26417959202,198009.27948571448,14.738576050183767
2026-05-12 20:00:00+02:00,-200.0,200.0,197983.26417959202,197983.26417959202,14.738576050183767
2026-05-12 20:15:00+02:00,-200.0,200.0,197957.2488734696,198032.26417959202,14.738576050183767
2026-05-12 20:30:00+02:00,-200.0,200.0,198006.2488734696,198006.2488734696,14.738576050183767
2026-05-12 20:45:00+02:00,-250.0,250.0,197983.4760734696,198055.2488734696,62.23014067603411
2026-05-12 21:00:00+02:00,-250.0,250.0,198044.7260734696,198044.7260734696,62.23014067603411
2026-05-12 21:15:00+02:00,-250.0,250.0,198076.57629387773,198105.9760734696,62.23014067603411
2026-05-12 21:30:00+02:00,-200.0,200.0,198137.82629387773,198137.82629387773,14.738576050183767
2026-05-12 21:45:00+02:00,-200.0,200.0,198161.8211918369,198186.82629387773,14.738576050183767
2026-05-12 22:00:00+02:00,-200.0,200.0,198210.8211918369,198210.8211918369,14.738576050183767
2026-05-12 22:15:00+02:00,-150.0,150.0,198234.8160897961,198259.8211918369,8.896535233857238
2026-05-12 22:30:00+02:00,-100.0,100.0,198271.5660897961,198271.5660897961,6.580602289250825
2026-05-12 22:45:00+02:00,-100.0,100.0,198271.06098775528,198296.0660897961,6.580602289250825
2026-05-12 23:00:00+02:00,-100.0,100.0,198295.56098775528,198295.56098775528,6.580602289250825
2026-05-12 23:15:00+02:00,-50.0,50.0,198295.05588571448,198320.06098775528,0.9179456476468139
2026-05-12 23:30:00+02:00,-50.0,50.0,198307.30588571448,198307.30588571448,0.9179456476468139
2026-05-12 23:45:00+02:00,-50.0,50.0,198294.55078367365,198319.55588571445,0.9179456476468139
2026-05-13 00:00:00+02:00,-50.0,50.0,198306.80078367365,198306.80078367365,0.9179456476468139
2026-05-13 00:15:00+02:00,-50.0,50.0,198294.04568163282,198319.05078367365,0.9179456476468139
2026-05-13 00:30:00+02:00,-50.0,50.0,198306.29568163282,198306.29568163282,0.9179456476468139
2026-05-13 00:45:00+02:00,-50.0,50.0,198293.54057959202,198318.54568163282,0.9179456476468139
2026-05-13 01:00:00+02:00,-50.0,50.0,198305.79057959202,198305.79057959202,0.9179456476468139
2026-05-13 01:15:00+02:00,-100.0,100.0,198293.0354775512,198318.04057959202,42.59223136193253
2026-05-13 01:30:00+02:00,-100.0,100.0,198317.5354775512,198317.5354775512,42.59223136193253
2026-05-13 01:45:00+02:00,-50.0,50.0,198317.0303755104,198342.0354775512,0.9179456476468139
2026-05-13 02:00:00+02:00,-100.0,100.0,198329.2803755104,198329.2803755104,20.558557892544773
2026-05-13 02:15:00+02:00,-100.0,100.0,198328.77527346957,198353.78037551037,20.558557892544773
2026-05-13 02:30:00+02:00,-100.0,100.0,198353.27527346957,198353.27527346957,20.558557892544773
2026-05-13 02:45:00+02:00,-150.0,150.0,198352.77017142874,198377.77527346957,213.0540680966264
2026-05-13 03:00:00+02:00,-100.0,100.0,198389.52017142874,198389.52017142874,20.558557892544773
2026-05-13 03:15:00+02:00,-100.0,100.0,198389.01506938794,198414.02017142874,20.558557892544773
2026-05-13 03:30:00+02:00,-150.0,150.0,198413.51506938794,198413.51506938794,77.97257149798696
2026-05-13 03:45:00+02:00,-150.0,150.0,198425.2599673471,198450.26506938794,77.97257149798696
2026-05-13 04:00:00+02:00,-150.0,150.0,198462.0099673471,198462.0099673471,238.3368572122727
2026-05-13 04:15:00+02:00,-100.0,100.0,198473.7548653063,198498.7599673471,180.9228436068305
2026-05-13 04:30:00+02:00,-50.0,50.0,198498.2548653063,198498.2548653063,0.9179456476468139
2026-05-13 04:45:00+02:00,-50.0,50.0,198485.49976326548,198510.5048653063,0.9179456476468139
2026-05-13 05:00:00+02:00,-100.0,100.0,198497.74976326548,198497.74976326548,2.930734763293072
2026-05-13 05:15:00+02:00,-100.0,100.0,198472.23955918386,198522.24976326548,2.930734763293072
2026-05-13 05:30:00+02:00,-100.0,100.0,198496.73955918386,198496.73955918386,2.930734763293072
2026-05-13 05:45:00+02:00,-100.0,100.0,198471.22935510223,198521.23955918386,2.930734763293072
2026-05-13 06:00:00+02:00,-100.0,100.0,198495.72935510223,198495.72935510223,2.930734763293072
2026-05-13 06:15:00+02:00,-150.0,150.0,198470.21915102057,198520.22935510223,17.28910211023184
2026-05-13 06:30:00+02:00,-150.0,150.0,198506.96915102057,198506.96915102057,17.28910211023184
2026-05-13 06:45:00+02:00,-150.0,150.0,198493.70894693898,198543.71915102057,17.28910211023184
2026-05-13 07:00:00+02:00,-150.0,150.0,198530.45894693898,198530.45894693898,17.28910211023184
2026-05-13 07:15:00+02:00,-150.0,150.0,198517.19874285732,198567.20894693898,17.28910211023184
2026-05-13 07:30:00+02:00,-150.0,150.0,198553.94874285732,198553.94874285732,17.28910211023184
2026-05-13 07:45:00+02:00,-100.0,100.0,198540.6885387757,198590.69874285732,2.930734763293072
2026-05-13 08:00:00+02:00,-100.0,100.0,198565.1885387757,198565.1885387757,2.930734763293072
2026-05-13 08:15:00+02:00,-150.0,150.0,198539.67833469406,198589.6885387757,5.4192041510481745
2026-05-13 08:30:00+02:00,-150.0,150.0,198551.42323265324,198576.42833469406,5.4192041510481745
2026-05-13 08:45:00+02:00,-150.0,150.0,198538.1630285716,198588.17323265324,5.4192041510481745
2026-05-13 09:00:00+02:00,-150.0,150.0,198549.90792653078,198574.9130285716,5.4192041510481745
2026-05-13 09:15:00+02:00,-150.0,150.0,198536.64772244915,198586.65792653078,5.4192041510481745
2026-05-13 09:30:00+02:00,-200.0,200.0,198548.39262040835,198573.39772244915,34.01920415104818
2026-05-13 09:45:00+02:00,-250.0,250.0,198547.3824163267,198597.39262040835,62.19117694016383
2026-05-13 10:00:00+02:00,-300.0,300.0,198583.6273142859,198608.6324163267,65.4200585728169
2026-05-13 10:15:00+02:00,-250.0,250.0,198582.11200816344,198657.1273142859,36.82005857281689
2026-05-13 10:30:00+02:00,-200.0,200.0,198618.35690612262,198643.36200816344,8.648085783701235
2026-05-13 10:45:00+02:00,-200.0,200.0,198592.3416000002,198667.35690612262,8.648085783701235
2026-05-13 11:00:00+02:00,-200.0,200.0,198616.33649795936,198641.3416000002,8.648085783701235
2026-05-13 11:15:00+02:00,-200.0,200.0,198591.8673551022,198665.33649795936,8.648085783701235
2026-05-13 11:30:00+02:00,-200.0,200.0,198615.86225306138,198640.8673551022,8.648085783701235
2026-05-13 11:45:00+02:00,-200.0,200.0,198625.7670775512,198664.86225306138,8.648085783701235
2026-05-13 12:00:00+02:00,-200.0,200.0,198649.76197551037,198674.7670775512,8.648085783701235
2026-05-13 12:15:00+02:00,-200.0,200.0,198673.75687346957,198698.76197551037,8.648085783701235
2026-05-13 12:30:00+02:00,-200.0,200.0,198697.75177142874,198722.75687346957,8.648085783701235
2026-05-13 12:45:00+02:00,-200.0,200.0,198721.74666938794,198746.75177142874,8.648085783701235
2026-05-13 13:00:00+02:00,-200.0,200.0,198745.7415673471,198770.74666938794,8.648085783701235
2026-05-13 13:15:00+02:00,-150.0,150.0,198769.7364653063,198794.7415673471,6.635296668054977
2026-05-13 13:30:00+02:00,-200.0,200.0,198781.48136326548,198806.4864653063,91.61815381091209
2026-05-13 13:45:00+02:00,-150.0,150.0,198805.47626122469,198830.48136326548,6.635296668054977
2026-05-13 14:00:00+02:00,-150.0,150.0,198817.22115918386,198842.22626122469,6.635296668054977
2026-05-13 14:15:00+02:00,-200.0,200.0,198828.96605714303,198853.97115918386,70.43080687213657
2026-05-13 14:30:00+02:00,-200.0,200.0,198852.9609551022,198877.96605714303,203.56672523948362
2026-05-13 14:45:00+02:00,-150.0,150.0,198876.9558530614,198901.9609551022,6.635296668054977
2026-05-13 15:00:00+02:00,-200.0,200.0,198888.70075102057,198913.7058530614,51.86999054560601
2026-05-13 15:15:00+02:00,-200.0,200.0,198912.69564897974,198937.70075102057,51.86999054560601
2026-05-13 15:30:00+02:00,-250.0,250.0,198936.69054693895,198961.69564897974,58.34876605581009
2026-05-13 15:45:00+02:00,-250.0,250.0,198947.93034285732,198997.94054693895,58.34876605581009
2026-05-13 16:00:00+02:00,-200.0,200.0,198984.1752408165,199009.18034285732,13.114072178259057
2026-05-13 16:15:00+02:00,-250.0,250.0,198983.16503673486,199033.1752408165,22.49824451385997
2026-05-13 16:30:00+02:00,-250.0,250.0,198994.40483265324,199044.41503673486,22.49824451385997
2026-05-13 16:45:00+02:00,-250.0,250.0,199005.64462857158,199055.65483265324,22.49824451385997
2026-05-13 17:00:00+02:00,-250.0,250.0,199039.41302857158,199066.89462857158,22.49824451385997
2026-05-13 17:15:00+02:00,-250.0,250.0,199068.06203265322,199100.66302857158,22.49824451385997
2026-05-13 17:30:00+02:00,-250.0,250.0,199104.3069306124,199129.31203265322,22.49824451385997
2026-05-13 17:45:00+02:00,-250.0,250.0,199140.55182857157,199165.5569306124,22.49824451385997
2026-05-13 18:00:00+02:00,-250.0,250.0,199176.79672653077,199201.80182857157,22.49824451385997
2026-05-13 18:15:00+02:00,-250.0,250.0,199213.04162448997,199238.04672653077,22.49824451385997
2026-05-13 18:30:00+02:00,-200.0,200.0,199264.2060653063,199274.29162448997,13.114072178259057
2026-05-13 18:45:00+02:00,-200.0,200.0,199288.20096326547,199313.2060653063,13.114072178259057
2026-05-13 19:00:00+02:00,-150.0,150.0,199337.20096326547,199337.20096326547,6.635296668054977
2026-05-13 19:15:00+02:00,-200.0,200.0,199369.75800000018,199373.95096326547,20.867201429959742
2026-05-13 19:30:00+02:00,-250.0,250.0,199418.75800000018,199418.75800000018,33.147691225878106
2026-05-13 19:45:00+02:00,-250.0,250.0,199478.93240000017,199480.00800000018,33.147691225878106
2026-05-13 20:00:00+02:00,-250.0,250.0,199540.18240000017,199540.18240000017,33.147691225878106
2026-05-13 20:15:00+02:00,-250.0,250.0,199601.43240000017,199601.43240000017,33.147691225878106
2026-05-13 20:30:00+02:00,-200.0,200.0,199662.68240000017,199662.68240000017,32.229745578231295
2026-05-13 20:45:00+02:00,-100.0,100.0,199711.68240000017,199711.68240000017,5.717351020408163
2026-05-13 21:00:00+02:00,-150.0,150.0,199736.18240000017,199736.18240000017,43.01408571428573
2026-05-13 21:15:00+02:00,-100.0,100.0,199772.93240000017,199772.93240000017,40.525616326530624
2026-05-13 21:30:00+02:00,-100.0,100.0,199797.43240000017,199797.43240000017,40.525616326530624
2026-05-13 21:45:00+02:00,-100.0,100.0,199821.93240000017,199821.93240000017,40.525616326530624
2026-05-13 22:00:00+02:00,-50.0,50.0,199846.43240000017,199846.43240000017,3.228881632653061
2026-05-13 22:15:00+02:00,-50.0,50.0,199858.68240000017,199858.68240000017,3.228881632653061
2026-05-13 22:30:00+02:00,0.0,0.0,199870.93240000017,199870.93240000017,0.0
2026-05-13 22:45:00+02:00,0.0,0.0,199870.93240000017,199870.93240000017,0.0
2026-05-13 23:00:00+02:00,-50.0,50.0,199870.93240000017,199870.93240000017,59.65142857142855
2026-05-13 23:15:00+02:00,0.0,0.0,199883.18240000017,199883.18240000017,0.0
2026-05-13 23:30:00+02:00,0.0,0.0,199883.18240000017,199883.18240000017,0.0
2026-05-13 23:45:00+02:00,0.0,0.0,199883.18240000017,199883.18240000017,0.0
2026-05-14 00:00:00+02:00,0.0,0.0,199883.18240000017,199883.18240000017,0.0
2026-05-14 00:15:00+02:00,-50.0,50.0,199883.18240000017,199883.18240000017,7.54689795918367
2026-05-14 00:30:00+02:00,-50.0,50.0,199870.42729795934,199895.43240000017,7.54689795918367
2026-05-14 00:45:00+02:00,-50.0,50.0,199882.67729795934,199882.67729795934,7.54689795918367
2026-05-14 01:00:00+02:00,-50.0,50.0,199871.39200000017,199894.92729795934,7.54689795918367
2026-05-14 01:15:00+02:00,-50.0,50.0,199883.64200000017,199883.64200000017,7.54689795918367
2026-05-14 01:30:00+02:00,-50.0,50.0,199895.89200000017,199895.89200000017,7.54689795918367
2026-05-14 01:45:00+02:00,-50.0,50.0,199908.14200000017,199908.14200000017,7.54689795918367
2026-05-14 02:00:00+02:00,-50.0,50.0,199920.39200000017,199920.39200000017,7.54689795918367
2026-05-14 02:15:00+02:00,-50.0,50.0,199932.64200000017,199932.64200000017,7.54689795918367
2026-05-14 02:30:00+02:00,-50.0,50.0,199944.89200000017,199944.89200000017,7.54689795918367
2026-05-14 02:45:00+02:00,0.0,0.0,199957.14200000017,199957.14200000017,0.0
2026-05-14 03:00:00+02:00,-50.0,50.0,199957.14200000017,199957.14200000017,5.417551020408165
2026-05-14 03:15:00+02:00,-50.0,50.0,199944.38689795934,199969.39200000017,5.417551020408165
2026-05-14 03:30:00+02:00,-50.0,50.0,199956.63689795934,199956.63689795934,5.417551020408165
2026-05-14 03:45:00+02:00,-50.0,50.0,199943.88179591854,199968.88689795934,5.417551020408165
2026-05-14 04:00:00+02:00,-100.0,100.0,199956.13179591854,199956.13179591854,272.4481632653061
2026-05-14 04:15:00+02:00,-50.0,50.0,199955.6266938777,199980.63179591854,5.417551020408165
2026-05-14 04:30:00+02:00,-50.0,50.0,199967.8766938777,199967.8766938777,5.417551020408165
2026-05-14 04:45:00+02:00,-100.0,100.0,199978.79320000016,199980.1266938777,7.504183673469388
2026-05-14 05:00:00+02:00,-100.0,100.0,199978.28809795933,200003.29320000016,7.504183673469388
2026-05-14 05:15:00+02:00,-100.0,100.0,200002.78809795933,200002.78809795933,7.504183673469388
2026-05-14 05:30:00+02:00,-100.0,100.0,200002.28299591853,200027.28809795933,7.504183673469388
2026-05-14 05:45:00+02:00,-50.0,50.0,200026.78299591853,200026.78299591853,2.0866326530612227
2026-05-14 06:00:00+02:00,-50.0,50.0,200014.0278938777,200039.03299591853,2.0866326530612227
2026-05-14 06:15:00+02:00,-50.0,50.0,200026.2778938777,200026.2778938777,2.0866326530612227
2026-05-14 06:30:00+02:00,-50.0,50.0,200013.5227918369,200038.5278938777,2.0866326530612227
2026-05-14 06:45:00+02:00,-50.0,50.0,200025.7727918369,200025.7727918369,2.0866326530612227
2026-05-14 07:00:00+02:00,-50.0,50.0,200013.01768979608,200038.0227918369,2.0866326530612227
2026-05-14 07:15:00+02:00,-50.0,50.0,200025.26768979608,200025.26768979608,2.0866326530612227
2026-05-14 07:30:00+02:00,-50.0,50.0,200012.51258775525,200037.51768979608,2.0866326530612227
2026-05-14 07:45:00+02:00,-50.0,50.0,200024.76258775525,200024.76258775525,2.0866326530612227
2026-05-14 08:00:00+02:00,-50.0,50.0,200012.00748571445,200037.01258775525,2.0866326530612227
2026-05-14 08:15:00+02:00,-100.0,100.0,200024.25748571445,200024.25748571445,12.738673469387756
2026-05-14 08:30:00+02:00,-100.0,100.0,200012.8863836736,200048.75748571445,12.738673469387756
2026-05-14 08:45:00+02:00,-200.0,200.0,200037.3863836736,200037.3863836736,23.811793002915458
2026-05-14 09:00:00+02:00,-250.0,250.0,200013.202979592,200086.3863836736,26.45777939747328
2026-05-14 09:15:00+02:00,-250.0,250.0,200049.44787755117,200074.452979592,26.45777939747328
2026-05-14 09:30:00+02:00,-250.0,250.0,200060.68767346954,200110.69787755117,26.45777939747328
2026-05-14 09:45:00+02:00,-200.0,200.0,200096.9325714287,200121.93767346954,15.805738581146748
2026-05-14 10:00:00+02:00,-200.0,200.0,200095.92236734706,200145.9325714287,15.805738581146748
2026-05-14 10:15:00+02:00,-200.0,200.0,200119.91726530623,200144.92236734706,15.805738581146748
2026-05-14 10:30:00+02:00,-150.0,150.0,200118.90706122463,200168.91726530623,6.683756073858111
2026-05-14 10:45:00+02:00,-150.0,150.0,200130.65195918383,200155.65706122463,6.683756073858111
2026-05-14 11:00:00+02:00,-150.0,150.0,200117.39175510217,200167.40195918383,6.683756073858111
2026-05-14 11:15:00+02:00,-150.0,150.0,200129.13665306137,200154.14175510217,6.683756073858111
2026-05-14 11:30:00+02:00,-150.0,150.0,200139.38467755116,200165.88665306137,6.683756073858111
2026-05-14 11:45:00+02:00,-150.0,150.0,200151.12957551033,200176.13467755116,6.683756073858111
2026-05-14 12:00:00+02:00,-150.0,150.0,200162.87447346954,200187.87957551033,6.683756073858111
2026-05-14 12:15:00+02:00,-150.0,150.0,200174.6193714287,200199.62447346954,6.683756073858111
2026-05-14 12:30:00+02:00,-150.0,150.0,200186.36426938788,200211.3693714287,6.683756073858111
2026-05-14 12:45:00+02:00,-100.0,100.0,200198.10916734708,200223.11426938788,4.597123420796889
2026-05-14 13:00:00+02:00,-100.0,100.0,200197.60406530628,200222.60916734708,4.597123420796889
2026-05-14 13:15:00+02:00,-100.0,100.0,200197.09896326545,200222.10406530628,4.597123420796889
2026-05-14 13:30:00+02:00,-100.0,100.0,200196.59386122462,200221.59896326545,4.597123420796889
2026-05-14 13:45:00+02:00,-100.0,100.0,200196.08875918383,200221.09386122462,4.597123420796889
2026-05-14 14:00:00+02:00,-150.0,150.0,200195.583657143,200220.58875918383,33.78079689018464
2026-05-14 14:15:00+02:00,-150.0,150.0,200207.32855510217,200232.333657143,33.78079689018464
2026-05-14 14:30:00+02:00,-150.0,150.0,200219.07345306137,200244.07855510217,33.78079689018464
2026-05-14 14:45:00+02:00,-150.0,150.0,200230.81835102054,200255.82345306137,33.78079689018464
2026-05-14 15:00:00+02:00,-100.0,100.0,200242.5632489797,200267.56835102054,4.597123420796889
2026-05-14 15:15:00+02:00,-100.0,100.0,200242.0581469389,200267.0632489797,4.597123420796889
2026-05-14 15:30:00+02:00,-100.0,100.0,200241.55304489812,200266.5581469389,4.597123420796889
2026-05-14 15:45:00+02:00,-150.0,150.0,200241.0479428573,200266.05304489812,68.39263362487848
2026-05-14 16:00:00+02:00,-150.0,150.0,200252.79284081646,200277.7979428573,19.899096209912535
2026-05-14 16:15:00+02:00,-150.0,150.0,200264.53773877566,200289.54284081646,19.899096209912535
2026-05-14 16:30:00+02:00,-150.0,150.0,200276.28263673486,200301.28773877566,19.899096209912535
2026-05-14 16:45:00+02:00,-150.0,150.0,200288.02753469403,200313.03263673486,19.899096209912535
2026-05-14 17:00:00+02:00,-150.0,150.0,200299.7724326532,200324.77753469403,19.899096209912535
2026-05-14 17:15:00+02:00,-150.0,150.0,200311.51733061238,200336.5224326532,19.899096209912535
2026-05-14 17:30:00+02:00,-100.0,100.0,200323.26222857155,200348.26733061238,4.597123420796889
2026-05-14 17:45:00+02:00,-100.0,100.0,200322.75712653075,200347.76222857155,4.597123420796889
2026-05-14 18:00:00+02:00,-100.0,100.0,200322.25202448995,200347.25712653075,4.597123420796889
2026-05-14 18:15:00+02:00,-100.0,100.0,200321.74692244915,200346.75202448995,4.597123420796889
2026-05-14 18:30:00+02:00,-150.0,150.0,200321.24182040832,200346.24692244915,47.292837706511186
2026-05-14 18:45:00+02:00,-150.0,150.0,200332.9867183675,200357.99182040832,47.292837706511186
2026-05-14 19:00:00+02:00,-100.0,100.0,200363.28235918382,200369.7367183675,4.597123420796889
2026-05-14 19:15:00+02:00,-100.0,100.0,200366.41000000015,200387.78235918382,4.597123420796889
2026-05-14 19:30:00+02:00,-100.0,100.0,200390.91000000015,200390.91000000015,4.597123420796889
2026-05-14 19:45:00+02:00,-100.0,100.0,200415.41000000015,200415.41000000015,4.597123420796889
2026-05-14 20:00:00+02:00,-100.0,100.0,200439.91000000015,200439.91000000015,4.597123420796889
2026-05-14 20:15:00+02:00,-200.0,200.0,200464.41000000015,200464.41000000015,40.68273566569485
2026-05-14 20:30:00+02:00,-200.0,200.0,200513.41000000015,200513.41000000015,40.68273566569485
2026-05-14 20:45:00+02:00,-200.0,200.0,200562.41000000015,200562.41000000015,40.68273566569485
2026-05-14 21:00:00+02:00,-150.0,150.0,200611.41000000015,200611.41000000015,38.73159863945578
2026-05-14 21:15:00+02:00,-100.0,100.0,200648.16000000015,200648.16000000015,17.29619047619047
2026-05-14 21:30:00+02:00,-100.0,100.0,200672.66000000015,200672.66000000015,17.29619047619047
2026-05-14 21:45:00+02:00,-50.0,50.0,200697.16000000015,200697.16000000015,2.645986394557823
2026-05-14 22:00:00+02:00,-50.0,50.0,200709.41000000015,200709.41000000015,2.645986394557823
2026-05-14 22:15:00+02:00,-50.0,50.0,200721.66000000015,200721.66000000015,2.645986394557823
2026-05-14 22:30:00+02:00,0.0,0.0,200733.91000000015,200733.91000000015,0.0
2026-05-14 22:45:00+02:00,0.0,0.0,200733.91000000015,200733.91000000015,0.0
2026-05-14 23:00:00+02:00,0.0,0.0,200733.91000000015,200733.91000000015,0.0
2026-05-14 23:15:00+02:00,-50.0,50.0,200733.91000000015,200733.91000000015,91.16979591836737
2026-05-14 23:30:00+02:00,-50.0,50.0,200746.16000000015,200746.16000000015,82.64816326530608
2026-05-14 23:45:00+02:00,0.0,0.0,200758.41000000015,200758.41000000015,0.0
2026-05-15 00:00:00+02:00,0.0,0.0,200758.41000000015,200758.41000000015,0.0
2026-05-15 00:15:00+02:00,0.0,0.0,200758.41000000015,200758.41000000015,0.0
2026-05-15 00:30:00+02:00,0.0,0.0,200758.41000000015,200758.41000000015,0.0
2026-05-15 00:45:00+02:00,0.0,0.0,200758.41000000015,200758.41000000015,0.0
2026-05-15 01:00:00+02:00,0.0,0.0,200758.41000000015,200758.41000000015,0.0
2026-05-15 01:15:00+02:00,0.0,0.0,200758.41000000015,200758.41000000015,0.0
2026-05-15 01:30:00+02:00,0.0,0.0,200758.41000000015,200758.41000000015,0.0
2026-05-15 01:45:00+02:00,0.0,0.0,200758.41000000015,200758.41000000015,0.0
2026-05-15 02:00:00+02:00,-100.0,100.0,200758.41000000015,200758.41000000015,146.4144897959184
2026-05-15 02:15:00+02:00,-50.0,50.0,200782.91000000015,200782.91000000015,61.72346938775511
2026-05-15 02:30:00+02:00,-50.0,50.0,200795.16000000015,200795.16000000015,61.72346938775511
2026-05-15 02:45:00+02:00,-50.0,50.0,200807.41000000015,200807.41000000015,61.72346938775511
2026-05-15 03:00:00+02:00,0.0,0.0,200819.66000000015,200819.66000000015,0.0
2026-05-15 03:15:00+02:00,0.0,0.0,200819.66000000015,200819.66000000015,0.0
2026-05-15 03:30:00+02:00,0.0,0.0,200819.66000000015,200819.66000000015,0.0
2026-05-15 03:45:00+02:00,-50.0,50.0,200819.66000000015,200819.66000000015,105.76163265306126
2026-05-15 04:00:00+02:00,-50.0,50.0,200831.91000000015,200831.91000000015,105.76163265306126
2026-05-15 04:15:00+02:00,0.0,0.0,200844.16000000015,200844.16000000015,0.0
2026-05-15 04:30:00+02:00,0.0,0.0,200844.16000000015,200844.16000000015,0.0
2026-05-15 04:45:00+02:00,0.0,0.0,200844.16000000015,200844.16000000015,0.0
2026-05-15 05:00:00+02:00,0.0,0.0,200844.16000000015,200844.16000000015,0.0
2026-05-15 05:15:00+02:00,0.0,0.0,200844.16000000015,200844.16000000015,0.0
2026-05-15 05:30:00+02:00,0.0,0.0,200844.16000000015,200844.16000000015,0.0
2026-05-15 05:45:00+02:00,0.0,0.0,200844.16000000015,200844.16000000015,0.0
2026-05-15 06:00:00+02:00,0.0,0.0,200844.16000000015,200844.16000000015,0.0
2026-05-15 06:15:00+02:00,0.0,0.0,200844.16000000015,200844.16000000015,0.0
2026-05-15 06:30:00+02:00,0.0,0.0,200844.16000000015,200844.16000000015,0.0
2026-05-15 06:45:00+02:00,0.0,0.0,200844.16000000015,200844.16000000015,0.0
2026-05-15 07:00:00+02:00,0.0,0.0,200844.16000000015,200844.16000000015,0.0
2026-05-15 07:15:00+02:00,0.0,0.0,200844.16000000015,200844.16000000015,0.0
2026-05-15 07:30:00+02:00,0.0,0.0,200844.16000000015,200844.16000000015,0.0
2026-05-15 07:45:00+02:00,0.0,0.0,200844.16000000015,200844.16000000015,0.0
2026-05-15 08:00:00+02:00,-50.0,50.0,200844.16000000015,200844.16000000015,15.9488775510204
2026-05-15 08:15:00+02:00,-150.0,150.0,200856.41000000015,200856.41000000015,33.40001943634596
2026-05-15 08:30:00+02:00,-150.0,150.0,200865.51649795932,200893.16000000015,33.40001943634596
2026-05-15 08:45:00+02:00,-200.0,200.0,200902.26649795932,200902.26649795932,38.99394596695821
2026-05-15 09:00:00+02:00,-150.0,150.0,200901.25629387767,200951.26649795932,23.045068415937806
2026-05-15 09:15:00+02:00,-150.0,150.0,200938.00629387767,200938.00629387767,23.045068415937806
2026-05-15 09:30:00+02:00,-200.0,200.0,200924.74608979607,200974.75629387767,24.528215918841408
2026-05-15 09:45:00+02:00,-200.0,200.0,200948.74098775527,200973.74608979607,24.528215918841408
2026-05-15 10:00:00+02:00,-150.0,150.0,200947.7307836736,200997.74098775527,12.412822332835574
2026-05-15 10:15:00+02:00,-150.0,150.0,200959.4756816328,200984.4807836736,12.412822332835574
2026-05-15 10:30:00+02:00,-150.0,150.0,200946.21547755116,200996.2256816328,12.412822332835574
2026-05-15 10:45:00+02:00,-150.0,150.0,200957.96037551033,200982.96547755116,12.412822332835574
2026-05-15 11:00:00+02:00,-150.0,150.0,200944.7001714287,200994.71037551033,12.412822332835574
2026-05-15 11:15:00+02:00,-150.0,150.0,200956.4450693879,200981.4501714287,12.412822332835574
2026-05-15 11:30:00+02:00,-150.0,150.0,200943.18486530625,200993.1950693879,12.412822332835574
2026-05-15 11:45:00+02:00,-150.0,150.0,200954.92976326542,200979.93486530625,12.412822332835574
2026-05-15 12:00:00+02:00,-150.0,150.0,200941.66955918382,200991.67976326542,12.412822332835574
2026-05-15 12:15:00+02:00,-150.0,150.0,200953.41445714302,200978.41955918382,12.412822332835574
2026-05-15 12:30:00+02:00,-150.0,150.0,200940.15425306137,200990.16445714302,12.412822332835574
2026-05-15 12:45:00+02:00,-150.0,150.0,200951.89915102054,200976.90425306137,12.412822332835574
2026-05-15 13:00:00+02:00,-150.0,150.0,200938.6389469389,200988.64915102054,12.412822332835574
2026-05-15 13:15:00+02:00,-150.0,150.0,200950.3838448981,200975.3889469389,12.412822332835574
2026-05-15 13:30:00+02:00,-200.0,200.0,200937.12364081648,200987.1338448981,98.38792437365191
2026-05-15 13:45:00+02:00,-200.0,200.0,200961.11853877566,200986.12364081648,55.166903965488636
2026-05-15 14:00:00+02:00,-200.0,200.0,200960.108334694,201010.11853877566,55.166903965488636
2026-05-15 14:15:00+02:00,-150.0,150.0,200984.10323265317,201009.108334694,12.412822332835574
2026-05-15 14:30:00+02:00,-150.0,150.0,200970.84302857157,201020.85323265317,12.412822332835574
2026-05-15 14:45:00+02:00,-150.0,150.0,200982.58792653077,201007.59302857157,12.412822332835574
2026-05-15 15:00:00+02:00,-150.0,150.0,200969.32772244912,201019.33792653077,12.412822332835574
2026-05-15 15:15:00+02:00,-150.0,150.0,200981.0726204083,201006.07772244912,12.412822332835574
2026-05-15 15:30:00+02:00,-150.0,150.0,200979.4862448981,201017.8226204083,12.412822332835574
2026-05-15 15:45:00+02:00,-150.0,150.0,200991.2311428573,201016.2362448981,12.412822332835574
2026-05-15 16:00:00+02:00,-150.0,150.0,201002.9760408165,201027.9811428573,12.412822332835574
2026-05-15 16:15:00+02:00,-150.0,150.0,201014.72093877566,201039.7260408165,12.412822332835574
2026-05-15 16:30:00+02:00,-150.0,150.0,201030.2945714287,201051.47093877566,12.412822332835574
2026-05-15 16:45:00+02:00,-150.0,150.0,201042.03946938788,201067.0445714287,12.412822332835574
2026-05-15 17:00:00+02:00,-200.0,200.0,201078.78946938788,201078.78946938788,25.183597843039667
2026-05-15 17:15:00+02:00,-250.0,250.0,201102.78436734708,201127.78946938788,37.95437335324376
2026-05-15 17:30:00+02:00,-250.0,250.0,201164.03436734708,201164.03436734708,37.95437335324376
2026-05-15 17:45:00+02:00,-250.0,250.0,201200.27926530628,201225.28436734708,37.95437335324376
2026-05-15 18:00:00+02:00,-250.0,250.0,201261.52926530628,201261.52926530628,37.95437335324376
2026-05-15 18:15:00+02:00,-200.0,200.0,201297.77416326545,201322.77926530628,25.183597843039667
2026-05-15 18:30:00+02:00,-150.0,150.0,201346.77416326545,201346.77416326545,12.412822332835574
2026-05-15 18:45:00+02:00,-150.0,150.0,201358.51906122462,201383.52416326545,12.412822332835574
2026-05-15 19:00:00+02:00,-150.0,150.0,201395.26906122462,201395.26906122462,12.412822332835574
2026-05-15 19:15:00+02:00,-150.0,150.0,201407.0139591838,201432.01906122462,12.412822332835574
2026-05-15 19:30:00+02:00,-150.0,150.0,201443.7639591838,201443.7639591838,12.412822332835574
2026-05-15 19:45:00+02:00,-150.0,150.0,201455.508857143,201480.5139591838,12.412822332835574
2026-05-15 20:00:00+02:00,-150.0,150.0,201492.258857143,201492.258857143,12.412822332835574
2026-05-15 20:15:00+02:00,-150.0,150.0,201504.0037551022,201529.008857143,12.412822332835574
2026-05-15 20:30:00+02:00,-150.0,150.0,201540.7537551022,201540.7537551022,12.412822332835574
2026-05-15 20:45:00+02:00,-150.0,150.0,201552.49865306137,201577.5037551022,12.412822332835574
2026-05-15 21:00:00+02:00,-150.0,150.0,201589.24865306137,201589.24865306137,12.412822332835574
2026-05-15 21:15:00+02:00,-100.0,100.0,201600.99355102054,201625.99865306137,6.818895802223329
2026-05-15 21:30:00+02:00,-100.0,100.0,201625.49355102054,201625.49355102054,6.818895802223329
2026-05-15 21:45:00+02:00,-100.0,100.0,201624.9884489797,201649.99355102054,6.818895802223329
2026-05-15 22:00:00+02:00,-100.0,100.0,201649.4884489797,201649.4884489797,6.818895802223329
2026-05-15 22:15:00+02:00,-100.0,100.0,201648.9833469389,201673.9884489797,6.818895802223329
2026-05-15 22:30:00+02:00,-100.0,100.0,201673.4833469389,201673.4833469389,6.818895802223329
2026-05-15 22:45:00+02:00,-100.0,100.0,201672.9782448981,201697.9833469389,6.818895802223329
2026-05-15 23:00:00+02:00,-100.0,100.0,201697.4782448981,201697.4782448981,6.818895802223329
2026-05-15 23:15:00+02:00,-50.0,50.0,201696.97314285728,201721.9782448981,1.4831475029036005
2026-05-15 23:30:00+02:00,-50.0,50.0,201709.22314285728,201709.22314285728,1.4831475029036005
2026-05-15 23:45:00+02:00,-50.0,50.0,201696.46804081646,201721.47314285728,1.4831475029036005
2026-05-16 00:00:00+02:00,-50.0,50.0,201708.71804081646,201708.71804081646,1.4831475029036005
2026-05-16 00:15:00+02:00,-50.0,50.0,201695.96293877563,201720.96804081646,1.4831475029036005
2026-05-16 00:30:00+02:00,-50.0,50.0,201708.21293877563,201708.21293877563,1.4831475029036005
2026-05-16 00:45:00+02:00,-100.0,100.0,201695.45783673483,201720.46293877563,51.309406006304954
2026-05-16 01:00:00+02:00,-100.0,100.0,201719.95783673483,201719.95783673483,51.309406006304954
2026-05-16 01:15:00+02:00,-100.0,100.0,201719.45273469403,201744.45783673483,51.309406006304954
2026-05-16 01:30:00+02:00,-100.0,100.0,201743.95273469403,201743.95273469403,32.8380862784138
2026-05-16 01:45:00+02:00,-100.0,100.0,201743.4476326532,201768.45273469403,32.8380862784138
2026-05-16 02:00:00+02:00,-100.0,100.0,201767.9476326532,201767.9476326532,32.8380862784138
2026-05-16 02:15:00+02:00,-100.0,100.0,201767.44253061237,201792.4476326532,32.8380862784138
2026-05-16 02:30:00+02:00,-100.0,100.0,201791.94253061237,201791.94253061237,32.8380862784138
2026-05-16 02:45:00+02:00,-50.0,50.0,201791.43742857157,201816.44253061237,1.4831475029036005
2026-05-16 03:00:00+02:00,-50.0,50.0,201803.68742857157,201803.68742857157,1.4831475029036005
2026-05-16 03:15:00+02:00,-50.0,50.0,201790.93232653075,201815.93742857157,1.4831475029036005
2026-05-16 03:30:00+02:00,-50.0,50.0,201803.18232653075,201803.18232653075,1.4831475029036005
2026-05-16 03:45:00+02:00,-50.0,50.0,201790.42722448995,201815.43232653075,1.4831475029036005
2026-05-16 04:00:00+02:00,-50.0,50.0,201802.67722448995,201802.67722448995,1.4831475029036005
2026-05-16 04:15:00+02:00,-50.0,50.0,201789.92212244912,201814.92722448995,1.4831475029036005
2026-05-16 04:30:00+02:00,-50.0,50.0,201802.17212244912,201802.17212244912,1.4831475029036005
2026-05-16 04:45:00+02:00,-50.0,50.0,201789.4170204083,201814.42212244912,1.4831475029036005
2026-05-16 05:00:00+02:00,-50.0,50.0,201801.6670204083,201801.6670204083,1.4831475029036005
2026-05-16 05:15:00+02:00,-50.0,50.0,201788.9119183675,201813.9170204083,1.4831475029036005
2026-05-16 05:30:00+02:00,-50.0,50.0,201801.1619183675,201801.1619183675,1.4831475029036005
2026-05-16 05:45:00+02:00,-50.0,50.0,201788.40681632666,201813.4119183675,1.4831475029036005
2026-05-16 06:00:00+02:00,-50.0,50.0,201800.65681632666,201800.65681632666,1.4831475029036005
2026-05-16 06:15:00+02:00,-50.0,50.0,201787.90171428586,201812.90681632666,1.4831475029036005
2026-05-16 06:30:00+02:00,-50.0,50.0,201800.15171428586,201800.15171428586,1.4831475029036005
2026-05-16 06:45:00+02:00,-50.0,50.0,201787.39661224504,201812.40171428586,1.4831475029036005
2026-05-16 07:00:00+02:00,-50.0,50.0,201799.64661224504,201799.64661224504,1.4831475029036005
2026-05-16 07:15:00+02:00,-50.0,50.0,201786.8915102042,201811.89661224504,1.4831475029036005
2026-05-16 07:30:00+02:00,-50.0,50.0,201799.1415102042,201799.1415102042,1.4831475029036005
2026-05-16 07:45:00+02:00,-50.0,50.0,201786.3864081634,201811.3915102042,1.4831475029036005
2026-05-16 08:00:00+02:00,-100.0,100.0,201798.6364081634,201798.6364081634,56.363045462087264
2026-05-16 08:15:00+02:00,-100.0,100.0,201798.1313061226,201823.1364081634,56.363045462087264
2026-05-16 08:30:00+02:00,-100.0,100.0,201822.6313061226,201822.6313061226,56.363045462087264
2026-05-16 08:45:00+02:00,-100.0,100.0,201822.12620408178,201847.1313061226,56.363045462087264
2026-05-16 09:00:00+02:00,-50.0,50.0,201846.62620408178,201846.62620408178,1.4831475029036005
2026-05-16 09:15:00+02:00,-50.0,50.0,201833.87110204095,201858.87620408178,1.4831475029036005
2026-05-16 09:30:00+02:00,-50.0,50.0,201846.12110204095,201846.12110204095,1.4831475029036005
2026-05-16 09:45:00+02:00,-50.0,50.0,201833.36600000013,201858.37110204095,1.4831475029036005
2026-05-16 10:00:00+02:00,-100.0,100.0,201845.61600000013,201845.61600000013,4.001164174360916
2026-05-16 10:15:00+02:00,-100.0,100.0,201820.1057959185,201870.11600000013,4.001164174360916
2026-05-16 10:30:00+02:00,-100.0,100.0,201844.6057959185,201844.6057959185,4.001164174360916
2026-05-16 10:45:00+02:00,-100.0,100.0,201819.0955918369,201869.1057959185,4.001164174360916
2026-05-16 11:00:00+02:00,-100.0,100.0,201843.5955918369,201843.5955918369,4.001164174360916
2026-05-16 11:15:00+02:00,-100.0,100.0,201818.08538775524,201868.0955918369,4.001164174360916
2026-05-16 11:30:00+02:00,-100.0,100.0,201842.58538775524,201842.58538775524,4.001164174360916
2026-05-16 11:45:00+02:00,-100.0,100.0,201817.07518367362,201867.08538775524,4.001164174360916
2026-05-16 12:00:00+02:00,-100.0,100.0,201841.57518367362,201841.57518367362,4.001164174360916
2026-05-16 12:15:00+02:00,-150.0,150.0,201816.06497959196,201866.07518367362,20.626130160755483
2026-05-16 12:30:00+02:00,-150.0,150.0,201852.81497959196,201852.81497959196,20.626130160755483
2026-05-16 12:45:00+02:00,-150.0,150.0,201839.55477551033,201889.56497959196,20.626130160755483
2026-05-16 13:00:00+02:00,-150.0,150.0,201876.30477551033,201876.30477551033,20.626130160755483
2026-05-16 13:15:00+02:00,-150.0,150.0,201863.04457142873,201913.05477551033,20.626130160755483
2026-05-16 13:30:00+02:00,-150.0,150.0,201899.79457142873,201899.79457142873,20.626130160755483
2026-05-16 13:45:00+02:00,-100.0,100.0,201886.53436734708,201936.54457142873,4.001164174360916
2026-05-16 14:00:00+02:00,-150.0,150.0,201911.03436734708,201911.03436734708,52.660075738986755
2026-05-16 14:15:00+02:00,-150.0,150.0,201897.77416326545,201947.78436734708,52.660075738986755
2026-05-16 14:30:00+02:00,-150.0,150.0,201934.52416326545,201934.52416326545,52.660075738986755
2026-05-16 14:45:00+02:00,-100.0,100.0,201921.2639591838,201971.27416326545,4.001164174360916
2026-05-16 15:00:00+02:00,-100.0,100.0,201945.7639591838,201945.7639591838,4.001164174360916
2026-05-16 15:15:00+02:00,-100.0,100.0,201920.25375510217,201970.2639591838,4.001164174360916
2026-05-16 15:30:00+02:00,-100.0,100.0,201944.75375510217,201944.75375510217,4.001164174360916
2026-05-16 15:45:00+02:00,-100.0,100.0,201919.24355102057,201969.25375510217,4.001164174360916
2026-05-16 16:00:00+02:00,-100.0,100.0,201943.74355102057,201943.74355102057,4.001164174360916
2026-05-16 16:15:00+02:00,-100.0,100.0,201918.2333469389,201968.24355102057,4.001164174360916
2026-05-16 16:30:00+02:00,-100.0,100.0,201942.7333469389,201942.7333469389,4.001164174360916
2026-05-16 16:45:00+02:00,-100.0,100.0,201917.22314285728,201967.2333469389,4.001164174360916
2026-05-16 17:00:00+02:00,-100.0,100.0,201941.72314285728,201941.72314285728,4.001164174360916
2026-05-16 17:15:00+02:00,-100.0,100.0,201916.21293877563,201966.22314285728,4.001164174360916
2026-05-16 17:30:00+02:00,-100.0,100.0,201940.71293877563,201940.71293877563,4.001164174360916
2026-05-16 17:45:00+02:00,-100.0,100.0,201915.20273469403,201965.21293877563,4.001164174360916
2026-05-16 18:00:00+02:00,-100.0,100.0,201939.70273469403,201939.70273469403,4.001164174360916
2026-05-16 18:15:00+02:00,-100.0,100.0,201914.1925306124,201964.20273469403,4.001164174360916
2026-05-16 18:30:00+02:00,-150.0,150.0,201938.6925306124,201938.6925306124,6.6287857650532676
2026-05-16 18:45:00+02:00,-150.0,150.0,201900.42722448995,201975.4425306124,6.6287857650532676
2026-05-16 19:00:00+02:00,-150.0,150.0,201937.17722448995,201937.17722448995,6.6287857650532676
2026-05-16 19:15:00+02:00,-150.0,150.0,201898.91191836752,201973.92722448995,6.6287857650532676
2026-05-16 19:30:00+02:00,-150.0,150.0,201935.66191836752,201935.66191836752,6.6287857650532676
2026-05-16 19:45:00+02:00,-150.0,150.0,201897.39661224504,201972.41191836752,6.6287857650532676
2026-05-16 20:00:00+02:00,-150.0,150.0,201934.14661224504,201934.14661224504,6.6287857650532676
2026-05-16 20:15:00+02:00,-150.0,150.0,201895.8813061226,201970.89661224504,6.6287857650532676
2026-05-16 20:30:00+02:00,-150.0,150.0,201932.6313061226,201932.6313061226,6.6287857650532676
2026-05-16 20:45:00+02:00,-150.0,150.0,201894.36600000015,201969.3813061226,6.6287857650532676
2026-05-16 21:00:00+02:00,-150.0,150.0,201931.11600000015,201931.11600000015,6.6287857650532676
2026-05-16 21:15:00+02:00,-150.0,150.0,201892.8506938777,201967.86600000015,6.6287857650532676
2026-05-16 21:30:00+02:00,-150.0,150.0,201929.6006938777,201929.6006938777,6.6287857650532676
2026-05-16 21:45:00+02:00,-150.0,150.0,201891.33538775527,201966.3506938777,6.6287857650532676
2026-05-16 22:00:00+02:00,-150.0,150.0,201928.08538775527,201928.08538775527,6.6287857650532676
2026-05-16 22:15:00+02:00,-150.0,150.0,201889.8200816328,201964.83538775527,6.6287857650532676
2026-05-16 22:30:00+02:00,-150.0,150.0,201926.5700816328,201926.5700816328,6.6287857650532676
2026-05-16 22:45:00+02:00,-150.0,150.0,201888.30477551036,201963.3200816328,6.6287857650532676
2026-05-16 23:00:00+02:00,-150.0,150.0,201925.05477551036,201925.05477551036,6.6287857650532676
2026-05-16 23:15:00+02:00,-150.0,150.0,201886.7894693879,201961.80477551036,6.6287857650532676
2026-05-16 23:30:00+02:00,-150.0,150.0,201923.5394693879,201923.5394693879,6.6287857650532676
2026-05-16 23:45:00+02:00,-150.0,150.0,201885.27416326545,201960.2894693879,6.6287857650532676
2026-05-17 00:00:00+02:00,-150.0,150.0,201922.02416326545,201922.02416326545,6.6287857650532676
2026-05-17 00:15:00+02:00,-150.0,150.0,201883.75885714302,201958.77416326545,6.6287857650532676
2026-05-17 00:30:00+02:00,-150.0,150.0,201920.50885714302,201920.50885714302,6.6287857650532676
2026-05-17 00:45:00+02:00,-150.0,150.0,201882.24355102054,201957.25885714302,6.6287857650532676
2026-05-17 01:00:00+02:00,-150.0,150.0,201918.99355102054,201918.99355102054,6.6287857650532676
2026-05-17 01:15:00+02:00,-150.0,150.0,201880.7282448981,201955.74355102054,6.6287857650532676
2026-05-17 01:30:00+02:00,-150.0,150.0,201917.4782448981,201917.4782448981,6.6287857650532676
2026-05-17 01:45:00+02:00,-150.0,150.0,201879.21293877566,201954.2282448981,6.6287857650532676
2026-05-17 02:00:00+02:00,-150.0,150.0,201915.96293877566,201915.96293877566,6.6287857650532676
2026-05-17 02:15:00+02:00,-150.0,150.0,201877.6976326532,201952.71293877566,6.6287857650532676
2026-05-17 02:30:00+02:00,-150.0,150.0,201914.4476326532,201914.4476326532,6.6287857650532676
2026-05-17 02:45:00+02:00,-150.0,150.0,201876.18232653078,201951.1976326532,6.6287857650532676
2026-05-17 03:00:00+02:00,-150.0,150.0,201912.93232653078,201912.93232653078,6.6287857650532676
2026-05-17 03:15:00+02:00,-150.0,150.0,201874.66702040832,201949.68232653078,6.6287857650532676
2026-05-17 03:30:00+02:00,-150.0,150.0,201911.41702040832,201911.41702040832,6.6287857650532676
2026-05-17 03:45:00+02:00,-150.0,150.0,201873.15171428586,201948.16702040832,6.6287857650532676
2026-05-17 04:00:00+02:00,-150.0,150.0,201909.90171428586,201909.90171428586,6.6287857650532676
2026-05-17 04:15:00+02:00,-150.0,150.0,201871.6364081634,201946.65171428586,6.6287857650532676
2026-05-17 04:30:00+02:00,-150.0,150.0,201908.3864081634,201908.3864081634,6.6287857650532676
2026-05-17 04:45:00+02:00,-150.0,150.0,201870.12110204098,201945.1364081634,6.6287857650532676
2026-05-17 05:00:00+02:00,-150.0,150.0,201906.87110204098,201906.87110204098,6.6287857650532676
2026-05-17 05:15:00+02:00,-150.0,150.0,201868.60579591853,201943.62110204098,6.6287857650532676
2026-05-17 05:30:00+02:00,-150.0,150.0,201905.35579591853,201905.35579591853,6.6287857650532676
2026-05-17 05:45:00+02:00,-150.0,150.0,201867.09048979607,201942.10579591853,6.6287857650532676
2026-05-17 06:00:00+02:00,-150.0,150.0,201903.84048979607,201903.84048979607,6.6287857650532676
2026-05-17 06:15:00+02:00,-150.0,150.0,201865.57518367362,201940.59048979607,6.6287857650532676
2026-05-17 06:30:00+02:00,-150.0,150.0,201902.32518367362,201902.32518367362,6.6287857650532676
2026-05-17 06:45:00+02:00,-150.0,150.0,201864.05987755116,201939.07518367362,6.6287857650532676
2026-05-17 07:00:00+02:00,-150.0,150.0,201900.80987755116,201900.80987755116,6.6287857650532676
2026-05-17 07:15:00+02:00,-150.0,150.0,201862.54457142873,201937.55987755116,6.6287857650532676
2026-05-17 07:30:00+02:00,-150.0,150.0,201899.29457142873,201899.29457142873,6.6287857650532676
2026-05-17 07:45:00+02:00,-150.0,150.0,201861.02926530628,201936.04457142873,6.6287857650532676
2026-05-17 08:00:00+02:00,-150.0,150.0,201897.77926530628,201897.77926530628,6.6287857650532676
2026-05-17 08:15:00+02:00,-150.0,150.0,201859.51395918382,201934.52926530628,6.6287857650532676
2026-05-17 08:30:00+02:00,-150.0,150.0,201896.26395918382,201896.26395918382,6.6287857650532676
2026-05-17 08:45:00+02:00,-150.0,150.0,201857.9986530614,201933.01395918382,6.6287857650532676
2026-05-17 09:00:00+02:00,-150.0,150.0,201894.7486530614,201894.7486530614,6.6287857650532676
2026-05-17 09:15:00+02:00,-150.0,150.0,201856.4833469389,201931.4986530614,6.6287857650532676
2026-05-17 09:30:00+02:00,-150.0,150.0,201893.2333469389,201893.2333469389,6.6287857650532676
2026-05-17 09:45:00+02:00,-150.0,150.0,201854.9680408165,201929.9833469389,6.6287857650532676
2026-05-17 10:00:00+02:00,-150.0,150.0,201891.7180408165,201891.7180408165,6.6287857650532676
2026-05-17 10:15:00+02:00,-150.0,150.0,201853.45273469403,201928.4680408165,6.6287857650532676
2026-05-17 10:30:00+02:00,-150.0,150.0,201890.20273469403,201890.20273469403,6.6287857650532676
2026-05-17 10:45:00+02:00,-150.0,150.0,201851.93742857157,201926.95273469403,6.6287857650532676
2026-05-17 11:00:00+02:00,-150.0,150.0,201888.68742857157,201888.68742857157,6.6287857650532676
2026-05-17 11:15:00+02:00,-150.0,150.0,201850.42212244915,201925.43742857157,6.6287857650532676
2026-05-17 11:30:00+02:00,-150.0,150.0,201887.17212244915,201887.17212244915,6.6287857650532676
2026-05-17 11:45:00+02:00,-150.0,150.0,201848.90681632666,201923.92212244915,6.6287857650532676
2026-05-17 12:00:00+02:00,-150.0,150.0,201885.65681632666,201885.65681632666,6.6287857650532676
2026-05-17 12:15:00+02:00,-150.0,150.0,201847.39151020424,201922.40681632666,6.6287857650532676
2026-05-17 12:30:00+02:00,-150.0,150.0,201884.14151020424,201884.14151020424,6.6287857650532676
2026-05-17 12:45:00+02:00,-150.0,150.0,201845.87620408178,201920.89151020424,6.6287857650532676
2026-05-17 13:00:00+02:00,-150.0,150.0,201882.62620408178,201882.62620408178,6.6287857650532676
2026-05-17 13:15:00+02:00,-150.0,150.0,201844.36089795933,201919.37620408178,6.6287857650532676
2026-05-17 13:30:00+02:00,-150.0,150.0,201881.11089795933,201881.11089795933,6.6287857650532676
2026-05-17 13:45:00+02:00,-150.0,150.0,201854.0385061226,201917.86089795933,6.6287857650532676
2026-05-17 14:00:00+02:00,-150.0,150.0,201890.7885061226,201890.7885061226,6.6287857650532676
2026-05-17 14:15:00+02:00,-150.0,150.0,201877.52830204097,201927.5385061226,6.6287857650532676
2026-05-17 14:30:00+02:00,-150.0,150.0,201914.27830204097,201914.27830204097,6.6287857650532676
2026-05-17 14:45:00+02:00,-150.0,150.0,201920.62121632666,201951.02830204097,6.6287857650532676
2026-05-17 15:00:00+02:00,-150.0,150.0,201957.37121632666,201957.37121632666,6.6287857650532676
2026-05-17 15:15:00+02:00,-150.0,150.0,201984.11280000012,201994.12121632666,6.6287857650532676
2026-05-17 15:30:00+02:00,-150.0,150.0,202020.86280000012,202020.86280000012,6.6287857650532676
2026-05-17 15:45:00+02:00,-150.0,150.0,202057.61280000012,202057.61280000012,6.6287857650532676
2026-05-17 16:00:00+02:00,-150.0,150.0,202094.36280000012,202094.36280000012,6.6287857650532676
2026-05-17 16:15:00+02:00,-150.0,150.0,202131.11280000012,202131.11280000012,6.6287857650532676
2026-05-17 16:30:00+02:00,-150.0,150.0,202167.86280000012,202167.86280000012,6.6287857650532676
2026-05-17 16:45:00+02:00,-150.0,150.0,202204.61280000012,202204.61280000012,6.6287857650532676
2026-05-17 17:00:00+02:00,-150.0,150.0,202241.36280000012,202241.36280000012,6.6287857650532676
2026-05-17 17:15:00+02:00,-150.0,150.0,202278.11280000012,202278.11280000012,6.6287857650532676
2026-05-17 17:30:00+02:00,-150.0,150.0,202314.86280000012,202314.86280000012,6.6287857650532676
2026-05-17 17:45:00+02:00,-150.0,150.0,202351.61280000012,202351.61280000012,6.6287857650532676
2026-05-17 18:00:00+02:00,-150.0,150.0,202388.36280000012,202388.36280000012,6.6287857650532676
2026-05-17 18:15:00+02:00,-150.0,150.0,202425.11280000012,202425.11280000012,6.6287857650532676
2026-05-17 18:30:00+02:00,-150.0,150.0,202461.86280000012,202461.86280000012,6.6287857650532676
2026-05-17 18:45:00+02:00,-150.0,150.0,202498.61280000012,202498.61280000012,6.6287857650532676
2026-05-17 19:00:00+02:00,-150.0,150.0,202535.36280000012,202535.36280000012,6.6287857650532676
2026-05-17 19:15:00+02:00,-150.0,150.0,202572.11280000012,202572.11280000012,6.6287857650532676
2026-05-17 19:30:00+02:00,-150.0,150.0,202608.86280000012,202608.86280000012,6.6287857650532676
2026-05-17 19:45:00+02:00,-150.0,150.0,202645.61280000012,202645.61280000012,6.6287857650532676
2026-05-17 20:00:00+02:00,-150.0,150.0,202682.36280000012,202682.36280000012,6.6287857650532676
2026-05-17 20:15:00+02:00,-150.0,150.0,202719.11280000012,202719.11280000012,6.6287857650532676
2026-05-17 20:30:00+02:00,-150.0,150.0,202755.86280000012,202755.86280000012,6.6287857650532676
2026-05-17 20:45:00+02:00,-150.0,150.0,202792.61280000012,202792.61280000012,6.6287857650532676
2026-05-17 21:00:00+02:00,-150.0,150.0,202829.36280000012,202829.36280000012,6.6287857650532676
2026-05-17 21:15:00+02:00,-100.0,100.0,202866.11280000012,202866.11280000012,4.001164174360916
2026-05-17 21:30:00+02:00,-50.0,50.0,202890.61280000012,202890.61280000012,1.4831475029036005
2026-05-17 21:45:00+02:00,-50.0,50.0,202902.86280000012,202902.86280000012,1.4831475029036005
2026-05-17 22:00:00+02:00,-100.0,100.0,202915.11280000012,202915.11280000012,5.1203548068778195
2026-05-17 22:15:00+02:00,-100.0,100.0,202914.6076979593,202939.61280000012,5.1203548068778195
2026-05-17 22:30:00+02:00,-100.0,100.0,202939.1076979593,202939.1076979593,5.1203548068778195
2026-05-17 22:45:00+02:00,-100.0,100.0,202938.6025959185,202963.6076979593,5.1203548068778195
2026-05-17 23:00:00+02:00,-50.0,50.0,202963.1025959185,202963.1025959185,3.6372073039742188
2026-05-17 23:15:00+02:00,-50.0,50.0,202950.34749387766,202975.3525959185,3.6372073039742188
2026-05-17 23:30:00+02:00,-100.0,100.0,202962.59749387766,202962.59749387766,11.582462406015035
2026-05-17 23:45:00+02:00,-100.0,100.0,202937.08728979604,202987.09749387766,11.582462406015035
2026-05-18 00:00:00+02:00,-100.0,100.0,202961.58728979604,202961.58728979604,11.582462406015035
2026-05-18 00:15:00+02:00,-100.0,100.0,202950.37808979602,202986.08728979604,11.582462406015035
2026-05-18 00:30:00+02:00,-100.0,100.0,202974.87808979602,202974.87808979602,11.582462406015035
2026-05-18 00:45:00+02:00,-100.0,100.0,202974.3729877552,202999.37808979602,11.582462406015035
2026-05-18 01:00:00+02:00,-100.0,100.0,202998.8729877552,202998.8729877552,11.582462406015035
2026-05-18 01:15:00+02:00,-100.0,100.0,203008.3784000001,203023.3729877552,11.582462406015035
2026-05-18 01:30:00+02:00,-100.0,100.0,203032.8784000001,203032.8784000001,7.197615467239526
2026-05-18 01:45:00+02:00,-100.0,100.0,203032.37329795928,203057.3784000001,7.197615467239526
2026-05-18 02:00:00+02:00,-100.0,100.0,203056.87329795928,203056.87329795928,7.197615467239526
2026-05-18 02:15:00+02:00,-100.0,100.0,203056.36819591848,203081.37329795928,7.197615467239526
2026-05-18 02:30:00+02:00,-100.0,100.0,203080.86819591848,203080.86819591848,7.197615467239526
2026-05-18 02:45:00+02:00,-50.0,50.0,203080.36309387765,203105.36819591848,3.5604081632653077
2026-05-18 03:00:00+02:00,-50.0,50.0,203092.61309387765,203092.61309387765,3.5604081632653077
2026-05-18 03:15:00+02:00,-50.0,50.0,203079.85799183685,203104.86309387765,3.5604081632653077
2026-05-18 03:30:00+02:00,-50.0,50.0,203092.10799183685,203092.10799183685,3.5604081632653077
2026-05-18 03:45:00+02:00,-100.0,100.0,203079.35288979602,203104.35799183685,83.80091836734694
2026-05-18 04:00:00+02:00,-100.0,100.0,203103.85288979602,203103.85288979602,83.80091836734694
2026-05-18 04:15:00+02:00,-100.0,100.0,203103.3477877552,203128.35288979602,83.80091836734694
2026-05-18 04:30:00+02:00,-100.0,100.0,203127.8477877552,203127.8477877552,83.80091836734694
2026-05-18 04:45:00+02:00,-50.0,50.0,203144.6840000001,203152.3477877552,3.5604081632653077
2026-05-18 05:00:00+02:00,-50.0,50.0,203156.9340000001,203156.9340000001,3.5604081632653077
2026-05-18 05:15:00+02:00,-50.0,50.0,203169.1840000001,203169.1840000001,3.5604081632653077
2026-05-18 05:30:00+02:00,-50.0,50.0,203181.4340000001,203181.4340000001,3.5604081632653077
2026-05-18 05:45:00+02:00,-50.0,50.0,203193.6840000001,203193.6840000001,3.5604081632653077
2026-05-18 06:00:00+02:00,0.0,0.0,203205.9340000001,203205.9340000001,0.0
2026-05-18 06:15:00+02:00,0.0,0.0,203205.9340000001,203205.9340000001,0.0
2026-05-18 06:30:00+02:00,0.0,0.0,203205.9340000001,203205.9340000001,0.0
2026-05-18 06:45:00+02:00,0.0,0.0,203205.9340000001,203205.9340000001,0.0
2026-05-18 07:00:00+02:00,0.0,0.0,203205.9340000001,203205.9340000001,0.0
2026-05-18 07:15:00+02:00,-50.0,50.0,203205.9340000001,203205.9340000001,18.506938775510207
2026-05-18 07:30:00+02:00,-50.0,50.0,203218.1840000001,203218.1840000001,18.506938775510207
2026-05-18 07:45:00+02:00,-50.0,50.0,203230.4340000001,203230.4340000001,18.506938775510207
2026-05-18 08:00:00+02:00,-100.0,100.0,203242.6840000001,203242.6840000001,68.31096209912536
2026-05-18 08:15:00+02:00,-150.0,150.0,203267.1840000001,203267.1840000001,81.05839067055393
2026-05-18 08:30:00+02:00,-200.0,200.0,203303.9340000001,203303.9340000001,85.66610726662633
2026-05-18 08:45:00+02:00,-200.0,200.0,203327.92889795927,203352.9340000001,85.66610726662633
2026-05-18 09:00:00+02:00,-200.0,200.0,203376.92889795927,203376.92889795927,85.66610726662633
2026-05-18 09:15:00+02:00,-200.0,200.0,203400.92379591847,203425.92889795927,85.66610726662633
2026-05-18 09:30:00+02:00,-150.0,150.0,203449.92379591847,203449.92379591847,72.91867869519776
2026-05-18 09:45:00+02:00,-100.0,100.0,203461.66869387764,203486.67379591847,23.114655371582597
2026-05-18 10:00:00+02:00,-150.0,150.0,203486.16869387764,203486.16869387764,86.96853292260306
2026-05-18 10:15:00+02:00,-100.0,100.0,203497.91359183684,203522.91869387764,23.114655371582597
2026-05-18 10:30:00+02:00,-50.0,50.0,203522.41359183684,203522.41359183684,4.6077165960723905
2026-05-18 10:45:00+02:00,-50.0,50.0,203509.658489796,203534.66359183684,4.6077165960723905
2026-05-18 11:00:00+02:00,-50.0,50.0,203521.908489796,203521.908489796,4.6077165960723905
2026-05-18 11:15:00+02:00,-50.0,50.0,203509.15338775518,203534.158489796,4.6077165960723905
2026-05-18 11:30:00+02:00,-50.0,50.0,203521.40338775518,203521.40338775518,4.6077165960723905
2026-05-18 11:45:00+02:00,-50.0,50.0,203508.6482857144,203533.65338775518,4.6077165960723905
2026-05-18 12:00:00+02:00,-50.0,50.0,203520.8982857144,203520.8982857144,4.6077165960723905
2026-05-18 12:15:00+02:00,-100.0,100.0,203508.14318367356,203533.1482857144,16.504927480426133
2026-05-18 12:30:00+02:00,-100.0,100.0,203529.09878367357,203532.64318367356,16.504927480426133
2026-05-18 12:45:00+02:00,-150.0,150.0,203528.59368163277,203553.59878367357,34.09684584777306
2026-05-18 13:00:00+02:00,-150.0,150.0,203565.34368163277,203565.34368163277,34.09684584777306
2026-05-18 13:15:00+02:00,-150.0,150.0,203577.08857959195,203602.09368163277,34.09684584777306
2026-05-18 13:30:00+02:00,-150.0,150.0,203613.83857959195,203613.83857959195,34.09684584777306
2026-05-18 13:45:00+02:00,-150.0,150.0,203625.58347755112,203650.58857959195,51.266573738929516
2026-05-18 14:00:00+02:00,-100.0,100.0,203662.33347755112,203662.33347755112,33.67465537158259
2026-05-18 14:15:00+02:00,-100.0,100.0,203661.82837551032,203686.83347755112,33.67465537158259
2026-05-18 14:30:00+02:00,-50.0,50.0,203686.32837551032,203686.32837551032,4.6077165960723905
2026-05-18 14:45:00+02:00,-50.0,50.0,203673.5732734695,203698.57837551032,4.6077165960723905
2026-05-18 15:00:00+02:00,-50.0,50.0,203685.8232734695,203685.8232734695,4.6077165960723905
2026-05-18 15:15:00+02:00,-50.0,50.0,203673.0681714287,203698.0732734695,4.6077165960723905
2026-05-18 15:30:00+02:00,-50.0,50.0,203685.3181714287,203685.3181714287,4.6077165960723905
2026-05-18 15:45:00+02:00,-50.0,50.0,203672.56306938786,203697.5681714287,4.6077165960723905
2026-05-18 16:00:00+02:00,-100.0,100.0,203684.81306938786,203684.81306938786,7.370437684507765
2026-05-18 16:15:00+02:00,-100.0,100.0,203659.30286530624,203709.31306938786,7.370437684507765
2026-05-18 16:30:00+02:00,-100.0,100.0,203683.80286530624,203683.80286530624,7.370437684507765
2026-05-18 16:45:00+02:00,-100.0,100.0,203673.4541959185,203708.30286530624,7.370437684507765
2026-05-18 17:00:00+02:00,-100.0,100.0,203697.9541959185,203697.9541959185,7.370437684507765
2026-05-18 17:15:00+02:00,-100.0,100.0,203697.44909387766,203722.4541959185,7.370437684507765
2026-05-18 17:30:00+02:00,-100.0,100.0,203721.94909387766,203721.94909387766,7.370437684507765
2026-05-18 17:45:00+02:00,-100.0,100.0,203721.44399183683,203746.44909387766,7.370437684507765
2026-05-18 18:00:00+02:00,-100.0,100.0,203745.94399183683,203745.94399183683,7.370437684507765
2026-05-18 18:15:00+02:00,-100.0,100.0,203745.43888979603,203770.44399183683,7.370437684507765
2026-05-18 18:30:00+02:00,-150.0,150.0,203769.93888979603,203769.93888979603,71.16594788858937
2026-05-18 18:45:00+02:00,-100.0,100.0,203781.6837877552,203806.68888979603,7.370437684507765
2026-05-18 19:00:00+02:00,-150.0,150.0,203806.1837877552,203806.1837877552,71.16594788858937
2026-05-18 19:15:00+02:00,-100.0,100.0,203817.9286857144,203842.9337877552,7.370437684507765
2026-05-18 19:30:00+02:00,-100.0,100.0,203842.4286857144,203842.4286857144,7.370437684507765
2026-05-18 19:45:00+02:00,-100.0,100.0,203841.92358367358,203866.9286857144,7.370437684507765
2026-05-18 20:00:00+02:00,-100.0,100.0,203866.42358367358,203866.42358367358,7.370437684507765
2026-05-18 20:15:00+02:00,-100.0,100.0,203865.91848163275,203890.92358367358,7.370437684507765
2026-05-18 20:30:00+02:00,-100.0,100.0,203890.41848163275,203890.41848163275,7.370437684507765
2026-05-18 20:45:00+02:00,-150.0,150.0,203889.91337959195,203914.91848163275,17.638921649522345
2026-05-18 21:00:00+02:00,-150.0,150.0,203901.65827755112,203926.66337959195,17.638921649522345
2026-05-18 21:15:00+02:00,-150.0,150.0,203930.81089795928,203938.40827755112,17.638921649522345
2026-05-18 21:30:00+02:00,-150.0,150.0,203942.55579591848,203967.56089795928,17.638921649522345
2026-05-18 21:45:00+02:00,-100.0,100.0,203979.30579591848,203979.30579591848,13.031205053449954
2026-05-18 22:00:00+02:00,-100.0,100.0,203978.80069387765,204003.80579591848,13.031205053449954
2026-05-18 22:15:00+02:00,-150.0,150.0,204003.30069387765,204003.30069387765,22.961992225461614
2026-05-18 22:30:00+02:00,-150.0,150.0,204005.59200000012,204040.05069387765,22.961992225461614
2026-05-18 22:45:00+02:00,-100.0,100.0,204042.34200000012,204042.34200000012,20.19927113702624
2026-05-18 23:00:00+02:00,-150.0,150.0,204066.84200000012,204066.84200000012,103.66457725947522
2026-05-18 23:15:00+02:00,-100.0,100.0,204103.59200000012,204103.59200000012,20.19927113702624
2026-05-18 23:30:00+02:00,-100.0,100.0,204128.09200000012,204128.09200000012,20.19927113702624
2026-05-18 23:45:00+02:00,-100.0,100.0,204152.59200000012,204152.59200000012,20.19927113702624
2026-05-19 00:00:00+02:00,-50.0,50.0,204177.09200000012,204177.09200000012,10.268483965014578
2026-05-19 00:15:00+02:00,-50.0,50.0,204189.34200000012,204189.34200000012,10.268483965014578
2026-05-19 00:30:00+02:00,-50.0,50.0,204201.59200000012,204201.59200000012,10.268483965014578
2026-05-19 00:45:00+02:00,-50.0,50.0,204213.84200000012,204213.84200000012,10.268483965014578
2026-05-19 01:00:00+02:00,-50.0,50.0,204226.09200000012,204226.09200000012,10.268483965014578
2026-05-19 01:15:00+02:00,-50.0,50.0,204238.34200000012,204238.34200000012,10.268483965014578
2026-05-19 01:30:00+02:00,-50.0,50.0,204250.59200000012,204250.59200000012,10.268483965014578
2026-05-19 01:45:00+02:00,-50.0,50.0,204262.84200000012,204262.84200000012,10.268483965014578
2026-05-19 02:00:00+02:00,-50.0,50.0,204275.09200000012,204275.09200000012,10.268483965014578
2026-05-19 02:15:00+02:00,-100.0,100.0,204287.34200000012,204287.34200000012,26.973218658892133
2026-05-19 02:30:00+02:00,-100.0,100.0,204311.84200000012,204311.84200000012,26.973218658892133
2026-05-19 02:45:00+02:00,-100.0,100.0,204336.34200000012,204336.34200000012,26.973218658892133
2026-05-19 03:00:00+02:00,-100.0,100.0,204360.84200000012,204360.84200000012,26.973218658892133
2026-05-19 03:15:00+02:00,-100.0,100.0,204385.34200000012,204385.34200000012,26.973218658892133
2026-05-19 03:30:00+02:00,-50.0,50.0,204409.84200000012,204409.84200000012,10.268483965014578
2026-05-19 03:45:00+02:00,-50.0,50.0,204422.09200000012,204422.09200000012,10.268483965014578
2026-05-19 04:00:00+02:00,-100.0,100.0,204434.34200000012,204434.34200000012,269.7697084548105
2026-05-19 04:15:00+02:00,-50.0,50.0,204458.84200000012,204458.84200000012,10.268483965014578
2026-05-19 04:30:00+02:00,-50.0,50.0,204471.09200000012,204471.09200000012,10.268483965014578
2026-05-19 04:45:00+02:00,-50.0,50.0,204483.34200000012,204483.34200000012,10.268483965014578
2026-05-19 05:00:00+02:00,-50.0,50.0,204495.59200000012,204495.59200000012,10.268483965014578
2026-05-19 05:15:00+02:00,-50.0,50.0,204507.8420000001,204507.8420000001,10.268483965014578
2026-05-19 05:30:00+02:00,-50.0,50.0,204520.0920000001,204520.0920000001,10.268483965014578
2026-05-19 05:45:00+02:00,-50.0,50.0,204532.3420000001,204532.3420000001,10.268483965014578
2026-05-19 06:00:00+02:00,-100.0,100.0,204544.5920000001,204544.5920000001,20.72353498542274
2026-05-19 06:15:00+02:00,-100.0,100.0,204553.0596000001,204569.0920000001,20.72353498542274
2026-05-19 06:30:00+02:00,-100.0,100.0,204577.5596000001,204577.5596000001,20.72353498542274
2026-05-19 06:45:00+02:00,-100.0,100.0,204602.0596000001,204602.0596000001,20.72353498542274
2026-05-19 07:00:00+02:00,-100.0,100.0,204626.5596000001,204626.5596000001,20.72353498542274
2026-05-19 07:15:00+02:00,-100.0,100.0,204651.0596000001,204651.0596000001,23.214153061224483
2026-05-19 07:30:00+02:00,-100.0,100.0,204675.5596000001,204675.5596000001,23.214153061224483
2026-05-19 07:45:00+02:00,-150.0,150.0,204700.0596000001,204700.0596000001,38.097826530612224
2026-05-19 08:00:00+02:00,-100.0,100.0,204736.8096000001,204736.8096000001,27.64277551020406
2026-05-19 08:15:00+02:00,-100.0,100.0,204761.3096000001,204761.3096000001,27.64277551020406
2026-05-19 08:30:00+02:00,-100.0,100.0,204785.8096000001,204785.8096000001,23.17791666666665
2026-05-19 08:45:00+02:00,-50.0,50.0,204785.30449795927,204810.3096000001,8.294243197278911
2026-05-19 09:00:00+02:00,-100.0,100.0,204797.55449795927,204797.55449795927,28.139141156462564
2026-05-19 09:15:00+02:00,-100.0,100.0,204797.04939591847,204822.05449795927,28.139141156462564
2026-05-19 09:30:00+02:00,-100.0,100.0,204821.54939591847,204821.54939591847,28.139141156462564
2026-05-19 09:45:00+02:00,-50.0,50.0,204821.04429387764,204846.04939591847,8.294243197278911
2026-05-19 10:00:00+02:00,-100.0,100.0,204833.29429387764,204833.29429387764,15.588994217687075
2026-05-19 10:15:00+02:00,-100.0,100.0,204807.78408979604,204857.79429387764,15.588994217687075
2026-05-19 10:30:00+02:00,-100.0,100.0,204832.28408979604,204832.28408979604,15.588994217687075
2026-05-19 10:45:00+02:00,-150.0,150.0,204806.77388571438,204856.78408979604,101.0971574829932
2026-05-19 11:00:00+02:00,-100.0,100.0,204843.52388571438,204843.52388571438,15.588994217687075
2026-05-19 11:15:00+02:00,-100.0,100.0,204818.01368163273,204868.02388571438,15.588994217687075
2026-05-19 11:30:00+02:00,-150.0,150.0,204842.51368163273,204842.51368163273,24.710976724975712
2026-05-19 11:45:00+02:00,-150.0,150.0,204806.08027755114,204879.26368163273,24.710976724975712
2026-05-19 12:00:00+02:00,-150.0,150.0,204842.83027755114,204842.83027755114,24.710976724975712
2026-05-19 12:15:00+02:00,-200.0,200.0,204831.77208979602,204879.58027755114,33.74123911564626
2026-05-19 12:30:00+02:00,-200.0,200.0,204856.96968979604,204880.77208979602,33.74123911564626
2026-05-19 12:45:00+02:00,-200.0,200.0,204880.9645877552,204905.96968979604,33.74123911564626
2026-05-19 13:00:00+02:00,-200.0,200.0,204929.9645877552,204929.9645877552,33.74123911564626
2026-05-19 13:15:00+02:00,-150.0,150.0,204953.9594857144,204978.9645877552,24.619256608357624
2026-05-19 13:30:00+02:00,-150.0,150.0,204990.7094857144,204990.7094857144,24.619256608357624
2026-05-19 13:45:00+02:00,-150.0,150.0,205002.45438367358,205027.4594857144,24.619256608357624
2026-05-19 14:00:00+02:00,-100.0,100.0,205039.20438367358,205039.20438367358,15.588994217687075
2026-05-19 14:15:00+02:00,-150.0,150.0,205038.69928163275,205063.70438367358,99.81307585034014
2026-05-19 14:30:00+02:00,-150.0,150.0,205075.44928163275,205075.44928163275,47.54511666666667
2026-05-19 14:45:00+02:00,-150.0,150.0,205087.19417959196,205112.19928163275,47.54511666666667
2026-05-19 15:00:00+02:00,-100.0,100.0,205123.94417959196,205123.94417959196,15.588994217687075
2026-05-19 15:15:00+02:00,-100.0,100.0,205143.4380000001,205148.44417959196,15.588994217687075
2026-05-19 15:30:00+02:00,-100.0,100.0,205167.9380000001,205167.9380000001,15.588994217687075
2026-05-19 15:45:00+02:00,-100.0,100.0,205192.4380000001,205192.4380000001,15.588994217687075
2026-05-19 16:00:00+02:00,-100.0,100.0,205216.93800000014,205216.93800000014,15.588994217687075
2026-05-19 16:15:00+02:00,-100.0,100.0,205241.43800000014,205241.43800000014,15.588994217687075
2026-05-19 16:30:00+02:00,-100.0,100.0,205265.93800000014,205265.93800000014,15.588994217687075
2026-05-19 16:45:00+02:00,-100.0,100.0,205290.43800000014,205290.43800000014,15.588994217687075
2026-05-19 17:00:00+02:00,-150.0,150.0,205314.93800000014,205314.93800000014,43.99443639455782
2026-05-19 17:15:00+02:00,-150.0,150.0,205351.6880000001,205351.6880000001,43.99443639455782
2026-05-19 17:30:00+02:00,-150.0,150.0,205388.4380000001,205388.4380000001,43.99443639455782
2026-05-19 17:45:00+02:00,-100.0,100.0,205425.1880000001,205425.1880000001,15.588994217687075
2026-05-19 18:00:00+02:00,-150.0,150.0,205449.6880000001,205449.6880000001,20.496341156462584
2026-05-19 18:15:00+02:00,-150.0,150.0,205461.43289795928,205486.4380000001,20.496341156462584
2026-05-19 18:30:00+02:00,-150.0,150.0,205498.18289795928,205498.18289795928,20.496341156462584
2026-05-19 18:45:00+02:00,-150.0,150.0,205509.92779591848,205534.93289795928,20.496341156462584
2026-05-19 19:00:00+02:00,-150.0,150.0,205546.67779591848,205546.67779591848,20.496341156462584
2026-05-19 19:15:00+02:00,-150.0,150.0,205558.42269387766,205583.42779591848,20.496341156462584
2026-05-19 19:30:00+02:00,-150.0,150.0,205595.17269387766,205595.17269387766,20.496341156462584
2026-05-19 19:45:00+02:00,-150.0,150.0,205610.2076000001,205631.92269387766,20.496341156462584
2026-05-19 20:00:00+02:00,-150.0,150.0,205646.9576000001,205646.9576000001,20.496341156462584
2026-05-19 20:15:00+02:00,-200.0,200.0,205683.7076000001,205683.7076000001,33.61526072428971
2026-05-19 20:30:00+02:00,-150.0,150.0,205732.7076000001,205732.7076000001,25.3210175270108
2026-05-19 20:45:00+02:00,-200.0,200.0,205769.4576000001,205769.4576000001,55.1175481392557
2026-05-19 21:00:00+02:00,-200.0,200.0,205818.4576000001,205818.4576000001,55.1175481392557
2026-05-19 21:15:00+02:00,-100.0,100.0,205867.4576000001,205867.4576000001,20.41367058823529
2026-05-19 21:30:00+02:00,-100.0,100.0,205891.9576000001,205891.9576000001,20.41367058823529
2026-05-19 21:45:00+02:00,-100.0,100.0,205916.4576000001,205916.4576000001,20.41367058823529
2026-05-19 22:00:00+02:00,-100.0,100.0,205940.9576000001,205940.9576000001,20.41367058823529
2026-05-19 22:15:00+02:00,-100.0,100.0,205965.4576000001,205965.4576000001,20.41367058823529
2026-05-19 22:30:00+02:00,-50.0,50.0,205989.9576000001,205989.9576000001,13.11891956782713
2026-05-19 22:45:00+02:00,-50.0,50.0,206002.2076000001,206002.2076000001,13.11891956782713
2026-05-19 23:00:00+02:00,-100.0,100.0,206014.4576000001,206014.4576000001,29.46177671068427
2026-05-19 23:15:00+02:00,-100.0,100.0,206038.9576000001,206038.9576000001,29.46177671068427
2026-05-19 23:30:00+02:00,-100.0,100.0,206063.4576000001,206063.4576000001,29.46177671068427
2026-05-19 23:45:00+02:00,-100.0,100.0,206087.9576000001,206087.9576000001,29.46177671068427
2026-05-20 00:00:00+02:00,-100.0,100.0,206112.4576000001,206112.4576000001,29.46177671068427
2026-05-20 00:15:00+02:00,-50.0,50.0,206136.9576000001,206136.9576000001,13.11891956782713
2026-05-20 00:30:00+02:00,0.0,0.0,206149.2076000001,206149.2076000001,0.0
2026-05-20 00:45:00+02:00,0.0,0.0,206149.2076000001,206149.2076000001,0.0
2026-05-20 01:00:00+02:00,0.0,0.0,206149.2076000001,206149.2076000001,0.0
2026-05-20 01:15:00+02:00,0.0,0.0,206149.2076000001,206149.2076000001,0.0
2026-05-20 01:30:00+02:00,0.0,0.0,206149.2076000001,206149.2076000001,0.0
2026-05-20 01:45:00+02:00,0.0,0.0,206149.2076000001,206149.2076000001,0.0
2026-05-20 02:00:00+02:00,0.0,0.0,206149.2076000001,206149.2076000001,0.0
2026-05-20 02:15:00+02:00,0.0,0.0,206149.2076000001,206149.2076000001,0.0
2026-05-20 02:30:00+02:00,0.0,0.0,206149.2076000001,206149.2076000001,0.0
2026-05-20 02:45:00+02:00,0.0,0.0,206149.2076000001,206149.2076000001,0.0
2026-05-20 03:00:00+02:00,0.0,0.0,206149.2076000001,206149.2076000001,0.0
2026-05-20 03:15:00+02:00,0.0,0.0,206149.2076000001,206149.2076000001,0.0
2026-05-20 03:30:00+02:00,0.0,0.0,206149.2076000001,206149.2076000001,0.0
2026-05-20 03:45:00+02:00,-50.0,50.0,206149.2076000001,206149.2076000001,116.42340136054423
2026-05-20 04:00:00+02:00,-50.0,50.0,206161.4576000001,206161.4576000001,116.42340136054423
2026-05-20 04:15:00+02:00,-50.0,50.0,206173.7076000001,206173.7076000001,116.42340136054423
2026-05-20 04:30:00+02:00,0.0,0.0,206185.9576000001,206185.9576000001,0.0
2026-05-20 04:45:00+02:00,0.0,0.0,206185.9576000001,206185.9576000001,0.0
2026-05-20 05:00:00+02:00,0.0,0.0,206185.9576000001,206185.9576000001,0.0
2026-05-20 05:15:00+02:00,0.0,0.0,206185.9576000001,206185.9576000001,0.0
2026-05-20 05:30:00+02:00,0.0,0.0,206185.9576000001,206185.9576000001,0.0
2026-05-20 05:45:00+02:00,0.0,0.0,206185.9576000001,206185.9576000001,0.0
2026-05-20 06:00:00+02:00,0.0,0.0,206185.9576000001,206185.9576000001,0.0
2026-05-20 06:15:00+02:00,-50.0,50.0,206185.9576000001,206185.9576000001,8.358204081632651
2026-05-20 06:30:00+02:00,-50.0,50.0,206173.20249795928,206198.2076000001,8.358204081632651
2026-05-20 06:45:00+02:00,-50.0,50.0,206185.45249795928,206185.45249795928,8.358204081632651
2026-05-20 07:00:00+02:00,-50.0,50.0,206182.1180000001,206197.70249795928,8.358204081632651
2026-05-20 07:15:00+02:00,-50.0,50.0,206194.3680000001,206194.3680000001,8.358204081632651
2026-05-20 07:30:00+02:00,-50.0,50.0,206206.6180000001,206206.6180000001,8.358204081632651
2026-05-20 07:45:00+02:00,-50.0,50.0,206218.8680000001,206218.8680000001,8.358204081632651
2026-05-20 08:00:00+02:00,-50.0,50.0,206231.1180000001,206231.1180000001,8.358204081632651
2026-05-20 08:15:00+02:00,-50.0,50.0,206243.3680000001,206243.3680000001,8.358204081632651
2026-05-20 08:30:00+02:00,-50.0,50.0,206255.6180000001,206255.6180000001,8.358204081632651
2026-05-20 08:45:00+02:00,0.0,0.0,206267.8680000001,206267.8680000001,0.0
2026-05-20 09:00:00+02:00,0.0,0.0,206267.8680000001,206267.8680000001,0.0
2026-05-20 09:15:00+02:00,-100.0,100.0,206267.8680000001,206267.8680000001,26.15505668934242
2026-05-20 09:30:00+02:00,-100.0,100.0,206267.3628979593,206292.3680000001,26.15505668934242
2026-05-20 09:45:00+02:00,-100.0,100.0,206291.8628979593,206291.8628979593,26.15505668934242
2026-05-20 10:00:00+02:00,-50.0,50.0,206291.35779591848,206316.36289795928,4.8704308390022675
2026-05-20 10:15:00+02:00,-50.0,50.0,206303.60779591848,206303.60779591848,4.8704308390022675
2026-05-20 10:30:00+02:00,-100.0,100.0,206290.85269387765,206315.85779591848,80.5728798185941
2026-05-20 10:45:00+02:00,-50.0,50.0,206315.35269387765,206315.35269387765,4.8704308390022675
2026-05-20 11:00:00+02:00,-50.0,50.0,206302.59759183685,206327.60269387765,4.8704308390022675
2026-05-20 11:15:00+02:00,-50.0,50.0,206314.84759183685,206314.84759183685,4.8704308390022675
2026-05-20 11:30:00+02:00,-50.0,50.0,206302.09248979602,206327.09759183685,4.8704308390022675
2026-05-20 11:45:00+02:00,-100.0,100.0,206314.34248979602,206314.34248979602,17.022512471655332
2026-05-20 12:00:00+02:00,-150.0,150.0,206312.13258775522,206338.84248979602,80.87639002267579
2026-05-20 12:15:00+02:00,-100.0,100.0,206348.88258775522,206348.88258775522,17.022512471655332
2026-05-20 12:30:00+02:00,-150.0,150.0,206348.3774857144,206373.3825877552,86.20241043083901
2026-05-20 12:45:00+02:00,-150.0,150.0,206385.1274857144,206385.1274857144,86.20241043083901
2026-05-20 13:00:00+02:00,-100.0,100.0,206396.8723836736,206421.8774857144,74.05032879818594
2026-05-20 13:15:00+02:00,-100.0,100.0,206421.3723836736,206421.3723836736,74.05032879818594
2026-05-20 13:30:00+02:00,-50.0,50.0,206420.86728163276,206445.8723836736,4.8704308390022675
2026-05-20 13:45:00+02:00,-100.0,100.0,206433.11728163276,206433.11728163276,29.306893424036286
2026-05-20 14:00:00+02:00,-150.0,150.0,206432.61217959193,206457.61728163273,66.82542403628119
2026-05-20 14:15:00+02:00,-150.0,150.0,206469.36217959193,206469.36217959193,66.82542403628119
2026-05-20 14:30:00+02:00,-150.0,150.0,206481.1070775511,206506.11217959193,66.82542403628119
2026-05-20 14:45:00+02:00,-150.0,150.0,206517.8570775511,206517.8570775511,66.82542403628119
2026-05-20 15:00:00+02:00,-150.0,150.0,206529.6019755103,206554.6070775511,66.82542403628119
2026-05-20 15:15:00+02:00,-100.0,100.0,206566.3519755103,206566.3519755103,29.306893424036286
2026-05-20 15:30:00+02:00,-100.0,100.0,206565.84687346948,206590.8519755103,29.306893424036286
2026-05-20 15:45:00+02:00,-100.0,100.0,206590.34687346948,206590.34687346948,29.306893424036286
2026-05-20 16:00:00+02:00,-50.0,50.0,206589.84177142865,206614.84687346948,4.8704308390022675
2026-05-20 16:15:00+02:00,-100.0,100.0,206602.09177142865,206602.09177142865,33.12022675736961
2026-05-20 16:30:00+02:00,-100.0,100.0,206601.58666938785,206626.59177142865,33.12022675736961
2026-05-20 16:45:00+02:00,-100.0,100.0,206626.08666938785,206626.08666938785,33.12022675736961
2026-05-20 17:00:00+02:00,-50.0,50.0,206625.58156734702,206650.58666938785,4.8704308390022675
2026-05-20 17:15:00+02:00,-50.0,50.0,206637.83156734702,206637.83156734702,4.8704308390022675
2026-05-20 17:30:00+02:00,-50.0,50.0,206646.4064000001,206650.08156734702,4.8704308390022675
2026-05-20 17:45:00+02:00,-50.0,50.0,206658.6564000001,206658.6564000001,4.8704308390022675
2026-05-20 18:00:00+02:00,-50.0,50.0,206670.9064000001,206670.9064000001,4.8704308390022675
2026-05-20 18:15:00+02:00,-50.0,50.0,206683.1564000001,206683.1564000001,4.8704308390022675
2026-05-20 18:30:00+02:00,-50.0,50.0,206695.4064000001,206695.4064000001,4.8704308390022675
2026-05-20 18:45:00+02:00,-100.0,100.0,206707.6564000001,206707.6564000001,36.76818594104307
2026-05-20 19:00:00+02:00,-100.0,100.0,206732.1564000001,206732.1564000001,36.76818594104307
2026-05-20 19:15:00+02:00,-50.0,50.0,206756.6564000001,206756.6564000001,4.8704308390022675
2026-05-20 19:30:00+02:00,-100.0,100.0,206768.9064000001,206768.9064000001,47.245124716553285
2026-05-20 19:45:00+02:00,-100.0,100.0,206793.4064000001,206793.4064000001,47.245124716553285
2026-05-20 20:00:00+02:00,-50.0,50.0,206817.9064000001,206817.9064000001,4.8704308390022675
2026-05-20 20:15:00+02:00,-50.0,50.0,206830.1564000001,206830.1564000001,4.8704308390022675
2026-05-20 20:30:00+02:00,-50.0,50.0,206842.4064000001,206842.4064000001,4.8704308390022675
2026-05-20 20:45:00+02:00,-150.0,150.0,206854.6564000001,206854.6564000001,63.82145124716553
2026-05-20 21:00:00+02:00,-150.0,150.0,206891.4064000001,206891.4064000001,63.82145124716553
2026-05-20 21:15:00+02:00,-100.0,100.0,206928.1564000001,206928.1564000001,26.84573696145124
2026-05-20 21:30:00+02:00,-100.0,100.0,206952.6564000001,206952.6564000001,26.84573696145124
2026-05-20 21:45:00+02:00,-50.0,50.0,206977.1564000001,206977.1564000001,4.8704308390022675
2026-05-20 22:00:00+02:00,-50.0,50.0,206989.4064000001,206989.4064000001,4.8704308390022675
2026-05-20 22:15:00+02:00,-50.0,50.0,207001.6564000001,207001.6564000001,4.8704308390022675
2026-05-20 22:30:00+02:00,-50.0,50.0,207013.9064000001,207013.9064000001,4.8704308390022675
2026-05-20 22:45:00+02:00,0.0,0.0,207026.1564000001,207026.1564000001,0.0
2026-05-20 23:00:00+02:00,0.0,0.0,207026.1564000001,207026.1564000001,0.0
2026-05-20 23:15:00+02:00,0.0,0.0,207026.1564000001,207026.1564000001,0.0
2026-05-20 23:30:00+02:00,0.0,0.0,207026.1564000001,207026.1564000001,0.0
2026-05-20 23:45:00+02:00,-50.0,50.0,207026.1564000001,207026.1564000001,17.617210884353742
2026-05-21 00:00:00+02:00,-50.0,50.0,207038.4064000001,207038.4064000001,17.617210884353742
2026-05-21 00:15:00+02:00,-50.0,50.0,207050.6564000001,207050.6564000001,17.617210884353742
2026-05-21 00:30:00+02:00,-50.0,50.0,207062.9064000001,207062.9064000001,17.617210884353742
2026-05-21 00:45:00+02:00,-50.0,50.0,207075.1564000001,207075.1564000001,17.617210884353742
2026-05-21 01:00:00+02:00,-50.0,50.0,207087.4064000001,207087.4064000001,17.617210884353742
2026-05-21 01:15:00+02:00,0.0,0.0,207099.6564000001,207099.6564000001,0.0
2026-05-21 01:30:00+02:00,0.0,0.0,207099.6564000001,207099.6564000001,0.0
2026-05-21 01:45:00+02:00,0.0,0.0,207099.6564000001,207099.6564000001,0.0
2026-05-21 02:00:00+02:00,0.0,0.0,207099.6564000001,207099.6564000001,0.0
2026-05-21 02:15:00+02:00,-50.0,50.0,207099.6564000001,207099.6564000001,42.627619047619056
2026-05-21 02:30:00+02:00,-50.0,50.0,207111.9064000001,207111.9064000001,42.627619047619056
2026-05-21 02:45:00+02:00,-50.0,50.0,207124.1564000001,207124.1564000001,42.627619047619056
2026-05-21 03:00:00+02:00,-50.0,50.0,207136.4064000001,207136.4064000001,42.627619047619056
2026-05-21 03:15:00+02:00,-50.0,50.0,207148.6564000001,207148.6564000001,42.627619047619056
2026-05-21 03:30:00+02:00,-50.0,50.0,207160.9064000001,207160.9064000001,42.627619047619056
2026-05-21 03:45:00+02:00,0.0,0.0,207173.1564000001,207173.1564000001,0.0
2026-05-21 04:00:00+02:00,-50.0,50.0,207173.1564000001,207173.1564000001,134.9161224489796
2026-05-21 04:15:00+02:00,-100.0,100.0,207185.4064000001,207185.4064000001,137.18697704081632
2026-05-21 04:30:00+02:00,-50.0,50.0,207184.90129795927,207209.9064000001,2.2708545918367364
2026-05-21 04:45:00+02:00,-50.0,50.0,207197.15129795927,207197.15129795927,2.2708545918367364
2026-05-21 05:00:00+02:00,-50.0,50.0,207184.39619591847,207209.40129795927,2.2708545918367364
2026-05-21 05:15:00+02:00,-50.0,50.0,207196.64619591847,207196.64619591847,2.2708545918367364
2026-05-21 05:30:00+02:00,-50.0,50.0,207183.89109387764,207208.89619591847,2.2708545918367364
2026-05-21 05:45:00+02:00,-50.0,50.0,207196.14109387764,207196.14109387764,2.2708545918367364
2026-05-21 06:00:00+02:00,-50.0,50.0,207183.38599183684,207208.39109387764,2.2708545918367364
2026-05-21 06:15:00+02:00,-100.0,100.0,207195.63599183684,207195.63599183684,19.30244642857144
2026-05-21 06:30:00+02:00,-100.0,100.0,207195.130889796,207220.13599183684,19.30244642857144
2026-05-21 06:45:00+02:00,-100.0,100.0,207219.630889796,207219.630889796,19.30244642857144
2026-05-21 07:00:00+02:00,-100.0,100.0,207219.12578775518,207244.130889796,19.30244642857144
2026-05-21 07:15:00+02:00,-100.0,100.0,207243.62578775518,207243.62578775518,19.30244642857144
2026-05-21 07:30:00+02:00,-50.0,50.0,207243.12068571438,207268.12578775518,2.2708545918367364
2026-05-21 07:45:00+02:00,-50.0,50.0,207255.37068571438,207255.37068571438,2.2708545918367364
2026-05-21 08:00:00+02:00,-50.0,50.0,207242.61558367356,207267.62068571438,2.2708545918367364
2026-05-21 08:15:00+02:00,-100.0,100.0,207254.86558367356,207254.86558367356,9.798080593348454
2026-05-21 08:30:00+02:00,-200.0,200.0,207229.35537959193,207279.36558367356,130.60389691987908
2026-05-21 08:45:00+02:00,-150.0,150.0,207278.35537959193,207278.35537959193,66.6916520219199
2026-05-21 09:00:00+02:00,-150.0,150.0,207265.0951755103,207315.10537959193,66.6916520219199
2026-05-21 09:15:00+02:00,-150.0,150.0,207301.8451755103,207301.8451755103,66.6916520219199
2026-05-21 09:30:00+02:00,-150.0,150.0,207288.58497142865,207338.5951755103,52.902366307634196
2026-05-21 09:45:00+02:00,-200.0,200.0,207325.33497142865,207325.33497142865,62.18861120559338
2026-05-21 10:00:00+02:00,-150.0,150.0,207299.31966530622,207374.33497142865,19.084325491307638
2026-05-21 10:15:00+02:00,-150.0,150.0,207336.06966530622,207336.06966530622,19.084325491307638
2026-05-21 10:30:00+02:00,-200.0,200.0,207320.60008979603,207372.81966530622,23.594419028722605
2026-05-21 10:45:00+02:00,-200.0,200.0,207344.59498775523,207369.60008979603,23.594419028722605
2026-05-21 11:00:00+02:00,-200.0,200.0,207368.5898857144,207393.59498775523,23.594419028722605
2026-05-21 11:15:00+02:00,-200.0,200.0,207392.58478367358,207417.5898857144,23.594419028722605
2026-05-21 11:30:00+02:00,-200.0,200.0,207416.57968163278,207441.58478367358,23.594419028722605
2026-05-21 11:45:00+02:00,-200.0,200.0,207440.57457959195,207465.57968163278,23.594419028722605
2026-05-21 12:00:00+02:00,-250.0,250.0,207464.56947755112,207489.57457959195,40.08319453892669
2026-05-21 12:15:00+02:00,-150.0,150.0,207500.81437551032,207525.81947755112,28.526095049130767
2026-05-21 12:30:00+02:00,-150.0,150.0,207512.55927346952,207537.56437551032,28.526095049130767
2026-05-21 12:45:00+02:00,-150.0,150.0,207524.3041714287,207549.30927346952,28.526095049130767
2026-05-21 13:00:00+02:00,-150.0,150.0,207536.04906938787,207561.0541714287,28.526095049130767
2026-05-21 13:15:00+02:00,-150.0,150.0,207547.79396734707,207572.79906938787,28.526095049130767
2026-05-21 13:30:00+02:00,-100.0,100.0,207571.43578775524,207584.54396734707,12.037319538926683
2026-05-21 13:45:00+02:00,-150.0,150.0,207570.9306857144,207595.93578775524,26.935584845049135
2026-05-21 14:00:00+02:00,-150.0,150.0,207607.6806857144,207607.6806857144,26.935584845049135
2026-05-21 14:15:00+02:00,-150.0,150.0,207619.4255836736,207644.4306857144,26.935584845049135
2026-05-21 14:30:00+02:00,-150.0,150.0,207656.1755836736,207656.1755836736,26.935584845049135
2026-05-21 14:45:00+02:00,-100.0,100.0,207667.92048163278,207692.9255836736,12.037319538926683
2026-05-21 15:00:00+02:00,-100.0,100.0,207692.42048163278,207692.42048163278,12.037319538926683
2026-05-21 15:15:00+02:00,-100.0,100.0,207691.91537959196,207716.92048163278,12.037319538926683
2026-05-21 15:30:00+02:00,-150.0,150.0,207716.41537959196,207716.41537959196,167.9754147770219
2026-05-21 15:45:00+02:00,-150.0,150.0,207728.16027755116,207753.16537959196,167.9754147770219
2026-05-21 16:00:00+02:00,-150.0,150.0,207764.91027755116,207764.91027755116,167.9754147770219
2026-05-21 16:15:00+02:00,-100.0,100.0,207776.65517551033,207801.66027755116,12.037319538926683
2026-05-21 16:30:00+02:00,-100.0,100.0,207801.15517551033,207801.15517551033,12.037319538926683
2026-05-21 16:45:00+02:00,-100.0,100.0,207800.65007346953,207825.65517551033,12.037319538926683
2026-05-21 17:00:00+02:00,-100.0,100.0,207825.15007346953,207825.15007346953,12.037319538926683
2026-05-21 17:15:00+02:00,-100.0,100.0,207824.6449714287,207849.65007346953,12.037319538926683
2026-05-21 17:30:00+02:00,-100.0,100.0,207849.1449714287,207849.1449714287,12.037319538926683
2026-05-21 17:45:00+02:00,-100.0,100.0,207848.63986938787,207873.6449714287,12.037319538926683
2026-05-21 18:00:00+02:00,-100.0,100.0,207873.13986938787,207873.13986938787,12.037319538926683
2026-05-21 18:15:00+02:00,-100.0,100.0,207896.87120000014,207897.63986938787,12.037319538926683
2026-05-21 18:30:00+02:00,-150.0,150.0,207921.37120000014,207921.37120000014,17.757319538926684
2026-05-21 18:45:00+02:00,-150.0,150.0,207933.1160979593,207958.12120000014,17.757319538926684
2026-05-21 19:00:00+02:00,-150.0,150.0,207969.8660979593,207969.8660979593,17.757319538926684
2026-05-21 19:15:00+02:00,-200.0,200.0,207981.6109959185,208006.6160979593,48.48043178382464
2026-05-21 19:30:00+02:00,-200.0,200.0,208030.6109959185,208030.6109959185,48.48043178382464
2026-05-21 19:45:00+02:00,-200.0,200.0,208054.60589387768,208079.6109959185,48.48043178382464
2026-05-21 20:00:00+02:00,-200.0,200.0,208103.60589387768,208103.60589387768,48.48043178382464
2026-05-21 20:15:00+02:00,-200.0,200.0,208127.95520000014,208152.60589387768,48.48043178382464
2026-05-21 20:30:00+02:00,-200.0,200.0,208176.95520000014,208176.95520000014,48.48043178382464
2026-05-21 20:45:00+02:00,-200.0,200.0,208225.95520000014,208225.95520000014,48.48043178382464
2026-05-21 21:00:00+02:00,-200.0,200.0,208274.95520000014,208274.95520000014,48.48043178382464
2026-05-21 21:15:00+02:00,-250.0,250.0,208323.95520000014,208323.95520000014,53.8692605327155
2026-05-21 21:30:00+02:00,-250.0,250.0,208360.2000979593,208385.2052000001,53.8692605327155
2026-05-21 21:45:00+02:00,-200.0,200.0,208421.4500979593,208421.4500979593,46.34203453120379
2026-05-21 22:00:00+02:00,-200.0,200.0,208445.4449959185,208470.4500979593,46.34203453120379
2026-05-21 22:15:00+02:00,-150.0,150.0,208494.4449959185,208494.4449959185,40.62203453120379
2026-05-21 22:30:00+02:00,-100.0,100.0,208506.18989387766,208531.1949959185,36.11194099378882
2026-05-21 22:45:00+02:00,-100.0,100.0,208530.68989387766,208530.68989387766,36.11194099378882
2026-05-21 23:00:00+02:00,-100.0,100.0,208530.18479183683,208555.18989387766,36.11194099378882
2026-05-21 23:15:00+02:00,-50.0,50.0,208554.68479183683,208554.68479183683,5.38882874889086
2026-05-21 23:30:00+02:00,-50.0,50.0,208541.92968979603,208566.93479183683,5.38882874889086
2026-05-21 23:45:00+02:00,-50.0,50.0,208554.17968979603,208554.17968979603,5.38882874889086
2026-05-22 00:00:00+02:00,-50.0,50.0,208541.42458775523,208566.42968979603,5.38882874889086
2026-05-22 00:15:00+02:00,-50.0,50.0,208553.67458775523,208553.67458775523,5.38882874889086
2026-05-22 00:30:00+02:00,-50.0,50.0,208540.9194857144,208565.92458775523,5.38882874889086
2026-05-22 00:45:00+02:00,-50.0,50.0,208553.1694857144,208553.1694857144,5.38882874889086
2026-05-22 01:00:00+02:00,-50.0,50.0,208540.41438367357,208565.4194857144,5.38882874889086
2026-05-22 01:15:00+02:00,-50.0,50.0,208552.66438367357,208552.66438367357,5.38882874889086
2026-05-22 01:30:00+02:00,-100.0,100.0,208539.90928163275,208564.91438367357,373.74515527950314
2026-05-22 01:45:00+02:00,-50.0,50.0,208564.40928163275,208564.40928163275,5.38882874889086
2026-05-22 02:00:00+02:00,-50.0,50.0,208551.65417959195,208576.65928163275,5.38882874889086
2026-05-22 02:15:00+02:00,-50.0,50.0,208563.90417959195,208563.90417959195,5.38882874889086
2026-05-22 02:30:00+02:00,-50.0,50.0,208551.14907755115,208576.15417959195,5.38882874889086
2026-05-22 02:45:00+02:00,-50.0,50.0,208563.39907755115,208563.39907755115,5.38882874889086
2026-05-22 03:00:00+02:00,-50.0,50.0,208550.64397551032,208575.64907755115,5.38882874889086
2026-05-22 03:15:00+02:00,-50.0,50.0,208562.89397551032,208562.89397551032,5.38882874889086
2026-05-22 03:30:00+02:00,-50.0,50.0,208554.63360000012,208575.14397551032,5.38882874889086
2026-05-22 03:45:00+02:00,-50.0,50.0,208566.88360000012,208566.88360000012,5.38882874889086
2026-05-22 04:00:00+02:00,-100.0,100.0,208579.13360000012,208579.13360000012,89.94365868086366
2026-05-22 04:15:00+02:00,-100.0,100.0,208603.63360000012,208603.63360000012,89.94365868086366
2026-05-22 04:30:00+02:00,-100.0,100.0,208628.13360000012,208628.13360000012,89.94365868086366
2026-05-22 04:45:00+02:00,-50.0,50.0,208652.63360000012,208652.63360000012,5.38882874889086
2026-05-22 05:00:00+02:00,-50.0,50.0,208664.88360000012,208664.88360000012,5.38882874889086
2026-05-22 05:15:00+02:00,-50.0,50.0,208677.13360000012,208677.13360000012,5.38882874889086
2026-05-22 05:30:00+02:00,-100.0,100.0,208689.38360000012,208689.38360000012,11.281194820319431
2026-05-22 05:45:00+02:00,-100.0,100.0,208688.8784979593,208713.88360000012,11.281194820319431
2026-05-22 06:00:00+02:00,-100.0,100.0,208713.3784979593,208713.3784979593,11.281194820319431
2026-05-22 06:15:00+02:00,-100.0,100.0,208712.8733959185,208737.8784979593,11.281194820319431
2026-05-22 06:30:00+02:00,-100.0,100.0,208737.3733959185,208737.3733959185,11.281194820319431
2026-05-22 06:45:00+02:00,-100.0,100.0,208736.86829387766,208761.8733959185,11.281194820319431
2026-05-22 07:00:00+02:00,-100.0,100.0,208761.36829387766,208761.36829387766,11.281194820319431
2026-05-22 07:15:00+02:00,-100.0,100.0,208760.86319183686,208785.86829387766,11.281194820319431
2026-05-22 07:30:00+02:00,-100.0,100.0,208785.36319183686,208785.36319183686,11.281194820319431
2026-05-22 07:45:00+02:00,-100.0,100.0,208784.85808979603,208809.86319183686,11.281194820319431
2026-05-22 08:00:00+02:00,-150.0,150.0,208809.35808979603,208809.35808979603,16.318745840727594
2026-05-22 08:15:00+02:00,-150.0,150.0,208796.0978857144,208846.10808979603,16.318745840727594
2026-05-22 08:30:00+02:00,-150.0,150.0,208832.8478857144,208832.8478857144,16.318745840727594
2026-05-22 08:45:00+02:00,-100.0,100.0,208819.58768163278,208869.5978857144,10.929917091836735
2026-05-22 09:00:00+02:00,-150.0,150.0,208844.08768163278,208844.08768163278,17.321141581632656
2026-05-22 09:15:00+02:00,-150.0,150.0,208805.82237551032,208880.83768163278,17.321141581632656
2026-05-22 09:30:00+02:00,-200.0,200.0,208842.57237551032,208842.57237551032,17.971554763298766
2026-05-22 09:45:00+02:00,-250.0,250.0,208791.5519673471,208891.57237551032,38.98379966125795
2026-05-22 10:00:00+02:00,-250.0,250.0,208852.8019673471,208852.8019673471,38.98379966125795
2026-05-22 10:15:00+02:00,-250.0,250.0,208829.18086530623,208914.0519673471,38.98379966125795
2026-05-22 10:30:00+02:00,-200.0,200.0,208890.43086530623,208890.43086530623,17.971554763298766
2026-05-22 10:45:00+02:00,-200.0,200.0,208864.41555918378,208939.43086530623,17.971554763298766
2026-05-22 11:00:00+02:00,-200.0,200.0,208913.41555918378,208913.41555918378,17.971554763298766
2026-05-22 11:15:00+02:00,-200.0,200.0,208887.40025306135,208962.41555918378,17.971554763298766
2026-05-22 11:30:00+02:00,-150.0,150.0,208936.40025306135,208936.40025306135,11.580330273502845
2026-05-22 11:45:00+02:00,-150.0,150.0,208908.0325632654,208973.15025306135,11.580330273502845
2026-05-22 12:00:00+02:00,-150.0,150.0,208944.7825632654,208944.7825632654,11.580330273502845
2026-05-22 12:15:00+02:00,-150.0,150.0,208931.52235918381,208981.5325632654,11.580330273502845
2026-05-22 12:30:00+02:00,-200.0,200.0,208968.27235918381,208968.27235918381,23.904178670004306
2026-05-22 12:45:00+02:00,-200.0,200.0,208966.05375510216,209017.27235918381,23.904178670004306
2026-05-22 13:00:00+02:00,-200.0,200.0,209015.05375510218,209015.05375510218,23.904178670004306
2026-05-22 13:15:00+02:00,-200.0,200.0,209014.04355102056,209064.05375510218,23.904178670004306
2026-05-22 13:30:00+02:00,-200.0,200.0,209063.04355102056,209063.04355102056,23.904178670004306
2026-05-22 13:45:00+02:00,-200.0,200.0,209072.68928163277,209112.04355102056,23.904178670004306
2026-05-22 14:00:00+02:00,-250.0,250.0,209121.68928163277,209121.68928163277,66.39560724143286
2026-05-22 14:15:00+02:00,-200.0,200.0,209157.93417959195,209182.93928163277,54.0717588449314
2026-05-22 14:30:00+02:00,-100.0,100.0,209206.93417959195,209206.93417959195,6.542779253094681
2026-05-22 14:45:00+02:00,-100.0,100.0,209206.42907755115,209231.43417959195,6.542779253094681
2026-05-22 15:00:00+02:00,-100.0,100.0,209230.92907755115,209230.92907755115,6.542779253094681
2026-05-22 15:15:00+02:00,-100.0,100.0,209230.42397551035,209255.42907755115,6.542779253094681
2026-05-22 15:30:00+02:00,-100.0,100.0,209254.92397551035,209254.92397551035,6.542779253094681
2026-05-22 15:45:00+02:00,-100.0,100.0,209254.41887346952,209279.42397551035,6.542779253094681
2026-05-22 16:00:00+02:00,-100.0,100.0,209278.91887346952,209278.91887346952,6.542779253094681
2026-05-22 16:15:00+02:00,-100.0,100.0,209278.4137714287,209303.41887346952,6.542779253094681
2026-05-22 16:30:00+02:00,-100.0,100.0,209302.9137714287,209302.9137714287,6.542779253094681
2026-05-22 16:45:00+02:00,-100.0,100.0,209302.40866938786,209327.4137714287,6.542779253094681
2026-05-22 17:00:00+02:00,-150.0,150.0,209326.90866938786,209326.90866938786,27.827405103434835
2026-05-22 17:15:00+02:00,-150.0,150.0,209338.65356734706,209363.65866938786,27.827405103434835
2026-05-22 17:30:00+02:00,-200.0,200.0,209375.40356734706,209375.40356734706,49.09257517146203
2026-05-22 17:45:00+02:00,-150.0,150.0,209399.39846530627,209424.40356734706,27.807949321121882
2026-05-22 18:00:00+02:00,-150.0,150.0,209436.14846530627,209436.14846530627,27.807949321121882
2026-05-22 18:15:00+02:00,-150.0,150.0,209447.89336326544,209472.89846530627,27.326860885747745
2026-05-22 18:30:00+02:00,-150.0,150.0,209484.64336326544,209484.64336326544,27.326860885747745
2026-05-22 18:45:00+02:00,-150.0,150.0,209496.3882612246,209521.39336326544,27.326860885747745
2026-05-22 19:00:00+02:00,-150.0,150.0,209533.1382612246,209533.1382612246,27.326860885747745
2026-05-22 19:15:00+02:00,-150.0,150.0,209544.88315918378,209569.8882612246,27.326860885747745
2026-05-22 19:30:00+02:00,-150.0,150.0,209581.63315918378,209581.63315918378,27.326860885747745
2026-05-22 19:45:00+02:00,-150.0,150.0,209593.37805714298,209618.38315918378,27.326860885747745
2026-05-22 20:00:00+02:00,-150.0,150.0,209630.12805714298,209630.12805714298,27.326860885747745
2026-05-22 20:15:00+02:00,-150.0,150.0,209641.87295510218,209666.87805714298,27.326860885747745
2026-05-22 20:30:00+02:00,-150.0,150.0,209678.62295510215,209678.62295510215,27.326860885747745
2026-05-22 20:45:00+02:00,-150.0,150.0,209690.36785306135,209715.37295510215,27.326860885747745
2026-05-22 21:00:00+02:00,-100.0,100.0,209727.11785306135,209727.11785306135,6.542779253094681
2026-05-22 21:15:00+02:00,-100.0,100.0,209726.61275102053,209751.61785306135,6.542779253094681
2026-05-22 21:30:00+02:00,-100.0,100.0,209751.11275102053,209751.11275102053,79.32959685513553
2026-05-22 21:45:00+02:00,-100.0,100.0,209750.6076489797,209775.61275102053,29.133678487788554
2026-05-22 22:00:00+02:00,-100.0,100.0,209775.1076489797,209775.1076489797,29.133678487788554
2026-05-22 22:15:00+02:00,-100.0,100.0,209774.6025469389,209799.6076489797,29.133678487788554
2026-05-22 22:30:00+02:00,-100.0,100.0,209799.1025469389,209799.1025469389,29.133678487788554
2026-05-22 22:45:00+02:00,-100.0,100.0,209798.59744489807,209823.6025469389,29.133678487788554
2026-05-22 23:00:00+02:00,-100.0,100.0,209823.09744489807,209823.09744489807,29.133678487788554
2026-05-22 23:15:00+02:00,-100.0,100.0,209822.59234285727,209847.59744489807,88.25980093676819
2026-05-22 23:30:00+02:00,-50.0,50.0,209847.09234285727,209847.09234285727,0.6504131816661093
2026-05-22 23:45:00+02:00,-50.0,50.0,209834.33724081644,209859.34234285727,0.6504131816661093
2026-05-23 00:00:00+02:00,-50.0,50.0,209846.58724081644,209846.58724081644,0.6504131816661093
2026-05-23 00:15:00+02:00,-50.0,50.0,209833.83213877562,209858.83724081644,0.6504131816661093
2026-05-23 00:30:00+02:00,-50.0,50.0,209846.08213877562,209846.08213877562,0.6504131816661093
2026-05-23 00:45:00+02:00,-50.0,50.0,209833.32703673482,209858.33213877562,0.6504131816661093
2026-05-23 01:00:00+02:00,-50.0,50.0,209845.57703673482,209845.57703673482,0.6504131816661093
2026-05-23 01:15:00+02:00,-50.0,50.0,209832.821934694,209857.82703673482,0.6504131816661093
2026-05-23 01:30:00+02:00,-50.0,50.0,209845.071934694,209845.071934694,0.6504131816661093
2026-05-23 01:45:00+02:00,-50.0,50.0,209832.3168326532,209857.321934694,0.6504131816661093
2026-05-23 02:00:00+02:00,-50.0,50.0,209844.5668326532,209844.5668326532,0.6504131816661093
2026-05-23 02:15:00+02:00,-50.0,50.0,209831.81173061236,209856.8168326532,0.6504131816661093
2026-05-23 02:30:00+02:00,-50.0,50.0,209844.06173061236,209844.06173061236,0.6504131816661093
2026-05-23 02:45:00+02:00,-50.0,50.0,209831.30662857156,209856.31173061236,0.6504131816661093
2026-05-23 03:00:00+02:00,-50.0,50.0,209843.55662857156,209843.55662857156,0.6504131816661093
2026-05-23 03:15:00+02:00,-50.0,50.0,209830.80152653073,209855.80662857156,0.6504131816661093
2026-05-23 03:30:00+02:00,-50.0,50.0,209843.05152653073,209843.05152653073,0.6504131816661093
2026-05-23 03:45:00+02:00,-50.0,50.0,209830.2964244899,209855.30152653073,0.6504131816661093
2026-05-23 04:00:00+02:00,-50.0,50.0,209842.5464244899,209842.5464244899,0.6504131816661093
2026-05-23 04:15:00+02:00,-50.0,50.0,209829.7913224491,209854.7964244899,0.6504131816661093
2026-05-23 04:30:00+02:00,-50.0,50.0,209842.0413224491,209842.0413224491,0.6504131816661093
2026-05-23 04:45:00+02:00,-100.0,100.0,209829.28622040828,209854.2913224491,211.8526580796253
2026-05-23 05:00:00+02:00,-100.0,100.0,209853.78622040828,209853.78622040828,211.8526580796253
2026-05-23 05:15:00+02:00,-50.0,50.0,209853.28111836748,209878.28622040828,0.6504131816661093
2026-05-23 05:30:00+02:00,-50.0,50.0,209865.53111836748,209865.53111836748,0.6504131816661093
2026-05-23 05:45:00+02:00,-50.0,50.0,209852.77601632665,209877.78111836748,0.6504131816661093
2026-05-23 06:00:00+02:00,-50.0,50.0,209865.02601632665,209865.02601632665,0.6504131816661093
2026-05-23 06:15:00+02:00,-100.0,100.0,209852.27091428582,209877.27601632665,32.60653563064571
2026-05-23 06:30:00+02:00,-100.0,100.0,209876.77091428582,209876.77091428582,32.60653563064571
2026-05-23 06:45:00+02:00,-50.0,50.0,209876.26581224502,209901.27091428582,0.6504131816661093
2026-05-23 07:00:00+02:00,-50.0,50.0,209888.51581224502,209888.51581224502,0.6504131816661093
2026-05-23 07:15:00+02:00,-100.0,100.0,209875.7607102042,209900.76581224502,56.76644816708885
2026-05-23 07:30:00+02:00,-100.0,100.0,209900.2607102042,209900.2607102042,56.76644816708885
2026-05-23 07:45:00+02:00,-100.0,100.0,209899.7556081634,209924.7607102042,56.76644816708885
2026-05-23 08:00:00+02:00,-100.0,100.0,209924.2556081634,209924.2556081634,56.76644816708885
2026-05-23 08:15:00+02:00,-100.0,100.0,209923.75050612257,209948.7556081634,56.76644816708885
2026-05-23 08:30:00+02:00,-150.0,150.0,209948.25050612257,209948.25050612257,98.44073388137456
2026-05-23 08:45:00+02:00,-200.0,200.0,209959.99540408174,209985.00050612257,181.78930530994597
2026-05-23 09:00:00+02:00,-150.0,150.0,210008.99540408174,210008.99540408174,47.6631757501081
2026-05-23 09:15:00+02:00,-100.0,100.0,209995.7352000001,210045.74540408174,5.988890035822406
2026-05-23 09:30:00+02:00,-100.0,100.0,210020.2352000001,210020.2352000001,5.988890035822406
2026-05-23 09:45:00+02:00,-100.0,100.0,209994.72499591848,210044.7352000001,5.988890035822406
2026-05-23 10:00:00+02:00,-100.0,100.0,210019.22499591848,210019.22499591848,5.988890035822406
2026-05-23 10:15:00+02:00,-100.0,100.0,209993.71479183686,210043.72499591848,5.988890035822406
2026-05-23 10:30:00+02:00,-100.0,100.0,210018.21479183686,210018.21479183686,5.988890035822406
2026-05-23 10:45:00+02:00,-100.0,100.0,209992.70458775523,210042.71479183686,5.988890035822406
2026-05-23 11:00:00+02:00,-100.0,100.0,210017.20458775523,210017.20458775523,5.988890035822406
2026-05-23 11:15:00+02:00,-100.0,100.0,209991.69438367357,210041.70458775523,5.988890035822406
2026-05-23 11:30:00+02:00,-100.0,100.0,210016.19438367357,210016.19438367357,5.988890035822406
2026-05-23 11:45:00+02:00,-100.0,100.0,209990.68417959195,210040.69438367357,5.988890035822406
2026-05-23 12:00:00+02:00,-100.0,100.0,210015.18417959195,210015.18417959195,5.988890035822406
2026-05-23 12:15:00+02:00,-100.0,100.0,209989.67397551032,210039.68417959195,5.988890035822406
2026-05-23 12:30:00+02:00,-100.0,100.0,210014.17397551032,210014.17397551032,5.988890035822406
2026-05-23 12:45:00+02:00,-100.0,100.0,209988.6637714287,210038.67397551032,5.988890035822406
2026-05-23 13:00:00+02:00,-150.0,150.0,210013.1637714287,210013.1637714287,147.2962369745979
2026-05-23 13:15:00+02:00,-150.0,150.0,209999.90356734706,210049.9137714287,147.2962369745979
2026-05-23 13:30:00+02:00,-100.0,100.0,210036.65356734706,210036.65356734706,5.988890035822406
2026-05-23 13:45:00+02:00,-100.0,100.0,210011.14336326544,210061.15356734706,5.988890035822406
2026-05-23 14:00:00+02:00,-100.0,100.0,210035.64336326544,210035.64336326544,5.988890035822406
2026-05-23 14:15:00+02:00,-100.0,100.0,210010.13315918378,210060.14336326544,5.988890035822406
2026-05-23 14:30:00+02:00,-100.0,100.0,210034.63315918378,210034.63315918378,5.988890035822406
2026-05-23 14:45:00+02:00,-100.0,100.0,210021.43417959195,210059.13315918378,5.988890035822406
2026-05-23 15:00:00+02:00,-100.0,100.0,210045.93417959195,210045.93417959195,5.988890035822406
2026-05-23 15:15:00+02:00,-150.0,150.0,210045.42907755115,210070.43417959195,9.38476266073444
2026-05-23 15:30:00+02:00,-150.0,150.0,210057.17397551035,210082.17907755115,9.38476266073444
2026-05-23 15:45:00+02:00,-150.0,150.0,210068.91887346952,210093.92397551035,9.38476266073444
2026-05-23 16:00:00+02:00,-150.0,150.0,210080.6637714287,210105.66887346952,9.38476266073444
2026-05-23 16:15:00+02:00,-150.0,150.0,210092.4086693879,210117.4137714287,9.38476266073444
2026-05-23 16:30:00+02:00,-150.0,150.0,210104.15356734706,210129.1586693879,9.38476266073444
2026-05-23 16:45:00+02:00,-150.0,150.0,210115.89846530624,210140.90356734706,9.38476266073444
2026-05-23 17:00:00+02:00,-150.0,150.0,210127.64336326544,210152.64846530624,9.38476266073444
2026-05-23 17:15:00+02:00,-150.0,150.0,210139.3882612246,210164.39336326544,9.38476266073444
2026-05-23 17:30:00+02:00,-150.0,150.0,210151.13315918378,210176.1382612246,9.38476266073444
2026-05-23 17:45:00+02:00,-150.0,150.0,210162.87805714298,210187.88315918378,9.38476266073444
2026-05-23 18:00:00+02:00,-150.0,150.0,210174.62295510218,210199.62805714298,9.38476266073444
2026-05-23 18:15:00+02:00,-150.0,150.0,210186.36785306135,210211.37295510218,9.38476266073444
2026-05-23 18:30:00+02:00,-150.0,150.0,210198.11275102053,210223.11785306135,9.38476266073444
2026-05-23 18:45:00+02:00,-150.0,150.0,210209.85764897973,210234.86275102053,9.38476266073444
2026-05-23 19:00:00+02:00,-150.0,150.0,210221.6025469389,210246.60764897973,9.38476266073444
2026-05-23 19:15:00+02:00,-100.0,100.0,210233.34744489807,210258.3525469389,4.046285806578143
2026-05-23 19:30:00+02:00,-100.0,100.0,210232.84234285727,210257.84744489807,4.046285806578143
2026-05-23 19:45:00+02:00,-100.0,100.0,210232.33724081644,210257.34234285727,4.046285806578143
2026-05-23 20:00:00+02:00,-100.0,100.0,210231.83213877562,210256.83724081644,4.046285806578143
2026-05-23 20:15:00+02:00,-100.0,100.0,210231.32703673482,210256.33213877562,4.046285806578143
2026-05-23 20:30:00+02:00,-100.0,100.0,210230.82193469402,210255.82703673482,4.046285806578143
2026-05-23 20:45:00+02:00,-100.0,100.0,210230.3168326532,210255.32193469402,4.046285806578143
2026-05-23 21:00:00+02:00,-100.0,100.0,210229.81173061236,210254.8168326532,4.046285806578143
2026-05-23 21:15:00+02:00,-100.0,100.0,210229.30662857156,210254.31173061236,4.046285806578143
2026-05-23 21:30:00+02:00,-100.0,100.0,210228.80152653073,210253.80662857156,4.046285806578143
2026-05-23 21:45:00+02:00,-100.0,100.0,210228.2964244899,210253.30152653073,4.046285806578143
2026-05-23 22:00:00+02:00,-100.0,100.0,210227.7913224491,210252.7964244899,4.046285806578143
2026-05-23 22:15:00+02:00,-100.0,100.0,210227.28622040828,210252.2913224491,4.046285806578143
2026-05-23 22:30:00+02:00,-100.0,100.0,210226.78111836745,210251.78622040828,4.046285806578143
2026-05-23 22:45:00+02:00,-100.0,100.0,210226.27601632665,210251.28111836745,4.046285806578143
2026-05-23 23:00:00+02:00,-100.0,100.0,210225.77091428585,210250.77601632665,4.046285806578143
2026-05-23 23:15:00+02:00,-100.0,100.0,210225.26581224502,210250.27091428585,4.046285806578143
2026-05-23 23:30:00+02:00,-100.0,100.0,210224.7607102042,210249.76581224502,4.046285806578143
2026-05-23 23:45:00+02:00,-100.0,100.0,210224.2556081634,210249.2607102042,4.046285806578143
2026-05-24 00:00:00+02:00,-100.0,100.0,210223.75050612257,210248.7556081634,4.046285806578143
2026-05-24 00:15:00+02:00,-100.0,100.0,210223.24540408174,210248.25050612257,4.046285806578143
2026-05-24 00:30:00+02:00,-100.0,100.0,210222.74030204094,210247.74540408174,4.046285806578143
2026-05-24 00:45:00+02:00,-100.0,100.0,210222.2352000001,210247.24030204094,4.046285806578143
2026-05-24 01:00:00+02:00,-100.0,100.0,210221.73009795928,210246.7352000001,4.046285806578143
2026-05-24 01:15:00+02:00,-100.0,100.0,210221.22499591848,210246.23009795928,4.046285806578143
2026-05-24 01:30:00+02:00,-100.0,100.0,210220.7198938777,210245.72499591848,4.046285806578143
2026-05-24 01:45:00+02:00,-100.0,100.0,210220.21479183686,210245.2198938777,4.046285806578143
2026-05-24 02:00:00+02:00,-100.0,100.0,210219.70968979603,210244.71479183686,4.046285806578143
2026-05-24 02:15:00+02:00,-100.0,100.0,210219.20458775523,210244.20968979603,4.046285806578143
2026-05-24 02:30:00+02:00,-100.0,100.0,210218.69948571443,210243.70458775523,4.046285806578143
2026-05-24 02:45:00+02:00,-100.0,100.0,210218.1943836736,210243.19948571443,4.046285806578143
2026-05-24 03:00:00+02:00,-100.0,100.0,210217.68928163277,210242.6943836736,4.046285806578143
2026-05-24 03:15:00+02:00,-100.0,100.0,210217.18417959198,210242.18928163277,4.046285806578143
2026-05-24 03:30:00+02:00,-100.0,100.0,210216.67907755115,210241.68417959198,4.046285806578143
2026-05-24 03:45:00+02:00,-100.0,100.0,210216.17397551032,210241.17907755115,4.046285806578143
2026-05-24 04:00:00+02:00,-100.0,100.0,210215.66887346952,210240.67397551032,4.046285806578143
2026-05-24 04:15:00+02:00,-100.0,100.0,210215.1637714287,210240.16887346952,4.046285806578143
2026-05-24 04:30:00+02:00,-100.0,100.0,210214.65866938786,210239.6637714287,4.046285806578143
2026-05-24 04:45:00+02:00,-100.0,100.0,210214.15356734706,210239.15866938786,4.046285806578143
2026-05-24 05:00:00+02:00,-100.0,100.0,210213.64846530627,210238.65356734706,4.046285806578143
2026-05-24 05:15:00+02:00,-100.0,100.0,210213.14336326544,210238.14846530627,4.046285806578143
2026-05-24 05:30:00+02:00,-100.0,100.0,210212.6382612246,210237.64336326544,4.046285806578143
2026-05-24 05:45:00+02:00,-100.0,100.0,210212.1331591838,210237.1382612246,4.046285806578143
2026-05-24 06:00:00+02:00,-100.0,100.0,210211.62805714298,210236.6331591838,4.046285806578143
2026-05-24 06:15:00+02:00,-100.0,100.0,210211.12295510215,210236.12805714298,4.046285806578143
2026-05-24 06:30:00+02:00,-100.0,100.0,210210.61785306135,210235.62295510215,4.046285806578143
2026-05-24 06:45:00+02:00,-100.0,100.0,210210.11275102053,210235.11785306135,4.046285806578143
2026-05-24 07:00:00+02:00,-100.0,100.0,210209.6076489797,210234.61275102053,4.046285806578143
2026-05-24 07:15:00+02:00,-100.0,100.0,210209.1025469389,210234.1076489797,4.046285806578143
2026-05-24 07:30:00+02:00,-100.0,100.0,210208.5974448981,210233.6025469389,4.046285806578143
2026-05-24 07:45:00+02:00,-100.0,100.0,210208.09234285727,210233.0974448981,4.046285806578143
2026-05-24 08:00:00+02:00,-100.0,100.0,210207.58724081644,210232.59234285727,4.046285806578143
2026-05-24 08:15:00+02:00,-100.0,100.0,210207.08213877564,210232.08724081644,4.046285806578143
2026-05-24 08:30:00+02:00,-100.0,100.0,210206.57703673482,210231.58213877564,4.046285806578143
2026-05-24 08:45:00+02:00,-100.0,100.0,210206.071934694,210231.07703673482,4.046285806578143
2026-05-24 09:00:00+02:00,-100.0,100.0,210205.5668326532,210230.571934694,4.046285806578143
2026-05-24 09:15:00+02:00,-100.0,100.0,210205.06173061236,210230.0668326532,4.046285806578143
2026-05-24 09:30:00+02:00,-100.0,100.0,210204.55662857153,210229.56173061236,4.046285806578143
2026-05-24 09:45:00+02:00,-100.0,100.0,210204.05152653073,210229.05662857153,4.046285806578143
2026-05-24 10:00:00+02:00,-100.0,100.0,210203.54642448993,210228.55152653073,4.046285806578143
2026-05-24 10:15:00+02:00,-100.0,100.0,210203.0413224491,210228.04642448993,4.046285806578143
2026-05-24 10:30:00+02:00,-100.0,100.0,210202.53622040828,210227.5413224491,4.046285806578143
2026-05-24 10:45:00+02:00,-100.0,100.0,210202.03111836748,210227.03622040828,4.046285806578143
2026-05-24 11:00:00+02:00,-100.0,100.0,210201.52601632665,210226.53111836748,4.046285806578143
2026-05-24 11:15:00+02:00,-100.0,100.0,210201.02091428582,210226.02601632665,4.046285806578143
2026-05-24 11:30:00+02:00,-100.0,100.0,210200.51581224502,210225.52091428582,4.046285806578143
2026-05-24 11:45:00+02:00,-100.0,100.0,210200.0107102042,210225.01581224502,4.046285806578143
2026-05-24 12:00:00+02:00,-100.0,100.0,210214.76269387765,210224.5107102042,4.046285806578143
2026-05-24 12:15:00+02:00,-100.0,100.0,210214.25759183685,210239.26269387765,4.046285806578143
2026-05-24 12:30:00+02:00,-100.0,100.0,210238.75759183685,210238.75759183685,4.046285806578143
2026-05-24 12:45:00+02:00,-100.0,100.0,210238.25248979602,210263.25759183685,4.046285806578143
2026-05-24 13:00:00+02:00,-100.0,100.0,210262.75248979602,210262.75248979602,4.046285806578143
2026-05-24 13:15:00+02:00,-100.0,100.0,210262.24738775523,210287.25248979602,4.046285806578143
2026-05-24 13:30:00+02:00,-100.0,100.0,210286.74738775523,210286.74738775523,4.046285806578143
2026-05-24 13:45:00+02:00,-100.0,100.0,210286.2422857144,210311.24738775523,4.046285806578143
2026-05-24 14:00:00+02:00,-100.0,100.0,210310.7422857144,210310.7422857144,4.046285806578143
2026-05-24 14:15:00+02:00,-100.0,100.0,210310.23718367357,210335.2422857144,4.046285806578143
2026-05-24 14:30:00+02:00,-100.0,100.0,210334.7371836736,210334.7371836736,4.046285806578143
2026-05-24 14:45:00+02:00,-100.0,100.0,210334.23208163277,210359.2371836736,4.046285806578143
2026-05-24 15:00:00+02:00,-100.0,100.0,210358.73208163277,210358.73208163277,4.046285806578143
2026-05-24 15:15:00+02:00,-100.0,100.0,210358.22697959197,210383.23208163277,4.046285806578143
2026-05-24 15:30:00+02:00,-100.0,100.0,210382.72697959197,210382.72697959197,4.046285806578143
2026-05-24 15:45:00+02:00,-100.0,100.0,210382.22187755114,210407.22697959197,4.046285806578143
2026-05-24 16:00:00+02:00,-100.0,100.0,210406.72187755114,210406.72187755114,4.046285806578143
2026-05-24 16:15:00+02:00,-100.0,100.0,210406.21677551034,210431.22187755114,4.046285806578143
2026-05-24 16:30:00+02:00,-100.0,100.0,210430.71677551034,210430.71677551034,4.046285806578143
2026-05-24 16:45:00+02:00,-100.0,100.0,210430.21167346952,210455.21677551034,4.046285806578143
2026-05-24 17:00:00+02:00,-100.0,100.0,210454.71167346952,210454.71167346952,4.046285806578143
2026-05-24 17:15:00+02:00,-100.0,100.0,210454.2065714287,210479.21167346952,4.046285806578143
2026-05-24 17:30:00+02:00,-100.0,100.0,210478.7065714287,210478.7065714287,4.046285806578143
2026-05-24 17:45:00+02:00,-100.0,100.0,210478.2014693879,210503.2065714287,4.046285806578143
2026-05-24 18:00:00+02:00,-100.0,100.0,210502.7014693879,210502.7014693879,4.046285806578143
2026-05-24 18:15:00+02:00,-100.0,100.0,210519.30480000013,210527.2014693879,4.046285806578143
2026-05-24 18:30:00+02:00,-100.0,100.0,210543.80480000013,210543.80480000013,4.046285806578143
2026-05-24 18:45:00+02:00,-100.0,100.0,210568.30480000013,210568.30480000013,4.046285806578143
2026-05-24 19:00:00+02:00,-100.0,100.0,210592.80480000013,210592.80480000013,4.046285806578143
2026-05-24 19:15:00+02:00,-100.0,100.0,210617.30480000013,210617.30480000013,4.046285806578143
2026-05-24 19:30:00+02:00,-100.0,100.0,210641.80480000013,210641.80480000013,4.046285806578143
2026-05-24 19:45:00+02:00,-150.0,150.0,210666.30480000013,210666.30480000013,16.371523901816236
2026-05-24 20:00:00+02:00,-150.0,150.0,210702.02720000016,210703.05480000016,16.371523901816236
2026-05-24 20:15:00+02:00,-100.0,100.0,210738.77720000016,210738.77720000016,12.975651276904204
2026-05-24 20:30:00+02:00,-150.0,150.0,210763.27720000016,210763.27720000016,22.907828147652506
2026-05-24 20:45:00+02:00,-150.0,150.0,210784.92840000015,210800.02720000016,22.907828147652506
2026-05-24 21:00:00+02:00,-150.0,150.0,210821.67840000015,210821.67840000015,22.907828147652506
2026-05-24 21:15:00+02:00,-100.0,100.0,210858.42840000015,210858.42840000015,10.582590052414412
2026-05-24 21:30:00+02:00,-100.0,100.0,210882.92840000015,210882.92840000015,10.582590052414412
2026-05-24 21:45:00+02:00,-100.0,100.0,210907.42840000015,210907.42840000015,10.582590052414412
2026-05-24 22:00:00+02:00,-50.0,50.0,210931.92840000015,210931.92840000015,0.6504131816661093
2026-05-24 22:15:00+02:00,-50.0,50.0,210944.17840000015,210944.17840000015,0.6504131816661093
2026-05-24 22:30:00+02:00,0.0,0.0,210956.42840000015,210956.42840000015,0.0
2026-05-24 22:45:00+02:00,0.0,0.0,210956.42840000015,210956.42840000015,0.0
2026-05-24 23:00:00+02:00,0.0,0.0,210956.42840000015,210956.42840000015,0.0
2026-05-24 23:15:00+02:00,0.0,0.0,210956.42840000015,210956.42840000015,0.0
2026-05-24 23:30:00+02:00,0.0,0.0,210956.42840000015,210956.42840000015,0.0
2026-05-24 23:45:00+02:00,0.0,0.0,210956.42840000015,210956.42840000015,0.0
2026-05-25 00:00:00+02:00,0.0,0.0,210956.42840000015,210956.42840000015,0.0
2026-05-25 00:15:00+02:00,0.0,0.0,210956.42840000015,210956.42840000015,0.0
2026-05-25 00:30:00+02:00,0.0,0.0,210956.42840000015,210956.42840000015,0.0
2026-05-25 00:45:00+02:00,-50.0,50.0,210956.42840000015,210956.42840000015,10.471102040816328
2026-05-25 01:00:00+02:00,-50.0,50.0,210943.67329795935,210968.67840000015,10.471102040816328
2026-05-25 01:15:00+02:00,-50.0,50.0,210955.92329795935,210955.92329795935,10.471102040816328
2026-05-25 01:30:00+02:00,-50.0,50.0,210963.35360000015,210968.17329795935,10.471102040816328
2026-05-25 01:45:00+02:00,-50.0,50.0,210975.60360000015,210975.60360000015,10.471102040816328
2026-05-25 02:00:00+02:00,-50.0,50.0,210987.85360000015,210987.85360000015,10.471102040816328
2026-05-25 02:15:00+02:00,-50.0,50.0,211000.10360000015,211000.10360000015,10.471102040816328
2026-05-25 02:30:00+02:00,-50.0,50.0,211012.35360000015,211012.35360000015,10.471102040816328
2026-05-25 02:45:00+02:00,-50.0,50.0,211024.60360000015,211024.60360000015,10.471102040816328
2026-05-25 03:00:00+02:00,-50.0,50.0,211036.85360000015,211036.85360000015,10.471102040816328
2026-05-25 03:15:00+02:00,-50.0,50.0,211049.10360000015,211049.10360000015,10.471102040816328
2026-05-25 03:30:00+02:00,-50.0,50.0,211061.35360000015,211061.35360000015,10.471102040816328
2026-05-25 03:45:00+02:00,-50.0,50.0,211073.60360000015,211073.60360000015,10.471102040816328
2026-05-25 04:00:00+02:00,-100.0,100.0,211085.85360000015,211085.85360000015,75.72579591836738
2026-05-25 04:15:00+02:00,-50.0,50.0,211110.35360000015,211110.35360000015,10.471102040816328
2026-05-25 04:30:00+02:00,0.0,0.0,211122.60360000015,211122.60360000015,0.0
2026-05-25 04:45:00+02:00,0.0,0.0,211122.60360000015,211122.60360000015,0.0
2026-05-25 05:00:00+02:00,0.0,0.0,211122.60360000015,211122.60360000015,0.0
2026-05-25 05:15:00+02:00,0.0,0.0,211122.60360000015,211122.60360000015,0.0
2026-05-25 05:30:00+02:00,0.0,0.0,211122.60360000015,211122.60360000015,0.0
2026-05-25 05:45:00+02:00,0.0,0.0,211122.60360000015,211122.60360000015,0.0
2026-05-25 06:00:00+02:00,0.0,0.0,211122.60360000015,211122.60360000015,0.0
2026-05-25 06:15:00+02:00,-50.0,50.0,211122.60360000015,211122.60360000015,41.995306122448994
2026-05-25 06:30:00+02:00,-50.0,50.0,211134.85360000015,211134.85360000015,41.995306122448994
2026-05-25 06:45:00+02:00,0.0,0.0,211147.10360000015,211147.10360000015,0.0
2026-05-25 07:00:00+02:00,0.0,0.0,211147.10360000015,211147.10360000015,0.0
2026-05-25 07:15:00+02:00,0.0,0.0,211147.10360000015,211147.10360000015,0.0
2026-05-25 07:30:00+02:00,0.0,0.0,211147.10360000015,211147.10360000015,0.0
2026-05-25 07:45:00+02:00,-50.0,50.0,211147.10360000015,211147.10360000015,31.985306122449
2026-05-25 08:00:00+02:00,-50.0,50.0,211159.35360000015,211159.35360000015,31.985306122449
2026-05-25 08:15:00+02:00,0.0,0.0,211171.60360000015,211171.60360000015,0.0
2026-05-25 08:30:00+02:00,0.0,0.0,211171.60360000015,211171.60360000015,0.0
2026-05-25 08:45:00+02:00,0.0,0.0,211171.60360000015,211171.60360000015,0.0
2026-05-25 09:00:00+02:00,-50.0,50.0,211171.60360000015,211171.60360000015,10.476938775510199
2026-05-25 09:15:00+02:00,-100.0,100.0,211167.99280000015,211183.85360000015,14.221259145167494
2026-05-25 09:30:00+02:00,-100.0,100.0,211167.48769795932,211192.49280000015,14.221259145167494
2026-05-25 09:45:00+02:00,-100.0,100.0,211191.98769795932,211191.98769795932,14.221259145167494
2026-05-25 10:00:00+02:00,-100.0,100.0,211191.48259591853,211216.48769795932,14.221259145167494
2026-05-25 10:15:00+02:00,-150.0,150.0,211215.98259591853,211215.98259591853,24.89518771659607
2026-05-25 10:30:00+02:00,-150.0,150.0,211213.4110938777,211252.73259591853,24.89518771659607
2026-05-25 10:45:00+02:00,-150.0,150.0,211250.1610938777,211250.1610938777,24.89518771659607
2026-05-25 11:00:00+02:00,-100.0,100.0,211261.9059918369,211286.9110938777,14.41824894108587
2026-05-25 11:15:00+02:00,-100.0,100.0,211286.40599183686,211286.40599183686,14.41824894108587
2026-05-25 11:30:00+02:00,-100.0,100.0,211285.90088979606,211310.90599183686,14.41824894108587
2026-05-25 11:45:00+02:00,-100.0,100.0,211310.40088979606,211310.40088979606,14.41824894108587
2026-05-25 12:00:00+02:00,-100.0,100.0,211309.89578775523,211334.90088979606,14.41824894108587
2026-05-25 12:15:00+02:00,-50.0,50.0,211334.39578775523,211334.39578775523,3.744320369657296
2026-05-25 12:30:00+02:00,-50.0,50.0,211321.64068571443,211346.64578775523,3.744320369657296
2026-05-25 12:45:00+02:00,-50.0,50.0,211333.89068571443,211333.89068571443,3.744320369657296
2026-05-25 13:00:00+02:00,-50.0,50.0,211321.13558367363,211346.14068571443,3.744320369657296
2026-05-25 13:15:00+02:00,-50.0,50.0,211333.38558367363,211333.38558367363,3.744320369657296
2026-05-25 13:30:00+02:00,-50.0,50.0,211320.6304816328,211345.6355836736,3.744320369657296
2026-05-25 13:45:00+02:00,-50.0,50.0,211332.8804816328,211332.8804816328,3.744320369657296
2026-05-25 14:00:00+02:00,-50.0,50.0,211320.12537959198,211345.13048163278,3.744320369657296
2026-05-25 14:15:00+02:00,-50.0,50.0,211332.37537959198,211332.37537959198,3.744320369657296
2026-05-25 14:30:00+02:00,-50.0,50.0,211319.62027755115,211344.62537959198,3.744320369657296
2026-05-25 14:45:00+02:00,-100.0,100.0,211331.87027755115,211331.87027755115,15.22079996149403
2026-05-25 15:00:00+02:00,-150.0,150.0,211323.34077551035,211356.37027755115,25.529932614555257
2026-05-25 15:15:00+02:00,-150.0,150.0,211342.91437551036,211360.09077551035,25.529932614555257
2026-05-25 15:30:00+02:00,-150.0,150.0,211354.65927346956,211379.66437551036,25.529932614555257
2026-05-25 15:45:00+02:00,-150.0,150.0,211391.40927346956,211391.40927346956,25.529932614555257
2026-05-25 16:00:00+02:00,-150.0,150.0,211403.15417142873,211428.15927346953,25.529932614555257
2026-05-25 16:15:00+02:00,-150.0,150.0,211439.90417142873,211439.90417142873,25.529932614555257
2026-05-25 16:30:00+02:00,-150.0,150.0,211451.6490693879,211476.6541714287,25.529932614555257
2026-05-25 16:45:00+02:00,-100.0,100.0,211488.3990693879,211488.3990693879,14.053453022718521
2026-05-25 17:00:00+02:00,-50.0,50.0,211487.89396734707,211512.8990693879,3.744320369657296
2026-05-25 17:15:00+02:00,-50.0,50.0,211500.14396734707,211500.14396734707,3.744320369657296
2026-05-25 17:30:00+02:00,-50.0,50.0,211487.38886530627,211512.39396734707,3.744320369657296
2026-05-25 17:45:00+02:00,-50.0,50.0,211499.63886530627,211499.63886530627,3.744320369657296
2026-05-25 18:00:00+02:00,-100.0,100.0,211486.88376326548,211511.88886530627,32.344320369657304
2026-05-25 18:15:00+02:00,-100.0,100.0,211511.38376326548,211511.38376326548,32.344320369657304
2026-05-25 18:30:00+02:00,-100.0,100.0,211531.20560000013,211535.88376326545,32.344320369657304
2026-05-25 18:45:00+02:00,-50.0,50.0,211555.70560000013,211555.70560000013,3.744320369657296
2026-05-25 19:00:00+02:00,-50.0,50.0,211567.95560000013,211567.95560000013,3.744320369657296
2026-05-25 19:15:00+02:00,-50.0,50.0,211580.20560000013,211580.20560000013,3.744320369657296
2026-05-25 19:30:00+02:00,-50.0,50.0,211592.45560000013,211592.45560000013,3.744320369657296
2026-05-25 19:45:00+02:00,-100.0,100.0,211604.70560000013,211604.70560000013,67.6565652676165
2026-05-25 20:00:00+02:00,-50.0,50.0,211629.20560000013,211629.20560000013,3.744320369657296
2026-05-25 20:15:00+02:00,-50.0,50.0,211641.45560000013,211641.45560000013,3.744320369657296
2026-05-25 20:30:00+02:00,-100.0,100.0,211653.70560000013,211653.70560000013,40.3698305737389
2026-05-25 20:45:00+02:00,-100.0,100.0,211678.20560000013,211678.20560000013,40.3698305737389
2026-05-25 21:00:00+02:00,-50.0,50.0,211702.70560000013,211702.70560000013,3.744320369657296
2026-05-25 21:15:00+02:00,-50.0,50.0,211714.95560000013,211714.95560000013,3.744320369657296
2026-05-25 21:30:00+02:00,-50.0,50.0,211727.20560000013,211727.20560000013,3.744320369657296
2026-05-25 21:45:00+02:00,-50.0,50.0,211739.45560000013,211739.45560000013,3.744320369657296
2026-05-25 22:00:00+02:00,-100.0,100.0,211751.70560000013,211751.70560000013,6.228365987904596
2026-05-25 22:15:00+02:00,-100.0,100.0,211751.2004979593,211776.20560000013,6.228365987904596
2026-05-25 22:30:00+02:00,-50.0,50.0,211775.7004979593,211775.7004979593,2.4840456182473
2026-05-25 22:45:00+02:00,-50.0,50.0,211762.9453959185,211787.9504979593,2.4840456182473
2026-05-25 23:00:00+02:00,-50.0,50.0,211775.1953959185,211775.1953959185,2.4840456182473
2026-05-25 23:15:00+02:00,-50.0,50.0,211762.44029387768,211787.4453959185,2.4840456182473
2026-05-25 23:30:00+02:00,-50.0,50.0,211774.69029387768,211774.69029387768,2.4840456182473
2026-05-25 23:45:00+02:00,-50.0,50.0,211761.93519183688,211786.94029387768,2.4840456182473
2026-05-26 00:00:00+02:00,-50.0,50.0,211774.18519183688,211774.18519183688,2.4840456182473
2026-05-26 00:15:00+02:00,-50.0,50.0,211761.43008979605,211786.43519183688,2.4840456182473
2026-05-26 00:30:00+02:00,-50.0,50.0,211773.68008979605,211773.68008979605,2.4840456182473
2026-05-26 00:45:00+02:00,-50.0,50.0,211760.92498775522,211785.93008979605,2.4840456182473
2026-05-26 01:00:00+02:00,-50.0,50.0,211773.17498775522,211773.17498775522,2.4840456182473
2026-05-26 01:15:00+02:00,-50.0,50.0,211760.41988571442,211785.42498775522,2.4840456182473
2026-05-26 01:30:00+02:00,-50.0,50.0,211772.66988571442,211772.66988571442,2.4840456182473
2026-05-26 01:45:00+02:00,-50.0,50.0,211759.9147836736,211784.91988571442,2.4840456182473
2026-05-26 02:00:00+02:00,-50.0,50.0,211772.1647836736,211772.1647836736,2.4840456182473
2026-05-26 02:15:00+02:00,-50.0,50.0,211759.4096816328,211784.4147836736,2.4840456182473
2026-05-26 02:30:00+02:00,-50.0,50.0,211771.6596816328,211771.6596816328,2.4840456182473
2026-05-26 02:45:00+02:00,-50.0,50.0,211758.90457959197,211783.9096816328,2.4840456182473
2026-05-26 03:00:00+02:00,-50.0,50.0,211771.15457959197,211771.15457959197,2.4840456182473
2026-05-26 03:15:00+02:00,-50.0,50.0,211758.39947755114,211783.40457959197,2.4840456182473
2026-05-26 03:30:00+02:00,-50.0,50.0,211770.64947755114,211770.64947755114,2.4840456182473
2026-05-26 03:45:00+02:00,-50.0,50.0,211757.89437551034,211782.89947755114,2.4840456182473
2026-05-26 04:00:00+02:00,-100.0,100.0,211770.14437551034,211770.14437551034,156.42792316926773
2026-05-26 04:15:00+02:00,-100.0,100.0,211769.6392734695,211794.64437551034,156.42792316926773
2026-05-26 04:30:00+02:00,-50.0,50.0,211794.1392734695,211794.1392734695,2.4840456182473
2026-05-26 04:45:00+02:00,-50.0,50.0,211797.72400000013,211806.3892734695,2.4840456182473
2026-05-26 05:00:00+02:00,-50.0,50.0,211809.97400000013,211809.97400000013,2.4840456182473
2026-05-26 05:15:00+02:00,-50.0,50.0,211822.22400000013,211822.22400000013,2.4840456182473
2026-05-26 05:30:00+02:00,-50.0,50.0,211834.47400000013,211834.47400000013,2.4840456182473
2026-05-26 05:45:00+02:00,-50.0,50.0,211846.72400000013,211846.72400000013,2.4840456182473
2026-05-26 06:00:00+02:00,-50.0,50.0,211858.97400000013,211858.97400000013,2.4840456182473
2026-05-26 06:15:00+02:00,-100.0,100.0,211871.22400000013,211871.22400000013,24.07996398559424
2026-05-26 06:30:00+02:00,-50.0,50.0,211895.72400000013,211895.72400000013,21.59591836734694
2026-05-26 06:45:00+02:00,-50.0,50.0,211907.97400000013,211907.97400000013,21.59591836734694
2026-05-26 07:00:00+02:00,-50.0,50.0,211920.22400000013,211920.22400000013,21.59591836734694
2026-05-26 07:15:00+02:00,0.0,0.0,211932.47400000013,211932.47400000013,0.0
2026-05-26 07:30:00+02:00,0.0,0.0,211932.47400000013,211932.47400000013,0.0
2026-05-26 07:45:00+02:00,0.0,0.0,211932.47400000013,211932.47400000013,0.0
2026-05-26 08:00:00+02:00,0.0,0.0,211932.47400000013,211932.47400000013,0.0
2026-05-26 08:15:00+02:00,0.0,0.0,211932.47400000013,211932.47400000013,0.0
2026-05-26 08:30:00+02:00,0.0,0.0,211932.47400000013,211932.47400000013,0.0
2026-05-26 08:45:00+02:00,0.0,0.0,211932.47400000013,211932.47400000013,0.0
2026-05-26 09:00:00+02:00,-50.0,50.0,211932.47400000013,211932.47400000013,63.9122448979592
2026-05-26 09:15:00+02:00,-50.0,50.0,211944.72400000013,211944.72400000013,3.867662687716596
2026-05-26 09:30:00+02:00,-50.0,50.0,211931.9688979593,211956.97400000013,3.867662687716596
2026-05-26 09:45:00+02:00,-50.0,50.0,211944.2188979593,211944.2188979593,3.867662687716596
2026-05-26 10:00:00+02:00,-100.0,100.0,211931.4637959185,211956.4688979593,35.794601463226826
2026-05-26 10:15:00+02:00,-100.0,100.0,211955.9637959185,211955.9637959185,35.794601463226826
2026-05-26 10:30:00+02:00,-50.0,50.0,211955.45869387768,211980.4637959185,3.867662687716596
2026-05-26 10:45:00+02:00,-50.0,50.0,211967.70869387768,211967.70869387768,3.867662687716596
2026-05-26 11:00:00+02:00,-100.0,100.0,211954.95359183685,211979.95869387768,14.295962007444487
2026-05-26 11:15:00+02:00,-100.0,100.0,211967.27199183684,211979.45359183685,14.295962007444487
2026-05-26 11:30:00+02:00,-100.0,100.0,211966.76688979604,211991.77199183684,14.295962007444487
2026-05-26 11:45:00+02:00,-100.0,100.0,211991.26688979604,211991.26688979604,14.295962007444487
2026-05-26 12:00:00+02:00,-150.0,150.0,211990.7617877552,212015.76688979604,170.50643819792072
2026-05-26 12:15:00+02:00,-150.0,150.0,212027.5117877552,212027.5117877552,170.50643819792072
2026-05-26 12:30:00+02:00,-100.0,100.0,212039.2566857144,212064.2617877552,160.07813887819282
2026-05-26 12:45:00+02:00,-50.0,50.0,212063.7566857144,212063.7566857144,3.867662687716596
2026-05-26 13:00:00+02:00,-50.0,50.0,212051.00158367358,212076.0066857144,3.867662687716596
2026-05-26 13:15:00+02:00,-50.0,50.0,212063.25158367358,212063.25158367358,3.867662687716596
2026-05-26 13:30:00+02:00,-50.0,50.0,212050.49648163276,212075.50158367358,3.867662687716596
2026-05-26 13:45:00+02:00,-50.0,50.0,212062.74648163276,212062.74648163276,3.867662687716596
2026-05-26 14:00:00+02:00,-50.0,50.0,212049.99137959196,212074.99648163276,3.867662687716596
2026-05-26 14:15:00+02:00,-50.0,50.0,212062.24137959196,212062.24137959196,3.867662687716596
2026-05-26 14:30:00+02:00,-50.0,50.0,212049.48627755113,212074.49137959196,3.867662687716596
2026-05-26 14:45:00+02:00,-50.0,50.0,212061.73627755113,212061.73627755113,3.867662687716596
2026-05-26 15:00:00+02:00,-100.0,100.0,212048.98117551033,212073.98627755113,27.2146014632268
2026-05-26 15:15:00+02:00,-100.0,100.0,212073.48117551033,212073.48117551033,27.2146014632268
2026-05-26 15:30:00+02:00,-100.0,100.0,212072.9760734695,212097.98117551033,27.2146014632268
2026-05-26 15:45:00+02:00,-100.0,100.0,212097.4760734695,212097.4760734695,27.2146014632268
2026-05-26 16:00:00+02:00,-150.0,150.0,212096.97097142867,212121.9760734695,55.5811320754717
2026-05-26 16:15:00+02:00,-150.0,150.0,212133.72097142867,212133.72097142867,55.5811320754717
2026-05-26 16:30:00+02:00,-150.0,150.0,212145.46586938787,212170.47097142867,55.5811320754717
2026-05-26 16:45:00+02:00,-100.0,100.0,212182.21586938787,212182.21586938787,27.2146014632268
2026-05-26 17:00:00+02:00,-100.0,100.0,212181.71076734705,212206.71586938787,27.2146014632268
2026-05-26 17:15:00+02:00,-100.0,100.0,212206.21076734705,212206.21076734705,27.2146014632268
2026-05-26 17:30:00+02:00,-100.0,100.0,212205.70566530625,212230.71076734705,27.2146014632268
2026-05-26 17:45:00+02:00,-100.0,100.0,212230.20566530625,212230.20566530625,27.2146014632268
2026-05-26 18:00:00+02:00,-100.0,100.0,212231.4288000001,212254.70566530625,27.2146014632268
2026-05-26 18:15:00+02:00,-100.0,100.0,212255.9288000001,212255.9288000001,27.2146014632268
2026-05-26 18:30:00+02:00,-150.0,150.0,212280.4288000001,212280.4288000001,30.886880374791424
2026-05-26 18:45:00+02:00,-150.0,150.0,212292.17369795928,212317.1788000001,30.886880374791424
2026-05-26 19:00:00+02:00,-150.0,150.0,212328.92369795928,212328.92369795928,30.886880374791424
2026-05-26 19:15:00+02:00,-150.0,150.0,212340.66859591848,212365.67369795928,30.886880374791424
2026-05-26 19:30:00+02:00,-150.0,150.0,212377.41859591848,212377.41859591848,30.886880374791424
2026-05-26 19:45:00+02:00,-150.0,150.0,212389.16349387766,212414.16859591848,30.886880374791424
2026-05-26 20:00:00+02:00,-200.0,200.0,212425.91349387766,212425.91349387766,62.78463547683222
2026-05-26 20:15:00+02:00,-200.0,200.0,212449.90839183686,212474.91349387766,62.78463547683222
2026-05-26 20:30:00+02:00,-150.0,150.0,212498.90839183686,212498.90839183686,30.886880374791424
2026-05-26 20:45:00+02:00,-150.0,150.0,212510.65328979603,212535.65839183686,30.886880374791424
2026-05-26 21:00:00+02:00,-150.0,150.0,212547.40328979603,212547.40328979603,30.886880374791424
2026-05-26 21:15:00+02:00,-100.0,100.0,212559.1481877552,212584.15328979603,7.539941599281223
2026-05-26 21:30:00+02:00,-100.0,100.0,212583.6481877552,212583.6481877552,7.539941599281223
2026-05-26 21:45:00+02:00,-100.0,100.0,212583.1430857144,212608.1481877552,7.539941599281223
2026-05-26 22:00:00+02:00,-100.0,100.0,212607.6430857144,212607.6430857144,7.539941599281223
2026-05-26 22:15:00+02:00,-100.0,100.0,212607.13798367357,212632.1430857144,7.539941599281223
2026-05-26 22:30:00+02:00,-50.0,50.0,212631.63798367357,212631.63798367357,3.6722789115646264
2026-05-26 22:45:00+02:00,-50.0,50.0,212636.3008000001,212643.88798367357,3.6722789115646264
2026-05-26 23:00:00+02:00,-100.0,100.0,212648.5508000001,212648.5508000001,94.9588095238095
2026-05-26 23:15:00+02:00,-100.0,100.0,212673.0508000001,212673.0508000001,94.9588095238095
2026-05-26 23:30:00+02:00,-100.0,100.0,212697.5508000001,212697.5508000001,94.9588095238095
2026-05-26 23:45:00+02:00,-50.0,50.0,212722.0508000001,212722.0508000001,3.6722789115646264
2026-05-27 00:00:00+02:00,-50.0,50.0,212734.3008000001,212734.3008000001,3.6722789115646264
2026-05-27 00:15:00+02:00,-50.0,50.0,212746.5508000001,212746.5508000001,3.6722789115646264
2026-05-27 00:30:00+02:00,0.0,0.0,212758.8008000001,212758.8008000001,0.0
2026-05-27 00:45:00+02:00,0.0,0.0,212758.8008000001,212758.8008000001,0.0
2026-05-27 01:00:00+02:00,0.0,0.0,212758.8008000001,212758.8008000001,0.0
2026-05-27 01:15:00+02:00,0.0,0.0,212758.8008000001,212758.8008000001,0.0
2026-05-27 01:30:00+02:00,0.0,0.0,212758.8008000001,212758.8008000001,0.0
2026-05-27 01:45:00+02:00,0.0,0.0,212758.8008000001,212758.8008000001,0.0
2026-05-27 02:00:00+02:00,0.0,0.0,212758.8008000001,212758.8008000001,0.0
2026-05-27 02:15:00+02:00,-50.0,50.0,212758.8008000001,212758.8008000001,20.461924198250724
2026-05-27 02:30:00+02:00,-50.0,50.0,212771.0508000001,212771.0508000001,20.461924198250724
2026-05-27 02:45:00+02:00,-50.0,50.0,212783.3008000001,212783.3008000001,20.461924198250724
2026-05-27 03:00:00+02:00,-50.0,50.0,212795.5508000001,212795.5508000001,20.461924198250724
2026-05-27 03:15:00+02:00,-50.0,50.0,212807.8008000001,212807.8008000001,20.461924198250724
2026-05-27 03:30:00+02:00,-50.0,50.0,212820.0508000001,212820.0508000001,20.461924198250724
2026-05-27 03:45:00+02:00,-100.0,100.0,212832.3008000001,212832.3008000001,106.36406705539359
2026-05-27 04:00:00+02:00,-50.0,50.0,212856.8008000001,212856.8008000001,85.90214285714286
2026-05-27 04:15:00+02:00,-50.0,50.0,212869.0508000001,212869.0508000001,85.90214285714286
2026-05-27 04:30:00+02:00,-50.0,50.0,212881.3008000001,212881.3008000001,85.90214285714286
2026-05-27 04:45:00+02:00,0.0,0.0,212893.5508000001,212893.5508000001,0.0
2026-05-27 05:00:00+02:00,0.0,0.0,212893.5508000001,212893.5508000001,0.0
2026-05-27 05:15:00+02:00,0.0,0.0,212893.5508000001,212893.5508000001,0.0
2026-05-27 05:30:00+02:00,0.0,0.0,212893.5508000001,212893.5508000001,0.0
2026-05-27 05:45:00+02:00,0.0,0.0,212893.5508000001,212893.5508000001,0.0
2026-05-27 06:00:00+02:00,0.0,0.0,212893.5508000001,212893.5508000001,0.0
2026-05-27 06:15:00+02:00,-50.0,50.0,212893.5508000001,212893.5508000001,17.008244897959194
2026-05-27 06:30:00+02:00,-50.0,50.0,212905.8008000001,212905.8008000001,17.008244897959194
2026-05-27 06:45:00+02:00,-50.0,50.0,212918.0508000001,212918.0508000001,17.008244897959194
2026-05-27 07:00:00+02:00,-50.0,50.0,212930.3008000001,212930.3008000001,17.008244897959194
2026-05-27 07:15:00+02:00,-50.0,50.0,212942.5508000001,212942.5508000001,17.008244897959194
2026-05-27 07:30:00+02:00,0.0,0.0,212954.8008000001,212954.8008000001,0.0
2026-05-27 07:45:00+02:00,0.0,0.0,212954.8008000001,212954.8008000001,0.0
2026-05-27 08:00:00+02:00,-50.0,50.0,212954.8008000001,212954.8008000001,50.17646258503402
2026-05-27 08:15:00+02:00,-50.0,50.0,212967.0508000001,212967.0508000001,50.17646258503402
2026-05-27 08:30:00+02:00,-50.0,50.0,212979.3008000001,212979.3008000001,50.17646258503402
2026-05-27 08:45:00+02:00,0.0,0.0,212991.5508000001,212991.5508000001,0.0
2026-05-27 09:00:00+02:00,0.0,0.0,212991.5508000001,212991.5508000001,0.0
2026-05-27 09:15:00+02:00,0.0,0.0,212991.5508000001,212991.5508000001,0.0
2026-05-27 09:30:00+02:00,-100.0,100.0,212991.5508000001,212991.5508000001,46.602959183673455
2026-05-27 09:45:00+02:00,-100.0,100.0,212991.04569795931,213016.0508000001,46.602959183673455
2026-05-27 10:00:00+02:00,-50.0,50.0,213015.54569795931,213015.54569795931,4.461734693877551
2026-05-27 10:15:00+02:00,-100.0,100.0,213002.7905959185,213027.79569795931,32.653163265306134
2026-05-27 10:30:00+02:00,-150.0,150.0,213027.2905959185,213027.2905959185,42.00910564225691
2026-05-27 10:45:00+02:00,-150.0,150.0,213014.03039183686,213064.0405959185,42.00910564225691
2026-05-27 11:00:00+02:00,-100.0,100.0,213050.78039183686,213050.78039183686,13.817677070828331
2026-05-27 11:15:00+02:00,-100.0,100.0,213025.2701877552,213075.28039183686,13.817677070828331
2026-05-27 11:30:00+02:00,-100.0,100.0,213049.7701877552,213049.7701877552,13.817677070828331
2026-05-27 11:45:00+02:00,-100.0,100.0,213046.89528979603,213074.2701877552,13.817677070828331
2026-05-27 12:00:00+02:00,-100.0,100.0,213071.39528979603,213071.39528979603,13.817677070828331
2026-05-27 12:15:00+02:00,-100.0,100.0,213070.89018775523,213095.89528979603,13.817677070828331
2026-05-27 12:30:00+02:00,-100.0,100.0,213095.39018775523,213095.39018775523,13.817677070828331
2026-05-27 12:45:00+02:00,-100.0,100.0,213094.8850857144,213119.89018775523,13.817677070828331
2026-05-27 13:00:00+02:00,-150.0,150.0,213119.3850857144,213119.3850857144,42.20366346538617
2026-05-27 13:15:00+02:00,-150.0,150.0,213131.1299836736,213156.1350857144,42.20366346538617
2026-05-27 13:30:00+02:00,-150.0,150.0,213167.8799836736,213167.8799836736,42.20366346538617
2026-05-27 13:45:00+02:00,-100.0,100.0,213179.62488163277,213204.6299836736,13.817677070828331
2026-05-27 14:00:00+02:00,-150.0,150.0,213204.12488163277,213204.12488163277,20.904445778311327
2026-05-27 14:15:00+02:00,-150.0,150.0,213190.86467755112,213240.87488163274,20.904445778311327
2026-05-27 14:30:00+02:00,-150.0,150.0,213227.61467755112,213227.61467755112,20.904445778311327
2026-05-27 14:45:00+02:00,-100.0,100.0,213214.35447346952,213264.36467755112,11.548503401360549
2026-05-27 15:00:00+02:00,-100.0,100.0,213238.85447346952,213238.85447346952,11.548503401360549
2026-05-27 15:15:00+02:00,-100.0,100.0,213224.6999755103,213263.35447346952,11.548503401360549
2026-05-27 15:30:00+02:00,-100.0,100.0,213249.1999755103,213249.1999755103,11.548503401360549
2026-05-27 15:45:00+02:00,-100.0,100.0,213248.69487346947,213273.6999755103,11.548503401360549
2026-05-27 16:00:00+02:00,-100.0,100.0,213273.19487346947,213273.19487346947,11.548503401360549
2026-05-27 16:15:00+02:00,-100.0,100.0,213272.68977142865,213297.69487346947,11.548503401360549
2026-05-27 16:30:00+02:00,-100.0,100.0,213297.18977142865,213297.18977142865,11.548503401360549
2026-05-27 16:45:00+02:00,-100.0,100.0,213296.68466938785,213321.68977142865,11.548503401360549
2026-05-27 17:00:00+02:00,-50.0,50.0,213321.18466938785,213321.18466938785,4.461734693877551
2026-05-27 17:15:00+02:00,-50.0,50.0,213308.42956734705,213333.43466938785,4.461734693877551
2026-05-27 17:30:00+02:00,-50.0,50.0,213320.67956734705,213320.67956734705,4.461734693877551
2026-05-27 17:45:00+02:00,-50.0,50.0,213323.3812000001,213332.92956734705,4.461734693877551
2026-05-27 18:00:00+02:00,-50.0,50.0,213335.6312000001,213335.6312000001,4.461734693877551
2026-05-27 18:15:00+02:00,-50.0,50.0,213347.8812000001,213347.8812000001,4.461734693877551
2026-05-27 18:30:00+02:00,-100.0,100.0,213360.1312000001,213360.1312000001,12.017653061224493
2026-05-27 18:45:00+02:00,-100.0,100.0,213359.6260979593,213384.6312000001,12.017653061224493
2026-05-27 19:00:00+02:00,-100.0,100.0,213384.1260979593,213384.1260979593,12.017653061224493
2026-05-27 19:15:00+02:00,-100.0,100.0,213383.62099591846,213408.6260979593,12.017653061224493
2026-05-27 19:30:00+02:00,-100.0,100.0,213408.12099591846,213408.12099591846,12.017653061224493
2026-05-27 19:45:00+02:00,-100.0,100.0,213407.61589387764,213432.62099591846,12.017653061224493
2026-05-27 20:00:00+02:00,-100.0,100.0,213432.11589387764,213432.11589387764,12.017653061224493
2026-05-27 20:15:00+02:00,-100.0,100.0,213431.61079183684,213456.61589387764,12.017653061224493
2026-05-27 20:30:00+02:00,-150.0,150.0,213456.11079183684,213456.11079183684,61.95091836734696
2026-05-27 20:45:00+02:00,-150.0,150.0,213486.2868000001,213492.86079183684,61.95091836734696
2026-05-27 21:00:00+02:00,-100.0,100.0,213523.0368000001,213523.0368000001,12.017653061224493
2026-05-27 21:15:00+02:00,-100.0,100.0,213547.5368000001,213547.5368000001,12.017653061224493
2026-05-27 21:30:00+02:00,-100.0,100.0,213572.0368000001,213572.0368000001,12.017653061224493
2026-05-27 21:45:00+02:00,-100.0,100.0,213596.5368000001,213596.5368000001,12.017653061224493
2026-05-27 22:00:00+02:00,-100.0,100.0,213621.0368000001,213621.0368000001,12.017653061224493
2026-05-27 22:15:00+02:00,-100.0,100.0,213645.5368000001,213645.5368000001,12.017653061224493
2026-05-27 22:30:00+02:00,-100.0,100.0,213670.0368000001,213670.0368000001,24.03885714285714
2026-05-27 22:45:00+02:00,-100.0,100.0,213694.5368000001,213694.5368000001,24.03885714285714
2026-05-27 23:00:00+02:00,-100.0,100.0,213719.0368000001,213719.0368000001,24.03885714285714
2026-05-27 23:15:00+02:00,-100.0,100.0,213743.5368000001,213743.5368000001,24.03885714285714
2026-05-27 23:30:00+02:00,-100.0,100.0,213768.0368000001,213768.0368000001,24.03885714285714
2026-05-27 23:45:00+02:00,-50.0,50.0,213792.5368000001,213792.5368000001,7.5559183673469414
2026-05-28 00:00:00+02:00,0.0,0.0,213804.7868000001,213804.7868000001,0.0
2026-05-28 00:15:00+02:00,0.0,0.0,213804.7868000001,213804.7868000001,0.0
2026-05-28 00:30:00+02:00,-50.0,50.0,213804.7868000001,213804.7868000001,30.234285714285697
2026-05-28 00:45:00+02:00,-50.0,50.0,213817.0368000001,213817.0368000001,30.234285714285697
2026-05-28 01:00:00+02:00,0.0,0.0,213829.2868000001,213829.2868000001,0.0
2026-05-28 01:15:00+02:00,0.0,0.0,213829.2868000001,213829.2868000001,0.0
2026-05-28 01:30:00+02:00,0.0,0.0,213829.2868000001,213829.2868000001,0.0
2026-05-28 01:45:00+02:00,0.0,0.0,213829.2868000001,213829.2868000001,0.0
2026-05-28 02:00:00+02:00,0.0,0.0,213829.2868000001,213829.2868000001,0.0
2026-05-28 02:15:00+02:00,0.0,0.0,213829.2868000001,213829.2868000001,0.0
2026-05-28 02:30:00+02:00,0.0,0.0,213829.2868000001,213829.2868000001,0.0
2026-05-28 02:45:00+02:00,0.0,0.0,213829.2868000001,213829.2868000001,0.0
2026-05-28 03:00:00+02:00,0.0,0.0,213829.2868000001,213829.2868000001,0.0
2026-05-28 03:15:00+02:00,0.0,0.0,213829.2868000001,213829.2868000001,0.0
2026-05-28 03:30:00+02:00,0.0,0.0,213829.2868000001,213829.2868000001,0.0
2026-05-28 03:45:00+02:00,0.0,0.0,213829.2868000001,213829.2868000001,0.0
2026-05-28 04:00:00+02:00,-50.0,50.0,213829.2868000001,213829.2868000001,117.63938775510204
2026-05-28 04:15:00+02:00,-50.0,50.0,213841.5368000001,213841.5368000001,117.63938775510204
2026-05-28 04:30:00+02:00,0.0,0.0,213853.7868000001,213853.7868000001,0.0
2026-05-28 04:45:00+02:00,0.0,0.0,213853.7868000001,213853.7868000001,0.0
2026-05-28 05:00:00+02:00,0.0,0.0,213853.7868000001,213853.7868000001,0.0
2026-05-28 05:15:00+02:00,0.0,0.0,213853.7868000001,213853.7868000001,0.0
2026-05-28 05:30:00+02:00,0.0,0.0,213853.7868000001,213853.7868000001,0.0
2026-05-28 05:45:00+02:00,0.0,0.0,213853.7868000001,213853.7868000001,0.0
2026-05-28 06:00:00+02:00,0.0,0.0,213853.7868000001,213853.7868000001,0.0
2026-05-28 06:15:00+02:00,0.0,0.0,213853.7868000001,213853.7868000001,0.0
2026-05-28 06:30:00+02:00,0.0,0.0,213853.7868000001,213853.7868000001,0.0
2026-05-28 06:45:00+02:00,0.0,0.0,213853.7868000001,213853.7868000001,0.0
2026-05-28 07:00:00+02:00,0.0,0.0,213853.7868000001,213853.7868000001,0.0
2026-05-28 07:15:00+02:00,0.0,0.0,213853.7868000001,213853.7868000001,0.0
2026-05-28 07:30:00+02:00,0.0,0.0,213853.7868000001,213853.7868000001,0.0
2026-05-28 07:45:00+02:00,0.0,0.0,213853.7868000001,213853.7868000001,0.0
2026-05-28 08:00:00+02:00,0.0,0.0,213853.7868000001,213853.7868000001,0.0
2026-05-28 08:15:00+02:00,0.0,0.0,213853.7868000001,213853.7868000001,0.0
2026-05-28 08:30:00+02:00,0.0,0.0,213853.7868000001,213853.7868000001,0.0
2026-05-28 08:45:00+02:00,0.0,0.0,213853.7868000001,213853.7868000001,0.0
2026-05-28 09:00:00+02:00,0.0,0.0,213853.7868000001,213853.7868000001,0.0
2026-05-28 09:15:00+02:00,-50.0,50.0,213853.7868000001,213853.7868000001,133.52503401360545
2026-05-28 09:30:00+02:00,-100.0,100.0,213866.0368000001,213866.0368000001,165.45197278911567
2026-05-28 09:45:00+02:00,-100.0,100.0,213890.5368000001,213890.5368000001,165.45197278911567
2026-05-28 10:00:00+02:00,-100.0,100.0,213915.0368000001,213915.0368000001,71.5058367346939
2026-05-28 10:15:00+02:00,-50.0,50.0,213914.53169795926,213939.5368000001,7.418489795918367
2026-05-28 10:30:00+02:00,-50.0,50.0,213926.78169795926,213926.78169795926,7.418489795918367
2026-05-28 10:45:00+02:00,-50.0,50.0,213914.02659591846,213939.03169795926,7.418489795918367
2026-05-28 11:00:00+02:00,-50.0,50.0,213926.27659591846,213926.27659591846,7.418489795918367
2026-05-28 11:15:00+02:00,-50.0,50.0,213913.52149387763,213938.52659591846,7.418489795918367
2026-05-28 11:30:00+02:00,-50.0,50.0,213925.77149387763,213925.77149387763,7.418489795918367
2026-05-28 11:45:00+02:00,-50.0,50.0,213913.01639183683,213938.02149387763,7.418489795918367
2026-05-28 12:00:00+02:00,-50.0,50.0,213925.26639183683,213925.26639183683,7.418489795918367
2026-05-28 12:15:00+02:00,-50.0,50.0,213912.511289796,213937.51639183683,7.418489795918367
2026-05-28 12:30:00+02:00,-100.0,100.0,213924.761289796,213924.761289796,91.81767346938771
2026-05-28 12:45:00+02:00,-100.0,100.0,213924.25618775518,213949.261289796,49.063591836734716
2026-05-28 13:00:00+02:00,-100.0,100.0,213948.75618775518,213948.75618775518,49.063591836734716
2026-05-28 13:15:00+02:00,-50.0,50.0,213948.25108571438,213973.25618775518,7.418489795918367
2026-05-28 13:30:00+02:00,-50.0,50.0,213960.50108571438,213960.50108571438,7.418489795918367
2026-05-28 13:45:00+02:00,-100.0,100.0,213947.74598367358,213972.75108571438,168.25944217687072
2026-05-28 14:00:00+02:00,-100.0,100.0,213972.24598367358,213972.24598367358,168.25944217687072
2026-05-28 14:15:00+02:00,-100.0,100.0,213971.74088163275,213996.74598367358,168.25944217687072
2026-05-28 14:30:00+02:00,-50.0,50.0,213996.24088163275,213996.24088163275,7.418489795918367
2026-05-28 14:45:00+02:00,-50.0,50.0,213984.54280000008,214008.49088163275,7.418489795918367
2026-05-28 15:00:00+02:00,-50.0,50.0,213996.79280000008,213996.79280000008,7.418489795918367
2026-05-28 15:15:00+02:00,-50.0,50.0,214009.04280000008,214009.04280000008,7.418489795918367
2026-05-28 15:30:00+02:00,-100.0,100.0,214021.29280000008,214021.29280000008,28.416142857142866
2026-05-28 15:45:00+02:00,-100.0,100.0,214045.79280000008,214045.79280000008,28.416142857142866
2026-05-28 16:00:00+02:00,-100.0,100.0,214070.29280000008,214070.29280000008,28.416142857142866
2026-05-28 16:15:00+02:00,-100.0,100.0,214094.79280000008,214094.79280000008,28.416142857142866
2026-05-28 16:30:00+02:00,-50.0,50.0,214119.29280000008,214119.29280000008,7.418489795918367
2026-05-28 16:45:00+02:00,-100.0,100.0,214131.54280000008,214131.54280000008,130.92379591836738
2026-05-28 17:00:00+02:00,-50.0,50.0,214156.04280000008,214156.04280000008,7.418489795918367
2026-05-28 17:15:00+02:00,-50.0,50.0,214168.29280000008,214168.29280000008,7.418489795918367
2026-05-28 17:30:00+02:00,-50.0,50.0,214180.54280000008,214180.54280000008,7.418489795918367
2026-05-28 17:45:00+02:00,-50.0,50.0,214192.79280000008,214192.79280000008,7.418489795918367
2026-05-28 18:00:00+02:00,-50.0,50.0,214205.04280000008,214205.04280000008,7.418489795918367
2026-05-28 18:15:00+02:00,-50.0,50.0,214217.29280000008,214217.29280000008,7.418489795918367
2026-05-28 18:30:00+02:00,-50.0,50.0,214229.54280000008,214229.54280000008,7.418489795918367
2026-05-28 18:45:00+02:00,-50.0,50.0,214241.79280000008,214241.79280000008,7.418489795918367
2026-05-28 19:00:00+02:00,-100.0,100.0,214254.04280000008,214254.04280000008,29.116551020408174
2026-05-28 19:15:00+02:00,-100.0,100.0,214278.54280000008,214278.54280000008,29.116551020408174
2026-05-28 19:30:00+02:00,-150.0,150.0,214303.04280000008,214303.04280000008,31.256687074829944
2026-05-28 19:45:00+02:00,-150.0,150.0,214314.78769795925,214339.79280000008,31.256687074829944
2026-05-28 20:00:00+02:00,-100.0,100.0,214351.53769795925,214351.53769795925,9.558625850340135
2026-05-28 20:15:00+02:00,-100.0,100.0,214351.03259591846,214376.03769795925,9.558625850340135
2026-05-28 20:30:00+02:00,-100.0,100.0,214375.53259591846,214375.53259591846,9.558625850340135
2026-05-28 20:45:00+02:00,-150.0,150.0,214375.02749387763,214400.03259591846,29.578625850340142
2026-05-28 21:00:00+02:00,-150.0,150.0,214411.77749387763,214411.77749387763,29.578625850340142
2026-05-28 21:15:00+02:00,-150.0,150.0,214423.52239183683,214448.52749387763,29.578625850340142
2026-05-28 21:30:00+02:00,-150.0,150.0,214460.27239183683,214460.27239183683,29.578625850340142
2026-05-28 21:45:00+02:00,-150.0,150.0,214472.017289796,214497.02239183683,29.578625850340142
2026-05-28 22:00:00+02:00,-100.0,100.0,214508.76728979597,214508.76728979597,9.558625850340135
2026-05-28 22:15:00+02:00,-100.0,100.0,214508.26218775514,214533.26728979597,9.558625850340135
2026-05-28 22:30:00+02:00,-50.0,50.0,214532.76218775514,214532.76218775514,2.140136054421769
2026-05-28 22:45:00+02:00,-50.0,50.0,214520.00708571434,214545.01218775514,2.140136054421769
2026-05-28 23:00:00+02:00,-50.0,50.0,214532.25708571434,214532.25708571434,2.140136054421769
2026-05-28 23:15:00+02:00,-50.0,50.0,214519.50198367352,214544.50708571434,2.140136054421769
2026-05-28 23:30:00+02:00,-50.0,50.0,214531.75198367352,214531.75198367352,2.140136054421769
2026-05-28 23:45:00+02:00,-50.0,50.0,214518.99688163272,214544.00198367352,2.140136054421769
2026-05-29 00:00:00+02:00,-100.0,100.0,214531.24688163272,214531.24688163272,53.44503401360543
2026-05-29 00:15:00+02:00,-100.0,100.0,214530.7417795919,214555.74688163272,53.44503401360543
2026-05-29 00:30:00+02:00,-50.0,50.0,214555.2417795919,214555.2417795919,2.140136054421769
2026-05-29 00:45:00+02:00,-50.0,50.0,214542.48667755106,214567.4917795919,2.140136054421769
2026-05-29 01:00:00+02:00,-50.0,50.0,214554.73667755106,214554.73667755106,2.140136054421769
2026-05-29 01:15:00+02:00,-50.0,50.0,214541.98157551026,214566.98667755106,2.140136054421769
2026-05-29 01:30:00+02:00,-100.0,100.0,214554.23157551026,214554.23157551026,126.5793197278911
2026-05-29 01:45:00+02:00,-50.0,50.0,214553.72647346943,214578.73157551026,2.140136054421769
2026-05-29 02:00:00+02:00,-50.0,50.0,214565.97647346943,214565.97647346943,2.140136054421769
2026-05-29 02:15:00+02:00,-50.0,50.0,214553.22137142863,214578.22647346943,2.140136054421769
2026-05-29 02:30:00+02:00,-50.0,50.0,214565.47137142863,214565.47137142863,2.140136054421769
2026-05-29 02:45:00+02:00,-50.0,50.0,214552.7162693878,214577.72137142863,2.140136054421769
2026-05-29 03:00:00+02:00,-50.0,50.0,214564.9662693878,214564.9662693878,2.140136054421769
2026-05-29 03:15:00+02:00,-50.0,50.0,214556.33880000006,214577.2162693878,2.140136054421769
2026-05-29 03:30:00+02:00,-50.0,50.0,214568.58880000006,214568.58880000006,2.140136054421769
2026-05-29 03:45:00+02:00,-100.0,100.0,214580.83880000006,214580.83880000006,74.51564625850341
2026-05-29 04:00:00+02:00,-100.0,100.0,214605.33880000006,214605.33880000006,74.51564625850341
2026-05-29 04:15:00+02:00,-100.0,100.0,214629.83880000006,214629.83880000006,74.51564625850341
2026-05-29 04:30:00+02:00,-100.0,100.0,214654.33880000006,214654.33880000006,74.51564625850341
2026-05-29 04:45:00+02:00,-50.0,50.0,214678.83880000006,214678.83880000006,2.140136054421769
2026-05-29 05:00:00+02:00,-50.0,50.0,214691.08880000006,214691.08880000006,2.140136054421769
2026-05-29 05:15:00+02:00,0.0,0.0,214703.33880000006,214703.33880000006,0.0
2026-05-29 05:30:00+02:00,0.0,0.0,214703.33880000006,214703.33880000006,0.0
2026-05-29 05:45:00+02:00,0.0,0.0,214703.33880000006,214703.33880000006,0.0
2026-05-29 06:00:00+02:00,-50.0,50.0,214703.33880000006,214703.33880000006,13.823333333333336
2026-05-29 06:15:00+02:00,-50.0,50.0,214715.58880000006,214715.58880000006,13.823333333333336
2026-05-29 06:30:00+02:00,-100.0,100.0,214727.83880000006,214727.83880000006,24.322159863945586
2026-05-29 06:45:00+02:00,-100.0,100.0,214736.64960000006,214752.33880000006,24.322159863945586
2026-05-29 07:00:00+02:00,-100.0,100.0,214761.14960000006,214761.14960000006,24.322159863945586
2026-05-29 07:15:00+02:00,-100.0,100.0,214785.64960000006,214785.64960000006,24.322159863945586
2026-05-29 07:30:00+02:00,-50.0,50.0,214810.14960000006,214810.14960000006,10.498826530612249
2026-05-29 07:45:00+02:00,-50.0,50.0,214822.39960000006,214822.39960000006,10.498826530612249
2026-05-29 08:00:00+02:00,-50.0,50.0,214834.64960000006,214834.64960000006,10.498826530612249
2026-05-29 08:15:00+02:00,-50.0,50.0,214846.89960000006,214846.89960000006,10.498826530612249
2026-05-29 08:30:00+02:00,-50.0,50.0,214859.14960000006,214859.14960000006,366.66367346938773
2026-05-29 08:45:00+02:00,0.0,0.0,214871.39960000006,214871.39960000006,0.0
2026-05-29 09:00:00+02:00,-50.0,50.0,214871.39960000006,214871.39960000006,5.204421768707484
2026-05-29 09:15:00+02:00,-100.0,100.0,214858.64449795923,214883.64960000006,5.813482661357227
2026-05-29 09:30:00+02:00,-100.0,100.0,214858.13939591844,214883.14449795923,5.813482661357227
2026-05-29 09:45:00+02:00,-100.0,100.0,214857.63429387764,214882.63939591844,5.813482661357227
2026-05-29 10:00:00+02:00,-100.0,100.0,214857.1291918368,214882.13429387764,5.813482661357227
2026-05-29 10:15:00+02:00,-100.0,100.0,214856.62408979598,214881.6291918368,5.813482661357227
2026-05-29 10:30:00+02:00,-100.0,100.0,214856.11898775515,214881.12408979598,5.813482661357227
2026-05-29 10:45:00+02:00,-100.0,100.0,214869.8382938776,214880.61898775515,5.813482661357227
2026-05-29 11:00:00+02:00,-150.0,150.0,214869.3331918368,214894.3382938776,18.454182369812035
2026-05-29 11:15:00+02:00,-150.0,150.0,214906.0831918368,214906.0831918368,18.454182369812035
2026-05-29 11:30:00+02:00,-150.0,150.0,214917.82808979598,214942.8331918368,18.454182369812035
2026-05-29 11:45:00+02:00,-200.0,200.0,214954.57808979598,214954.57808979598,114.26418236981203
2026-05-29 12:00:00+02:00,-150.0,150.0,214978.57298775518,215003.57808979598,109.05976060110454
2026-05-29 12:15:00+02:00,-150.0,150.0,215015.32298775518,215015.32298775518,109.05976060110454
2026-05-29 12:30:00+02:00,-150.0,150.0,215027.06788571435,215052.07298775518,109.05976060110454
2026-05-29 12:45:00+02:00,-50.0,50.0,215063.81788571435,215063.81788571435,0.6090608926497428
2026-05-29 13:00:00+02:00,-50.0,50.0,215051.06278367355,215076.06788571435,0.6090608926497428
2026-05-29 13:15:00+02:00,-50.0,50.0,215063.31278367355,215063.31278367355,0.6090608926497428
2026-05-29 13:30:00+02:00,-50.0,50.0,215050.55768163272,215075.56278367355,0.6090608926497428
2026-05-29 13:45:00+02:00,-50.0,50.0,215062.80768163272,215062.80768163272,0.6090608926497428
2026-05-29 14:00:00+02:00,-50.0,50.0,215050.0525795919,215075.05768163272,0.6090608926497428
2026-05-29 14:15:00+02:00,-50.0,50.0,215062.3025795919,215062.3025795919,0.6090608926497428
2026-05-29 14:30:00+02:00,-50.0,50.0,215049.5474775511,215074.5525795919,0.6090608926497428
2026-05-29 14:45:00+02:00,-50.0,50.0,215061.7974775511,215061.7974775511,0.6090608926497428
2026-05-29 15:00:00+02:00,-50.0,50.0,215049.04237551027,215074.0474775511,0.6090608926497428
2026-05-29 15:15:00+02:00,-100.0,100.0,215061.29237551027,215061.29237551027,9.119020076323212
2026-05-29 15:30:00+02:00,-150.0,150.0,215035.78217142864,215085.79237551027,51.87310170897627
2026-05-29 15:45:00+02:00,-150.0,150.0,215072.53217142864,215072.53217142864,51.87310170897627
2026-05-29 16:00:00+02:00,-100.0,100.0,215070.17977142864,215109.28217142864,9.119020076323212
2026-05-29 16:15:00+02:00,-100.0,100.0,215094.67977142864,215094.67977142864,9.119020076323212
2026-05-29 16:30:00+02:00,-100.0,100.0,215094.1746693878,215119.17977142864,9.119020076323212
2026-05-29 16:45:00+02:00,-100.0,100.0,215118.6746693878,215118.6746693878,9.119020076323212
2026-05-29 17:00:00+02:00,-100.0,100.0,215118.169567347,215143.1746693878,9.119020076323212
2026-05-29 17:15:00+02:00,-100.0,100.0,215142.669567347,215142.669567347,9.119020076323212
2026-05-29 17:30:00+02:00,-100.0,100.0,215142.16446530618,215167.169567347,9.119020076323212
2026-05-29 17:45:00+02:00,-50.0,50.0,215166.66446530618,215166.66446530618,0.6090608926497428
2026-05-29 18:00:00+02:00,-50.0,50.0,215153.90936326538,215178.91446530618,0.6090608926497428
2026-05-29 18:15:00+02:00,-50.0,50.0,215166.15936326538,215166.15936326538,0.6090608926497428
2026-05-29 18:30:00+02:00,-50.0,50.0,215153.40426122455,215178.40936326538,0.6090608926497428
2026-05-29 18:45:00+02:00,-50.0,50.0,215165.65426122455,215165.65426122455,0.6090608926497428
2026-05-29 19:00:00+02:00,-100.0,100.0,215152.89915918373,215177.90426122455,17.944162933466075
2026-05-29 19:15:00+02:00,-100.0,100.0,215177.39915918373,215177.39915918373,17.944162933466075
2026-05-29 19:30:00+02:00,-100.0,100.0,215176.89405714293,215201.89915918373,17.944162933466075
2026-05-29 19:45:00+02:00,-100.0,100.0,215201.39405714293,215201.39405714293,17.944162933466075
2026-05-29 20:00:00+02:00,-150.0,150.0,215200.8889551021,215225.89405714293,49.871101708976305
2026-05-29 20:15:00+02:00,-100.0,100.0,215237.6389551021,215237.6389551021,32.535999668159974
2026-05-29 20:30:00+02:00,-100.0,100.0,215237.1338530613,215262.1389551021,59.38497925999669
2026-05-29 20:45:00+02:00,-100.0,100.0,215261.6338530613,215261.6338530613,59.38497925999669
2026-05-29 21:00:00+02:00,-150.0,150.0,215261.12875102047,215286.1338530613,79.48669354571098
2026-05-29 21:15:00+02:00,-150.0,150.0,215297.87875102047,215297.87875102047,79.48669354571098
2026-05-29 21:30:00+02:00,-100.0,100.0,215309.62364897964,215334.62875102047,20.71077517836403
2026-05-29 21:45:00+02:00,-100.0,100.0,215334.12364897964,215334.12364897964,20.71077517836403
2026-05-29 22:00:00+02:00,-100.0,100.0,215333.61854693884,215358.62364897964,20.71077517836403
2026-05-29 22:15:00+02:00,-50.0,50.0,215358.11854693884,215358.11854693884,0.6090608926497428
2026-05-29 22:30:00+02:00,-50.0,50.0,215345.36344489802,215370.36854693884,0.6090608926497428
2026-05-29 22:45:00+02:00,-50.0,50.0,215357.61344489802,215357.61344489802,0.6090608926497428
2026-05-29 23:00:00+02:00,-50.0,50.0,215344.85834285722,215369.86344489802,0.6090608926497428
2026-05-29 23:15:00+02:00,-50.0,50.0,215357.10834285722,215357.10834285722,0.6090608926497428
2026-05-29 23:30:00+02:00,-50.0,50.0,215344.3532408164,215369.35834285722,0.6090608926497428
2026-05-29 23:45:00+02:00,-50.0,50.0,215356.6032408164,215356.6032408164,0.6090608926497428
2026-05-30 00:00:00+02:00,-100.0,100.0,215343.84813877556,215368.8532408164,4.514201198772192
2026-05-30 00:15:00+02:00,-100.0,100.0,215343.34303673473,215368.34813877556,4.514201198772192
2026-05-30 00:30:00+02:00,-100.0,100.0,215342.83793469393,215367.84303673473,4.514201198772192
2026-05-30 00:45:00+02:00,-100.0,100.0,215342.33283265313,215367.33793469393,4.514201198772192
2026-05-30 01:00:00+02:00,-100.0,100.0,215341.8277306123,215366.83283265313,4.514201198772192
2026-05-30 01:15:00+02:00,-100.0,100.0,215341.32262857148,215366.3277306123,4.514201198772192
2026-05-30 01:30:00+02:00,-100.0,100.0,215340.81752653068,215365.82262857148,4.514201198772192
2026-05-30 01:45:00+02:00,-100.0,100.0,215340.31242448988,215365.31752653068,4.514201198772192
2026-05-30 02:00:00+02:00,-150.0,150.0,215339.80732244905,215364.81242448988,105.28542568856813
2026-05-30 02:15:00+02:00,-150.0,150.0,215351.55222040822,215376.55732244905,105.28542568856813
2026-05-30 02:30:00+02:00,-100.0,100.0,215363.29711836742,215388.30222040822,4.514201198772192
2026-05-30 02:45:00+02:00,-100.0,100.0,215362.7920163266,215387.79711836742,4.514201198772192
2026-05-30 03:00:00+02:00,-100.0,100.0,215362.28691428577,215387.2920163266,4.514201198772192
2026-05-30 03:15:00+02:00,-100.0,100.0,215361.78181224497,215386.78691428577,4.514201198772192
2026-05-30 03:30:00+02:00,-100.0,100.0,215361.27671020414,215386.28181224497,4.514201198772192
2026-05-30 03:45:00+02:00,-100.0,100.0,215360.7716081633,215385.77671020414,4.514201198772192
2026-05-30 04:00:00+02:00,-100.0,100.0,215360.2665061225,215385.2716081633,4.514201198772192
2026-05-30 04:15:00+02:00,-100.0,100.0,215359.7614040817,215384.7665061225,4.514201198772192
2026-05-30 04:30:00+02:00,-100.0,100.0,215359.25630204089,215384.2614040817,4.514201198772192
2026-05-30 04:45:00+02:00,-100.0,100.0,215358.75120000006,215383.75630204089,4.514201198772192
2026-05-30 05:00:00+02:00,-100.0,100.0,215358.24609795926,215383.25120000006,4.514201198772192
2026-05-30 05:15:00+02:00,-100.0,100.0,215357.74099591843,215382.74609795926,4.514201198772192
2026-05-30 05:30:00+02:00,-100.0,100.0,215357.2358938776,215382.24099591843,4.514201198772192
2026-05-30 05:45:00+02:00,-100.0,100.0,215356.7307918368,215381.7358938776,4.514201198772192
2026-05-30 06:00:00+02:00,-100.0,100.0,215356.22568979597,215381.2307918368,4.514201198772192
2026-05-30 06:15:00+02:00,-100.0,100.0,215355.72058775515,215380.72568979597,4.514201198772192
2026-05-30 06:30:00+02:00,-100.0,100.0,215355.21548571435,215380.22058775515,4.514201198772192
2026-05-30 06:45:00+02:00,-100.0,100.0,215354.71038367355,215379.71548571435,4.514201198772192
2026-05-30 07:00:00+02:00,-100.0,100.0,215354.20528163272,215379.21038367355,4.514201198772192
2026-05-30 07:15:00+02:00,-100.0,100.0,215353.7001795919,215378.70528163272,4.514201198772192
2026-05-30 07:30:00+02:00,-100.0,100.0,215353.1950775511,215378.2001795919,4.514201198772192
2026-05-30 07:45:00+02:00,-100.0,100.0,215352.6899755103,215377.6950775511,4.514201198772192
2026-05-30 08:00:00+02:00,-100.0,100.0,215352.18487346946,215377.1899755103,4.514201198772192
2026-05-30 08:15:00+02:00,-100.0,100.0,215351.67977142864,215376.68487346946,4.514201198772192
2026-05-30 08:30:00+02:00,-100.0,100.0,215351.1746693878,215376.17977142864,4.514201198772192
2026-05-30 08:45:00+02:00,-100.0,100.0,215350.66956734698,215375.6746693878,4.514201198772192
2026-05-30 09:00:00+02:00,-100.0,100.0,215350.16446530618,215375.16956734698,4.514201198772192
2026-05-30 09:15:00+02:00,-100.0,100.0,215349.65936326538,215374.66446530618,4.514201198772192
2026-05-30 09:30:00+02:00,-150.0,150.0,215349.15426122455,215374.15936326538,123.84624201509872
2026-05-30 09:45:00+02:00,-150.0,150.0,215360.89915918373,215385.90426122455,123.84624201509872
2026-05-30 10:00:00+02:00,-100.0,100.0,215372.64405714293,215397.64915918373,4.514201198772192
2026-05-30 10:15:00+02:00,-100.0,100.0,215372.13895510213,215397.14405714293,4.514201198772192
2026-05-30 10:30:00+02:00,-100.0,100.0,215371.6338530613,215396.63895510213,4.514201198772192
2026-05-30 10:45:00+02:00,-100.0,100.0,215382.17139591844,215396.1338530613,4.514201198772192
2026-05-30 11:00:00+02:00,-100.0,100.0,215381.6662938776,215406.67139591844,4.514201198772192
2026-05-30 11:15:00+02:00,-100.0,100.0,215406.1662938776,215406.1662938776,4.514201198772192
2026-05-30 11:30:00+02:00,-100.0,100.0,215405.6611918368,215430.6662938776,4.514201198772192
2026-05-30 11:45:00+02:00,-100.0,100.0,215430.1611918368,215430.1611918368,4.514201198772192
2026-05-30 12:00:00+02:00,-100.0,100.0,215429.656089796,215454.6611918368,4.514201198772192
2026-05-30 12:15:00+02:00,-100.0,100.0,215454.156089796,215454.156089796,4.514201198772192
2026-05-30 12:30:00+02:00,-100.0,100.0,215453.6509877552,215478.656089796,4.514201198772192
2026-05-30 12:45:00+02:00,-100.0,100.0,215478.1509877552,215478.1509877552,4.514201198772192
2026-05-30 13:00:00+02:00,-150.0,150.0,215477.64588571436,215502.6509877552,90.76168419196948
2026-05-30 13:15:00+02:00,-150.0,150.0,215514.39588571436,215514.39588571436,90.76168419196948
2026-05-30 13:30:00+02:00,-150.0,150.0,215526.14078367356,215551.1458857144,90.76168419196948
2026-05-30 13:45:00+02:00,-100.0,100.0,215562.89078367356,215562.89078367356,4.514201198772192
2026-05-30 14:00:00+02:00,-100.0,100.0,215562.38568163273,215587.39078367356,4.514201198772192
2026-05-30 14:15:00+02:00,-100.0,100.0,215586.88568163273,215586.88568163273,4.514201198772192
2026-05-30 14:30:00+02:00,-100.0,100.0,215586.3805795919,215611.38568163273,4.514201198772192
2026-05-30 14:45:00+02:00,-100.0,100.0,215610.88057959193,215610.88057959193,4.514201198772192
2026-05-30 15:00:00+02:00,-100.0,100.0,215610.3754775511,215635.38057959193,4.514201198772192
2026-05-30 15:15:00+02:00,-100.0,100.0,215634.8754775511,215634.8754775511,4.514201198772192
2026-05-30 15:30:00+02:00,-100.0,100.0,215634.37037551028,215659.3754775511,4.514201198772192
2026-05-30 15:45:00+02:00,-100.0,100.0,215658.8703755103,215658.8703755103,4.514201198772192
2026-05-30 16:00:00+02:00,-50.0,50.0,215658.36527346948,215683.3703755103,0.6090608926497428
2026-05-30 16:15:00+02:00,-50.0,50.0,215670.61527346948,215670.61527346948,0.6090608926497428
2026-05-30 16:30:00+02:00,-50.0,50.0,215657.86017142865,215682.86527346948,0.6090608926497428
2026-05-30 16:45:00+02:00,-50.0,50.0,215670.11017142865,215670.11017142865,0.6090608926497428
2026-05-30 17:00:00+02:00,-100.0,100.0,215657.35506938782,215682.36017142865,7.266829600132739
2026-05-30 17:15:00+02:00,-100.0,100.0,215656.84996734702,215681.85506938785,7.266829600132739
2026-05-30 17:30:00+02:00,-100.0,100.0,215656.3448653062,215681.34996734702,7.266829600132739
2026-05-30 17:45:00+02:00,-100.0,100.0,215655.8397632654,215680.8448653062,7.266829600132739
2026-05-30 18:00:00+02:00,-100.0,100.0,215655.33466122457,215680.3397632654,7.266829600132739
2026-05-30 18:15:00+02:00,-100.0,100.0,215654.82955918377,215679.8346612246,7.266829600132739
2026-05-30 18:30:00+02:00,-100.0,100.0,215654.32445714294,215679.32955918377,7.266829600132739
2026-05-30 18:45:00+02:00,-100.0,100.0,215667.95896326538,215678.82445714294,7.266829600132739
2026-05-30 19:00:00+02:00,-100.0,100.0,215667.45386122455,215692.45896326538,7.266829600132739
2026-05-30 19:15:00+02:00,-100.0,100.0,215691.95386122458,215691.95386122458,7.266829600132739
2026-05-30 19:30:00+02:00,-100.0,100.0,215691.44875918372,215716.45386122458,7.266829600132739
2026-05-30 19:45:00+02:00,-150.0,150.0,215715.94875918375,215715.94875918375,12.873462253193964
2026-05-30 20:00:00+02:00,-150.0,150.0,215714.8716571429,215752.69875918375,12.873462253193964
2026-05-30 20:15:00+02:00,-150.0,150.0,215739.43855510213,215751.62165714294,12.873462253193964
2026-05-30 20:30:00+02:00,-150.0,150.0,215738.8665551021,215776.18855510213,12.873462253193964
2026-05-30 20:45:00+02:00,-100.0,100.0,215763.3665551021,215775.6165551021,6.215693545710968
2026-05-30 21:00:00+02:00,-100.0,100.0,215750.61145306128,215787.8665551021,6.215693545710968
2026-05-30 21:15:00+02:00,-100.0,100.0,215762.86145306128,215775.1114530613,6.215693545710968
2026-05-30 21:30:00+02:00,-100.0,100.0,215750.10635102048,215787.3614530613,6.215693545710968
2026-05-30 21:45:00+02:00,-100.0,100.0,215762.35635102048,215774.60635102048,6.215693545710968
2026-05-30 22:00:00+02:00,-100.0,100.0,215749.60124897966,215786.85635102048,6.215693545710968
2026-05-30 22:15:00+02:00,-100.0,100.0,215761.85124897966,215774.10124897966,6.215693545710968
2026-05-30 22:30:00+02:00,-100.0,100.0,215749.09614693883,215786.35124897966,6.215693545710968
2026-05-30 22:45:00+02:00,-100.0,100.0,215761.34614693883,215773.59614693886,6.215693545710968
2026-05-30 23:00:00+02:00,-100.0,100.0,215748.59104489803,215785.84614693886,6.215693545710968
2026-05-30 23:15:00+02:00,-100.0,100.0,215760.84104489803,215773.09104489803,6.215693545710968
2026-05-30 23:30:00+02:00,-100.0,100.0,215748.0859428572,215785.34104489803,6.215693545710968
2026-05-30 23:45:00+02:00,-100.0,100.0,215760.3359428572,215772.58594285723,6.215693545710968
2026-05-31 00:00:00+02:00,-100.0,100.0,215747.5808408164,215784.83594285723,6.215693545710968
2026-05-31 00:15:00+02:00,-100.0,100.0,215759.8308408164,215772.0808408164,6.215693545710968
2026-05-31 00:30:00+02:00,-100.0,100.0,215747.07573877557,215784.3308408164,6.215693545710968
2026-05-31 00:45:00+02:00,-100.0,100.0,215759.32573877557,215771.57573877557,6.215693545710968
2026-05-31 01:00:00+02:00,-100.0,100.0,215746.57063673474,215783.82573877557,6.215693545710968
2026-05-31 01:15:00+02:00,-100.0,100.0,215758.82063673474,215771.07063673477,6.215693545710968
2026-05-31 01:30:00+02:00,-100.0,100.0,215746.06553469395,215783.32063673477,6.215693545710968
2026-05-31 01:45:00+02:00,-100.0,100.0,215758.31553469395,215770.56553469395,6.215693545710968
2026-05-31 02:00:00+02:00,-100.0,100.0,215745.56043265312,215782.81553469395,6.215693545710968
2026-05-31 02:15:00+02:00,-100.0,100.0,215757.81043265312,215770.06043265315,6.215693545710968
2026-05-31 02:30:00+02:00,-100.0,100.0,215745.05533061232,215782.31043265315,6.215693545710968
2026-05-31 02:45:00+02:00,-100.0,100.0,215757.30533061232,215769.55533061232,6.215693545710968
2026-05-31 03:00:00+02:00,-100.0,100.0,215744.5502285715,215781.80533061232,6.215693545710968
2026-05-31 03:15:00+02:00,-100.0,100.0,215756.8002285715,215769.05022857152,6.215693545710968
2026-05-31 03:30:00+02:00,-100.0,100.0,215744.04512653066,215781.30022857152,6.215693545710968
2026-05-31 03:45:00+02:00,-100.0,100.0,215756.29512653066,215768.5451265307,6.215693545710968
2026-05-31 04:00:00+02:00,-100.0,100.0,215743.54002448986,215780.7951265307,6.215693545710968
2026-05-31 04:15:00+02:00,-100.0,100.0,215755.79002448986,215768.04002448986,6.215693545710968
2026-05-31 04:30:00+02:00,-100.0,100.0,215743.03492244903,215780.29002448986,6.215693545710968
2026-05-31 04:45:00+02:00,-100.0,100.0,215755.28492244903,215767.53492244906,6.215693545710968
2026-05-31 05:00:00+02:00,-100.0,100.0,215742.52982040824,215779.78492244906,6.215693545710968
2026-05-31 05:15:00+02:00,-100.0,100.0,215754.77982040824,215767.02982040824,6.215693545710968
2026-05-31 05:30:00+02:00,-100.0,100.0,215742.0247183674,215779.27982040824,6.215693545710968
2026-05-31 05:45:00+02:00,-100.0,100.0,215754.2747183674,215766.52471836744,6.215693545710968
2026-05-31 06:00:00+02:00,-100.0,100.0,215741.51961632658,215778.77471836744,6.215693545710968
2026-05-31 06:15:00+02:00,-100.0,100.0,215753.76961632658,215766.0196163266,6.215693545710968
2026-05-31 06:30:00+02:00,-100.0,100.0,215741.01451428578,215778.2696163266,6.215693545710968
2026-05-31 06:45:00+02:00,-100.0,100.0,215753.26451428578,215765.51451428578,6.215693545710968
2026-05-31 07:00:00+02:00,-100.0,100.0,215740.50941224495,215777.76451428578,6.215693545710968
2026-05-31 07:15:00+02:00,-100.0,100.0,215752.75941224495,215765.00941224498,6.215693545710968
2026-05-31 07:30:00+02:00,-100.0,100.0,215740.00431020415,215777.25941224498,6.215693545710968
2026-05-31 07:45:00+02:00,-100.0,100.0,215752.25431020415,215764.50431020415,6.215693545710968
2026-05-31 08:00:00+02:00,-100.0,100.0,215739.49920816332,215776.75431020415,6.215693545710968
2026-05-31 08:15:00+02:00,-100.0,100.0,215751.74920816332,215763.99920816335,6.215693545710968
2026-05-31 08:30:00+02:00,-100.0,100.0,215738.99410612253,215776.24920816335,6.215693545710968
2026-05-31 08:45:00+02:00,-100.0,100.0,215751.24410612253,215763.49410612253,6.215693545710968
2026-05-31 09:00:00+02:00,-100.0,100.0,215738.4890040817,215775.74410612253,6.215693545710968
2026-05-31 09:15:00+02:00,-100.0,100.0,215750.7390040817,215762.9890040817,6.215693545710968
2026-05-31 09:30:00+02:00,-100.0,100.0,215737.98390204087,215775.2390040817,6.215693545710968
2026-05-31 09:45:00+02:00,-100.0,100.0,215750.23390204087,215762.48390204087,6.215693545710968
2026-05-31 10:00:00+02:00,-100.0,100.0,215737.47880000007,215774.7339020409,6.215693545710968
2026-05-31 10:15:00+02:00,-100.0,100.0,215758.22880000007,215761.97880000007,6.215693545710968
2026-05-31 10:30:00+02:00,-100.0,100.0,215757.72369795924,215782.72880000007,6.215693545710968
2026-05-31 10:45:00+02:00,-100.0,100.0,215782.22369795927,215782.22369795927,6.215693545710968
2026-05-31 11:00:00+02:00,-100.0,100.0,215781.71859591844,215806.72369795927,6.215693545710968
2026-05-31 11:15:00+02:00,-100.0,100.0,215806.21859591844,215806.21859591844,6.215693545710968
2026-05-31 11:30:00+02:00,-100.0,100.0,215805.7134938776,215830.71859591844,6.215693545710968
2026-05-31 11:45:00+02:00,-100.0,100.0,215830.2134938776,215830.2134938776,6.215693545710968
2026-05-31 12:00:00+02:00,-100.0,100.0,215829.70839183682,215854.7134938776,6.215693545710968
2026-05-31 12:15:00+02:00,-100.0,100.0,215854.20839183682,215854.20839183682,6.215693545710968
2026-05-31 12:30:00+02:00,-100.0,100.0,215853.703289796,215878.70839183682,6.215693545710968
2026-05-31 12:45:00+02:00,-100.0,100.0,215878.203289796,215878.203289796,6.215693545710968
2026-05-31 13:00:00+02:00,-100.0,100.0,215877.69818775516,215902.703289796,6.215693545710968
2026-05-31 13:15:00+02:00,-100.0,100.0,215902.19818775516,215902.19818775516,6.215693545710968
2026-05-31 13:30:00+02:00,-100.0,100.0,215901.69308571436,215926.69818775516,6.215693545710968
2026-05-31 13:45:00+02:00,-100.0,100.0,215926.19308571436,215926.19308571436,6.215693545710968
2026-05-31 14:00:00+02:00,-100.0,100.0,215925.68798367356,215950.69308571436,6.215693545710968
2026-05-31 14:15:00+02:00,-100.0,100.0,215950.18798367356,215950.18798367356,6.215693545710968
2026-05-31 14:30:00+02:00,-100.0,100.0,215949.68288163273,215974.68798367356,6.215693545710968
2026-05-31 14:45:00+02:00,-100.0,100.0,215974.18288163273,215974.18288163273,6.215693545710968
2026-05-31 15:00:00+02:00,-100.0,100.0,215973.6777795919,215998.68288163273,6.215693545710968
2026-05-31 15:15:00+02:00,-100.0,100.0,215998.1777795919,215998.1777795919,6.215693545710968
2026-05-31 15:30:00+02:00,-100.0,100.0,215997.67267755108,216022.6777795919,6.215693545710968
2026-05-31 15:45:00+02:00,-100.0,100.0,216022.17267755108,216022.17267755108,6.215693545710968
2026-05-31 16:00:00+02:00,-100.0,100.0,216021.66757551028,216046.67267755108,6.215693545710968
2026-05-31 16:15:00+02:00,-100.0,100.0,216046.16757551028,216046.16757551028,6.215693545710968
2026-05-31 16:30:00+02:00,-100.0,100.0,216045.66247346948,216070.66757551028,6.215693545710968
2026-05-31 16:45:00+02:00,-100.0,100.0,216070.16247346948,216070.16247346948,6.215693545710968
2026-05-31 17:00:00+02:00,-100.0,100.0,216069.65737142865,216094.66247346948,6.215693545710968
2026-05-31 17:15:00+02:00,-100.0,100.0,216094.15737142865,216094.15737142865,6.215693545710968
2026-05-31 17:30:00+02:00,-100.0,100.0,216093.65226938782,216118.65737142865,6.215693545710968
2026-05-31 17:45:00+02:00,-100.0,100.0,216118.15226938782,216118.15226938782,6.215693545710968
2026-05-31 18:00:00+02:00,-100.0,100.0,216117.647167347,216142.65226938782,6.215693545710968
2026-05-31 18:15:00+02:00,-100.0,100.0,216142.147167347,216142.147167347,6.215693545710968
2026-05-31 18:30:00+02:00,-100.0,100.0,216150.56120000008,216166.647167347,6.215693545710968
2026-05-31 18:45:00+02:00,-100.0,100.0,216175.06120000008,216175.06120000008,6.215693545710968
2026-05-31 19:00:00+02:00,-100.0,100.0,216199.56120000008,216199.56120000008,6.215693545710968
2026-05-31 19:15:00+02:00,-100.0,100.0,216224.06120000008,216224.06120000008,6.215693545710968
2026-05-31 19:30:00+02:00,-100.0,100.0,216248.56120000008,216248.56120000008,6.215693545710968
2026-05-31 19:45:00+02:00,-100.0,100.0,216273.06120000008,216273.06120000008,6.215693545710968
2026-05-31 20:00:00+02:00,-100.0,100.0,216297.56120000008,216297.56120000008,6.215693545710968
2026-05-31 20:15:00+02:00,-150.0,150.0,216322.06120000008,216322.06120000008,21.02932619877219
2026-05-31 20:30:00+02:00,-150.0,150.0,216358.81120000008,216358.81120000008,21.02932619877219
2026-05-31 20:45:00+02:00,-150.0,150.0,216395.56120000008,216395.56120000008,21.02932619877219
2026-05-31 21:00:00+02:00,-150.0,150.0,216432.31120000008,216432.31120000008,21.02932619877219
2026-05-31 21:15:00+02:00,-150.0,150.0,216469.06120000008,216469.06120000008,21.02932619877219
2026-05-31 21:30:00+02:00,-100.0,100.0,216505.81120000008,216505.81120000008,6.215693545710968
2026-05-31 21:45:00+02:00,-50.0,50.0,216530.31120000008,216530.31120000008,0.6090608926497428
2026-05-31 22:00:00+02:00,-50.0,50.0,216542.56120000008,216542.56120000008,0.6090608926497428
2026-05-31 22:15:00+02:00,-50.0,50.0,216554.81120000008,216554.81120000008,0.6090608926497428
2026-05-31 22:30:00+02:00,-50.0,50.0,216567.06120000008,216567.06120000008,0.6090608926497428
2026-05-31 22:45:00+02:00,-50.0,50.0,216579.31120000008,216579.31120000008,3.022594752186589
2026-05-31 23:00:00+02:00,-50.0,50.0,216566.55609795926,216591.56120000008,3.022594752186589
2026-05-31 23:15:00+02:00,-50.0,50.0,216578.80609795926,216578.80609795926,3.022594752186589
2026-05-31 23:30:00+02:00,-50.0,50.0,216566.05099591846,216591.05609795926,3.022594752186589
2026-05-31 23:45:00+02:00,-50.0,50.0,216578.30099591846,216578.30099591846,3.022594752186589
2026-06-01 00:00:00+02:00,-50.0,50.0,216565.54589387763,216590.55099591846,3.022594752186589
2026-06-01 00:15:00+02:00,-50.0,50.0,216577.79589387763,216577.79589387763,3.022594752186589
2026-06-01 00:30:00+02:00,-50.0,50.0,216565.04079183683,216590.04589387763,3.022594752186589
2026-06-01 00:45:00+02:00,-50.0,50.0,216577.29079183683,216577.29079183683,3.022594752186589
2026-06-01 01:00:00+02:00,-50.0,50.0,216564.535689796,216589.54079183683,3.022594752186589
2026-06-01 01:15:00+02:00,-50.0,50.0,216576.785689796,216576.785689796,3.022594752186589
2026-06-01 01:30:00+02:00,-50.0,50.0,216564.03058775517,216589.035689796,3.022594752186589
2026-06-01 01:45:00+02:00,-50.0,50.0,216576.28058775517,216576.28058775517,3.022594752186589
2026-06-01 02:00:00+02:00,-50.0,50.0,216563.52548571437,216588.53058775517,3.022594752186589
2026-06-01 02:15:00+02:00,-50.0,50.0,216575.77548571437,216575.77548571437,3.022594752186589
2026-06-01 02:30:00+02:00,-100.0,100.0,216563.02038367355,216588.02548571437,84.73688046647231
2026-06-01 02:45:00+02:00,-100.0,100.0,216587.52038367355,216587.52038367355,84.73688046647231
2026-06-01 03:00:00+02:00,-50.0,50.0,216587.01528163275,216612.02038367355,3.022594752186589
2026-06-01 03:15:00+02:00,-50.0,50.0,216599.26528163275,216599.26528163275,3.022594752186589
2026-06-01 03:30:00+02:00,-50.0,50.0,216586.51017959192,216611.51528163275,3.022594752186589
2026-06-01 03:45:00+02:00,-100.0,100.0,216598.76017959192,216598.76017959192,41.03919339164238
2026-06-01 04:00:00+02:00,-100.0,100.0,216613.2512000001,216623.26017959192,41.03919339164238
2026-06-01 04:15:00+02:00,-100.0,100.0,216637.7512000001,216637.7512000001,41.03919339164238
2026-06-01 04:30:00+02:00,-50.0,50.0,216662.2512000001,216662.2512000001,3.022594752186589
2026-06-01 04:45:00+02:00,-50.0,50.0,216674.5012000001,216674.5012000001,3.022594752186589
2026-06-01 05:00:00+02:00,-50.0,50.0,216686.7512000001,216686.7512000001,3.022594752186589
2026-06-01 05:15:00+02:00,-50.0,50.0,216699.0012000001,216699.0012000001,3.022594752186589
2026-06-01 05:30:00+02:00,-50.0,50.0,216711.2512000001,216711.2512000001,3.022594752186589
2026-06-01 05:45:00+02:00,0.0,0.0,216723.5012000001,216723.5012000001,0.0
2026-06-01 06:00:00+02:00,-50.0,50.0,216723.5012000001,216723.5012000001,84.80775510204083
2026-06-01 06:15:00+02:00,0.0,0.0,216735.7512000001,216735.7512000001,0.0
2026-06-01 06:30:00+02:00,0.0,0.0,216735.7512000001,216735.7512000001,0.0
2026-06-01 06:45:00+02:00,0.0,0.0,216735.7512000001,216735.7512000001,0.0
2026-06-01 07:00:00+02:00,0.0,0.0,216735.7512000001,216735.7512000001,0.0
2026-06-01 07:15:00+02:00,0.0,0.0,216735.7512000001,216735.7512000001,0.0
2026-06-01 07:30:00+02:00,0.0,0.0,216735.7512000001,216735.7512000001,0.0
2026-06-01 07:45:00+02:00,0.0,0.0,216735.7512000001,216735.7512000001,0.0
2026-06-01 08:00:00+02:00,0.0,0.0,216735.7512000001,216735.7512000001,0.0
2026-06-01 08:15:00+02:00,0.0,0.0,216735.7512000001,216735.7512000001,0.0
2026-06-01 08:30:00+02:00,0.0,0.0,216735.7512000001,216735.7512000001,0.0
2026-06-01 08:45:00+02:00,-150.0,150.0,216735.7512000001,216735.7512000001,389.179850340136
2026-06-01 09:00:00+02:00,-100.0,100.0,216772.5012000001,216772.5012000001,27.652503401360544
2026-06-01 09:15:00+02:00,-150.0,150.0,216797.0012000001,216797.0012000001,33.272287767937364
2026-06-01 09:30:00+02:00,-200.0,200.0,216808.74609795926,216833.7512000001,54.45963470671287
2026-06-01 09:45:00+02:00,-200.0,200.0,216857.74609795926,216857.74609795926,54.45963470671287
2026-06-01 10:00:00+02:00,-200.0,200.0,216881.74099591846,216906.74609795926,54.45963470671287
2026-06-01 10:15:00+02:00,-150.0,150.0,216930.74099591846,216930.74099591846,40.47092722371967
2026-06-01 10:30:00+02:00,-100.0,100.0,216942.48589387763,216967.49099591846,19.283580284944165
2026-06-01 10:45:00+02:00,-150.0,150.0,216966.98589387763,216966.98589387763,99.14178436657681
2026-06-01 11:00:00+02:00,-150.0,150.0,216978.73079183683,217003.73589387763,99.14178436657681
2026-06-01 11:15:00+02:00,-100.0,100.0,217015.48079183683,217015.48079183683,85.47798844820947
2026-06-01 11:30:00+02:00,-100.0,100.0,217014.975689796,217039.98079183683,85.47798844820947
2026-06-01 11:45:00+02:00,-100.0,100.0,217039.475689796,217039.475689796,85.47798844820947
2026-06-01 12:00:00+02:00,-50.0,50.0,217038.97058775518,217063.975689796,5.619784366576819
2026-06-01 12:15:00+02:00,-50.0,50.0,217051.22058775518,217051.22058775518,5.619784366576819
2026-06-01 12:30:00+02:00,-50.0,50.0,217038.46548571438,217063.47058775518,5.619784366576819
2026-06-01 12:45:00+02:00,-50.0,50.0,217050.71548571438,217050.71548571438,5.619784366576819
2026-06-01 13:00:00+02:00,-50.0,50.0,217037.96038367358,217062.96548571438,5.619784366576819
2026-06-01 13:15:00+02:00,-50.0,50.0,217050.21038367358,217050.21038367358,5.619784366576819
2026-06-01 13:30:00+02:00,-50.0,50.0,217037.45528163275,217062.46038367358,5.619784366576819
2026-06-01 13:45:00+02:00,-50.0,50.0,217049.70528163275,217049.70528163275,5.619784366576819
2026-06-01 14:00:00+02:00,-50.0,50.0,217036.95017959192,217061.95528163275,5.619784366576819
2026-06-01 14:15:00+02:00,-50.0,50.0,217049.20017959192,217049.20017959192,5.619784366576819
2026-06-01 14:30:00+02:00,-100.0,100.0,217036.4450775511,217061.45017959192,64.26437620331151
2026-06-01 14:45:00+02:00,-100.0,100.0,217060.9450775511,217060.9450775511,64.26437620331151
2026-06-01 15:00:00+02:00,-100.0,100.0,217060.4399755103,217085.4450775511,64.26437620331151
2026-06-01 15:15:00+02:00,-100.0,100.0,217084.9399755103,217084.9399755103,64.26437620331151
2026-06-01 15:30:00+02:00,-50.0,50.0,217084.4348734695,217109.4399755103,5.619784366576819
2026-06-01 15:45:00+02:00,-50.0,50.0,217096.6848734695,217096.6848734695,5.619784366576819
2026-06-01 16:00:00+02:00,-50.0,50.0,217083.92977142867,217108.9348734695,5.619784366576819
2026-06-01 16:15:00+02:00,-50.0,50.0,217096.17977142867,217096.17977142867,5.619784366576819
2026-06-01 16:30:00+02:00,-50.0,50.0,217101.1428000001,217108.42977142867,5.619784366576819
2026-06-01 16:45:00+02:00,-50.0,50.0,217113.3928000001,217113.3928000001,5.619784366576819
2026-06-01 17:00:00+02:00,-50.0,50.0,217125.6428000001,217125.6428000001,5.619784366576819
2026-06-01 17:15:00+02:00,-50.0,50.0,217137.8928000001,217137.8928000001,5.619784366576819
2026-06-01 17:30:00+02:00,-50.0,50.0,217150.1428000001,217150.1428000001,5.619784366576819
2026-06-01 17:45:00+02:00,-100.0,100.0,217162.3928000001,217162.3928000001,589.2932537543319
2026-06-01 18:00:00+02:00,-50.0,50.0,217186.8928000001,217186.8928000001,5.619784366576819
2026-06-01 18:15:00+02:00,-100.0,100.0,217199.1428000001,217199.1428000001,23.967976786401895
2026-06-01 18:30:00+02:00,-100.0,100.0,217223.6428000001,217223.6428000001,23.967976786401895
2026-06-01 18:45:00+02:00,-100.0,100.0,217248.1428000001,217248.1428000001,23.967976786401895
2026-06-01 19:00:00+02:00,-100.0,100.0,217272.6428000001,217272.6428000001,23.967976786401895
2026-06-01 19:15:00+02:00,-100.0,100.0,217297.1428000001,217297.1428000001,23.967976786401895
2026-06-01 19:30:00+02:00,-100.0,100.0,217321.64280000006,217321.64280000006,23.967976786401895
2026-06-01 19:45:00+02:00,-150.0,150.0,217346.1428000001,217346.1428000001,66.45940535783045
2026-06-01 20:00:00+02:00,-150.0,150.0,217382.8928000001,217382.8928000001,66.45940535783045
2026-06-01 20:15:00+02:00,-150.0,150.0,217419.6428000001,217419.6428000001,107.84185433742235
2026-06-01 20:30:00+02:00,-100.0,100.0,217456.3928000001,217456.3928000001,23.967976786401895
2026-06-01 20:45:00+02:00,-100.0,100.0,217480.8928000001,217480.8928000001,23.967976786401895
2026-06-01 21:00:00+02:00,-100.0,100.0,217505.3928000001,217505.3928000001,23.967976786401895
2026-06-01 21:15:00+02:00,-100.0,100.0,217529.8928000001,217529.8928000001,23.967976786401895
2026-06-01 21:30:00+02:00,-100.0,100.0,217554.3928000001,217554.3928000001,23.967976786401895
2026-06-01 21:45:00+02:00,-50.0,50.0,217578.8928000001,217578.8928000001,5.619784366576819
2026-06-01 22:00:00+02:00,-50.0,50.0,217591.1428000001,217591.1428000001,5.619784366576819
2026-06-01 22:15:00+02:00,-50.0,50.0,217603.3928000001,217603.3928000001,5.619784366576819
2026-06-01 22:30:00+02:00,0.0,0.0,217615.6428000001,217615.6428000001,0.0
2026-06-01 22:45:00+02:00,0.0,0.0,217615.6428000001,217615.6428000001,0.0
2026-06-01 23:00:00+02:00,0.0,0.0,217615.6428000001,217615.6428000001,0.0
2026-06-01 23:15:00+02:00,0.0,0.0,217615.6428000001,217615.6428000001,0.0
2026-06-01 23:30:00+02:00,0.0,0.0,217615.6428000001,217615.6428000001,0.0
2026-06-01 23:45:00+02:00,0.0,0.0,217615.6428000001,217615.6428000001,0.0
2026-06-02 00:00:00+02:00,0.0,0.0,217615.6428000001,217615.6428000001,0.0
2026-06-02 00:15:00+02:00,0.0,0.0,217615.6428000001,217615.6428000001,0.0
2026-06-02 00:30:00+02:00,0.0,0.0,217615.6428000001,217615.6428000001,0.0
2026-06-02 00:45:00+02:00,-50.0,50.0,217615.6428000001,217615.6428000001,16.447918367346944
2026-06-02 01:00:00+02:00,-50.0,50.0,217627.8928000001,217627.8928000001,16.447918367346944
2026-06-02 01:15:00+02:00,-50.0,50.0,217640.1428000001,217640.1428000001,16.447918367346944
2026-06-02 01:30:00+02:00,-50.0,50.0,217652.3928000001,217652.3928000001,16.447918367346944
2026-06-02 01:45:00+02:00,-50.0,50.0,217664.6428000001,217664.6428000001,16.447918367346944
2026-06-02 02:00:00+02:00,-50.0,50.0,217676.8928000001,217676.8928000001,16.447918367346944
2026-06-02 02:15:00+02:00,-50.0,50.0,217689.1428000001,217689.1428000001,16.447918367346944
2026-06-02 02:30:00+02:00,-50.0,50.0,217701.3928000001,217701.3928000001,16.447918367346944
2026-06-02 02:45:00+02:00,-50.0,50.0,217713.6428000001,217713.6428000001,16.447918367346944
2026-06-02 03:00:00+02:00,-50.0,50.0,217725.8928000001,217725.8928000001,16.447918367346944
2026-06-02 03:15:00+02:00,0.0,0.0,217738.1428000001,217738.1428000001,0.0
2026-06-02 03:30:00+02:00,0.0,0.0,217738.1428000001,217738.1428000001,0.0
2026-06-02 03:45:00+02:00,-50.0,50.0,217738.1428000001,217738.1428000001,47.4234693877551
2026-06-02 04:00:00+02:00,-50.0,50.0,217750.3928000001,217750.3928000001,47.4234693877551
2026-06-02 04:15:00+02:00,0.0,0.0,217762.6428000001,217762.6428000001,0.0
2026-06-02 04:30:00+02:00,0.0,0.0,217762.6428000001,217762.6428000001,0.0
2026-06-02 04:45:00+02:00,0.0,0.0,217762.6428000001,217762.6428000001,0.0
2026-06-02 05:00:00+02:00,-50.0,50.0,217762.6428000001,217762.6428000001,0.8906952049112328
2026-06-02 05:15:00+02:00,-50.0,50.0,217749.88769795926,217774.8928000001,0.8906952049112328
2026-06-02 05:30:00+02:00,-50.0,50.0,217762.13769795926,217762.13769795926,0.8906952049112328
2026-06-02 05:45:00+02:00,-50.0,50.0,217749.38259591846,217774.38769795926,0.8906952049112328
2026-06-02 06:00:00+02:00,-50.0,50.0,217761.63259591846,217761.63259591846,0.8906952049112328
2026-06-02 06:15:00+02:00,-50.0,50.0,217748.87749387763,217773.88259591846,0.8906952049112328
2026-06-02 06:30:00+02:00,-50.0,50.0,217761.12749387763,217761.12749387763,0.8906952049112328
2026-06-02 06:45:00+02:00,-50.0,50.0,217748.37239183683,217773.37749387763,0.8906952049112328
2026-06-02 07:00:00+02:00,-50.0,50.0,217760.62239183683,217760.62239183683,0.8906952049112328
2026-06-02 07:15:00+02:00,-50.0,50.0,217747.867289796,217772.87239183683,0.8906952049112328
2026-06-02 07:30:00+02:00,-50.0,50.0,217760.117289796,217760.117289796,0.8906952049112328
2026-06-02 07:45:00+02:00,-50.0,50.0,217747.36218775518,217772.367289796,0.8906952049112328
2026-06-02 08:00:00+02:00,-50.0,50.0,217759.61218775518,217759.61218775518,0.8906952049112328
2026-06-02 08:15:00+02:00,-100.0,100.0,217746.85708571438,217771.86218775518,5.4218445067372265
2026-06-02 08:30:00+02:00,-100.0,100.0,217746.35198367355,217771.35708571438,5.4218445067372265
2026-06-02 08:45:00+02:00,-150.0,150.0,217745.84688163272,217770.85198367355,90.17123226183926
2026-06-02 09:00:00+02:00,-100.0,100.0,217757.59177959192,217782.59688163275,5.4218445067372265
2026-06-02 09:15:00+02:00,-150.0,150.0,217757.08667755112,217782.09177959192,448.78021185367606
2026-06-02 09:30:00+02:00,-100.0,100.0,217768.83157551032,217793.83667755112,5.4218445067372265
2026-06-02 09:45:00+02:00,-100.0,100.0,217768.3264734695,217793.33157551032,5.4218445067372265
2026-06-02 10:00:00+02:00,-100.0,100.0,217767.82137142867,217792.8264734695,5.4218445067372265
2026-06-02 10:15:00+02:00,-150.0,150.0,217767.31626938784,217792.32137142867,21.691742465920907
2026-06-02 10:30:00+02:00,-150.0,150.0,217779.061167347,217804.06626938784,21.691742465920907
2026-06-02 10:45:00+02:00,-150.0,150.0,217790.8060653062,217815.811167347,21.691742465920907
2026-06-02 11:00:00+02:00,-150.0,150.0,217802.55096326538,217827.5560653062,21.691742465920907
2026-06-02 11:15:00+02:00,-100.0,100.0,217814.29586122456,217839.30096326538,5.4218445067372265
2026-06-02 11:30:00+02:00,-100.0,100.0,217813.79075918376,217838.7958612246,5.4218445067372265
2026-06-02 11:45:00+02:00,-150.0,150.0,217813.28565714296,217838.29075918376,19.47864722782566
2026-06-02 12:00:00+02:00,-200.0,200.0,217825.03055510216,217850.03565714296,266.9561982482338
2026-06-02 12:15:00+02:00,-200.0,200.0,217849.02545306133,217874.03055510216,266.9561982482338
2026-06-02 12:30:00+02:00,-150.0,150.0,217873.0203510205,217898.02545306133,19.47864722782566
2026-06-02 12:45:00+02:00,-150.0,150.0,217884.7652489797,217909.7703510205,19.47864722782566
2026-06-02 13:00:00+02:00,-150.0,150.0,217896.51014693888,217921.5152489797,19.47864722782566
2026-06-02 13:15:00+02:00,-100.0,100.0,217908.25504489805,217933.26014693888,5.4218445067372265
2026-06-02 13:30:00+02:00,-100.0,100.0,217907.74994285722,217932.75504489805,5.4218445067372265
2026-06-02 13:45:00+02:00,-100.0,100.0,217907.2448408164,217932.24994285722,5.4218445067372265
2026-06-02 14:00:00+02:00,-100.0,100.0,217906.7397387756,217931.74484081642,5.4218445067372265
2026-06-02 14:15:00+02:00,-100.0,100.0,217906.2346367348,217931.2397387756,5.4218445067372265
2026-06-02 14:30:00+02:00,-150.0,150.0,217905.729534694,217930.7346367348,14.593856168544807
2026-06-02 14:45:00+02:00,-150.0,150.0,217894.64443265318,217942.479534694,14.593856168544807
2026-06-02 15:00:00+02:00,-150.0,150.0,217906.38933061235,217931.39443265318,14.593856168544807
2026-06-02 15:15:00+02:00,-150.0,150.0,217918.13422857155,217943.13933061235,14.593856168544807
2026-06-02 15:30:00+02:00,-150.0,150.0,217929.87912653072,217954.88422857155,14.593856168544807
2026-06-02 15:45:00+02:00,-150.0,150.0,217941.6240244899,217966.62912653072,14.593856168544807
2026-06-02 16:00:00+02:00,-150.0,150.0,217953.36892244907,217978.3740244899,14.593856168544807
2026-06-02 16:15:00+02:00,-100.0,100.0,217965.11382040824,217990.11892244907,5.4218445067372265
2026-06-02 16:30:00+02:00,-100.0,100.0,217964.60871836744,217989.61382040827,5.4218445067372265
2026-06-02 16:45:00+02:00,-100.0,100.0,217964.10361632664,217989.10871836744,5.4218445067372265
2026-06-02 17:00:00+02:00,-150.0,150.0,217968.5503510205,217988.60361632664,26.82320505095492
2026-06-02 17:15:00+02:00,-150.0,150.0,217980.29524897967,218005.3003510205,26.82320505095492
2026-06-02 17:30:00+02:00,-150.0,150.0,218017.0452489797,218017.0452489797,26.82320505095492
2026-06-02 17:45:00+02:00,-100.0,100.0,218028.7901469389,218053.7952489797,5.4218445067372265
2026-06-02 18:00:00+02:00,-100.0,100.0,218053.2901469389,218053.2901469389,5.4218445067372265
2026-06-02 18:15:00+02:00,-100.0,100.0,218052.78504489808,218077.7901469389,5.4218445067372265
2026-06-02 18:30:00+02:00,-100.0,100.0,218077.28504489808,218077.28504489808,5.4218445067372265
2026-06-02 18:45:00+02:00,-150.0,150.0,218076.77994285725,218101.78504489808,33.49653838428825
2026-06-02 19:00:00+02:00,-150.0,150.0,218113.52994285725,218113.52994285725,33.49653838428825
2026-06-02 19:15:00+02:00,-200.0,200.0,218125.27484081645,218150.27994285725,38.55653838428825
2026-06-02 19:30:00+02:00,-150.0,150.0,218149.26973877562,218174.27484081645,10.481844506737227
2026-06-02 19:45:00+02:00,-150.0,150.0,218161.0146367348,218186.01973877562,10.481844506737227
2026-06-02 20:00:00+02:00,-150.0,150.0,218172.759534694,218197.7646367348,10.481844506737227
2026-06-02 20:15:00+02:00,-150.0,150.0,218184.5044326532,218209.509534694,10.481844506737227
2026-06-02 20:30:00+02:00,-200.0,200.0,218196.24933061237,218221.2544326532,165.3498717176216
2026-06-02 20:45:00+02:00,-200.0,200.0,218220.24422857154,218245.24933061237,165.3498717176216
2026-06-02 21:00:00+02:00,-200.0,200.0,218249.473934694,218269.24422857154,165.3498717176216
2026-06-02 21:15:00+02:00,-200.0,200.0,218273.46883265316,218298.473934694,13.102903180206617
2026-06-02 21:30:00+02:00,-200.0,200.0,218297.46373061233,218322.46883265316,13.102903180206617
2026-06-02 21:45:00+02:00,-200.0,200.0,218321.45862857153,218346.46373061233,13.102903180206617
2026-06-02 22:00:00+02:00,-200.0,200.0,218345.45352653073,218370.45862857153,13.102903180206617
2026-06-02 22:15:00+02:00,-200.0,200.0,218369.4484244899,218394.45352653073,13.102903180206617
2026-06-02 22:30:00+02:00,-150.0,150.0,218393.44332244908,218418.4484244899,17.459666979104785
2026-06-02 22:45:00+02:00,-150.0,150.0,218405.18822040828,218430.19332244908,17.459666979104785
2026-06-02 23:00:00+02:00,-150.0,150.0,218416.93311836748,218441.93822040828,17.459666979104785
2026-06-02 23:15:00+02:00,-150.0,150.0,218428.67801632665,218453.68311836748,17.459666979104785
2026-06-02 23:30:00+02:00,-150.0,150.0,218440.42291428582,218465.42801632665,17.459666979104785
2026-06-02 23:45:00+02:00,-150.0,150.0,218452.16781224502,218477.17291428582,17.459666979104785
2026-06-03 00:00:00+02:00,-200.0,200.0,218463.9127102042,218488.91781224502,21.487013917880297
2026-06-03 00:15:00+02:00,-200.0,200.0,218462.90250612254,218512.9127102042,21.487013917880297
2026-06-03 00:30:00+02:00,-200.0,200.0,218486.89740408174,218511.90250612254,21.487013917880297
2026-06-03 00:45:00+02:00,-200.0,200.0,218485.8872000001,218535.89740408174,21.487013917880297
2026-06-03 01:00:00+02:00,-200.0,200.0,218509.8820979593,218534.8872000001,21.487013917880297
2026-06-03 01:15:00+02:00,-200.0,200.0,218508.87189387766,218558.8820979593,21.487013917880297
2026-06-03 01:30:00+02:00,-200.0,200.0,218532.86679183686,218557.87189387766,21.487013917880297
2026-06-03 01:45:00+02:00,-250.0,250.0,218531.85658775523,218581.86679183686,38.93885065257418
2026-06-03 02:00:00+02:00,-250.0,250.0,218568.1014857144,218593.10658775523,38.93885065257418
2026-06-03 02:15:00+02:00,-250.0,250.0,218579.34128163278,218629.3514857144,38.93885065257418
2026-06-03 02:30:00+02:00,-250.0,250.0,218615.58617959195,218640.59128163278,38.93885065257418
2026-06-03 02:45:00+02:00,-250.0,250.0,218626.8259755103,218676.83617959195,38.93885065257418
2026-06-03 03:00:00+02:00,-250.0,250.0,218663.0708734695,218688.0759755103,38.93885065257418
2026-06-03 03:15:00+02:00,-200.0,200.0,218674.97918367357,218724.3208734695,21.487013917880297
2026-06-03 03:30:00+02:00,-250.0,250.0,218714.23680816335,218723.97918367357,106.586605754615
2026-06-03 03:45:00+02:00,-250.0,250.0,218750.48170612255,218775.48680816335,106.586605754615
2026-06-03 04:00:00+02:00,-250.0,250.0,218811.73170612255,218811.73170612255,106.586605754615
2026-06-03 04:15:00+02:00,-250.0,250.0,218847.97660408172,218872.98170612255,106.586605754615
2026-06-03 04:30:00+02:00,-200.0,200.0,218909.22660408172,218909.22660408172,21.487013917880297
2026-06-03 04:45:00+02:00,-200.0,200.0,218933.22150204092,218958.22660408172,21.487013917880297
2026-06-03 05:00:00+02:00,-200.0,200.0,218982.22150204092,218982.22150204092,21.487013917880297
2026-06-03 05:15:00+02:00,-100.0,100.0,219006.2164000001,219031.22150204092,14.838608305635395
2026-06-03 05:30:00+02:00,-100.0,100.0,219030.7164000001,219030.7164000001,14.838608305635395
2026-06-03 05:45:00+02:00,-100.0,100.0,219030.21129795926,219055.2164000001,14.838608305635395
2026-06-03 06:00:00+02:00,-150.0,150.0,219054.71129795926,219054.71129795926,57.35922055053338
2026-06-03 06:15:00+02:00,-100.0,100.0,219066.45619591846,219091.46129795926,43.411307449809215
2026-06-03 06:30:00+02:00,-50.0,50.0,219090.95619591846,219090.95619591846,0.8906952049112328
2026-06-03 06:45:00+02:00,-50.0,50.0,219078.20109387764,219103.20619591846,0.8906952049112328
2026-06-03 07:00:00+02:00,-50.0,50.0,219090.45109387764,219090.45109387764,0.8906952049112328
2026-06-03 07:15:00+02:00,-100.0,100.0,219077.69599183684,219102.70109387764,5.807021735523479
2026-06-03 07:30:00+02:00,-100.0,100.0,219077.190889796,219102.19599183684,5.807021735523479
2026-06-03 07:45:00+02:00,-150.0,150.0,219076.68578775518,219101.690889796,10.0248305432571
2026-06-03 08:00:00+02:00,-150.0,150.0,219063.42558367355,219113.43578775518,10.0248305432571
2026-06-03 08:15:00+02:00,-150.0,150.0,219075.17048163273,219100.17558367355,10.0248305432571
2026-06-03 08:30:00+02:00,-150.0,150.0,219061.9102775511,219111.92048163273,10.0248305432571
2026-06-03 08:45:00+02:00,-150.0,150.0,219074.555289796,219098.6602775511,10.0248305432571
2026-06-03 09:00:00+02:00,-150.0,150.0,219064.69949387762,219111.305289796,10.0248305432571
2026-06-03 09:15:00+02:00,-200.0,200.0,219101.44949387762,219101.44949387762,14.766055033053018
2026-06-03 09:30:00+02:00,-200.0,200.0,219100.439289796,219150.44949387762,14.766055033053018
2026-06-03 09:45:00+02:00,-200.0,200.0,219149.439289796,219149.439289796,14.766055033053018
2026-06-03 10:00:00+02:00,-200.0,200.0,219148.42908571436,219198.439289796,14.766055033053018
2026-06-03 10:15:00+02:00,-200.0,200.0,219197.42908571436,219197.42908571436,14.766055033053018
2026-06-03 10:30:00+02:00,-150.0,150.0,219196.4188816327,219246.42908571436,9.84972850244077
2026-06-03 10:45:00+02:00,-200.0,200.0,219233.1688816327,219233.1688816327,59.882218298359135
2026-06-03 11:00:00+02:00,-200.0,200.0,219232.1586775511,219282.1688816327,59.882218298359135
2026-06-03 11:15:00+02:00,-200.0,200.0,219281.1586775511,219281.1586775511,59.882218298359135
2026-06-03 11:30:00+02:00,-250.0,250.0,219280.14847346945,219330.1586775511,91.80915707386937
2026-06-03 11:45:00+02:00,-200.0,200.0,219341.39847346945,219341.39847346945,90.91846186895813
2026-06-03 12:00:00+02:00,-100.0,100.0,219340.38826938783,219390.39847346945,8.959033297529539
2026-06-03 12:15:00+02:00,-100.0,100.0,219364.88826938783,219364.88826938783,8.959033297529539
2026-06-03 12:30:00+02:00,-100.0,100.0,219339.3780653062,219389.38826938783,8.959033297529539
2026-06-03 12:45:00+02:00,-100.0,100.0,219363.8780653062,219363.8780653062,8.959033297529539
2026-06-03 13:00:00+02:00,-100.0,100.0,219338.36786122454,219388.3780653062,8.959033297529539
2026-06-03 13:15:00+02:00,-100.0,100.0,219362.86786122454,219362.86786122454,8.959033297529539
2026-06-03 13:30:00+02:00,-100.0,100.0,219337.35765714294,219387.36786122454,8.959033297529539
2026-06-03 13:45:00+02:00,-100.0,100.0,219361.85765714294,219361.85765714294,8.959033297529539
2026-06-03 14:00:00+02:00,-100.0,100.0,219336.3474530613,219386.35765714294,8.959033297529539
2026-06-03 14:15:00+02:00,-100.0,100.0,219360.8474530613,219360.8474530613,8.959033297529539
2026-06-03 14:30:00+02:00,-100.0,100.0,219335.33724897966,219385.3474530613,8.959033297529539
2026-06-03 14:45:00+02:00,-100.0,100.0,219359.83724897966,219359.83724897966,8.959033297529539
2026-06-03 15:00:00+02:00,-100.0,100.0,219334.32704489803,219384.33724897966,8.959033297529539
2026-06-03 15:15:00+02:00,-150.0,150.0,219358.82704489803,219358.82704489803,13.524193647383768
2026-06-03 15:30:00+02:00,-150.0,150.0,219320.56173877555,219395.57704489803,13.524193647383768
2026-06-03 15:45:00+02:00,-150.0,150.0,219357.31173877555,219357.31173877555,13.524193647383768
2026-06-03 16:00:00+02:00,-150.0,150.0,219319.04643265315,219394.06173877555,13.524193647383768
2026-06-03 16:15:00+02:00,-150.0,150.0,219355.79643265315,219355.79643265315,13.524193647383768
2026-06-03 16:30:00+02:00,-150.0,150.0,219317.53112653067,219392.54643265315,13.524193647383768
2026-06-03 16:45:00+02:00,-150.0,150.0,219354.28112653067,219354.28112653067,13.524193647383768
2026-06-03 17:00:00+02:00,-150.0,150.0,219333.16399183683,219391.03112653067,13.524193647383768
2026-06-03 17:15:00+02:00,-150.0,150.0,219369.91399183683,219369.91399183683,13.524193647383768
2026-06-03 17:30:00+02:00,-150.0,150.0,219397.81840000008,219406.66399183683,13.524193647383768
2026-06-03 17:45:00+02:00,-150.0,150.0,219434.56840000008,219434.56840000008,13.524193647383768
2026-06-03 18:00:00+02:00,-150.0,150.0,219471.31840000005,219471.31840000005,13.524193647383768
2026-06-03 18:15:00+02:00,-150.0,150.0,219508.06840000005,219508.06840000005,13.524193647383768
2026-06-03 18:30:00+02:00,-150.0,150.0,219544.81840000008,219544.81840000008,13.524193647383768
2026-06-03 18:45:00+02:00,-100.0,100.0,219581.56840000008,219581.56840000008,8.959033297529539
2026-06-03 19:00:00+02:00,-100.0,100.0,219606.06840000008,219606.06840000008,8.959033297529539
2026-06-03 19:15:00+02:00,-100.0,100.0,219630.56840000008,219630.56840000008,8.959033297529539
2026-06-03 19:30:00+02:00,-150.0,150.0,219655.06840000008,219655.06840000008,36.994815610454715
2026-06-03 19:45:00+02:00,-150.0,150.0,219691.81840000008,219691.81840000008,36.994815610454715
2026-06-03 20:00:00+02:00,-150.0,150.0,219728.56840000008,219728.56840000008,36.994815610454715
2026-06-03 20:15:00+02:00,-100.0,100.0,219765.31840000008,219765.31840000008,8.959033297529539
2026-06-03 20:30:00+02:00,-100.0,100.0,219789.81840000008,219789.81840000008,8.959033297529539
2026-06-03 20:45:00+02:00,-100.0,100.0,219814.31840000008,219814.31840000008,8.959033297529539
2026-06-03 21:00:00+02:00,-100.0,100.0,219838.81840000008,219838.81840000008,8.959033297529539
2026-06-03 21:15:00+02:00,-100.0,100.0,219863.31840000008,219863.31840000008,8.959033297529539
2026-06-03 21:30:00+02:00,-100.0,100.0,219887.81840000008,219887.81840000008,8.959033297529539
2026-06-03 21:45:00+02:00,-100.0,100.0,219912.31840000008,219912.31840000008,8.959033297529539
2026-06-03 22:00:00+02:00,-50.0,50.0,219936.81840000008,219936.81840000008,4.741224489795918
2026-06-03 22:15:00+02:00,0.0,0.0,219949.06840000008,219949.06840000008,0.0
2026-06-03 22:30:00+02:00,0.0,0.0,219949.06840000008,219949.06840000008,0.0
2026-06-03 22:45:00+02:00,0.0,0.0,219949.06840000008,219949.06840000008,0.0
2026-06-03 23:00:00+02:00,0.0,0.0,219949.06840000008,219949.06840000008,0.0
2026-06-03 23:15:00+02:00,0.0,0.0,219949.06840000008,219949.06840000008,0.0
2026-06-03 23:30:00+02:00,0.0,0.0,219949.06840000008,219949.06840000008,0.0
2026-06-03 23:45:00+02:00,0.0,0.0,219949.06840000008,219949.06840000008,0.0
2026-06-04 00:00:00+02:00,0.0,0.0,219949.06840000008,219949.06840000008,0.0
2026-06-04 00:15:00+02:00,0.0,0.0,219949.06840000008,219949.06840000008,0.0
2026-06-04 00:30:00+02:00,0.0,0.0,219949.06840000008,219949.06840000008,0.0
2026-06-04 00:45:00+02:00,0.0,0.0,219949.06840000008,219949.06840000008,0.0
2026-06-04 01:00:00+02:00,-50.0,50.0,219949.06840000008,219949.06840000008,27.140816326530615
2026-06-04 01:15:00+02:00,-50.0,50.0,219961.31840000008,219961.31840000008,27.140816326530615
2026-06-04 01:30:00+02:00,-50.0,50.0,219973.56840000008,219973.56840000008,27.140816326530615
2026-06-04 01:45:00+02:00,-50.0,50.0,219985.81840000008,219985.81840000008,27.140816326530615
2026-06-04 02:00:00+02:00,-50.0,50.0,219998.06840000008,219998.06840000008,27.140816326530615
2026-06-04 02:15:00+02:00,-50.0,50.0,220010.31840000005,220010.31840000005,27.140816326530615
2026-06-04 02:30:00+02:00,0.0,0.0,220022.56840000005,220022.56840000005,0.0
2026-06-04 02:45:00+02:00,0.0,0.0,220022.56840000005,220022.56840000005,0.0
2026-06-04 03:00:00+02:00,0.0,0.0,220022.56840000005,220022.56840000005,0.0
2026-06-04 03:15:00+02:00,0.0,0.0,220022.56840000005,220022.56840000005,0.0
2026-06-04 03:30:00+02:00,0.0,0.0,220022.56840000005,220022.56840000005,0.0
2026-06-04 03:45:00+02:00,0.0,0.0,220022.56840000005,220022.56840000005,0.0
2026-06-04 04:00:00+02:00,-50.0,50.0,220022.56840000005,220022.56840000005,100.36265306122449
2026-06-04 04:15:00+02:00,-50.0,50.0,220034.81840000005,220034.81840000005,100.36265306122449
2026-06-04 04:30:00+02:00,0.0,0.0,220047.06840000005,220047.06840000005,0.0
2026-06-04 04:45:00+02:00,0.0,0.0,220047.06840000005,220047.06840000005,0.0
2026-06-04 05:00:00+02:00,0.0,0.0,220047.06840000005,220047.06840000005,0.0
2026-06-04 05:15:00+02:00,0.0,0.0,220047.06840000005,220047.06840000005,0.0
2026-06-04 05:30:00+02:00,0.0,0.0,220047.06840000005,220047.06840000005,0.0
2026-06-04 05:45:00+02:00,0.0,0.0,220047.06840000005,220047.06840000005,0.0
2026-06-04 06:00:00+02:00,0.0,0.0,220047.06840000005,220047.06840000005,0.0
2026-06-04 06:15:00+02:00,0.0,0.0,220047.06840000005,220047.06840000005,0.0
2026-06-04 06:30:00+02:00,0.0,0.0,220047.06840000005,220047.06840000005,0.0
2026-06-04 06:45:00+02:00,0.0,0.0,220047.06840000005,220047.06840000005,0.0
2026-06-04 07:00:00+02:00,-50.0,50.0,220047.06840000005,220047.06840000005,5.13138014527845
2026-06-04 07:15:00+02:00,-50.0,50.0,220034.31329795925,220059.31840000005,5.13138014527845
2026-06-04 07:30:00+02:00,-50.0,50.0,220046.56329795925,220046.56329795925,5.13138014527845
2026-06-04 07:45:00+02:00,-50.0,50.0,220033.80819591842,220058.81329795925,5.13138014527845
2026-06-04 08:00:00+02:00,-50.0,50.0,220046.05819591842,220046.05819591842,5.13138014527845
2026-06-04 08:15:00+02:00,-50.0,50.0,220033.30309387762,220058.30819591842,5.13138014527845
2026-06-04 08:30:00+02:00,-100.0,100.0,220045.55309387762,220045.55309387762,232.61811483915602
2026-06-04 08:45:00+02:00,-100.0,100.0,220045.0479918368,220070.05309387762,232.61811483915602
2026-06-04 09:00:00+02:00,-50.0,50.0,220069.5479918368,220069.5479918368,5.13138014527845
2026-06-04 09:15:00+02:00,-50.0,50.0,220056.79288979596,220081.7979918368,5.13138014527845
2026-06-04 09:30:00+02:00,-100.0,100.0,220069.04288979596,220069.04288979596,26.377094430992727
2026-06-04 09:45:00+02:00,-150.0,150.0,220068.53778775517,220093.54288979596,32.53601687997232
2026-06-04 10:00:00+02:00,-150.0,150.0,220080.28268571434,220105.28778775517,32.53601687997232
2026-06-04 10:15:00+02:00,-150.0,150.0,220092.0275836735,220117.03268571434,32.53601687997232
2026-06-04 10:30:00+02:00,-150.0,150.0,220103.7724816327,220128.7775836735,21.818312798339676
2026-06-04 10:45:00+02:00,-150.0,150.0,220100.0569795919,220140.5224816327,21.818312798339676
2026-06-04 11:00:00+02:00,-200.0,200.0,220111.80187755107,220136.8069795919,179.48797266228524
2026-06-04 11:15:00+02:00,-200.0,200.0,220135.79677551024,220160.80187755107,179.48797266228524
2026-06-04 11:30:00+02:00,-250.0,250.0,220159.79167346944,220184.79677551024,184.2771670768932
2026-06-04 11:45:00+02:00,-200.0,200.0,220171.0314693878,220221.04167346944,26.607507212947624
2026-06-04 12:00:00+02:00,-200.0,200.0,220195.02636734696,220220.0314693878,26.607507212947624
2026-06-04 12:15:00+02:00,-200.0,200.0,220194.01616326536,220244.02636734696,26.607507212947624
2026-06-04 12:30:00+02:00,-150.0,150.0,220218.01106122453,220243.01616326536,16.07949700886599
2026-06-04 12:45:00+02:00,-150.0,150.0,220204.7508571429,220254.76106122453,16.07949700886599
2026-06-04 13:00:00+02:00,-150.0,150.0,220216.4957551021,220241.5008571429,16.07949700886599
2026-06-04 13:15:00+02:00,-150.0,150.0,220203.23555102048,220253.2457551021,16.07949700886599
2026-06-04 13:30:00+02:00,-150.0,150.0,220214.98044897965,220239.98555102048,16.07949700886599
2026-06-04 13:45:00+02:00,-150.0,150.0,220201.720244898,220251.73044897965,16.07949700886599
2026-06-04 14:00:00+02:00,-150.0,150.0,220213.4651428572,220238.470244898,16.07949700886599
2026-06-04 14:15:00+02:00,-150.0,150.0,220206.6603510205,220250.2151428572,16.07949700886599
2026-06-04 14:30:00+02:00,-150.0,150.0,220218.40524897963,220243.41035102046,16.07949700886599
2026-06-04 14:45:00+02:00,-150.0,150.0,220230.15014693883,220255.15524897963,16.07949700886599
2026-06-04 15:00:00+02:00,-150.0,150.0,220241.895044898,220266.90014693883,16.07949700886599
2026-06-04 15:15:00+02:00,-150.0,150.0,220253.6399428572,220278.645044898,16.07949700886599
2026-06-04 15:30:00+02:00,-200.0,200.0,220265.3848408164,220290.3899428572,47.97725211090679
2026-06-04 15:45:00+02:00,-200.0,200.0,220313.41797551027,220314.3848408164,47.97725211090679
2026-06-04 16:00:00+02:00,-150.0,150.0,220351.76640000005,220362.41797551027,16.07949700886599
2026-06-04 16:15:00+02:00,-100.0,100.0,220388.51640000005,220388.51640000005,11.29030259425804
2026-06-04 16:30:00+02:00,-100.0,100.0,220413.01640000005,220413.01640000005,11.29030259425804
2026-06-04 16:45:00+02:00,-100.0,100.0,220437.51640000005,220437.51640000005,11.29030259425804
2026-06-04 17:00:00+02:00,-100.0,100.0,220462.01640000005,220462.01640000005,11.29030259425804
2026-06-04 17:15:00+02:00,-150.0,150.0,220486.51640000005,220486.51640000005,18.289520281332873
2026-06-04 17:30:00+02:00,-150.0,150.0,220498.26129795922,220523.26640000005,18.289520281332873
2026-06-04 17:45:00+02:00,-150.0,150.0,220535.01129795922,220535.01129795922,18.289520281332873
2026-06-04 18:00:00+02:00,-150.0,150.0,220546.75619591842,220571.76129795922,18.289520281332873
2026-06-04 18:15:00+02:00,-150.0,150.0,220583.50619591842,220583.50619591842,18.289520281332873
2026-06-04 18:30:00+02:00,-150.0,150.0,220605.57720000006,220620.25619591842,18.289520281332873
2026-06-04 18:45:00+02:00,-200.0,200.0,220642.32720000006,220642.32720000006,28.372479465006336
2026-06-04 19:00:00+02:00,-200.0,200.0,220672.37760000007,220691.32720000006,28.372479465006336
2026-06-04 19:15:00+02:00,-200.0,200.0,220721.37760000007,220721.37760000007,28.372479465006336
2026-06-04 19:30:00+02:00,-200.0,200.0,220770.37760000007,220770.37760000007,28.372479465006336
2026-06-04 19:45:00+02:00,-200.0,200.0,220819.37760000007,220819.37760000007,28.372479465006336
2026-06-04 20:00:00+02:00,-200.0,200.0,220868.37760000007,220868.37760000007,28.372479465006336
2026-06-04 20:15:00+02:00,-150.0,150.0,220917.37760000007,220917.37760000007,21.373261777931504
2026-06-04 20:30:00+02:00,-150.0,150.0,220954.12760000004,220954.12760000004,21.373261777931504
2026-06-04 20:45:00+02:00,-100.0,100.0,220990.87760000004,220990.87760000004,11.29030259425804
2026-06-04 21:00:00+02:00,-100.0,100.0,221015.37760000007,221015.37760000007,11.29030259425804
2026-06-04 21:15:00+02:00,-100.0,100.0,221039.87760000007,221039.87760000007,11.29030259425804
2026-06-04 21:30:00+02:00,-100.0,100.0,221064.37760000007,221064.37760000007,11.29030259425804
2026-06-04 21:45:00+02:00,-50.0,50.0,221088.87760000007,221088.87760000007,6.158922448979592
2026-06-04 22:00:00+02:00,-50.0,50.0,221101.12760000007,221101.12760000007,6.158922448979592
2026-06-04 22:15:00+02:00,0.0,0.0,221113.37760000007,221113.37760000007,0.0
2026-06-04 22:30:00+02:00,0.0,0.0,221113.37760000007,221113.37760000007,0.0
2026-06-04 22:45:00+02:00,0.0,0.0,221113.37760000007,221113.37760000007,0.0
2026-06-04 23:00:00+02:00,-50.0,50.0,221113.37760000007,221113.37760000007,97.41510204081636
2026-06-04 23:15:00+02:00,0.0,0.0,221125.62760000007,221125.62760000007,0.0
2026-06-04 23:30:00+02:00,0.0,0.0,221125.62760000007,221125.62760000007,0.0
2026-06-04 23:45:00+02:00,0.0,0.0,221125.62760000007,221125.62760000007,0.0
2026-06-05 00:00:00+02:00,0.0,0.0,221125.62760000007,221125.62760000007,0.0
2026-06-05 00:15:00+02:00,0.0,0.0,221125.62760000007,221125.62760000007,0.0
2026-06-05 00:30:00+02:00,0.0,0.0,221125.62760000007,221125.62760000007,0.0
2026-06-05 00:45:00+02:00,-50.0,50.0,221125.62760000007,221125.62760000007,23.096793002915454
2026-06-05 01:00:00+02:00,-50.0,50.0,221137.87760000007,221137.87760000007,23.096793002915454
2026-06-05 01:15:00+02:00,-50.0,50.0,221150.12760000007,221150.12760000007,23.096793002915454
2026-06-05 01:30:00+02:00,-50.0,50.0,221162.37760000007,221162.37760000007,23.096793002915454
2026-06-05 01:45:00+02:00,-50.0,50.0,221174.62760000007,221174.62760000007,23.096793002915454
2026-06-05 02:00:00+02:00,-50.0,50.0,221186.87760000007,221186.87760000007,23.096793002915454
2026-06-05 02:15:00+02:00,-50.0,50.0,221199.12760000007,221199.12760000007,23.096793002915454
2026-06-05 02:30:00+02:00,0.0,0.0,221211.37760000007,221211.37760000007,0.0
2026-06-05 02:45:00+02:00,0.0,0.0,221211.37760000007,221211.37760000007,0.0
2026-06-05 03:00:00+02:00,0.0,0.0,221211.37760000007,221211.37760000007,0.0
2026-06-05 03:15:00+02:00,0.0,0.0,221211.37760000007,221211.37760000007,0.0
2026-06-05 03:30:00+02:00,0.0,0.0,221211.37760000007,221211.37760000007,0.0
2026-06-05 03:45:00+02:00,-50.0,50.0,221211.37760000007,221211.37760000007,9.814052478134116
2026-06-05 04:00:00+02:00,-50.0,50.0,221198.62249795924,221223.62760000007,9.814052478134116
2026-06-05 04:15:00+02:00,-50.0,50.0,221210.87249795924,221210.87249795924,9.814052478134116
2026-06-05 04:30:00+02:00,-50.0,50.0,221211.27640000006,221223.12249795924,9.814052478134116
2026-06-05 04:45:00+02:00,-50.0,50.0,221223.52640000006,221223.52640000006,9.814052478134116
2026-06-05 05:00:00+02:00,-50.0,50.0,221235.77640000006,221235.77640000006,9.814052478134116
2026-06-05 05:15:00+02:00,-50.0,50.0,221248.02640000006,221248.02640000006,9.814052478134116
2026-06-05 05:30:00+02:00,-50.0,50.0,221260.27640000006,221260.27640000006,9.814052478134116
2026-06-05 05:45:00+02:00,-50.0,50.0,221272.52640000006,221272.52640000006,9.814052478134116
2026-06-05 06:00:00+02:00,-50.0,50.0,221284.77640000006,221284.77640000006,9.814052478134116
2026-06-05 06:15:00+02:00,-50.0,50.0,221297.02640000006,221297.02640000006,9.814052478134116
2026-06-05 06:30:00+02:00,-50.0,50.0,221309.27640000006,221309.27640000006,9.814052478134116
2026-06-05 06:45:00+02:00,-100.0,100.0,221321.52640000006,221321.52640000006,10.05551131261848
2026-06-05 07:00:00+02:00,-100.0,100.0,221321.02129795923,221346.02640000006,10.05551131261848
2026-06-05 07:15:00+02:00,-50.0,50.0,221345.52129795923,221345.52129795923,0.24145883448436417
2026-06-05 07:30:00+02:00,-50.0,50.0,221332.76619591843,221357.77129795923,0.24145883448436417
2026-06-05 07:45:00+02:00,-50.0,50.0,221345.01619591843,221345.01619591843,0.24145883448436417
2026-06-05 08:00:00+02:00,-100.0,100.0,221332.2610938776,221357.26619591843,4.694600353387007
2026-06-05 08:15:00+02:00,-100.0,100.0,221331.75599183678,221356.7610938776,4.694600353387007
2026-06-05 08:30:00+02:00,-100.0,100.0,221331.25088979598,221356.25599183678,4.694600353387007
2026-06-05 08:45:00+02:00,-100.0,100.0,221330.74578775515,221355.75088979598,4.694600353387007
2026-06-05 09:00:00+02:00,-150.0,150.0,221330.24068571432,221355.24578775515,36.62153912889723
2026-06-05 09:15:00+02:00,-150.0,150.0,221341.98558367352,221366.99068571432,36.62153912889723
2026-06-05 09:30:00+02:00,-150.0,150.0,221353.7304816327,221378.73558367352,5.3263551208677695
2026-06-05 09:45:00+02:00,-150.0,150.0,221340.47027755104,221390.4804816327,5.3263551208677695
2026-06-05 10:00:00+02:00,-150.0,150.0,221352.21517551024,221377.22027755104,5.3263551208677695
2026-06-05 10:15:00+02:00,-200.0,200.0,221338.95497142864,221388.96517551024,33.63451838617389
2026-06-05 10:30:00+02:00,-200.0,200.0,221362.9498693878,221387.95497142864,33.63451838617389
2026-06-05 10:45:00+02:00,-200.0,200.0,221361.93966530616,221411.9498693878,33.63451838617389
2026-06-05 11:00:00+02:00,-150.0,150.0,221385.93456326536,221410.93966530616,5.3263551208677695
2026-06-05 11:15:00+02:00,-150.0,150.0,221372.67435918373,221422.68456326536,5.3263551208677695
2026-06-05 11:30:00+02:00,-200.0,200.0,221384.4192571429,221409.42435918373,462.92635512086775
2026-06-05 11:45:00+02:00,-150.0,150.0,221383.40905306127,221433.4192571429,5.3263551208677695
2026-06-05 12:00:00+02:00,-150.0,150.0,221395.15395102045,221420.15905306127,5.3263551208677695
2026-06-05 12:15:00+02:00,-150.0,150.0,221381.8937469388,221431.90395102045,5.3263551208677695
2026-06-05 12:30:00+02:00,-150.0,150.0,221393.638644898,221418.6437469388,5.3263551208677695
2026-06-05 12:45:00+02:00,-150.0,150.0,221380.3784408164,221430.388644898,5.3263551208677695
2026-06-05 13:00:00+02:00,-150.0,150.0,221392.12333877556,221417.1284408164,5.3263551208677695
2026-06-05 13:15:00+02:00,-150.0,150.0,221378.8631346939,221428.87333877556,5.3263551208677695
2026-06-05 13:30:00+02:00,-150.0,150.0,221390.6080326531,221415.6131346939,5.3263551208677695
2026-06-05 13:45:00+02:00,-150.0,150.0,221377.3478285715,221427.3580326531,5.3263551208677695
2026-06-05 14:00:00+02:00,-150.0,150.0,221389.09272653068,221414.0978285715,5.3263551208677695
2026-06-05 14:15:00+02:00,-200.0,200.0,221375.83252244903,221425.84272653068,47.96370205964329
2026-06-05 14:30:00+02:00,-200.0,200.0,221399.82742040823,221424.83252244903,47.96370205964329
2026-06-05 14:45:00+02:00,-150.0,150.0,221398.81721632657,221448.82742040823,5.3263551208677695
2026-06-05 15:00:00+02:00,-150.0,150.0,221410.56211428574,221435.56721632657,5.3263551208677695
2026-06-05 15:15:00+02:00,-150.0,150.0,221397.30191020414,221447.31211428574,5.3263551208677695
2026-06-05 15:30:00+02:00,-150.0,150.0,221409.04680816332,221434.05191020414,5.3263551208677695
2026-06-05 15:45:00+02:00,-150.0,150.0,221395.78660408166,221445.79680816332,5.3263551208677695
2026-06-05 16:00:00+02:00,-150.0,150.0,221407.53150204086,221432.53660408166,5.3263551208677695
2026-06-05 16:15:00+02:00,-150.0,150.0,221394.27129795926,221444.28150204086,5.3263551208677695
2026-06-05 16:30:00+02:00,-150.0,150.0,221406.01619591843,221431.02129795926,5.3263551208677695
2026-06-05 16:45:00+02:00,-150.0,150.0,221392.75599183678,221442.76619591843,5.3263551208677695
2026-06-05 17:00:00+02:00,-150.0,150.0,221404.50088979598,221429.50599183678,5.3263551208677695
2026-06-05 17:15:00+02:00,-150.0,150.0,221391.24068571435,221441.25088979598,5.3263551208677695
2026-06-05 17:30:00+02:00,-150.0,150.0,221402.98558367352,221427.99068571435,5.3263551208677695
2026-06-05 17:45:00+02:00,-150.0,150.0,221408.78622040822,221439.73558367352,5.3263551208677695
2026-06-05 18:00:00+02:00,-150.0,150.0,221420.5311183674,221445.53622040822,5.3263551208677695
2026-06-05 18:15:00+02:00,-150.0,150.0,221432.27601632656,221457.2811183674,5.3263551208677695
2026-06-05 18:30:00+02:00,-150.0,150.0,221444.02091428576,221469.02601632656,5.3263551208677695
2026-06-05 18:45:00+02:00,-150.0,150.0,221455.76581224496,221480.77091428576,5.3263551208677695
2026-06-05 19:00:00+02:00,-150.0,150.0,221467.51071020414,221492.51581224496,5.3263551208677695
2026-06-05 19:15:00+02:00,-150.0,150.0,221479.2556081633,221504.26071020414,5.3263551208677695
2026-06-05 19:30:00+02:00,-150.0,150.0,221491.0005061225,221516.0056081633,5.3263551208677695
2026-06-05 19:45:00+02:00,-150.0,150.0,221502.7454040817,221527.7505061225,5.3263551208677695
2026-06-05 20:00:00+02:00,-150.0,150.0,221514.49030204088,221539.4954040817,5.3263551208677695
2026-06-05 20:15:00+02:00,-200.0,200.0,221526.23520000005,221551.24030204088,26.192681651480015
2026-06-05 20:30:00+02:00,-200.0,200.0,221550.23009795923,221575.23520000005,26.192681651480015
2026-06-05 20:45:00+02:00,-200.0,200.0,221574.2249959184,221599.23009795923,26.192681651480015
2026-06-05 21:00:00+02:00,-250.0,250.0,221598.2198938776,221623.2249959184,26.589692397807532
2026-06-05 21:15:00+02:00,-200.0,200.0,221609.45968979597,221659.4698938776,5.723365867195286
2026-06-05 21:30:00+02:00,-200.0,200.0,221633.45458775514,221658.45968979597,5.723365867195286
2026-06-05 21:45:00+02:00,-200.0,200.0,221632.44438367352,221682.45458775514,5.723365867195286
2026-06-05 22:00:00+02:00,-200.0,200.0,221656.43928163272,221681.44438367352,5.723365867195286
2026-06-05 22:15:00+02:00,-200.0,200.0,221655.4290775511,221705.43928163272,5.723365867195286
2026-06-05 22:30:00+02:00,-200.0,200.0,221679.42397551026,221704.4290775511,5.723365867195286
2026-06-05 22:45:00+02:00,-250.0,250.0,221678.4137714286,221728.42397551023,10.036712805970799
2026-06-05 23:00:00+02:00,-250.0,250.0,221689.65356734695,221739.6637714286,10.036712805970799
2026-06-05 23:15:00+02:00,-200.0,200.0,221700.8933632653,221750.90356734695,5.583571287068155
2026-06-05 23:30:00+02:00,-200.0,200.0,221699.8831591837,221749.8933632653,5.583571287068155
2026-06-05 23:45:00+02:00,-200.0,200.0,221698.87295510207,221748.8831591837,5.583571287068155
2026-06-06 00:00:00+02:00,-200.0,200.0,221697.8627510204,221747.87295510207,5.583571287068155
2026-06-06 00:15:00+02:00,-200.0,200.0,221696.85254693878,221746.8627510204,5.583571287068155
2026-06-06 00:30:00+02:00,-200.0,200.0,221695.84234285718,221745.85254693878,5.583571287068155
2026-06-06 00:45:00+02:00,-200.0,200.0,221694.83213877556,221744.84234285718,5.583571287068155
2026-06-06 01:00:00+02:00,-200.0,200.0,221693.8219346939,221743.83213877556,5.583571287068155
2026-06-06 01:15:00+02:00,-200.0,200.0,221692.81173061227,221742.8219346939,5.583571287068155
2026-06-06 01:30:00+02:00,-200.0,200.0,221691.80152653065,221741.81173061227,5.583571287068155
2026-06-06 01:45:00+02:00,-200.0,200.0,221690.791322449,221740.80152653065,5.583571287068155
2026-06-06 02:00:00+02:00,-200.0,200.0,221704.35843265307,221739.791322449,5.583571287068155
2026-06-06 02:15:00+02:00,-200.0,200.0,221703.34822857144,221753.35843265307,5.583571287068155
2026-06-06 02:30:00+02:00,-200.0,200.0,221727.3431265306,221752.34822857144,5.583571287068155
2026-06-06 02:45:00+02:00,-200.0,200.0,221726.332922449,221776.3431265306,5.583571287068155
2026-06-06 03:00:00+02:00,-250.0,250.0,221750.3278204082,221775.332922449,33.78472774965319
2026-06-06 03:15:00+02:00,-250.0,250.0,221761.56761632656,221811.5778204082,33.78472774965319
2026-06-06 03:30:00+02:00,-250.0,250.0,221797.81251428573,221822.81761632656,33.78472774965319
2026-06-06 03:45:00+02:00,-200.0,200.0,221809.0523102041,221859.06251428573,29.471380810877683
2026-06-06 04:00:00+02:00,-200.0,200.0,221833.0472081633,221858.0523102041,29.471380810877683
2026-06-06 04:15:00+02:00,-250.0,250.0,221832.03700408168,221882.0472081633,32.599870606796046
2026-06-06 04:30:00+02:00,-200.0,200.0,221843.27680000002,221893.28700408168,4.398714144211011
2026-06-06 04:45:00+02:00,-200.0,200.0,221842.2665959184,221892.27680000002,4.398714144211011
2026-06-06 05:00:00+02:00,-200.0,200.0,221841.25639183677,221891.2665959184,4.398714144211011
2026-06-06 05:15:00+02:00,-200.0,200.0,221840.2461877551,221890.25639183677,4.398714144211011
2026-06-06 05:30:00+02:00,-200.0,200.0,221839.23598367348,221889.2461877551,4.398714144211011
2026-06-06 05:45:00+02:00,-200.0,200.0,221838.22577959186,221888.23598367348,4.398714144211011
2026-06-06 06:00:00+02:00,-200.0,200.0,221837.21557551023,221887.22577959186,4.398714144211011
2026-06-06 06:15:00+02:00,-200.0,200.0,221836.2053714286,221886.21557551023,4.398714144211011
2026-06-06 06:30:00+02:00,-200.0,200.0,221835.19516734697,221885.2053714286,4.398714144211011
2026-06-06 06:45:00+02:00,-200.0,200.0,221834.18496326535,221884.19516734697,4.398714144211011
2026-06-06 07:00:00+02:00,-200.0,200.0,221833.1747591837,221883.18496326535,4.398714144211011
2026-06-06 07:15:00+02:00,-200.0,200.0,221832.16455510206,221882.1747591837,4.398714144211011
2026-06-06 07:30:00+02:00,-200.0,200.0,221831.15435102044,221881.16455510206,4.398714144211011
2026-06-06 07:45:00+02:00,-200.0,200.0,221830.14414693878,221880.15435102044,4.398714144211011
2026-06-06 08:00:00+02:00,-200.0,200.0,221845.49315918368,221879.14414693878,4.398714144211011
2026-06-06 08:15:00+02:00,-200.0,200.0,221844.48295510205,221894.49315918368,4.398714144211011
2026-06-06 08:30:00+02:00,-200.0,200.0,221868.47785306122,221893.48295510205,4.398714144211011
2026-06-06 08:45:00+02:00,-200.0,200.0,221867.4676489796,221917.47785306122,4.398714144211011
2026-06-06 09:00:00+02:00,-200.0,200.0,221891.4625469388,221916.4676489796,4.398714144211011
2026-06-06 09:15:00+02:00,-150.0,150.0,221890.45234285717,221940.4625469388,1.2702243482926436
2026-06-06 09:30:00+02:00,-200.0,200.0,221902.19724081634,221927.20234285717,58.878795776864074
2026-06-06 09:45:00+02:00,-200.0,200.0,221901.18703673471,221951.19724081634,58.878795776864074
2026-06-06 10:00:00+02:00,-200.0,200.0,221925.1819346939,221950.18703673471,58.878795776864074
2026-06-06 10:15:00+02:00,-200.0,200.0,221924.17173061223,221974.1819346939,58.878795776864074
2026-06-06 10:30:00+02:00,-150.0,150.0,221948.16662857143,221973.17173061223,1.2702243482926436
2026-06-06 10:45:00+02:00,-150.0,150.0,221934.9064244898,221984.91662857143,1.2702243482926436
2026-06-06 11:00:00+02:00,-150.0,150.0,221946.65132244898,221971.6564244898,1.2702243482926436
2026-06-06 11:15:00+02:00,-150.0,150.0,221933.39111836735,221983.40132244898,1.2702243482926436
2026-06-06 11:30:00+02:00,-150.0,150.0,221945.13601632655,221970.14111836735,1.2702243482926436
2026-06-06 11:45:00+02:00,-150.0,150.0,221931.87581224492,221981.88601632655,1.2702243482926436
2026-06-06 12:00:00+02:00,-150.0,150.0,221943.6207102041,221968.62581224492,1.2702243482926436
2026-06-06 12:15:00+02:00,-150.0,150.0,221930.36050612247,221980.3707102041,1.2702243482926436
2026-06-06 12:30:00+02:00,-150.0,150.0,221942.10540408164,221967.11050612247,1.2702243482926436
2026-06-06 12:45:00+02:00,-150.0,150.0,221928.84519999998,221978.85540408164,1.2702243482926436
2026-06-06 13:00:00+02:00,-150.0,150.0,221940.59009795918,221965.59519999998,1.2702243482926436
2026-06-06 13:15:00+02:00,-150.0,150.0,221927.32989387756,221977.34009795918,1.2702243482926436
2026-06-06 13:30:00+02:00,-150.0,150.0,221939.07479183673,221964.07989387756,1.2702243482926436
2026-06-06 13:45:00+02:00,-150.0,150.0,221925.8145877551,221975.82479183673,1.2702243482926436
2026-06-06 14:00:00+02:00,-200.0,200.0,221937.5594857143,221962.5645877551,132.65512230747635
2026-06-06 14:15:00+02:00,-200.0,200.0,221936.54928163267,221986.5594857143,132.65512230747635
2026-06-06 14:30:00+02:00,-150.0,150.0,221960.54417959185,221985.54928163267,1.2702243482926436
2026-06-06 14:45:00+02:00,-200.0,200.0,221947.28397551022,221997.29417959185,58.99553047074161
2026-06-06 15:00:00+02:00,-200.0,200.0,221971.27887346942,221996.28397551022,58.99553047074161
2026-06-06 15:15:00+02:00,-200.0,200.0,221970.26866938776,222020.27887346942,58.99553047074161
2026-06-06 15:30:00+02:00,-200.0,200.0,221994.26356734693,222019.26866938776,58.99553047074161
2026-06-06 15:45:00+02:00,-150.0,150.0,221993.25336326534,222043.26356734693,1.2702243482926436
2026-06-06 16:00:00+02:00,-150.0,150.0,222004.9982612245,222030.00336326534,1.2702243482926436
2026-06-06 16:15:00+02:00,-150.0,150.0,221991.73805714285,222041.7482612245,1.2702243482926436
2026-06-06 16:30:00+02:00,-150.0,150.0,222003.48295510205,222028.48805714285,1.2702243482926436
2026-06-06 16:45:00+02:00,-150.0,150.0,221990.22275102042,222040.23295510205,1.2702243482926436
2026-06-06 17:00:00+02:00,-150.0,150.0,222001.9676489796,222026.97275102042,1.2702243482926436
2026-06-06 17:15:00+02:00,-150.0,150.0,221988.70744489797,222038.7176489796,1.2702243482926436
2026-06-06 17:30:00+02:00,-150.0,150.0,222000.45234285717,222025.45744489797,1.2702243482926436
2026-06-06 17:45:00+02:00,-150.0,150.0,221987.19213877554,222037.20234285717,1.2702243482926436
2026-06-06 18:00:00+02:00,-150.0,150.0,221998.93703673471,222023.94213877554,1.2702243482926436
2026-06-06 18:15:00+02:00,-150.0,150.0,221985.6768326531,222035.68703673471,1.2702243482926436
2026-06-06 18:30:00+02:00,-150.0,150.0,221997.42173061226,222022.4268326531,1.2702243482926436
2026-06-06 18:45:00+02:00,-150.0,150.0,221984.1615265306,222034.17173061226,1.2702243482926436
2026-06-06 19:00:00+02:00,-150.0,150.0,221995.9064244898,222020.9115265306,1.2702243482926436
2026-06-06 19:15:00+02:00,-150.0,150.0,221982.64622040818,222032.6564244898,1.2702243482926436
2026-06-06 19:30:00+02:00,-150.0,150.0,221994.39111836735,222019.39622040818,1.2702243482926436
2026-06-06 19:45:00+02:00,-150.0,150.0,221981.13091428572,222031.14111836735,1.2702243482926436
2026-06-06 20:00:00+02:00,-150.0,150.0,221992.87581224492,222017.88091428572,1.2702243482926436
2026-06-06 20:15:00+02:00,-150.0,150.0,221979.6156081633,222029.62581224492,1.2702243482926436
2026-06-06 20:30:00+02:00,-150.0,150.0,221991.36050612247,222016.3656081633,1.2702243482926436
2026-06-06 20:45:00+02:00,-150.0,150.0,221978.10030204084,222028.11050612247,1.2702243482926436
2026-06-06 21:00:00+02:00,-150.0,150.0,221989.8452,222014.85030204084,1.2702243482926436
2026-06-06 21:15:00+02:00,-150.0,150.0,221976.58499591835,222026.5952,1.2702243482926436
2026-06-06 21:30:00+02:00,-150.0,150.0,221988.32989387756,222013.33499591835,1.2702243482926436
2026-06-06 21:45:00+02:00,-200.0,200.0,221975.06968979593,222025.07989387756,1.9585980070344902
2026-06-06 22:00:00+02:00,-200.0,200.0,221974.0594857143,222024.06968979593,1.9585980070344902
2026-06-06 22:15:00+02:00,-200.0,200.0,221973.04928163267,222023.0594857143,1.9585980070344902
2026-06-06 22:30:00+02:00,-200.0,200.0,221972.03907755105,222022.04928163267,1.9585980070344902
2026-06-06 22:45:00+02:00,-200.0,200.0,221971.02887346942,222021.03907755105,1.9585980070344902
2026-06-06 23:00:00+02:00,-200.0,200.0,221970.0186693878,222020.02887346942,1.9585980070344902
2026-06-06 23:15:00+02:00,-200.0,200.0,221969.00846530616,222019.0186693878,1.9585980070344902
2026-06-06 23:30:00+02:00,-200.0,200.0,221967.9982612245,222018.00846530616,1.9585980070344902
2026-06-06 23:45:00+02:00,-200.0,200.0,221966.98805714285,222016.9982612245,1.9585980070344902
2026-06-07 00:00:00+02:00,-200.0,200.0,221965.97785306122,222015.98805714285,1.9585980070344902
2026-06-07 00:15:00+02:00,-200.0,200.0,221964.9676489796,222014.97785306122,1.9585980070344902
2026-06-07 00:30:00+02:00,-200.0,200.0,221963.95744489797,222013.9676489796,1.9585980070344902
2026-06-07 00:45:00+02:00,-200.0,200.0,221962.94724081634,222012.95744489797,1.9585980070344902
2026-06-07 01:00:00+02:00,-200.0,200.0,221961.93703673471,222011.94724081634,1.9585980070344902
2026-06-07 01:15:00+02:00,-200.0,200.0,221960.9268326531,222010.93703673471,1.9585980070344902
2026-06-07 01:30:00+02:00,-200.0,200.0,221959.91662857146,222009.9268326531,1.9585980070344902
2026-06-07 01:45:00+02:00,-200.0,200.0,221958.90642448983,222008.91662857146,1.9585980070344902
2026-06-07 02:00:00+02:00,-200.0,200.0,221957.8962204082,222007.90642448983,1.9585980070344902
2026-06-07 02:15:00+02:00,-200.0,200.0,221956.88601632655,222006.8962204082,1.9585980070344902
2026-06-07 02:30:00+02:00,-200.0,200.0,221955.8758122449,222005.88601632655,1.9585980070344902
2026-06-07 02:45:00+02:00,-200.0,200.0,221954.86560816327,222004.8758122449,1.9585980070344902
2026-06-07 03:00:00+02:00,-200.0,200.0,221953.85540408164,222003.86560816327,1.9585980070344902
2026-06-07 03:15:00+02:00,-200.0,200.0,221952.8452,222002.85540408164,1.9585980070344902
2026-06-07 03:30:00+02:00,-200.0,200.0,221951.83499591838,222001.8452,1.9585980070344902
2026-06-07 03:45:00+02:00,-200.0,200.0,221950.82479183676,222000.83499591838,1.9585980070344902
2026-06-07 04:00:00+02:00,-200.0,200.0,221949.81458775513,221999.82479183676,1.9585980070344902
2026-06-07 04:15:00+02:00,-200.0,200.0,221948.8043836735,221998.81458775513,1.9585980070344902
2026-06-07 04:30:00+02:00,-200.0,200.0,221947.79417959187,221997.8043836735,1.9585980070344902
2026-06-07 04:45:00+02:00,-200.0,200.0,221946.78397551025,221996.79417959187,1.9585980070344902
2026-06-07 05:00:00+02:00,-200.0,200.0,221945.7737714286,221995.78397551025,1.9585980070344902
2026-06-07 05:15:00+02:00,-200.0,200.0,221944.76356734696,221994.7737714286,1.9585980070344902
2026-06-07 05:30:00+02:00,-200.0,200.0,221943.75336326534,221993.76356734696,1.9585980070344902
2026-06-07 05:45:00+02:00,-200.0,200.0,221942.74315918368,221992.75336326534,1.9585980070344902
2026-06-07 06:00:00+02:00,-200.0,200.0,221941.73295510205,221991.74315918368,1.9585980070344902
2026-06-07 06:15:00+02:00,-200.0,200.0,221940.72275102042,221990.73295510205,1.9585980070344902
2026-06-07 06:30:00+02:00,-200.0,200.0,221939.7125469388,221989.72275102042,1.9585980070344902
2026-06-07 06:45:00+02:00,-200.0,200.0,221938.70234285717,221988.7125469388,1.9585980070344902
2026-06-07 07:00:00+02:00,-200.0,200.0,221937.69213877554,221987.70234285717,1.9585980070344902
2026-06-07 07:15:00+02:00,-200.0,200.0,221936.68193469392,221986.69213877554,1.9585980070344902
2026-06-07 07:30:00+02:00,-200.0,200.0,221935.6717306123,221985.68193469392,1.9585980070344902
2026-06-07 07:45:00+02:00,-200.0,200.0,221934.66152653066,221984.6717306123,1.9585980070344902
2026-06-07 08:00:00+02:00,-200.0,200.0,221933.651322449,221983.66152653066,1.9585980070344902
2026-06-07 08:15:00+02:00,-200.0,200.0,221932.64111836735,221982.651322449,1.9585980070344902
2026-06-07 08:30:00+02:00,-200.0,200.0,221931.63091428572,221981.64111836735,1.9585980070344902
2026-06-07 08:45:00+02:00,-200.0,200.0,221930.6207102041,221980.63091428572,1.9585980070344902
2026-06-07 09:00:00+02:00,-200.0,200.0,221929.61050612247,221979.6207102041,1.9585980070344902
2026-06-07 09:15:00+02:00,-200.0,200.0,221928.60030204084,221978.61050612247,1.9585980070344902
2026-06-07 09:30:00+02:00,-200.0,200.0,221927.5900979592,221977.60030204084,1.9585980070344902
2026-06-07 09:45:00+02:00,-200.0,200.0,221926.57989387758,221976.5900979592,1.9585980070344902
2026-06-07 10:00:00+02:00,-200.0,200.0,221925.56968979596,221975.57989387758,1.9585980070344902
2026-06-07 10:15:00+02:00,-200.0,200.0,221924.55948571433,221974.56968979596,1.9585980070344902
2026-06-07 10:30:00+02:00,-200.0,200.0,221923.54928163267,221973.55948571433,1.9585980070344902
2026-06-07 10:45:00+02:00,-200.0,200.0,221922.53907755102,221972.54928163267,1.9585980070344902
2026-06-07 11:00:00+02:00,-200.0,200.0,221921.5288734694,221971.53907755102,1.9585980070344902
2026-06-07 11:15:00+02:00,-200.0,200.0,221920.51866938776,221970.5288734694,1.9585980070344902
2026-06-07 11:30:00+02:00,-200.0,200.0,221919.50846530613,221969.51866938776,1.9585980070344902
2026-06-07 11:45:00+02:00,-200.0,200.0,221918.4982612245,221968.50846530613,1.9585980070344902
2026-06-07 12:00:00+02:00,-200.0,200.0,221917.48805714288,221967.4982612245,1.9585980070344902
2026-06-07 12:15:00+02:00,-200.0,200.0,221916.47785306125,221966.48805714288,1.9585980070344902
2026-06-07 12:30:00+02:00,-200.0,200.0,221915.46764897963,221965.47785306125,1.9585980070344902
2026-06-07 12:45:00+02:00,-200.0,200.0,221914.457444898,221964.46764897963,1.9585980070344902
2026-06-07 13:00:00+02:00,-200.0,200.0,221913.44724081634,221963.457444898,1.9585980070344902
2026-06-07 13:15:00+02:00,-200.0,200.0,221912.4370367347,221962.44724081634,1.9585980070344902
2026-06-07 13:30:00+02:00,-200.0,200.0,221911.42683265306,221961.4370367347,1.9585980070344902
2026-06-07 13:45:00+02:00,-200.0,200.0,221910.41662857143,221960.42683265306,1.9585980070344902
2026-06-07 14:00:00+02:00,-200.0,200.0,221909.4064244898,221959.41662857143,1.9585980070344902
2026-06-07 14:15:00+02:00,-200.0,200.0,221908.39622040818,221958.4064244898,1.9585980070344902
2026-06-07 14:30:00+02:00,-200.0,200.0,221907.38601632655,221957.39622040818,1.9585980070344902
2026-06-07 14:45:00+02:00,-200.0,200.0,221906.37581224492,221956.38601632655,1.9585980070344902
2026-06-07 15:00:00+02:00,-200.0,200.0,221905.3656081633,221955.37581224492,1.9585980070344902
2026-06-07 15:15:00+02:00,-200.0,200.0,221904.35540408167,221954.3656081633,1.9585980070344902
2026-06-07 15:30:00+02:00,-200.0,200.0,221903.34520000004,221953.35540408167,1.9585980070344902
2026-06-07 15:45:00+02:00,-200.0,200.0,221902.33499591838,221952.34520000004,1.9585980070344902
2026-06-07 16:00:00+02:00,-200.0,200.0,221901.32479183673,221951.33499591838,1.9585980070344902
2026-06-07 16:15:00+02:00,-200.0,200.0,221900.31458775513,221950.32479183673,1.9585980070344902
2026-06-07 16:30:00+02:00,-200.0,200.0,221899.3043836735,221949.31458775513,1.9585980070344902
2026-06-07 16:45:00+02:00,-200.0,200.0,221898.29417959185,221948.3043836735,1.9585980070344902
2026-06-07 17:00:00+02:00,-200.0,200.0,221897.28397551022,221947.29417959185,1.9585980070344902
2026-06-07 17:15:00+02:00,-200.0,200.0,221896.2737714286,221946.28397551022,1.9585980070344902
2026-06-07 17:30:00+02:00,-200.0,200.0,221895.26356734696,221945.2737714286,1.9585980070344902
2026-06-07 17:45:00+02:00,-200.0,200.0,221894.25336326534,221944.26356734696,1.9585980070344902
2026-06-07 18:00:00+02:00,-200.0,200.0,221893.2431591837,221943.25336326534,1.9585980070344902
2026-06-07 18:15:00+02:00,-200.0,200.0,221904.87978775514,221942.2431591837,1.9585980070344902
2026-06-07 18:30:00+02:00,-200.0,200.0,221903.8695836735,221953.87978775514,1.9585980070344902
2026-06-07 18:45:00+02:00,-200.0,200.0,221927.8644816327,221952.8695836735,1.9585980070344902
2026-06-07 19:00:00+02:00,-200.0,200.0,221926.85427755106,221976.8644816327,1.9585980070344902
2026-06-07 19:15:00+02:00,-200.0,200.0,221950.84917551023,221975.85427755106,1.9585980070344902
2026-06-07 19:30:00+02:00,-200.0,200.0,221949.8389714286,221999.84917551023,1.9585980070344902
2026-06-07 19:45:00+02:00,-200.0,200.0,221973.83386938777,221998.8389714286,1.9585980070344902
2026-06-07 20:00:00+02:00,-200.0,200.0,221975.2400571429,222022.83386938777,1.9585980070344902
2026-06-07 20:15:00+02:00,-250.0,250.0,221999.2349551021,222024.2400571429,20.592373517238574
2026-06-07 20:30:00+02:00,-250.0,250.0,222035.4798530613,222060.4849551021,20.592373517238574
2026-06-07 20:45:00+02:00,-250.0,250.0,222071.72475102046,222096.7298530613,20.592373517238574
2026-06-07 21:00:00+02:00,-250.0,250.0,222107.96964897963,222132.97475102046,20.592373517238574
2026-06-07 21:15:00+02:00,-200.0,200.0,222144.2145469388,222169.2196489796,1.9585980070344902
2026-06-07 21:30:00+02:00,-200.0,200.0,222168.20944489798,222193.2145469388,1.9585980070344902
2026-06-07 21:45:00+02:00,-200.0,200.0,222192.20434285718,222217.209444898,1.9585980070344902
2026-06-07 22:00:00+02:00,-150.0,150.0,222232.33080000005,222241.20434285718,1.2702243482926436
2026-06-07 22:15:00+02:00,-150.0,150.0,222264.36840000006,222269.08080000005,1.2702243482926436
2026-06-07 22:30:00+02:00,-100.0,100.0,222301.11840000006,222301.11840000006,0.6384695808118808
2026-06-07 22:45:00+02:00,-100.0,100.0,222325.61840000006,222325.61840000006,0.6384695808118808
2026-06-07 23:00:00+02:00,-100.0,100.0,222350.11840000006,222350.11840000006,0.6384695808118808
2026-06-07 23:15:00+02:00,-100.0,100.0,222374.61840000006,222374.61840000006,0.6384695808118808
2026-06-07 23:30:00+02:00,-100.0,100.0,222399.11840000006,222399.11840000006,0.6384695808118808
2026-06-07 23:45:00+02:00,-100.0,100.0,222423.61840000006,222423.61840000006,0.6384695808118808
2026-06-08 00:00:00+02:00,-150.0,150.0,222448.11840000006,222448.11840000006,67.81928590734248
2026-06-08 00:15:00+02:00,-100.0,100.0,222484.86840000006,222484.86840000006,0.6384695808118808
2026-06-08 00:30:00+02:00,-50.0,50.0,222509.36840000006,222509.36840000006,0.39701074632751654
2026-06-08 00:45:00+02:00,0.0,0.0,222521.61840000006,222521.61840000006,0.0
2026-06-08 01:00:00+02:00,-50.0,50.0,222521.61840000006,222521.61840000006,1.984489795918368
2026-06-08 01:15:00+02:00,-50.0,50.0,222508.86329795924,222533.86840000006,1.984489795918368
2026-06-08 01:30:00+02:00,-100.0,100.0,222521.11329795924,222521.11329795924,38.07885714285715
2026-06-08 01:45:00+02:00,-100.0,100.0,222520.60819591844,222545.61329795924,38.07885714285715
2026-06-08 02:00:00+02:00,-100.0,100.0,222545.10819591844,222545.10819591844,38.07885714285715
2026-06-08 02:15:00+02:00,-100.0,100.0,222544.6030938776,222569.60819591844,38.07885714285715
2026-06-08 02:30:00+02:00,-100.0,100.0,222569.1030938776,222569.1030938776,38.07885714285715
2026-06-08 02:45:00+02:00,-50.0,50.0,222568.5979918368,222593.6030938776,1.984489795918368
2026-06-08 03:00:00+02:00,-50.0,50.0,222580.8479918368,222580.8479918368,1.984489795918368
2026-06-08 03:15:00+02:00,-50.0,50.0,222568.09288979598,222593.0979918368,1.984489795918368
2026-06-08 03:30:00+02:00,-50.0,50.0,222580.34288979598,222580.34288979598,1.984489795918368
2026-06-08 03:45:00+02:00,-50.0,50.0,222567.58778775515,222592.59288979598,1.984489795918368
2026-06-08 04:00:00+02:00,-100.0,100.0,222579.83778775515,222579.83778775515,117.20163265306122
2026-06-08 04:15:00+02:00,-100.0,100.0,222579.33268571435,222604.33778775515,117.20163265306122
2026-06-08 04:30:00+02:00,-50.0,50.0,222603.83268571435,222603.83268571435,1.984489795918368
2026-06-08 04:45:00+02:00,-50.0,50.0,222591.07758367353,222616.08268571435,1.984489795918368
2026-06-08 05:00:00+02:00,-50.0,50.0,222603.32758367353,222603.32758367353,1.984489795918368
2026-06-08 05:15:00+02:00,-50.0,50.0,222590.57248163273,222615.57758367353,1.984489795918368
2026-06-08 05:30:00+02:00,-50.0,50.0,222602.82248163273,222602.82248163273,1.984489795918368
2026-06-08 05:45:00+02:00,-50.0,50.0,222590.0673795919,222615.07248163273,1.984489795918368
2026-06-08 06:00:00+02:00,-50.0,50.0,222602.3173795919,222602.3173795919,1.984489795918368
2026-06-08 06:15:00+02:00,-50.0,50.0,222589.56227755107,222614.5673795919,1.984489795918368
2026-06-08 06:30:00+02:00,-50.0,50.0,222601.81227755107,222601.81227755107,1.984489795918368
2026-06-08 06:45:00+02:00,-50.0,50.0,222589.05717551027,222614.06227755107,1.984489795918368
2026-06-08 07:00:00+02:00,-50.0,50.0,222601.30717551027,222601.30717551027,1.984489795918368
2026-06-08 07:15:00+02:00,-50.0,50.0,222588.55207346944,222613.55717551027,1.984489795918368
2026-06-08 07:30:00+02:00,-50.0,50.0,222600.80207346944,222600.80207346944,1.984489795918368
2026-06-08 07:45:00+02:00,-50.0,50.0,222608.35200000007,222613.05207346944,1.984489795918368
2026-06-08 08:00:00+02:00,-50.0,50.0,222620.60200000007,222620.60200000007,1.984489795918368
2026-06-08 08:15:00+02:00,-50.0,50.0,222632.85200000007,222632.85200000007,1.984489795918368
2026-06-08 08:30:00+02:00,-50.0,50.0,222645.10200000007,222645.10200000007,1.984489795918368
2026-06-08 08:45:00+02:00,-100.0,100.0,222657.35200000007,222657.35200000007,23.26911564625852
2026-06-08 09:00:00+02:00,-100.0,100.0,222681.85200000007,222681.85200000007,22.952764625850357
2026-06-08 09:15:00+02:00,-100.0,100.0,222681.34689795924,222706.35200000007,22.952764625850357
2026-06-08 09:30:00+02:00,-200.0,200.0,222705.84689795924,222705.84689795924,233.99535766306525
2026-06-08 09:45:00+02:00,-200.0,200.0,222704.8366938776,222754.84689795924,233.99535766306525
2026-06-08 10:00:00+02:00,-100.0,100.0,222753.8366938776,222753.8366938776,5.5455617446978795
2026-06-08 10:15:00+02:00,-100.0,100.0,222728.326489796,222778.3366938776,5.5455617446978795
2026-06-08 10:30:00+02:00,-100.0,100.0,222752.826489796,222752.826489796,5.5455617446978795
2026-06-08 10:45:00+02:00,-100.0,100.0,222727.31628571433,222777.326489796,5.5455617446978795
2026-06-08 11:00:00+02:00,-100.0,100.0,222751.81628571433,222751.81628571433,5.5455617446978795
2026-06-08 11:15:00+02:00,-100.0,100.0,222726.30608163273,222776.31628571433,5.5455617446978795
2026-06-08 11:30:00+02:00,-100.0,100.0,222750.80608163273,222750.80608163273,5.5455617446978795
2026-06-08 11:45:00+02:00,-100.0,100.0,222725.29587755108,222775.30608163273,5.5455617446978795
2026-06-08 12:00:00+02:00,-100.0,100.0,222749.79587755108,222749.79587755108,5.5455617446978795
2026-06-08 12:15:00+02:00,-100.0,100.0,222724.28567346942,222774.29587755108,5.5455617446978795
2026-06-08 12:30:00+02:00,-100.0,100.0,222748.78567346942,222748.78567346942,5.5455617446978795
2026-06-08 12:45:00+02:00,-150.0,150.0,222723.27546938782,222773.28567346942,152.59236446578632
2026-06-08 13:00:00+02:00,-150.0,150.0,222760.02546938782,222760.02546938782,152.59236446578632
2026-06-08 13:15:00+02:00,-150.0,150.0,222746.76526530617,222796.77546938782,152.59236446578632
2026-06-08 13:30:00+02:00,-100.0,100.0,222783.51526530617,222783.51526530617,5.5455617446978795
2026-06-08 13:45:00+02:00,-100.0,100.0,222758.00506122457,222808.01526530617,5.5455617446978795
2026-06-08 14:00:00+02:00,-150.0,150.0,222782.50506122457,222782.50506122457,26.830187595038034
2026-06-08 14:15:00+02:00,-150.0,150.0,222769.2448571429,222819.25506122457,26.830187595038034
2026-06-08 14:30:00+02:00,-150.0,150.0,222805.9948571429,222805.9948571429,26.830187595038034
2026-06-08 14:45:00+02:00,-100.0,100.0,222792.73465306128,222842.7448571429,5.5455617446978795
2026-06-08 15:00:00+02:00,-100.0,100.0,222817.23465306128,222817.23465306128,5.5455617446978795
2026-06-08 15:15:00+02:00,-100.0,100.0,222791.72444897966,222841.73465306128,5.5455617446978795
2026-06-08 15:30:00+02:00,-100.0,100.0,222816.22444897966,222816.22444897966,5.5455617446978795
2026-06-08 15:45:00+02:00,-100.0,100.0,222790.714244898,222840.72444897966,5.5455617446978795
2026-06-08 16:00:00+02:00,-100.0,100.0,222815.214244898,222815.214244898,5.5455617446978795
2026-06-08 16:15:00+02:00,-100.0,100.0,222789.7040408164,222839.714244898,5.5455617446978795
2026-06-08 16:30:00+02:00,-100.0,100.0,222814.2040408164,222814.2040408164,5.5455617446978795
2026-06-08 16:45:00+02:00,-100.0,100.0,222788.69383673475,222838.7040408164,5.5455617446978795
2026-06-08 17:00:00+02:00,-100.0,100.0,222813.19383673475,222813.19383673475,5.5455617446978795
2026-06-08 17:15:00+02:00,-150.0,150.0,222787.68363265315,222837.69383673475,44.114704601840735
2026-06-08 17:30:00+02:00,-150.0,150.0,222824.43363265315,222824.43363265315,44.114704601840735
2026-06-08 17:45:00+02:00,-150.0,150.0,222811.1734285715,222861.18363265315,44.114704601840735
2026-06-08 18:00:00+02:00,-150.0,150.0,222847.9234285715,222847.9234285715,44.114704601840735
2026-06-08 18:15:00+02:00,-200.0,200.0,222853.79866122454,222884.6734285715,107.91021480592234
2026-06-08 18:30:00+02:00,-150.0,150.0,222902.79866122454,222902.79866122454,44.114704601840735
2026-06-08 18:45:00+02:00,-200.0,200.0,222914.54355918374,222939.54866122454,45.56858215286115
2026-06-08 19:00:00+02:00,-200.0,200.0,222938.53845714292,222963.54355918374,45.56858215286115
2026-06-08 19:15:00+02:00,-200.0,200.0,222962.5333551021,222987.53845714292,45.56858215286115
2026-06-08 19:30:00+02:00,-200.0,200.0,222986.5282530613,223011.5333551021,45.56858215286115
2026-06-08 19:45:00+02:00,-200.0,200.0,223029.87419591844,223035.5282530613,45.56858215286115
2026-06-08 20:00:00+02:00,-200.0,200.0,223053.8690938776,223078.87419591844,45.56858215286115
2026-06-08 20:15:00+02:00,-200.0,200.0,223102.8690938776,223102.8690938776,45.56858215286115
2026-06-08 20:30:00+02:00,-200.0,200.0,223126.8639918368,223151.8690938776,45.56858215286115
2026-06-08 20:45:00+02:00,-200.0,200.0,223175.8639918368,223175.8639918368,45.56858215286115
2026-06-08 21:00:00+02:00,-150.0,150.0,223199.85888979599,223224.8639918368,6.999439295718289
2026-06-08 21:15:00+02:00,-150.0,150.0,223236.60888979599,223236.60888979599,6.999439295718289
2026-06-08 21:30:00+02:00,-100.0,100.0,223248.35378775516,223273.35888979599,5.331300520208083
2026-06-08 21:45:00+02:00,-100.0,100.0,223272.85378775516,223272.85378775516,5.331300520208083
2026-06-08 22:00:00+02:00,-100.0,100.0,223272.34868571436,223297.35378775516,5.331300520208083
2026-06-08 22:15:00+02:00,-50.0,50.0,223296.84868571436,223296.84868571436,1.4538775510204092
2026-06-08 22:30:00+02:00,-100.0,100.0,223284.09358367353,223309.09868571436,400.80326530612246
2026-06-08 22:45:00+02:00,-50.0,50.0,223308.59358367353,223308.59358367353,1.4538775510204092
2026-06-08 23:00:00+02:00,-50.0,50.0,223295.83848163273,223320.84358367353,1.4538775510204092
2026-06-08 23:15:00+02:00,-50.0,50.0,223308.08848163273,223308.08848163273,1.4538775510204092
2026-06-08 23:30:00+02:00,-50.0,50.0,223295.3333795919,223320.33848163273,1.4538775510204092
2026-06-08 23:45:00+02:00,-50.0,50.0,223307.5833795919,223307.5833795919,1.4538775510204092
2026-06-09 00:00:00+02:00,-50.0,50.0,223294.82827755107,223319.8333795919,1.4538775510204092
2026-06-09 00:15:00+02:00,-50.0,50.0,223307.07827755107,223307.07827755107,1.4538775510204092
2026-06-09 00:30:00+02:00,-50.0,50.0,223294.32317551028,223319.32827755107,1.4538775510204092
2026-06-09 00:45:00+02:00,-100.0,100.0,223306.57317551028,223306.57317551028,33.964489795918375
2026-06-09 01:00:00+02:00,-100.0,100.0,223306.06807346945,223331.07317551028,33.964489795918375
2026-06-09 01:15:00+02:00,-100.0,100.0,223330.56807346945,223330.56807346945,33.964489795918375
2026-06-09 01:30:00+02:00,-100.0,100.0,223330.06297142865,223355.06807346945,33.964489795918375
2026-06-09 01:45:00+02:00,-100.0,100.0,223354.56297142865,223354.56297142865,33.964489795918375
2026-06-09 02:00:00+02:00,-100.0,100.0,223354.05786938782,223379.06297142865,33.964489795918375
2026-06-09 02:15:00+02:00,-100.0,100.0,223378.55786938782,223378.55786938782,33.964489795918375
2026-06-09 02:30:00+02:00,-50.0,50.0,223378.05276734702,223403.05786938782,1.4538775510204092
2026-06-09 02:45:00+02:00,-50.0,50.0,223390.30276734702,223390.30276734702,1.4538775510204092
2026-06-09 03:00:00+02:00,-50.0,50.0,223377.5476653062,223402.55276734702,1.4538775510204092
2026-06-09 03:15:00+02:00,-50.0,50.0,223389.7976653062,223389.7976653062,1.4538775510204092
2026-06-09 03:30:00+02:00,-50.0,50.0,223377.04256326536,223402.0476653062,1.4538775510204092
2026-06-09 03:45:00+02:00,-100.0,100.0,223389.29256326536,223389.29256326536,172.44102040816327
2026-06-09 04:00:00+02:00,-100.0,100.0,223388.78746122457,223413.79256326536,172.44102040816327
2026-06-09 04:15:00+02:00,-50.0,50.0,223413.28746122457,223413.28746122457,1.4538775510204092
2026-06-09 04:30:00+02:00,-50.0,50.0,223424.32560000007,223425.53746122457,1.4538775510204092
2026-06-09 04:45:00+02:00,-100.0,100.0,223436.57560000007,223436.57560000007,13.185714285714287
2026-06-09 05:00:00+02:00,-100.0,100.0,223446.01960000006,223461.07560000007,13.185714285714287
2026-06-09 05:15:00+02:00,-100.0,100.0,223470.51960000006,223470.51960000006,13.185714285714287
2026-06-09 05:30:00+02:00,-100.0,100.0,223495.01960000006,223495.01960000006,13.185714285714287
2026-06-09 05:45:00+02:00,-50.0,50.0,223519.51960000006,223519.51960000006,11.731836734693879
2026-06-09 06:00:00+02:00,-100.0,100.0,223531.76960000006,223531.76960000006,16.975396298054108
2026-06-09 06:15:00+02:00,-100.0,100.0,223531.26449795923,223556.26960000006,16.975396298054108
2026-06-09 06:30:00+02:00,-150.0,150.0,223555.76449795923,223555.76449795923,25.105967726625536
2026-06-09 06:45:00+02:00,-150.0,150.0,223542.5042938776,223592.51449795923,25.105967726625536
2026-06-09 07:00:00+02:00,-150.0,150.0,223579.2542938776,223579.2542938776,25.105967726625536
2026-06-09 07:15:00+02:00,-150.0,150.0,223573.1838938776,223616.0042938776,25.105967726625536
2026-06-09 07:30:00+02:00,-150.0,150.0,223609.9338938776,223609.9338938776,25.105967726625536
2026-06-09 07:45:00+02:00,-150.0,150.0,223621.6787918368,223646.6838938776,25.105967726625536
2026-06-09 08:00:00+02:00,-150.0,150.0,223658.4287918368,223658.4287918368,25.105967726625536
2026-06-09 08:15:00+02:00,-150.0,150.0,223670.17368979598,223695.1787918368,25.105967726625536
2026-06-09 08:30:00+02:00,-150.0,150.0,223706.92368979598,223706.92368979598,25.105967726625536
2026-06-09 08:45:00+02:00,-200.0,200.0,223718.66858775515,223743.67368979598,27.544055190182384
2026-06-09 09:00:00+02:00,-150.0,150.0,223742.66348571432,223767.66858775515,19.413483761610955
2026-06-09 09:15:00+02:00,-150.0,150.0,223754.40838367352,223779.41348571432,19.413483761610955
2026-06-09 09:30:00+02:00,-150.0,150.0,223766.15328163272,223791.15838367352,19.413483761610955
2026-06-09 09:45:00+02:00,-100.0,100.0,223777.8981795919,223802.90328163272,7.681647026917078
2026-06-09 10:00:00+02:00,-100.0,100.0,223777.39307755107,223802.3981795919,7.681647026917078
2026-06-09 10:15:00+02:00,-100.0,100.0,223776.88797551027,223801.89307755107,7.681647026917078
2026-06-09 10:30:00+02:00,-100.0,100.0,223776.38287346947,223801.38797551027,7.681647026917078
2026-06-09 10:45:00+02:00,-100.0,100.0,223775.87777142864,223800.88287346947,7.681647026917078
2026-06-09 11:00:00+02:00,-100.0,100.0,223775.3726693878,223800.37777142864,7.681647026917078
2026-06-09 11:15:00+02:00,-200.0,200.0,223774.86756734698,223799.8726693878,623.252871516713
2026-06-09 11:30:00+02:00,-150.0,150.0,223798.86246530616,223823.86756734698,39.57940212895788
2026-06-09 11:45:00+02:00,-150.0,150.0,223810.60736326536,223835.61246530616,19.019504169774223
2026-06-09 12:00:00+02:00,-150.0,150.0,223813.24106122454,223847.35736326536,19.019504169774223
2026-06-09 12:15:00+02:00,-150.0,150.0,223824.98595918372,223849.99106122454,19.019504169774223
2026-06-09 12:30:00+02:00,-150.0,150.0,223836.7308571429,223861.73595918372,19.019504169774223
2026-06-09 12:45:00+02:00,-150.0,150.0,223848.4757551021,223873.4808571429,19.019504169774223
2026-06-09 13:00:00+02:00,-150.0,150.0,223860.2206530613,223885.2257551021,19.019504169774223
2026-06-09 13:15:00+02:00,-150.0,150.0,223871.96555102046,223896.9706530613,19.019504169774223
2026-06-09 13:30:00+02:00,-150.0,150.0,223883.71044897963,223908.71555102046,19.019504169774223
2026-06-09 13:45:00+02:00,-100.0,100.0,223895.45534693883,223920.46044897963,7.681647026917078
2026-06-09 14:00:00+02:00,-100.0,100.0,223894.950244898,223919.95534693883,7.681647026917078
2026-06-09 14:15:00+02:00,-100.0,100.0,223894.44514285718,223919.450244898,7.681647026917078
2026-06-09 14:30:00+02:00,-100.0,100.0,223893.94004081638,223918.94514285718,7.681647026917078
2026-06-09 14:45:00+02:00,-150.0,150.0,223893.43493877555,223918.44004081638,20.814300088141565
2026-06-09 15:00:00+02:00,-150.0,150.0,223905.17983673472,223930.18493877555,20.814300088141565
2026-06-09 15:15:00+02:00,-200.0,200.0,223916.92473469392,223941.92983673472,52.77042253712116
2026-06-09 15:30:00+02:00,-250.0,250.0,223940.91963265312,223965.92473469392,58.11311933012408
2026-06-09 15:45:00+02:00,-200.0,200.0,223952.15942857147,224002.16963265312,26.15699688114448
2026-06-09 16:00:00+02:00,-200.0,200.0,223976.15432653064,224001.15942857147,26.15699688114448
2026-06-09 16:15:00+02:00,-200.0,200.0,223975.14412244904,224025.15432653064,26.15699688114448
2026-06-09 16:30:00+02:00,-150.0,150.0,223999.13902040824,224024.14412244904,13.024343819919993
2026-06-09 16:45:00+02:00,-150.0,150.0,223985.87881632659,224035.88902040824,13.024343819919993
2026-06-09 17:00:00+02:00,-200.0,200.0,223997.62371428576,224022.62881632659,129.759037697471
2026-06-09 17:15:00+02:00,-200.0,200.0,223996.61351020413,224046.62371428576,129.759037697471
2026-06-09 17:30:00+02:00,-200.0,200.0,224020.6084081633,224045.61351020413,129.759037697471
2026-06-09 17:45:00+02:00,-200.0,200.0,224019.59820408167,224069.6084081633,129.759037697471
2026-06-09 18:00:00+02:00,-200.0,200.0,224043.59310204088,224068.59820408167,129.759037697471
2026-06-09 18:15:00+02:00,-150.0,150.0,224056.13764897964,224092.59310204088,13.024343819919993
2026-06-09 18:30:00+02:00,-150.0,150.0,224067.8825469388,224092.88764897964,13.024343819919993
2026-06-09 18:45:00+02:00,-150.0,150.0,224079.627444898,224104.6325469388,13.024343819919993
2026-06-09 19:00:00+02:00,-150.0,150.0,224091.3723428572,224116.377444898,13.024343819919993
2026-06-09 19:15:00+02:00,-200.0,200.0,224106.76165714292,224128.1223428572,97.65699688114448
2026-06-09 19:30:00+02:00,-150.0,150.0,224130.7565551021,224155.76165714292,13.024343819919993
2026-06-09 19:45:00+02:00,-150.0,150.0,224167.5065551021,224167.5065551021,13.024343819919993
2026-06-09 20:00:00+02:00,-150.0,150.0,224179.25145306127,224204.2565551021,13.024343819919993
2026-06-09 20:15:00+02:00,-150.0,150.0,224216.00145306127,224216.00145306127,13.024343819919993
2026-06-09 20:30:00+02:00,-150.0,150.0,224227.74635102047,224252.75145306127,13.024343819919993
2026-06-09 20:45:00+02:00,-150.0,150.0,224264.49635102047,224264.49635102047,13.024343819919993
2026-06-09 21:00:00+02:00,-150.0,150.0,224276.24124897964,224301.24635102047,13.024343819919993
2026-06-09 21:15:00+02:00,-150.0,150.0,224312.99124897964,224312.99124897964,13.024343819919993
2026-06-09 21:30:00+02:00,-150.0,150.0,224324.73614693884,224349.74124897964,13.024343819919993
2026-06-09 21:45:00+02:00,-150.0,150.0,224361.48614693884,224361.48614693884,13.024343819919993
2026-06-09 22:00:00+02:00,-150.0,150.0,224373.231044898,224398.23614693884,13.024343819919993
2026-06-09 22:15:00+02:00,-150.0,150.0,224409.981044898,224409.981044898,13.024343819919993
2026-06-09 22:30:00+02:00,-100.0,100.0,224431.62160000004,224446.731044898,7.681647026917078
2026-06-09 22:45:00+02:00,-100.0,100.0,224456.12160000004,224456.12160000004,7.681647026917078
2026-06-09 23:00:00+02:00,-100.0,100.0,224480.62160000004,224480.62160000004,7.681647026917078
2026-06-09 23:15:00+02:00,-100.0,100.0,224505.12160000004,224505.12160000004,7.681647026917078
2026-06-09 23:30:00+02:00,-100.0,100.0,224529.62160000004,224529.62160000004,7.681647026917078
2026-06-09 23:45:00+02:00,-100.0,100.0,224554.12160000004,224554.12160000004,7.681647026917078
2026-06-10 00:00:00+02:00,-100.0,100.0,224578.62160000004,224578.62160000004,7.681647026917078
2026-06-10 00:15:00+02:00,-100.0,100.0,224603.12160000004,224603.12160000004,7.681647026917078
2026-06-10 00:30:00+02:00,-150.0,150.0,224627.62160000004,224627.62160000004,29.56940212895789
2026-06-10 00:45:00+02:00,-150.0,150.0,224664.37160000004,224664.37160000004,29.56940212895789
2026-06-10 01:00:00+02:00,-150.0,150.0,224701.12160000004,224701.12160000004,29.56940212895789
2026-06-10 01:15:00+02:00,-150.0,150.0,224737.8716,224737.8716,29.56940212895789
2026-06-10 01:30:00+02:00,-150.0,150.0,224774.62160000004,224774.62160000004,29.56940212895789
2026-06-10 01:45:00+02:00,-150.0,150.0,224811.37160000004,224811.37160000004,29.56940212895789
2026-06-10 02:00:00+02:00,-100.0,100.0,224848.12160000004,224848.12160000004,7.681647026917078
2026-06-10 02:15:00+02:00,-50.0,50.0,224872.62160000004,224872.62160000004,5.243559563360227
2026-06-10 02:30:00+02:00,-50.0,50.0,224884.87160000004,224884.87160000004,5.243559563360227
2026-06-10 02:45:00+02:00,-100.0,100.0,224897.12160000004,224897.12160000004,26.139069767441853
2026-06-10 03:00:00+02:00,-100.0,100.0,224921.62160000004,224921.62160000004,26.139069767441853
2026-06-10 03:15:00+02:00,-100.0,100.0,224946.12160000004,224946.12160000004,26.139069767441853
2026-06-10 03:30:00+02:00,-50.0,50.0,224970.62160000004,224970.62160000004,20.895510204081628
2026-06-10 03:45:00+02:00,0.0,0.0,224982.87160000004,224982.87160000004,0.0
2026-06-10 04:00:00+02:00,-50.0,50.0,224982.87160000004,224982.87160000004,2.08298469387755
2026-06-10 04:15:00+02:00,-50.0,50.0,224970.1164979592,224995.12160000004,2.08298469387755
2026-06-10 04:30:00+02:00,-50.0,50.0,224982.3664979592,224982.3664979592,2.08298469387755
2026-06-10 04:45:00+02:00,-50.0,50.0,224969.61139591841,224994.6164979592,2.08298469387755
2026-06-10 05:00:00+02:00,-50.0,50.0,224981.86139591841,224981.86139591841,2.08298469387755
2026-06-10 05:15:00+02:00,-50.0,50.0,224969.1062938776,224994.11139591841,2.08298469387755
2026-06-10 05:30:00+02:00,-50.0,50.0,224981.3562938776,224981.3562938776,2.08298469387755
2026-06-10 05:45:00+02:00,-50.0,50.0,224968.6011918368,224993.6062938776,2.08298469387755
2026-06-10 06:00:00+02:00,-50.0,50.0,224980.8511918368,224980.8511918368,2.08298469387755
2026-06-10 06:15:00+02:00,-100.0,100.0,224968.09608979596,224993.1011918368,12.57451530612245
2026-06-10 06:30:00+02:00,-100.0,100.0,224976.84968979596,224992.59608979596,12.57451530612245
2026-06-10 06:45:00+02:00,-100.0,100.0,224976.34458775513,225001.34968979596,12.57451530612245
2026-06-10 07:00:00+02:00,-100.0,100.0,225000.84458775513,225000.84458775513,12.57451530612245
2026-06-10 07:15:00+02:00,-100.0,100.0,225000.33948571433,225025.34458775513,12.57451530612245
2026-06-10 07:30:00+02:00,-150.0,150.0,225024.83948571433,225024.83948571433,78.5490731292517
2026-06-10 07:45:00+02:00,-150.0,150.0,225036.5843836735,225061.58948571433,78.5490731292517
2026-06-10 08:00:00+02:00,-200.0,200.0,225073.3343836735,225073.3343836735,84.9461343537415
2026-06-10 08:15:00+02:00,-100.0,100.0,225072.32417959187,225122.3343836735,8.480045918367349
2026-06-10 08:30:00+02:00,-100.0,100.0,225096.82417959187,225096.82417959187,8.480045918367349
2026-06-10 08:45:00+02:00,-150.0,150.0,225071.31397551025,225121.32417959187,11.313723389355744
2026-06-10 09:00:00+02:00,-150.0,150.0,225083.05887346942,225108.06397551022,11.313723389355744
2026-06-10 09:15:00+02:00,-150.0,150.0,225085.00517551022,225119.80887346942,11.313723389355744
2026-06-10 09:30:00+02:00,-150.0,150.0,225096.75007346942,225121.75517551022,11.313723389355744
2026-06-10 09:45:00+02:00,-200.0,200.0,225108.49497142862,225133.50007346942,17.548523389355744
2026-06-10 10:00:00+02:00,-200.0,200.0,225107.48476734696,225157.49497142862,17.548523389355744
2026-06-10 10:15:00+02:00,-200.0,200.0,225131.47966530613,225156.48476734696,17.548523389355744
2026-06-10 10:30:00+02:00,-150.0,150.0,225130.46946122454,225180.47966530613,11.151462164865944
2026-06-10 10:45:00+02:00,-150.0,150.0,225165.60818775516,225167.21946122454,11.151462164865944
2026-06-10 11:00:00+02:00,-150.0,150.0,225152.3479836735,225202.35818775513,11.151462164865944
2026-06-10 11:15:00+02:00,-200.0,200.0,225189.0979836735,225189.0979836735,32.03238053221289
2026-06-10 11:30:00+02:00,-200.0,200.0,225188.08777959188,225238.09798367348,32.03238053221289
2026-06-10 11:45:00+02:00,-200.0,200.0,225237.08777959188,225237.08777959188,32.03238053221289
2026-06-10 12:00:00+02:00,-150.0,150.0,225236.07757551025,225286.08777959188,29.949395838335338
2026-06-10 12:15:00+02:00,-100.0,100.0,225272.82757551025,225272.82757551025,9.068477470988395
2026-06-10 12:30:00+02:00,-150.0,150.0,225247.3173714286,225297.32757551025,203.62630060024009
2026-06-10 12:45:00+02:00,-150.0,150.0,225284.0673714286,225284.0673714286,203.62630060024009
2026-06-10 13:00:00+02:00,-150.0,150.0,225270.807167347,225320.8173714286,203.62630060024009
2026-06-10 13:15:00+02:00,-100.0,100.0,225307.557167347,225307.557167347,9.068477470988395
2026-06-10 13:30:00+02:00,-100.0,100.0,225282.04696326534,225332.05716734697,9.068477470988395
2026-06-10 13:45:00+02:00,-100.0,100.0,225306.54696326534,225306.54696326534,9.068477470988395
2026-06-10 14:00:00+02:00,-100.0,100.0,225281.0367591837,225331.0469632653,9.068477470988395
2026-06-10 14:15:00+02:00,-200.0,200.0,225305.5367591837,225305.5367591837,56.92439583833533
2026-06-10 14:30:00+02:00,-200.0,200.0,225279.52145306126,225354.5367591837,56.92439583833533
2026-06-10 14:45:00+02:00,-150.0,150.0,225328.52145306126,225328.52145306126,14.841538695478192
2026-06-10 15:00:00+02:00,-150.0,150.0,225290.2561469388,225365.27145306126,14.841538695478192
2026-06-10 15:15:00+02:00,-150.0,150.0,225327.0061469388,225327.0061469388,14.841538695478192
2026-06-10 15:30:00+02:00,-150.0,150.0,225291.23974693884,225363.7561469388,14.841538695478192
2026-06-10 15:45:00+02:00,-150.0,150.0,225327.98974693884,225327.98974693884,14.841538695478192
2026-06-10 16:00:00+02:00,-150.0,150.0,225332.80106938782,225364.7397469388,14.841538695478192
2026-06-10 16:15:00+02:00,-150.0,150.0,225369.55106938782,225369.55106938782,14.841538695478192
2026-06-10 16:30:00+02:00,-150.0,150.0,225381.295967347,225406.3010693878,14.841538695478192
2026-06-10 16:45:00+02:00,-150.0,150.0,225418.045967347,225418.045967347,14.841538695478192
2026-06-10 17:00:00+02:00,-100.0,100.0,225429.7908653062,225454.795967347,9.068477470988395
2026-06-10 17:15:00+02:00,-100.0,100.0,225454.2908653062,225454.2908653062,9.068477470988395
2026-06-10 17:30:00+02:00,-100.0,100.0,225453.78576326536,225478.7908653062,9.068477470988395
2026-06-10 17:45:00+02:00,-100.0,100.0,225478.28576326536,225478.28576326536,9.068477470988395
2026-06-10 18:00:00+02:00,-150.0,150.0,225477.78066122456,225502.78576326536,13.358477470988396
2026-06-10 18:15:00+02:00,-150.0,150.0,225489.52555918373,225514.53066122456,13.358477470988396
2026-06-10 18:30:00+02:00,-150.0,150.0,225518.24969795923,225526.27555918373,13.358477470988396
2026-06-10 18:45:00+02:00,-150.0,150.0,225529.99459591843,225554.99969795923,13.358477470988396
2026-06-10 19:00:00+02:00,-150.0,150.0,225566.74459591843,225566.74459591843,13.358477470988396
2026-06-10 19:15:00+02:00,-200.0,200.0,225578.4894938776,225603.49459591843,25.84179379751901
2026-06-10 19:30:00+02:00,-200.0,200.0,225627.35869387758,225627.4894938776,25.84179379751901
2026-06-10 19:45:00+02:00,-200.0,200.0,225651.35359183679,225676.35869387758,25.84179379751901
2026-06-10 20:00:00+02:00,-200.0,200.0,225700.35359183679,225700.35359183679,25.84179379751901
2026-06-10 20:15:00+02:00,-200.0,200.0,225724.34848979596,225749.35359183679,25.84179379751901
2026-06-10 20:30:00+02:00,-200.0,200.0,225773.34848979596,225773.34848979596,25.84179379751901
2026-06-10 20:45:00+02:00,-200.0,200.0,225797.34338775513,225822.34848979596,25.84179379751901
2026-06-10 21:00:00+02:00,-200.0,200.0,225846.34338775513,225846.34338775513,25.84179379751901
2026-06-10 21:15:00+02:00,-150.0,150.0,225884.45800000004,225895.34338775513,13.358477470988396
2026-06-10 21:30:00+02:00,-100.0,100.0,225921.20800000004,225921.20800000004,10.5248
2026-06-10 21:45:00+02:00,-100.0,100.0,225945.70800000004,225945.70800000004,10.5248
2026-06-10 22:00:00+02:00,-100.0,100.0,225970.20800000004,225970.20800000004,10.5248
2026-06-10 22:15:00+02:00,-50.0,50.0,225994.70800000004,225994.70800000004,4.290000000000001
2026-06-10 22:30:00+02:00,-50.0,50.0,226006.95800000004,226006.95800000004,4.290000000000001
2026-06-10 22:45:00+02:00,-50.0,50.0,226019.20800000004,226019.20800000004,4.290000000000001
2026-06-10 23:00:00+02:00,0.0,0.0,226031.45800000004,226031.45800000004,0.0
2026-06-10 23:15:00+02:00,-50.0,50.0,226031.45800000004,226031.45800000004,22.31091836734694
2026-06-10 23:30:00+02:00,-50.0,50.0,226043.70800000004,226043.70800000004,22.31091836734694
2026-06-10 23:45:00+02:00,-50.0,50.0,226055.95800000004,226055.95800000004,22.31091836734694
2026-06-11 00:00:00+02:00,-50.0,50.0,226068.20800000004,226068.20800000004,22.31091836734694
2026-06-11 00:15:00+02:00,0.0,0.0,226080.45800000004,226080.45800000004,0.0
2026-06-11 00:30:00+02:00,0.0,0.0,226080.45800000004,226080.45800000004,0.0
2026-06-11 00:45:00+02:00,0.0,0.0,226080.45800000004,226080.45800000004,0.0
2026-06-11 01:00:00+02:00,0.0,0.0,226080.45800000004,226080.45800000004,0.0
2026-06-11 01:15:00+02:00,0.0,0.0,226080.45800000004,226080.45800000004,0.0
2026-06-11 01:30:00+02:00,-50.0,50.0,226080.45800000004,226080.45800000004,11.78534013605442
2026-06-11 01:45:00+02:00,-50.0,50.0,226084.30360000004,226092.70800000004,11.78534013605442
2026-06-11 02:00:00+02:00,-50.0,50.0,226096.55360000004,226096.55360000004,11.78534013605442
2026-06-11 02:15:00+02:00,-50.0,50.0,226108.80360000004,226108.80360000004,11.78534013605442
2026-06-11 02:30:00+02:00,-100.0,100.0,226121.05360000004,226121.05360000004,20.466156462585033
2026-06-11 02:45:00+02:00,-100.0,100.0,226120.54849795921,226145.55360000004,20.466156462585033
2026-06-11 03:00:00+02:00,-100.0,100.0,226145.04849795921,226145.04849795921,20.466156462585033
2026-06-11 03:15:00+02:00,-100.0,100.0,226144.54339591842,226169.54849795921,20.466156462585033
2026-06-11 03:30:00+02:00,-150.0,150.0,226169.04339591842,226169.04339591842,114.20411564625851
2026-06-11 03:45:00+02:00,-150.0,150.0,226180.7882938776,226205.79339591842,114.20411564625851
2026-06-11 04:00:00+02:00,-150.0,150.0,226217.5382938776,226217.5382938776,114.20411564625851
2026-06-11 04:15:00+02:00,-100.0,100.0,226246.96200000003,226254.2882938776,20.466156462585033
2026-06-11 04:30:00+02:00,-100.0,100.0,226271.46200000003,226271.46200000003,16.990867346938778
2026-06-11 04:45:00+02:00,-100.0,100.0,226270.9568979592,226295.96200000003,16.990867346938778
2026-06-11 05:00:00+02:00,-100.0,100.0,226295.4568979592,226295.4568979592,16.990867346938778
2026-06-11 05:15:00+02:00,-100.0,100.0,226294.9517959184,226319.9568979592,16.990867346938778
2026-06-11 05:30:00+02:00,-100.0,100.0,226319.4517959184,226319.4517959184,16.990867346938778
2026-06-11 05:45:00+02:00,-100.0,100.0,226318.94669387757,226343.9517959184,16.990867346938778
2026-06-11 06:00:00+02:00,-100.0,100.0,226343.44669387757,226343.44669387757,16.990867346938778
2026-06-11 06:15:00+02:00,-100.0,100.0,226342.94159183677,226367.94669387757,16.990867346938778
2026-06-11 06:30:00+02:00,-100.0,100.0,226367.44159183677,226367.44159183677,16.990867346938778
2026-06-11 06:45:00+02:00,-100.0,100.0,226366.93648979595,226391.94159183677,16.990867346938778
2026-06-11 07:00:00+02:00,-100.0,100.0,226391.43648979595,226391.43648979595,16.990867346938778
2026-06-11 07:15:00+02:00,-100.0,100.0,226409.56520000004,226415.93648979595,16.990867346938778
2026-06-11 07:30:00+02:00,-100.0,100.0,226434.06520000004,226434.06520000004,16.990867346938778
2026-06-11 07:45:00+02:00,-100.0,100.0,226458.56520000004,226458.56520000004,16.990867346938778
2026-06-11 08:00:00+02:00,-50.0,50.0,226483.06520000004,226483.06520000004,8.310051020408164
2026-06-11 08:15:00+02:00,-50.0,50.0,226495.31520000004,226495.31520000004,8.310051020408164
2026-06-11 08:30:00+02:00,-150.0,150.0,226507.56520000004,226507.56520000004,85.18108879722101
2026-06-11 08:45:00+02:00,-100.0,100.0,226519.31009795924,226544.31520000004,12.105170429874077
2026-06-11 09:00:00+02:00,-100.0,100.0,226543.81009795924,226543.81009795924,12.105170429874077
2026-06-11 09:15:00+02:00,-100.0,100.0,226543.3049959184,226568.31009795924,12.105170429874077
2026-06-11 09:30:00+02:00,-150.0,150.0,226567.8049959184,226567.8049959184,75.95904798089454
2026-06-11 09:45:00+02:00,-100.0,100.0,226579.5498938776,226604.5549959184,12.105170429874077
2026-06-11 10:00:00+02:00,-150.0,150.0,226604.0498938776,226604.0498938776,16.08232145028224
2026-06-11 10:15:00+02:00,-150.0,150.0,226590.78968979596,226640.7998938776,16.08232145028224
2026-06-11 10:30:00+02:00,-150.0,150.0,226627.53968979596,226627.53968979596,16.08232145028224
2026-06-11 10:45:00+02:00,-150.0,150.0,226614.27948571433,226664.28968979596,16.08232145028224
2026-06-11 11:00:00+02:00,-200.0,200.0,226651.02948571433,226651.02948571433,24.41855194247912
2026-06-11 11:15:00+02:00,-200.0,200.0,226625.01417959188,226700.02948571433,24.41855194247912
2026-06-11 11:30:00+02:00,-200.0,200.0,226674.01417959188,226674.01417959188,24.41855194247912
2026-06-11 11:45:00+02:00,-200.0,200.0,226647.99887346945,226723.01417959188,24.41855194247912
2026-06-11 12:00:00+02:00,-200.0,200.0,226696.99887346945,226696.99887346945,24.41855194247912
2026-06-11 12:15:00+02:00,-200.0,200.0,226676.63047346944,226745.99887346945,24.41855194247912
2026-06-11 12:30:00+02:00,-150.0,150.0,226725.63047346944,226725.63047346944,16.108500922070956
2026-06-11 12:45:00+02:00,-150.0,150.0,226712.3702693878,226762.38047346944,16.108500922070956
2026-06-11 13:00:00+02:00,-150.0,150.0,226749.1202693878,226749.1202693878,16.108500922070956
2026-06-11 13:15:00+02:00,-150.0,150.0,226735.86006530616,226785.8702693878,16.108500922070956
2026-06-11 13:30:00+02:00,-150.0,150.0,226772.61006530616,226772.61006530616,16.108500922070956
2026-06-11 13:45:00+02:00,-150.0,150.0,226759.34986122453,226809.36006530616,16.108500922070956
2026-06-11 14:00:00+02:00,-200.0,200.0,226796.09986122453,226796.09986122453,30.6322424186696
2026-06-11 14:15:00+02:00,-200.0,200.0,226795.0896571429,226845.09986122453,30.6322424186696
2026-06-11 14:30:00+02:00,-200.0,200.0,226844.0896571429,226844.0896571429,30.6322424186696
2026-06-11 14:45:00+02:00,-200.0,200.0,226843.07945306128,226893.0896571429,30.6322424186696
2026-06-11 15:00:00+02:00,-200.0,200.0,226892.07945306128,226892.07945306128,30.6322424186696
2026-06-11 15:15:00+02:00,-150.0,150.0,226891.06924897962,226941.07945306128,22.296011926472723
2026-06-11 15:30:00+02:00,-100.0,100.0,226927.81924897962,226927.81924897962,7.7722704298740775
2026-06-11 15:45:00+02:00,-100.0,100.0,226902.309044898,226952.31924897962,7.7722704298740775
2026-06-11 16:00:00+02:00,-100.0,100.0,226926.809044898,226926.809044898,7.7722704298740775
2026-06-11 16:15:00+02:00,-100.0,100.0,226901.29884081637,226951.309044898,7.7722704298740775
2026-06-11 16:30:00+02:00,-100.0,100.0,226925.79884081637,226925.79884081637,7.7722704298740775
2026-06-11 16:45:00+02:00,-100.0,100.0,226924.42857142864,226950.29884081637,7.7722704298740775
2026-06-11 17:00:00+02:00,-100.0,100.0,226948.92857142864,226948.92857142864,7.7722704298740775
2026-06-11 17:15:00+02:00,-100.0,100.0,226948.4234693878,226973.42857142864,7.7722704298740775
2026-06-11 17:30:00+02:00,-100.0,100.0,226972.9234693878,226972.9234693878,7.7722704298740775
2026-06-11 17:45:00+02:00,-100.0,100.0,226972.418367347,226997.4234693878,7.7722704298740775
2026-06-11 18:00:00+02:00,-100.0,100.0,226996.918367347,226996.918367347,7.7722704298740775
2026-06-11 18:15:00+02:00,-100.0,100.0,227003.88040000005,227021.418367347,7.7722704298740775
2026-06-11 18:30:00+02:00,-150.0,150.0,227028.38040000005,227028.38040000005,16.76918005086533
2026-06-11 18:45:00+02:00,-150.0,150.0,227041.09920000006,227065.13040000005,16.76918005086533
2026-06-11 19:00:00+02:00,-150.0,150.0,227077.84920000006,227077.84920000006,16.76918005086533
2026-06-11 19:15:00+02:00,-150.0,150.0,227114.59920000006,227114.59920000006,16.76918005086533
2026-06-11 19:30:00+02:00,-150.0,150.0,227151.34920000006,227151.34920000006,16.76918005086533
2026-06-11 19:45:00+02:00,-150.0,150.0,227188.09920000006,227188.09920000006,16.76918005086533
2026-06-11 20:00:00+02:00,-150.0,150.0,227224.84920000006,227224.84920000006,16.76918005086533
2026-06-11 20:15:00+02:00,-50.0,50.0,227261.59920000006,227261.59920000006,3.9771510204081637
2026-06-11 20:30:00+02:00,-50.0,50.0,227273.84920000006,227273.84920000006,3.9771510204081637
2026-06-11 20:45:00+02:00,-50.0,50.0,227286.09920000006,227286.09920000006,3.9771510204081637
2026-06-11 21:00:00+02:00,-100.0,100.0,227298.34920000006,227298.34920000006,23.822048979591816
2026-06-11 21:15:00+02:00,-100.0,100.0,227322.84920000006,227322.84920000006,23.822048979591816
2026-06-11 21:30:00+02:00,-100.0,100.0,227347.34920000006,227347.34920000006,23.822048979591816
2026-06-11 21:45:00+02:00,-50.0,50.0,227371.84920000006,227371.84920000006,3.9771510204081637
2026-06-11 22:00:00+02:00,-50.0,50.0,227384.09920000006,227384.09920000006,3.9771510204081637
2026-06-11 22:15:00+02:00,-50.0,50.0,227396.34920000006,227396.34920000006,3.9771510204081637
2026-06-11 22:30:00+02:00,0.0,0.0,227408.59920000006,227408.59920000006,0.0
2026-06-11 22:45:00+02:00,0.0,0.0,227408.59920000006,227408.59920000006,0.0
2026-06-11 23:00:00+02:00,0.0,0.0,227408.59920000006,227408.59920000006,0.0
2026-06-11 23:15:00+02:00,0.0,0.0,227408.59920000006,227408.59920000006,0.0
2026-06-11 23:30:00+02:00,0.0,0.0,227408.59920000006,227408.59920000006,0.0
2026-06-11 23:45:00+02:00,-50.0,50.0,227408.59920000006,227408.59920000006,72.72571428571428
2026-06-12 00:00:00+02:00,-50.0,50.0,227420.84920000006,227420.84920000006,72.72571428571428
2026-06-12 00:15:00+02:00,0.0,0.0,227433.09920000006,227433.09920000006,0.0
2026-06-12 00:30:00+02:00,0.0,0.0,227433.09920000006,227433.09920000006,0.0
2026-06-12 00:45:00+02:00,0.0,0.0,227433.09920000006,227433.09920000006,0.0
2026-06-12 01:00:00+02:00,-50.0,50.0,227433.09920000006,227433.09920000006,32.335510204081636
2026-06-12 01:15:00+02:00,-50.0,50.0,227445.34920000006,227445.34920000006,32.335510204081636
2026-06-12 01:30:00+02:00,-50.0,50.0,227457.59920000006,227457.59920000006,32.335510204081636
2026-06-12 01:45:00+02:00,-50.0,50.0,227469.84920000006,227469.84920000006,32.335510204081636
2026-06-12 02:00:00+02:00,-50.0,50.0,227482.09920000006,227482.09920000006,32.335510204081636
2026-06-12 02:15:00+02:00,0.0,0.0,227494.34920000006,227494.34920000006,0.0
2026-06-12 02:30:00+02:00,0.0,0.0,227494.34920000006,227494.34920000006,0.0
2026-06-12 02:45:00+02:00,0.0,0.0,227494.34920000006,227494.34920000006,0.0
2026-06-12 03:00:00+02:00,0.0,0.0,227494.34920000006,227494.34920000006,0.0
2026-06-12 03:15:00+02:00,0.0,0.0,227494.34920000006,227494.34920000006,0.0
2026-06-12 03:30:00+02:00,0.0,0.0,227494.34920000006,227494.34920000006,0.0
2026-06-12 03:45:00+02:00,0.0,0.0,227494.34920000006,227494.34920000006,0.0
2026-06-12 04:00:00+02:00,-50.0,50.0,227494.34920000006,227494.34920000006,122.39632653061224
2026-06-12 04:15:00+02:00,-100.0,100.0,227506.59920000006,227506.59920000006,125.44966836734693
2026-06-12 04:30:00+02:00,-50.0,50.0,227506.09409795923,227531.09920000006,3.053341836734693
2026-06-12 04:45:00+02:00,-50.0,50.0,227518.34409795923,227518.34409795923,3.053341836734693
2026-06-12 05:00:00+02:00,-50.0,50.0,227505.58899591843,227530.59409795923,3.053341836734693
2026-06-12 05:15:00+02:00,-50.0,50.0,227517.83899591843,227517.83899591843,3.053341836734693
2026-06-12 05:30:00+02:00,-50.0,50.0,227505.0838938776,227530.08899591843,3.053341836734693
2026-06-12 05:45:00+02:00,-50.0,50.0,227517.3338938776,227517.3338938776,3.053341836734693
2026-06-12 06:00:00+02:00,-50.0,50.0,227504.5787918368,227529.5838938776,3.053341836734693
2026-06-12 06:15:00+02:00,-50.0,50.0,227516.8287918368,227516.8287918368,3.053341836734693
2026-06-12 06:30:00+02:00,-50.0,50.0,227504.07368979597,227529.0787918368,3.053341836734693
2026-06-12 06:45:00+02:00,-50.0,50.0,227516.32368979597,227516.32368979597,3.053341836734693
2026-06-12 07:00:00+02:00,-50.0,50.0,227503.56858775514,227528.57368979597,3.053341836734693
2026-06-12 07:15:00+02:00,-50.0,50.0,227515.81858775514,227515.81858775514,3.053341836734693
2026-06-12 07:30:00+02:00,-50.0,50.0,227503.06348571435,227528.06858775514,3.053341836734693
2026-06-12 07:45:00+02:00,-50.0,50.0,227515.31348571435,227515.31348571435,3.053341836734693
2026-06-12 08:00:00+02:00,-50.0,50.0,227502.55838367352,227527.56348571435,3.053341836734693
2026-06-12 08:15:00+02:00,-50.0,50.0,227514.80838367352,227514.80838367352,3.053341836734693
2026-06-12 08:30:00+02:00,-100.0,100.0,227502.05328163272,227527.05838367352,55.92248469387755
2026-06-12 08:45:00+02:00,-100.0,100.0,227526.55328163272,227526.55328163272,55.92248469387755
2026-06-12 09:00:00+02:00,-150.0,150.0,227526.0481795919,227551.05328163272,131.04126020408162
2026-06-12 09:15:00+02:00,-100.0,100.0,227562.7981795919,227562.7981795919,55.92248469387755
2026-06-12 09:30:00+02:00,-150.0,150.0,227562.29307755106,227587.2981795919,56.5172071260603
2026-06-12 09:45:00+02:00,-100.0,100.0,227574.03797551023,227599.04307755106,3.6480642689174427
2026-06-12 10:00:00+02:00,-100.0,100.0,227577.3468979592,227598.53797551023,3.6480642689174427
2026-06-12 10:15:00+02:00,-150.0,150.0,227576.84179591842,227601.8468979592,12.49337039136642
2026-06-12 10:30:00+02:00,-150.0,150.0,227588.5866938776,227613.59179591842,12.49337039136642
2026-06-12 10:45:00+02:00,-150.0,150.0,227600.33159183676,227625.3366938776,12.49337039136642
2026-06-12 11:00:00+02:00,-150.0,150.0,227622.6890938776,227637.08159183676,12.49337039136642
2026-06-12 11:15:00+02:00,-150.0,150.0,227634.4339918368,227659.4390938776,12.49337039136642
2026-06-12 11:30:00+02:00,-150.0,150.0,227671.1839918368,227671.1839918368,12.49337039136642
2026-06-12 11:45:00+02:00,-150.0,150.0,227682.92888979596,227707.9339918368,12.49337039136642
2026-06-12 12:00:00+02:00,-150.0,150.0,227719.67888979596,227719.67888979596,12.49337039136642
2026-06-12 12:15:00+02:00,-100.0,100.0,227731.42378775513,227756.42888979596,9.440028554631727
2026-06-12 12:30:00+02:00,-100.0,100.0,227755.92378775513,227755.92378775513,9.440028554631727
2026-06-12 12:45:00+02:00,-100.0,100.0,227755.41868571434,227780.42378775513,9.440028554631727
2026-06-12 13:00:00+02:00,-50.0,50.0,227779.91868571434,227779.91868571434,0.5947224321827497
2026-06-12 13:15:00+02:00,-100.0,100.0,227767.1635836735,227792.16868571434,33.57227345259092
2026-06-12 13:30:00+02:00,-150.0,150.0,227791.6635836735,227791.6635836735,54.93472243218277
2026-06-12 13:45:00+02:00,-150.0,150.0,227803.4084816327,227828.4135836735,54.93472243218277
2026-06-12 14:00:00+02:00,-150.0,150.0,227840.1584816327,227840.1584816327,54.93472243218277
2026-06-12 14:15:00+02:00,-100.0,100.0,227851.90337959188,227876.9084816327,33.57227345259092
2026-06-12 14:30:00+02:00,-100.0,100.0,227876.40337959188,227876.40337959188,33.57227345259092
2026-06-12 14:45:00+02:00,-100.0,100.0,227875.89827755105,227900.90337959188,33.57227345259092
2026-06-12 15:00:00+02:00,-100.0,100.0,227900.39827755105,227900.39827755105,33.57227345259092
2026-06-12 15:15:00+02:00,-100.0,100.0,227899.89317551025,227924.89827755105,33.57227345259092
2026-06-12 15:30:00+02:00,-50.0,50.0,227924.39317551025,227924.39317551025,0.5947224321827497
2026-06-12 15:45:00+02:00,-50.0,50.0,227911.63807346942,227936.64317551025,0.5947224321827497
2026-06-12 16:00:00+02:00,-50.0,50.0,227923.88807346942,227923.88807346942,0.5947224321827497
2026-06-12 16:15:00+02:00,-50.0,50.0,227911.13297142863,227936.13807346942,0.5947224321827497
2026-06-12 16:30:00+02:00,-50.0,50.0,227923.38297142863,227923.38297142863,0.5947224321827497
2026-06-12 16:45:00+02:00,-50.0,50.0,227910.6278693878,227935.63297142863,0.5947224321827497
2026-06-12 17:00:00+02:00,-50.0,50.0,227922.8778693878,227922.8778693878,0.5947224321827497
2026-06-12 17:15:00+02:00,-50.0,50.0,227910.122767347,227935.1278693878,0.5947224321827497
2026-06-12 17:30:00+02:00,-50.0,50.0,227922.372767347,227922.372767347,0.5947224321827497
2026-06-12 17:45:00+02:00,-50.0,50.0,227909.61766530617,227934.622767347,0.5947224321827497
2026-06-12 18:00:00+02:00,-100.0,100.0,227921.86766530617,227921.86766530617,11.492392500209961
2026-06-12 18:15:00+02:00,-100.0,100.0,227896.3574612245,227946.36766530617,11.492392500209961
2026-06-12 18:30:00+02:00,-100.0,100.0,227920.8574612245,227920.8574612245,11.492392500209961
2026-06-12 18:45:00+02:00,-150.0,150.0,227907.67066122452,227945.3574612245,434.07198433694464
2026-06-12 19:00:00+02:00,-100.0,100.0,227944.42066122452,227944.42066122452,11.492392500209961
2026-06-12 19:15:00+02:00,-100.0,100.0,227943.9155591837,227968.92066122452,11.492392500209961
2026-06-12 19:30:00+02:00,-100.0,100.0,227968.4155591837,227968.4155591837,11.492392500209961
2026-06-12 19:45:00+02:00,-100.0,100.0,227967.9104571429,227992.9155591837,11.492392500209961
2026-06-12 20:00:00+02:00,-100.0,100.0,227992.4104571429,227992.4104571429,11.492392500209961
2026-06-12 20:15:00+02:00,-100.0,100.0,227991.90535510206,228016.9104571429,11.492392500209961
2026-06-12 20:30:00+02:00,-150.0,150.0,228016.40535510206,228016.40535510206,60.46259658184262
2026-06-12 20:45:00+02:00,-150.0,150.0,228028.15025306123,228053.15535510206,60.46259658184262
2026-06-12 21:00:00+02:00,-150.0,150.0,228064.90025306123,228064.90025306123,60.46259658184262
2026-06-12 21:15:00+02:00,-150.0,150.0,228076.64515102044,228101.65025306123,60.46259658184262
2026-06-12 21:30:00+02:00,-100.0,100.0,228113.39515102046,228113.39515102046,11.492392500209961
2026-06-12 21:45:00+02:00,-100.0,100.0,228112.89004897964,228137.89515102046,11.492392500209961
2026-06-12 22:00:00+02:00,-100.0,100.0,228137.39004897964,228137.39004897964,11.492392500209961
2026-06-12 22:15:00+02:00,-100.0,100.0,228136.88494693884,228161.89004897964,11.492392500209961
2026-06-12 22:30:00+02:00,-100.0,100.0,228161.38494693884,228161.38494693884,11.492392500209961
2026-06-12 22:45:00+02:00,-100.0,100.0,228160.879844898,228185.88494693884,11.492392500209961
2026-06-12 23:00:00+02:00,-100.0,100.0,228185.379844898,228185.379844898,11.492392500209961
2026-06-12 23:15:00+02:00,-100.0,100.0,228184.87474285718,228209.879844898,11.492392500209961
2026-06-12 23:30:00+02:00,-100.0,100.0,228209.37474285718,228209.37474285718,11.492392500209961
2026-06-12 23:45:00+02:00,-100.0,100.0,228208.86964081638,228233.87474285718,11.492392500209961
2026-06-13 00:00:00+02:00,-50.0,50.0,228233.36964081638,228233.36964081638,0.5947224321827497
2026-06-13 00:15:00+02:00,-50.0,50.0,228220.61453877555,228245.61964081638,0.5947224321827497
2026-06-13 00:30:00+02:00,-50.0,50.0,228232.86453877555,228232.86453877555,0.5947224321827497
2026-06-13 00:45:00+02:00,-50.0,50.0,228220.10943673475,228245.11453877555,0.5947224321827497
2026-06-13 01:00:00+02:00,-50.0,50.0,228232.35943673475,228232.35943673475,0.5947224321827497
2026-06-13 01:15:00+02:00,-100.0,100.0,228219.60433469393,228244.60943673475,21.548599983203154
2026-06-13 01:30:00+02:00,-100.0,100.0,228244.10433469393,228244.10433469393,21.548599983203154
2026-06-13 01:45:00+02:00,-100.0,100.0,228243.5992326531,228268.60433469393,21.548599983203154
2026-06-13 02:00:00+02:00,-100.0,100.0,228268.0992326531,228268.0992326531,21.548599983203154
2026-06-13 02:15:00+02:00,-100.0,100.0,228267.5941306123,228292.5992326531,21.548599983203154
2026-06-13 02:30:00+02:00,-50.0,50.0,228292.0941306123,228292.0941306123,0.5947224321827497
2026-06-13 02:45:00+02:00,-50.0,50.0,228279.33902857147,228304.3441306123,0.5947224321827497
2026-06-13 03:00:00+02:00,-50.0,50.0,228291.58902857147,228291.58902857147,0.5947224321827497
2026-06-13 03:15:00+02:00,-50.0,50.0,228278.83392653067,228303.83902857147,0.5947224321827497
2026-06-13 03:30:00+02:00,-50.0,50.0,228291.08392653067,228291.08392653067,0.5947224321827497
2026-06-13 03:45:00+02:00,-50.0,50.0,228278.32882448984,228303.33392653067,0.5947224321827497
2026-06-13 04:00:00+02:00,-50.0,50.0,228290.57882448984,228290.57882448984,0.5947224321827497
2026-06-13 04:15:00+02:00,-50.0,50.0,228277.82372244904,228302.82882448984,0.5947224321827497
2026-06-13 04:30:00+02:00,-50.0,50.0,228290.07372244904,228290.07372244904,0.5947224321827497
2026-06-13 04:45:00+02:00,-50.0,50.0,228277.31862040822,228302.32372244904,0.5947224321827497
2026-06-13 05:00:00+02:00,-50.0,50.0,228289.56862040822,228289.56862040822,0.5947224321827497
2026-06-13 05:15:00+02:00,-50.0,50.0,228276.8135183674,228301.81862040822,0.5947224321827497
2026-06-13 05:30:00+02:00,-50.0,50.0,228289.0635183674,228289.0635183674,0.5947224321827497
2026-06-13 05:45:00+02:00,-50.0,50.0,228276.3084163266,228301.3135183674,0.5947224321827497
2026-06-13 06:00:00+02:00,-50.0,50.0,228288.5584163266,228288.5584163266,0.5947224321827497
2026-06-13 06:15:00+02:00,-50.0,50.0,228275.80331428576,228300.8084163266,0.5947224321827497
2026-06-13 06:30:00+02:00,-50.0,50.0,228288.05331428576,228288.05331428576,0.5947224321827497
2026-06-13 06:45:00+02:00,-50.0,50.0,228275.29821224496,228300.30331428576,0.5947224321827497
2026-06-13 07:00:00+02:00,-50.0,50.0,228287.54821224496,228287.54821224496,0.5947224321827497
2026-06-13 07:15:00+02:00,-100.0,100.0,228274.79311020413,228299.79821224496,34.856355085243976
2026-06-13 07:30:00+02:00,-100.0,100.0,228299.29311020413,228299.29311020413,34.856355085243976
2026-06-13 07:45:00+02:00,-100.0,100.0,228298.7880081633,228323.79311020413,34.856355085243976
2026-06-13 08:00:00+02:00,-100.0,100.0,228323.2880081633,228323.2880081633,34.856355085243976
2026-06-13 08:15:00+02:00,-100.0,100.0,228322.7829061225,228347.7880081633,34.856355085243976
2026-06-13 08:30:00+02:00,-150.0,150.0,228347.2829061225,228347.2829061225,45.295771994864964
2026-06-13 08:45:00+02:00,-150.0,150.0,228344.89220408167,228384.0329061225,45.295771994864964
2026-06-13 09:00:00+02:00,-150.0,150.0,228381.64220408167,228381.64220408167,45.295771994864964
2026-06-13 09:15:00+02:00,-100.0,100.0,228393.38710204087,228418.39220408167,11.034139341803739
2026-06-13 09:30:00+02:00,-100.0,100.0,228417.88710204087,228417.88710204087,11.034139341803739
2026-06-13 09:45:00+02:00,-150.0,150.0,228417.38200000004,228442.38710204087,66.5803978452051
2026-06-13 10:00:00+02:00,-150.0,150.0,228454.13200000004,228454.13200000004,66.5803978452051
2026-06-13 10:15:00+02:00,-100.0,100.0,228465.8768979592,228490.88200000004,56.1409809355841
2026-06-13 10:30:00+02:00,-50.0,50.0,228490.3768979592,228490.3768979592,0.5947224321827497
2026-06-13 10:45:00+02:00,-50.0,50.0,228477.6217959184,228502.6268979592,0.5947224321827497
2026-06-13 11:00:00+02:00,-100.0,100.0,228489.8717959184,228489.8717959184,32.988599983203166
2026-06-13 11:15:00+02:00,-100.0,100.0,228489.3666938776,228514.3717959184,32.988599983203166
2026-06-13 11:30:00+02:00,-50.0,50.0,228513.8666938776,228513.8666938776,0.5947224321827497
2026-06-13 11:45:00+02:00,-50.0,50.0,228501.1115918368,228526.1166938776,0.5947224321827497
2026-06-13 12:00:00+02:00,-50.0,50.0,228513.3615918368,228513.3615918368,0.5947224321827497
2026-06-13 12:15:00+02:00,-50.0,50.0,228500.60648979596,228525.6115918368,0.5947224321827497
2026-06-13 12:30:00+02:00,-50.0,50.0,228512.85648979596,228512.85648979596,0.5947224321827497
2026-06-13 12:45:00+02:00,-50.0,50.0,228500.10138775513,228525.10648979596,0.5947224321827497
2026-06-13 13:00:00+02:00,-50.0,50.0,228512.35138775513,228512.35138775513,0.5947224321827497
2026-06-13 13:15:00+02:00,-50.0,50.0,228499.59628571433,228524.60138775513,0.5947224321827497
2026-06-13 13:30:00+02:00,-50.0,50.0,228511.84628571433,228511.84628571433,0.5947224321827497
2026-06-13 13:45:00+02:00,-50.0,50.0,228499.0911836735,228524.09628571433,0.5947224321827497
2026-06-13 14:00:00+02:00,-100.0,100.0,228511.3411836735,228511.3411836735,28.834790459393634
2026-06-13 14:15:00+02:00,-100.0,100.0,228510.8360816327,228535.8411836735,28.834790459393634
2026-06-13 14:30:00+02:00,-100.0,100.0,228535.3360816327,228535.3360816327,28.834790459393634
2026-06-13 14:45:00+02:00,-100.0,100.0,228534.83097959188,228559.8360816327,28.834790459393634
2026-06-13 15:00:00+02:00,-100.0,100.0,228559.33097959188,228559.33097959188,28.834790459393634
2026-06-13 15:15:00+02:00,-100.0,100.0,228558.82587755105,228583.83097959188,28.834790459393634
2026-06-13 15:30:00+02:00,-100.0,100.0,228583.32587755105,228583.32587755105,2.7394664350470537
2026-06-13 15:45:00+02:00,-100.0,100.0,228557.81567346942,228607.82587755105,2.7394664350470537
2026-06-13 16:00:00+02:00,-100.0,100.0,228582.31567346942,228582.31567346942,2.7394664350470537
2026-06-13 16:15:00+02:00,-100.0,100.0,228556.8054693878,228606.81567346942,2.7394664350470537
2026-06-13 16:30:00+02:00,-100.0,100.0,228581.3054693878,228581.3054693878,2.7394664350470537
2026-06-13 16:45:00+02:00,-100.0,100.0,228555.79526530617,228605.8054693878,2.7394664350470537
2026-06-13 17:00:00+02:00,-100.0,100.0,228580.29526530617,228580.29526530617,2.7394664350470537
2026-06-13 17:15:00+02:00,-100.0,100.0,228554.78506122454,228604.79526530617,2.7394664350470537
2026-06-13 17:30:00+02:00,-100.0,100.0,228579.28506122454,228579.28506122454,2.7394664350470537
2026-06-13 17:45:00+02:00,-100.0,100.0,228553.7748571429,228603.78506122454,2.7394664350470537
2026-06-13 18:00:00+02:00,-100.0,100.0,228578.2748571429,228578.2748571429,2.7394664350470537
2026-06-13 18:15:00+02:00,-100.0,100.0,228552.76465306125,228602.7748571429,2.7394664350470537
2026-06-13 18:30:00+02:00,-100.0,100.0,228577.26465306125,228577.26465306125,2.7394664350470537
2026-06-13 18:45:00+02:00,-100.0,100.0,228551.75444897963,228601.76465306125,2.7394664350470537
2026-06-13 19:00:00+02:00,-100.0,100.0,228576.25444897963,228576.25444897963,2.7394664350470537
2026-06-13 19:15:00+02:00,-100.0,100.0,228550.744244898,228600.75444897963,2.7394664350470537
2026-06-13 19:30:00+02:00,-100.0,100.0,228575.244244898,228575.244244898,2.7394664350470537
2026-06-13 19:45:00+02:00,-100.0,100.0,228549.73404081637,228599.744244898,2.7394664350470537
2026-06-13 20:00:00+02:00,-100.0,100.0,228574.23404081637,228574.23404081637,2.7394664350470537
2026-06-13 20:15:00+02:00,-100.0,100.0,228548.72383673475,228598.73404081637,2.7394664350470537
2026-06-13 20:30:00+02:00,-100.0,100.0,228573.22383673475,228573.22383673475,2.7394664350470537
2026-06-13 20:45:00+02:00,-100.0,100.0,228547.7136326531,228597.72383673475,2.7394664350470537
2026-06-13 21:00:00+02:00,-100.0,100.0,228572.2136326531,228572.2136326531,2.7394664350470537
2026-06-13 21:15:00+02:00,-100.0,100.0,228546.70342857146,228596.7136326531,2.7394664350470537
2026-06-13 21:30:00+02:00,-100.0,100.0,228571.20342857146,228571.20342857146,2.7394664350470537
2026-06-13 21:45:00+02:00,-150.0,150.0,228545.69322448983,228595.70342857146,3.7124444417837292
2026-06-13 22:00:00+02:00,-150.0,150.0,228557.43812244904,228582.44322448983,3.7124444417837292
2026-06-13 22:15:00+02:00,-150.0,150.0,228544.1779183674,228594.18812244904,3.7124444417837292
2026-06-13 22:30:00+02:00,-150.0,150.0,228555.92281632658,228580.9279183674,3.7124444417837292
2026-06-13 22:45:00+02:00,-150.0,150.0,228542.66261224495,228592.67281632658,3.7124444417837292
2026-06-13 23:00:00+02:00,-150.0,150.0,228554.40751020412,228579.41261224495,3.7124444417837292
2026-06-13 23:15:00+02:00,-150.0,150.0,228541.1473061225,228591.15751020412,3.7124444417837292
2026-06-13 23:30:00+02:00,-150.0,150.0,228552.8922040817,228577.8973061225,3.7124444417837292
2026-06-13 23:45:00+02:00,-150.0,150.0,228539.63200000004,228589.6422040817,3.7124444417837292
2026-06-14 00:00:00+02:00,-150.0,150.0,228551.3768979592,228576.38200000004,3.7124444417837292
2026-06-14 00:15:00+02:00,-150.0,150.0,228538.1166938776,228588.1268979592,3.7124444417837292
2026-06-14 00:30:00+02:00,-150.0,150.0,228549.8615918368,228574.8666938776,3.7124444417837292
2026-06-14 00:45:00+02:00,-150.0,150.0,228536.60138775516,228586.6115918368,3.7124444417837292
2026-06-14 01:00:00+02:00,-150.0,150.0,228548.34628571433,228573.35138775516,3.7124444417837292
2026-06-14 01:15:00+02:00,-150.0,150.0,228535.0860816327,228585.09628571433,3.7124444417837292
2026-06-14 01:30:00+02:00,-150.0,150.0,228546.83097959188,228571.8360816327,3.7124444417837292
2026-06-14 01:45:00+02:00,-150.0,150.0,228533.57077551025,228583.58097959188,3.7124444417837292
2026-06-14 02:00:00+02:00,-150.0,150.0,228545.31567346945,228570.32077551025,3.7124444417837292
2026-06-14 02:15:00+02:00,-150.0,150.0,228532.0554693878,228582.06567346945,3.7124444417837292
2026-06-14 02:30:00+02:00,-150.0,150.0,228543.80036734696,228568.8054693878,3.7124444417837292
2026-06-14 02:45:00+02:00,-150.0,150.0,228530.54016326534,228580.55036734696,3.7124444417837292
2026-06-14 03:00:00+02:00,-150.0,150.0,228542.28506122454,228567.29016326534,3.7124444417837292
2026-06-14 03:15:00+02:00,-150.0,150.0,228529.0248571429,228579.03506122454,3.7124444417837292
2026-06-14 03:30:00+02:00,-150.0,150.0,228540.76975510208,228565.7748571429,3.7124444417837292
2026-06-14 03:45:00+02:00,-150.0,150.0,228527.50955102046,228577.51975510208,3.7124444417837292
2026-06-14 04:00:00+02:00,-150.0,150.0,228539.25444897963,228564.25955102046,3.7124444417837292
2026-06-14 04:15:00+02:00,-150.0,150.0,228525.994244898,228576.00444897963,3.7124444417837292
2026-06-14 04:30:00+02:00,-150.0,150.0,228537.7391428572,228562.744244898,3.7124444417837292
2026-06-14 04:45:00+02:00,-150.0,150.0,228524.47893877557,228574.4891428572,3.7124444417837292
2026-06-14 05:00:00+02:00,-150.0,150.0,228536.22383673475,228561.22893877557,3.7124444417837292
2026-06-14 05:15:00+02:00,-150.0,150.0,228522.9636326531,228572.97383673475,3.7124444417837292
2026-06-14 05:30:00+02:00,-150.0,150.0,228534.7085306123,228559.7136326531,3.7124444417837292
2026-06-14 05:45:00+02:00,-150.0,150.0,228521.44832653066,228571.4585306123,3.7124444417837292
2026-06-14 06:00:00+02:00,-150.0,150.0,228533.19322448983,228558.19832653066,3.7124444417837292
2026-06-14 06:15:00+02:00,-150.0,150.0,228519.9330204082,228569.94322448983,3.7124444417837292
2026-06-14 06:30:00+02:00,-150.0,150.0,228531.67791836738,228556.6830204082,3.7124444417837292
2026-06-14 06:45:00+02:00,-150.0,150.0,228518.41771428575,228568.42791836738,3.7124444417837292
2026-06-14 07:00:00+02:00,-150.0,150.0,228530.16261224495,228555.16771428575,3.7124444417837292
2026-06-14 07:15:00+02:00,-150.0,150.0,228516.90240816333,228566.91261224495,3.7124444417837292
2026-06-14 07:30:00+02:00,-150.0,150.0,228528.6473061225,228553.65240816333,3.7124444417837292
2026-06-14 07:45:00+02:00,-150.0,150.0,228515.38710204087,228565.39730612253,3.7124444417837292
2026-06-14 08:00:00+02:00,-150.0,150.0,228527.132,228552.13710204087,3.7124444417837292
2026-06-14 08:15:00+02:00,-150.0,150.0,228513.8717959184,228563.88200000004,3.7124444417837292
2026-06-14 08:30:00+02:00,-150.0,150.0,228525.6166938776,228550.6217959184,3.7124444417837292
2026-06-14 08:45:00+02:00,-150.0,150.0,228512.35648979596,228562.3666938776,3.7124444417837292
2026-06-14 09:00:00+02:00,-150.0,150.0,228524.10138775513,228549.10648979596,3.7124444417837292
2026-06-14 09:15:00+02:00,-150.0,150.0,228510.8411836735,228560.85138775513,3.7124444417837292
2026-06-14 09:30:00+02:00,-150.0,150.0,228522.5860816327,228547.5911836735,3.7124444417837292
2026-06-14 09:45:00+02:00,-150.0,150.0,228509.32587755108,228559.3360816327,3.7124444417837292
2026-06-14 10:00:00+02:00,-150.0,150.0,228521.07077551025,228546.07587755108,3.7124444417837292
2026-06-14 10:15:00+02:00,-150.0,150.0,228507.81057142865,228557.82077551028,3.7124444417837292
2026-06-14 10:30:00+02:00,-150.0,150.0,228519.5554693878,228544.56057142865,3.7124444417837292
2026-06-14 10:45:00+02:00,-150.0,150.0,228506.29526530617,228556.30546938782,3.7124444417837292
2026-06-14 11:00:00+02:00,-150.0,150.0,228518.04016326534,228543.04526530617,3.7124444417837292
2026-06-14 11:15:00+02:00,-150.0,150.0,228504.7799591837,228554.79016326534,3.7124444417837292
2026-06-14 11:30:00+02:00,-150.0,150.0,228516.52485714288,228541.5299591837,3.7124444417837292
2026-06-14 11:45:00+02:00,-150.0,150.0,228503.26465306125,228553.27485714288,3.7124444417837292
2026-06-14 12:00:00+02:00,-150.0,150.0,228515.00955102046,228540.01465306125,3.7124444417837292
2026-06-14 12:15:00+02:00,-150.0,150.0,228501.74934693883,228551.75955102046,3.7124444417837292
2026-06-14 12:30:00+02:00,-150.0,150.0,228513.494244898,228538.49934693883,3.7124444417837292
2026-06-14 12:45:00+02:00,-150.0,150.0,228500.2340408164,228550.24424489803,3.7124444417837292
2026-06-14 13:00:00+02:00,-150.0,150.0,228511.97893877557,228536.9840408164,3.7124444417837292
2026-06-14 13:15:00+02:00,-150.0,150.0,228498.71873469392,228548.72893877557,3.7124444417837292
2026-06-14 13:30:00+02:00,-150.0,150.0,228510.4636326531,228535.46873469392,3.7124444417837292
2026-06-14 13:45:00+02:00,-150.0,150.0,228497.20342857146,228547.2136326531,3.7124444417837292
2026-06-14 14:00:00+02:00,-150.0,150.0,228508.94832653063,228533.95342857146,3.7124444417837292
2026-06-14 14:15:00+02:00,-150.0,150.0,228495.688122449,228545.69832653063,3.7124444417837292
2026-06-14 14:30:00+02:00,-150.0,150.0,228507.4330204082,228532.438122449,3.7124444417837292
2026-06-14 14:45:00+02:00,-150.0,150.0,228512.52341224495,228544.1830204082,3.7124444417837292
2026-06-14 15:00:00+02:00,-150.0,150.0,228524.26831020412,228549.27341224495,3.7124444417837292
2026-06-14 15:15:00+02:00,-150.0,150.0,228536.01320816332,228561.01831020415,3.7124444417837292
2026-06-14 15:30:00+02:00,-150.0,150.0,228547.7581061225,228572.76320816332,3.7124444417837292
2026-06-14 15:45:00+02:00,-150.0,150.0,228559.50300408166,228584.5081061225,3.7124444417837292
2026-06-14 16:00:00+02:00,-150.0,150.0,228571.24790204084,228596.25300408166,3.7124444417837292
2026-06-14 16:15:00+02:00,-150.0,150.0,228582.99280000004,228607.99790204084,3.7124444417837292
2026-06-14 16:30:00+02:00,-150.0,150.0,228594.7376979592,228619.74280000004,3.7124444417837292
2026-06-14 16:45:00+02:00,-150.0,150.0,228606.48259591838,228631.4876979592,3.7124444417837292
2026-06-14 17:00:00+02:00,-150.0,150.0,228618.22749387758,228643.23259591838,3.7124444417837292
2026-06-14 17:15:00+02:00,-150.0,150.0,228629.97239183678,228654.97749387758,3.7124444417837292
2026-06-14 17:30:00+02:00,-150.0,150.0,228641.71728979595,228666.72239183678,3.7124444417837292
2026-06-14 17:45:00+02:00,-150.0,150.0,228653.46218775515,228678.46728979598,3.7124444417837292
2026-06-14 18:00:00+02:00,-150.0,150.0,228665.20708571433,228690.21218775515,3.7124444417837292
2026-06-14 18:15:00+02:00,-150.0,150.0,228692.41081632656,228701.95708571433,3.7124444417837292
2026-06-14 18:30:00+02:00,-150.0,150.0,228704.15571428573,228729.16081632656,3.7124444417837292
2026-06-14 18:45:00+02:00,-150.0,150.0,228740.90571428573,228740.90571428573,3.7124444417837292
2026-06-14 19:00:00+02:00,-150.0,150.0,228752.6506122449,228777.65571428573,3.7124444417837292
2026-06-14 19:15:00+02:00,-150.0,150.0,228789.4006122449,228789.4006122449,3.7124444417837292
2026-06-14 19:30:00+02:00,-150.0,150.0,228801.1455102041,228826.1506122449,3.7124444417837292
2026-06-14 19:45:00+02:00,-150.0,150.0,228837.8955102041,228837.8955102041,3.7124444417837292
2026-06-14 20:00:00+02:00,-100.0,100.0,228849.64040816328,228874.6455102041,1.5677004389194251
2026-06-14 20:15:00+02:00,-100.0,100.0,228874.14040816328,228874.14040816328,1.5677004389194251
2026-06-14 20:30:00+02:00,-150.0,150.0,228873.63530612248,228898.6404081633,8.91614941851126
2026-06-14 20:45:00+02:00,-150.0,150.0,228885.38020408165,228910.38530612248,8.91614941851126
2026-06-14 21:00:00+02:00,-150.0,150.0,228908.8272979592,228922.13020408165,8.91614941851126
2026-06-14 21:15:00+02:00,-150.0,150.0,228920.5721959184,228945.5772979592,8.91614941851126
2026-06-14 21:30:00+02:00,-150.0,150.0,228957.3221959184,228957.3221959184,8.91614941851126
2026-06-14 21:45:00+02:00,-150.0,150.0,228993.59720000002,228994.0721959184,8.91614941851126
2026-06-14 22:00:00+02:00,-150.0,150.0,229030.34720000002,229030.34720000002,8.91614941851126
2026-06-14 22:15:00+02:00,-100.0,100.0,229067.09720000002,229067.09720000002,8.32142698632851
2026-06-14 22:30:00+02:00,-100.0,100.0,229091.59720000002,229091.59720000002,8.32142698632851
2026-06-14 22:45:00+02:00,-100.0,100.0,229116.09720000002,229116.09720000002,8.32142698632851
2026-06-14 23:00:00+02:00,-50.0,50.0,229140.59720000002,229140.59720000002,0.9729780067366753
2026-06-14 23:15:00+02:00,-50.0,50.0,229152.84720000002,229152.84720000002,0.9729780067366753
2026-06-14 23:30:00+02:00,0.0,0.0,229165.09720000002,229165.09720000002,0.0
2026-06-14 23:45:00+02:00,0.0,0.0,229165.09720000002,229165.09720000002,0.0
2026-06-15 00:00:00+02:00,0.0,0.0,229165.09720000002,229165.09720000002,0.0
2026-06-15 00:15:00+02:00,-50.0,50.0,229165.09720000002,229165.09720000002,26.192346938775504
2026-06-15 00:30:00+02:00,-50.0,50.0,229177.34720000002,229177.34720000002,26.192346938775504
2026-06-15 00:45:00+02:00,-50.0,50.0,229189.59720000002,229189.59720000002,26.192346938775504
2026-06-15 01:00:00+02:00,-50.0,50.0,229201.84720000002,229201.84720000002,26.192346938775504
2026-06-15 01:15:00+02:00,0.0,0.0,229214.09720000002,229214.09720000002,0.0
2026-06-15 01:30:00+02:00,0.0,0.0,229214.09720000002,229214.09720000002,0.0
2026-06-15 01:45:00+02:00,0.0,0.0,229214.09720000002,229214.09720000002,0.0
2026-06-15 02:00:00+02:00,0.0,0.0,229214.09720000002,229214.09720000002,0.0
2026-06-15 02:15:00+02:00,0.0,0.0,229214.09720000002,229214.09720000002,0.0
2026-06-15 02:30:00+02:00,0.0,0.0,229214.09720000002,229214.09720000002,0.0
2026-06-15 02:45:00+02:00,0.0,0.0,229214.09720000002,229214.09720000002,0.0
2026-06-15 03:00:00+02:00,0.0,0.0,229214.09720000002,229214.09720000002,0.0
2026-06-15 03:15:00+02:00,0.0,0.0,229214.09720000002,229214.09720000002,0.0
2026-06-15 03:30:00+02:00,0.0,0.0,229214.09720000002,229214.09720000002,0.0
2026-06-15 03:45:00+02:00,-50.0,50.0,229214.09720000002,229214.09720000002,26.284761904761904
2026-06-15 04:00:00+02:00,-50.0,50.0,229226.34720000002,229226.34720000002,26.284761904761904
2026-06-15 04:15:00+02:00,-50.0,50.0,229238.59720000002,229238.59720000002,26.284761904761904
2026-06-15 04:30:00+02:00,0.0,0.0,229250.84720000002,229250.84720000002,0.0
2026-06-15 04:45:00+02:00,0.0,0.0,229250.84720000002,229250.84720000002,0.0
2026-06-15 05:00:00+02:00,0.0,0.0,229250.84720000002,229250.84720000002,0.0
2026-06-15 05:15:00+02:00,0.0,0.0,229250.84720000002,229250.84720000002,0.0
2026-06-15 05:30:00+02:00,0.0,0.0,229250.84720000002,229250.84720000002,0.0
2026-06-15 05:45:00+02:00,0.0,0.0,229250.84720000002,229250.84720000002,0.0
2026-06-15 06:00:00+02:00,0.0,0.0,229250.84720000002,229250.84720000002,0.0
2026-06-15 06:15:00+02:00,0.0,0.0,229250.84720000002,229250.84720000002,0.0
2026-06-15 06:30:00+02:00,0.0,0.0,229250.84720000002,229250.84720000002,0.0
2026-06-15 06:45:00+02:00,0.0,0.0,229250.84720000002,229250.84720000002,0.0
2026-06-15 07:00:00+02:00,0.0,0.0,229250.84720000002,229250.84720000002,0.0
2026-06-15 07:15:00+02:00,0.0,0.0,229250.84720000002,229250.84720000002,0.0
2026-06-15 07:30:00+02:00,0.0,0.0,229250.84720000002,229250.84720000002,0.0
2026-06-15 07:45:00+02:00,0.0,0.0,229250.84720000002,229250.84720000002,0.0
2026-06-15 08:00:00+02:00,-50.0,50.0,229250.84720000002,229250.84720000002,3.4501587301587304
2026-06-15 08:15:00+02:00,-50.0,50.0,229238.09209795922,229263.09720000002,3.4501587301587304
2026-06-15 08:30:00+02:00,-50.0,50.0,229250.34209795922,229250.34209795922,3.4501587301587304
2026-06-15 08:45:00+02:00,-100.0,100.0,229237.5869959184,229262.59209795922,185.0893424036281
2026-06-15 09:00:00+02:00,-100.0,100.0,229262.0869959184,229262.0869959184,185.0893424036281
2026-06-15 09:15:00+02:00,-50.0,50.0,229261.58189387756,229286.5869959184,3.4501587301587304
2026-06-15 09:30:00+02:00,-50.0,50.0,229273.83189387756,229273.83189387756,3.4501587301587304
2026-06-15 09:45:00+02:00,-50.0,50.0,229261.07679183676,229286.08189387756,3.4501587301587304
2026-06-15 10:00:00+02:00,-100.0,100.0,229273.32679183676,229273.32679183676,6.702387301587301
2026-06-15 10:15:00+02:00,-100.0,100.0,229247.8165877551,229297.82679183676,6.702387301587301
2026-06-15 10:30:00+02:00,-100.0,100.0,229272.3165877551,229272.3165877551,6.702387301587301
2026-06-15 10:45:00+02:00,-100.0,100.0,229246.8063836735,229296.8165877551,6.702387301587301
2026-06-15 11:00:00+02:00,-100.0,100.0,229271.3063836735,229271.3063836735,6.702387301587301
2026-06-15 11:15:00+02:00,-150.0,150.0,229245.79617959185,229295.8063836735,42.218917913832215
2026-06-15 11:30:00+02:00,-150.0,150.0,229282.54617959185,229282.54617959185,42.218917913832215
2026-06-15 11:45:00+02:00,-100.0,100.0,229269.28597551023,229319.29617959185,6.702387301587301
2026-06-15 12:00:00+02:00,-100.0,100.0,229293.78597551023,229293.78597551023,6.702387301587301
2026-06-15 12:15:00+02:00,-100.0,100.0,229268.2757714286,229318.28597551023,6.702387301587301
2026-06-15 12:30:00+02:00,-100.0,100.0,229292.7757714286,229292.7757714286,6.702387301587301
2026-06-15 12:45:00+02:00,-100.0,100.0,229267.26556734694,229317.2757714286,6.702387301587301
2026-06-15 13:00:00+02:00,-100.0,100.0,229291.76556734694,229291.76556734694,6.702387301587301
2026-06-15 13:15:00+02:00,-100.0,100.0,229266.25536326534,229316.26556734694,6.702387301587301
2026-06-15 13:30:00+02:00,-100.0,100.0,229290.75536326534,229290.75536326534,6.702387301587301
2026-06-15 13:45:00+02:00,-100.0,100.0,229265.2451591837,229315.25536326534,6.702387301587301
2026-06-15 14:00:00+02:00,-100.0,100.0,229289.7451591837,229289.7451591837,6.702387301587301
2026-06-15 14:15:00+02:00,-150.0,150.0,229264.23495510206,229314.2451591837,22.138604988662134
2026-06-15 14:30:00+02:00,-150.0,150.0,229300.98495510206,229300.98495510206,22.138604988662134
2026-06-15 14:45:00+02:00,-150.0,150.0,229287.72475102043,229337.73495510206,22.138604988662134
2026-06-15 15:00:00+02:00,-150.0,150.0,229324.47475102043,229324.47475102043,22.138604988662134
2026-06-15 15:15:00+02:00,-150.0,150.0,229311.21454693878,229361.22475102043,22.138604988662134
2026-06-15 15:30:00+02:00,-150.0,150.0,229347.96454693878,229347.96454693878,22.138604988662134
2026-06-15 15:45:00+02:00,-150.0,150.0,229334.70434285718,229384.71454693878,22.138604988662134
2026-06-15 16:00:00+02:00,-150.0,150.0,229371.45434285718,229371.45434285718,22.138604988662134
2026-06-15 16:15:00+02:00,-150.0,150.0,229358.19413877552,229408.20434285718,22.138604988662134
2026-06-15 16:30:00+02:00,-150.0,150.0,229394.94413877552,229394.94413877552,22.138604988662134
2026-06-15 16:45:00+02:00,-150.0,150.0,229381.6839346939,229431.69413877552,22.138604988662134
2026-06-15 17:00:00+02:00,-150.0,150.0,229418.4339346939,229418.4339346939,22.138604988662134
2026-06-15 17:15:00+02:00,-150.0,150.0,229405.17373061227,229455.1839346939,22.138604988662134
2026-06-15 17:30:00+02:00,-150.0,150.0,229441.92373061227,229441.92373061227,22.138604988662134
2026-06-15 17:45:00+02:00,-150.0,150.0,229449.84796734698,229478.67373061227,22.138604988662134
2026-06-15 18:00:00+02:00,-100.0,100.0,229486.59796734698,229486.59796734698,6.702387301587301
2026-06-15 18:15:00+02:00,-100.0,100.0,229486.09286530616,229511.09796734698,6.702387301587301
2026-06-15 18:30:00+02:00,-100.0,100.0,229510.59286530616,229510.59286530616,6.702387301587301
2026-06-15 18:45:00+02:00,-100.0,100.0,229510.08776326533,229535.09286530616,6.702387301587301
2026-06-15 19:00:00+02:00,-100.0,100.0,229534.58776326533,229534.58776326533,6.702387301587301
2026-06-15 19:15:00+02:00,-100.0,100.0,229556.03880000004,229559.08776326533,6.702387301587301
2026-06-15 19:30:00+02:00,-100.0,100.0,229580.53880000004,229580.53880000004,6.702387301587301
2026-06-15 19:45:00+02:00,-100.0,100.0,229605.03880000004,229605.03880000004,6.702387301587301
2026-06-15 20:00:00+02:00,-100.0,100.0,229629.53880000004,229629.53880000004,6.702387301587301
2026-06-15 20:15:00+02:00,-100.0,100.0,229654.03880000004,229654.03880000004,6.702387301587301
2026-06-15 20:30:00+02:00,-100.0,100.0,229678.53880000004,229678.53880000004,6.702387301587301
2026-06-15 20:45:00+02:00,-150.0,150.0,229703.03880000004,229703.03880000004,43.240346485260766
2026-06-15 21:00:00+02:00,-150.0,150.0,229739.78880000004,229739.78880000004,43.240346485260766
2026-06-15 21:15:00+02:00,-100.0,100.0,229776.53880000007,229776.53880000007,6.702387301587301
2026-06-15 21:30:00+02:00,-50.0,50.0,229801.03880000007,229801.03880000007,3.252228571428571
2026-06-15 21:45:00+02:00,-100.0,100.0,229813.28880000007,229813.28880000007,23.50569795918368
2026-06-15 22:00:00+02:00,-100.0,100.0,229837.78880000007,229837.78880000007,23.50569795918368
2026-06-15 22:15:00+02:00,-100.0,100.0,229862.28880000007,229862.28880000007,23.50569795918368
2026-06-15 22:30:00+02:00,0.0,0.0,229886.78880000007,229886.78880000007,0.0
2026-06-15 22:45:00+02:00,0.0,0.0,229886.78880000007,229886.78880000007,0.0
2026-06-15 23:00:00+02:00,-50.0,50.0,229886.78880000007,229886.78880000007,14.019836734693879
2026-06-15 23:15:00+02:00,-50.0,50.0,229899.03880000007,229899.03880000007,14.019836734693879
2026-06-15 23:30:00+02:00,-100.0,100.0,229911.28880000007,229911.28880000007,24.685142857142857
2026-06-15 23:45:00+02:00,-100.0,100.0,229916.01080000005,229935.78880000007,24.685142857142857
2026-06-16 00:00:00+02:00,-100.0,100.0,229940.51080000005,229940.51080000005,24.685142857142857
2026-06-16 00:15:00+02:00,-50.0,50.0,229965.01080000005,229965.01080000005,10.665306122448978
2026-06-16 00:30:00+02:00,-50.0,50.0,229977.26080000005,229977.26080000005,10.665306122448978
2026-06-16 00:45:00+02:00,-50.0,50.0,229989.51080000005,229989.51080000005,10.665306122448978
2026-06-16 01:00:00+02:00,-50.0,50.0,230001.76080000005,230001.76080000005,10.665306122448978
2026-06-16 01:15:00+02:00,-50.0,50.0,230014.01080000005,230014.01080000005,10.665306122448978
2026-06-16 01:30:00+02:00,-50.0,50.0,230026.26080000005,230026.26080000005,10.665306122448978
2026-06-16 01:45:00+02:00,-50.0,50.0,230038.51080000005,230038.51080000005,10.665306122448978
2026-06-16 02:00:00+02:00,-50.0,50.0,230050.76080000005,230050.76080000005,10.665306122448978
2026-06-16 02:15:00+02:00,-50.0,50.0,230063.01080000005,230063.01080000005,1.795403911564626
2026-06-16 02:30:00+02:00,-50.0,50.0,230050.25569795922,230075.26080000005,1.795403911564626
2026-06-16 02:45:00+02:00,-50.0,50.0,230062.50569795922,230062.50569795922,1.795403911564626
2026-06-16 03:00:00+02:00,-50.0,50.0,230049.75059591842,230074.75569795922,1.795403911564626
2026-06-16 03:15:00+02:00,-50.0,50.0,230062.00059591842,230062.00059591842,1.795403911564626
2026-06-16 03:30:00+02:00,-50.0,50.0,230049.2454938776,230074.25059591842,1.795403911564626
2026-06-16 03:45:00+02:00,-100.0,100.0,230061.4954938776,230061.4954938776,100.35839710884352
2026-06-16 04:00:00+02:00,-100.0,100.0,230060.9903918368,230085.9954938776,100.35839710884352
2026-06-16 04:15:00+02:00,-100.0,100.0,230085.4903918368,230085.4903918368,100.35839710884352
2026-06-16 04:30:00+02:00,-50.0,50.0,230084.98528979596,230109.9903918368,1.795403911564626
2026-06-16 04:45:00+02:00,-50.0,50.0,230097.23528979596,230097.23528979596,1.795403911564626
2026-06-16 05:00:00+02:00,-50.0,50.0,230084.48018775514,230109.48528979596,1.795403911564626
2026-06-16 05:15:00+02:00,-100.0,100.0,230096.73018775514,230096.73018775514,4.5043899821833495
2026-06-16 05:30:00+02:00,-100.0,100.0,230071.21998367354,230121.23018775514,4.5043899821833495
2026-06-16 05:45:00+02:00,-100.0,100.0,230095.71998367354,230095.71998367354,4.5043899821833495
2026-06-16 06:00:00+02:00,-100.0,100.0,230070.20977959188,230120.21998367354,4.5043899821833495
2026-06-16 06:15:00+02:00,-100.0,100.0,230094.70977959188,230094.70977959188,4.5043899821833495
2026-06-16 06:30:00+02:00,-100.0,100.0,230069.19957551028,230119.20977959188,4.5043899821833495
2026-06-16 06:45:00+02:00,-100.0,100.0,230093.69957551028,230093.69957551028,4.5043899821833495
2026-06-16 07:00:00+02:00,-100.0,100.0,230068.18937142863,230118.19957551028,4.5043899821833495
2026-06-16 07:15:00+02:00,-100.0,100.0,230092.68937142863,230092.68937142863,4.5043899821833495
2026-06-16 07:30:00+02:00,-100.0,100.0,230067.17916734697,230117.18937142863,4.5043899821833495
2026-06-16 07:45:00+02:00,-100.0,100.0,230091.67916734697,230091.67916734697,4.5043899821833495
2026-06-16 08:00:00+02:00,-100.0,100.0,230066.16896326537,230116.17916734697,4.5043899821833495
2026-06-16 08:15:00+02:00,-100.0,100.0,230090.66896326537,230090.66896326537,4.5043899821833495
2026-06-16 08:30:00+02:00,-100.0,100.0,230065.15875918372,230115.16896326537,4.5043899821833495
2026-06-16 08:45:00+02:00,-100.0,100.0,230089.65875918372,230089.65875918372,4.5043899821833495
2026-06-16 09:00:00+02:00,-150.0,150.0,230064.14855510212,230114.15875918372,292.54724712504054
2026-06-16 09:15:00+02:00,-100.0,100.0,230100.89855510212,230100.89855510212,4.5043899821833495
2026-06-16 09:30:00+02:00,-100.0,100.0,230075.38835102046,230125.39855510212,4.5043899821833495
2026-06-16 09:45:00+02:00,-100.0,100.0,230099.88835102046,230099.88835102046,4.5043899821833495
2026-06-16 10:00:00+02:00,-100.0,100.0,230074.37814693883,230124.38835102046,4.5043899821833495
2026-06-16 10:15:00+02:00,-100.0,100.0,230098.87814693883,230098.87814693883,4.5043899821833495
2026-06-16 10:30:00+02:00,-150.0,150.0,230073.3679428572,230123.37814693883,13.634015832523485
2026-06-16 10:45:00+02:00,-150.0,150.0,230085.11284081638,230110.1179428572,13.634015832523485
2026-06-16 11:00:00+02:00,-200.0,200.0,230071.85263673472,230121.86284081638,152.48993419987042
2026-06-16 11:15:00+02:00,-200.0,200.0,230095.84753469392,230120.85263673472,152.48993419987042
2026-06-16 11:30:00+02:00,-150.0,150.0,230094.83733061232,230144.84753469392,13.634015832523485
2026-06-16 11:45:00+02:00,-150.0,150.0,230106.5822285715,230131.58733061232,13.634015832523485
2026-06-16 12:00:00+02:00,-150.0,150.0,230093.32202448984,230143.3322285715,13.634015832523485
2026-06-16 12:15:00+02:00,-150.0,150.0,230105.06692244904,230130.07202448984,13.634015832523485
2026-06-16 12:30:00+02:00,-150.0,150.0,230091.8067183674,230141.81692244904,13.634015832523485
2026-06-16 12:45:00+02:00,-150.0,150.0,230103.5516163266,230128.5567183674,13.634015832523485
2026-06-16 13:00:00+02:00,-150.0,150.0,230090.29141224496,230140.3016163266,13.634015832523485
2026-06-16 13:15:00+02:00,-150.0,150.0,230102.03631020413,230127.04141224496,13.634015832523485
2026-06-16 13:30:00+02:00,-150.0,150.0,230088.77610612247,230138.78631020413,13.634015832523485
2026-06-16 13:45:00+02:00,-150.0,150.0,230117.01431836738,230125.52610612247,13.634015832523485
2026-06-16 14:00:00+02:00,-150.0,150.0,230103.75411428578,230153.76431836738,13.634015832523485
2026-06-16 14:15:00+02:00,-150.0,150.0,230140.50411428578,230140.50411428578,13.634015832523485
2026-06-16 14:30:00+02:00,-150.0,150.0,230127.24391020412,230177.25411428578,13.634015832523485
2026-06-16 14:45:00+02:00,-150.0,150.0,230163.99391020412,230163.99391020412,13.634015832523485
2026-06-16 15:00:00+02:00,-150.0,150.0,230150.73370612253,230200.74391020412,13.634015832523485
2026-06-16 15:15:00+02:00,-150.0,150.0,230187.48370612253,230187.48370612253,13.634015832523485
2026-06-16 15:30:00+02:00,-150.0,150.0,230174.22350204087,230224.23370612253,13.634015832523485
2026-06-16 15:45:00+02:00,-150.0,150.0,230210.97350204087,230210.97350204087,13.634015832523485
2026-06-16 16:00:00+02:00,-150.0,150.0,230197.7132979592,230247.72350204087,13.634015832523485
2026-06-16 16:15:00+02:00,-150.0,150.0,230234.4632979592,230234.4632979592,13.634015832523485
2026-06-16 16:30:00+02:00,-150.0,150.0,230221.20309387762,230271.2132979592,13.634015832523485
2026-06-16 16:45:00+02:00,-150.0,150.0,230257.95309387762,230257.95309387762,13.634015832523485
2026-06-16 17:00:00+02:00,-150.0,150.0,230244.69288979596,230294.70309387762,13.634015832523485
2026-06-16 17:15:00+02:00,-200.0,200.0,230281.44288979596,230281.44288979596,597.3074852202786
2026-06-16 17:30:00+02:00,-150.0,150.0,230301.06303673476,230330.44288979596,13.634015832523485
2026-06-16 17:45:00+02:00,-150.0,150.0,230337.81303673476,230337.81303673476,13.634015832523485
2026-06-16 18:00:00+02:00,-150.0,150.0,230349.55793469393,230374.56303673476,13.634015832523485
2026-06-16 18:15:00+02:00,-150.0,150.0,230386.30793469393,230386.30793469393,13.634015832523485
2026-06-16 18:30:00+02:00,-150.0,150.0,230398.0528326531,230423.05793469393,13.634015832523485
2026-06-16 18:45:00+02:00,-150.0,150.0,230434.8028326531,230434.8028326531,13.634015832523485
2026-06-16 19:00:00+02:00,-150.0,150.0,230446.5477306123,230471.5528326531,13.634015832523485
2026-06-16 19:15:00+02:00,-150.0,150.0,230483.2977306123,230483.2977306123,13.634015832523485
2026-06-16 19:30:00+02:00,-150.0,150.0,230495.04262857148,230520.0477306123,13.634015832523485
2026-06-16 19:45:00+02:00,-150.0,150.0,230531.79262857148,230531.79262857148,13.634015832523485
2026-06-16 20:00:00+02:00,-150.0,150.0,230543.53752653068,230568.54262857148,13.634015832523485
2026-06-16 20:15:00+02:00,-150.0,150.0,230580.28752653068,230580.28752653068,13.634015832523485
2026-06-16 20:30:00+02:00,-150.0,150.0,230592.03242448985,230617.03752653068,13.634015832523485
2026-06-16 20:45:00+02:00,-150.0,150.0,230628.78242448985,230628.78242448985,13.634015832523485
2026-06-16 21:00:00+02:00,-100.0,100.0,230640.52732244905,230665.53242448985,10.925029761904762
2026-06-16 21:15:00+02:00,-100.0,100.0,230665.02732244905,230665.02732244905,10.925029761904762
2026-06-16 21:30:00+02:00,-150.0,150.0,230664.52222040822,230689.52732244905,26.007152210884357
2026-06-16 21:45:00+02:00,-150.0,150.0,230701.27222040822,230701.27222040822,26.007152210884357
2026-06-16 22:00:00+02:00,-150.0,150.0,230713.0171183674,230738.02222040822,26.007152210884357
2026-06-16 22:15:00+02:00,-150.0,150.0,230749.7671183674,230749.7671183674,26.007152210884357
2026-06-16 22:30:00+02:00,-100.0,100.0,230779.63280000005,230786.5171183674,16.87752636054422
2026-06-16 22:45:00+02:00,-50.0,50.0,230804.13280000005,230804.13280000005,1.795403911564626
2026-06-16 23:00:00+02:00,-50.0,50.0,230816.38280000005,230816.38280000005,1.795403911564626
2026-06-16 23:15:00+02:00,-100.0,100.0,230828.63280000005,230828.63280000005,17.49622023809523
2026-06-16 23:30:00+02:00,-100.0,100.0,230853.13280000005,230853.13280000005,17.49622023809523
2026-06-16 23:45:00+02:00,-100.0,100.0,230877.63280000005,230877.63280000005,17.49622023809523
2026-06-17 00:00:00+02:00,-100.0,100.0,230902.13280000005,230902.13280000005,17.49622023809523
2026-06-17 00:15:00+02:00,-100.0,100.0,230926.63280000005,230926.63280000005,17.49622023809523
2026-06-17 00:30:00+02:00,-50.0,50.0,230951.13280000005,230951.13280000005,1.795403911564626
2026-06-17 00:45:00+02:00,-100.0,100.0,230963.38280000005,230963.38280000005,15.127478741496603
2026-06-17 01:00:00+02:00,-100.0,100.0,230987.88280000005,230987.88280000005,15.127478741496603
2026-06-17 01:15:00+02:00,-100.0,100.0,231012.38280000005,231012.38280000005,15.127478741496603
2026-06-17 01:30:00+02:00,-100.0,100.0,231036.88280000005,231036.88280000005,15.127478741496603
2026-06-17 01:45:00+02:00,-100.0,100.0,231061.38280000005,231061.38280000005,15.127478741496603
2026-06-17 02:00:00+02:00,-100.0,100.0,231085.88280000005,231085.88280000005,15.127478741496603
2026-06-17 02:15:00+02:00,-50.0,50.0,231110.38280000005,231110.38280000005,13.332074829931976
2026-06-17 02:30:00+02:00,-100.0,100.0,231122.63280000005,231122.63280000005,15.254659863945582
2026-06-17 02:45:00+02:00,-100.0,100.0,231122.12769795922,231147.13280000005,15.254659863945582
2026-06-17 03:00:00+02:00,-100.0,100.0,231146.62769795922,231146.62769795922,15.254659863945582
2026-06-17 03:15:00+02:00,-100.0,100.0,231146.12259591842,231171.12769795922,15.254659863945582
2026-06-17 03:30:00+02:00,-100.0,100.0,231170.62259591842,231170.62259591842,15.254659863945582
2026-06-17 03:45:00+02:00,-50.0,50.0,231170.1174938776,231195.12259591842,1.9225850340136055
2026-06-17 04:00:00+02:00,-100.0,100.0,231182.3674938776,231182.3674938776,96.3025850340136
2026-06-17 04:15:00+02:00,-100.0,100.0,231181.8623918368,231206.8674938776,96.3025850340136
2026-06-17 04:30:00+02:00,-100.0,100.0,231206.3623918368,231206.3623918368,96.3025850340136
2026-06-17 04:45:00+02:00,-50.0,50.0,231205.85728979597,231230.8623918368,1.9225850340136055
2026-06-17 05:00:00+02:00,-50.0,50.0,231218.10728979597,231218.10728979597,1.9225850340136055
2026-06-17 05:15:00+02:00,-50.0,50.0,231205.35218775514,231230.35728979597,1.9225850340136055
2026-06-17 05:30:00+02:00,-50.0,50.0,231217.60218775514,231217.60218775514,1.9225850340136055
2026-06-17 05:45:00+02:00,-50.0,50.0,231204.84708571434,231229.85218775514,1.9225850340136055
2026-06-17 06:00:00+02:00,-50.0,50.0,231217.09708571434,231217.09708571434,1.9225850340136055
2026-06-17 06:15:00+02:00,-50.0,50.0,231204.3419836735,231229.34708571434,1.9225850340136055
2026-06-17 06:30:00+02:00,-50.0,50.0,231216.5919836735,231216.5919836735,1.9225850340136055
2026-06-17 06:45:00+02:00,-50.0,50.0,231203.8368816327,231228.8419836735,1.9225850340136055
2026-06-17 07:00:00+02:00,-50.0,50.0,231216.0868816327,231216.0868816327,1.9225850340136055
2026-06-17 07:15:00+02:00,-100.0,100.0,231203.33177959188,231228.3368816327,40.56825396825397
2026-06-17 07:30:00+02:00,-100.0,100.0,231227.83177959188,231227.83177959188,40.56825396825397
2026-06-17 07:45:00+02:00,-100.0,100.0,231227.32667755106,231252.33177959188,40.56825396825397
2026-06-17 08:00:00+02:00,-100.0,100.0,231251.82667755106,231251.82667755106,40.56825396825397
2026-06-17 08:15:00+02:00,-150.0,150.0,231251.32157551026,231276.32667755106,75.3201723356009
2026-06-17 08:30:00+02:00,-150.0,150.0,231288.07157551026,231288.07157551026,75.3201723356009
2026-06-17 08:45:00+02:00,-150.0,150.0,231299.81647346943,231324.82157551026,75.3201723356009
2026-06-17 09:00:00+02:00,-150.0,150.0,231336.56647346943,231336.56647346943,75.3201723356009
2026-06-17 09:15:00+02:00,-150.0,150.0,231356.30920000005,231373.31647346943,75.3201723356009
2026-06-17 09:30:00+02:00,-100.0,100.0,231393.05920000005,231393.05920000005,2.2648907820008737
2026-06-17 09:45:00+02:00,-100.0,100.0,231392.55409795922,231417.55920000005,2.2648907820008737
2026-06-17 10:00:00+02:00,-100.0,100.0,231417.05409795922,231417.05409795922,2.2648907820008737
2026-06-17 10:15:00+02:00,-100.0,100.0,231416.54899591842,231441.55409795922,2.2648907820008737
2026-06-17 10:30:00+02:00,-150.0,150.0,231441.04899591842,231441.04899591842,14.394181355373082
2026-06-17 10:45:00+02:00,-100.0,100.0,231445.1646938776,231477.79899591842,12.471596321359476
2026-06-17 11:00:00+02:00,-100.0,100.0,231469.6646938776,231469.6646938776,12.471596321359476
2026-06-17 11:15:00+02:00,-100.0,100.0,231469.1595918368,231494.1646938776,12.471596321359476
2026-06-17 11:30:00+02:00,-100.0,100.0,231493.6595918368,231493.6595918368,12.471596321359476
2026-06-17 11:45:00+02:00,-100.0,100.0,231493.15448979597,231518.1595918368,12.471596321359476
2026-06-17 12:00:00+02:00,-100.0,100.0,231517.65448979597,231517.65448979597,12.471596321359476
2026-06-17 12:15:00+02:00,-100.0,100.0,231517.14938775514,231542.15448979597,12.471596321359476
2026-06-17 12:30:00+02:00,-100.0,100.0,231541.64938775514,231541.64938775514,12.471596321359476
2026-06-17 12:45:00+02:00,-100.0,100.0,231541.14428571434,231566.14938775514,12.471596321359476
2026-06-17 13:00:00+02:00,-100.0,100.0,231565.64428571434,231565.64428571434,12.471596321359476
2026-06-17 13:15:00+02:00,-150.0,150.0,231565.1391836735,231590.14428571434,52.5582901989105
2026-06-17 13:30:00+02:00,-150.0,150.0,231601.8891836735,231601.8891836735,52.5582901989105
2026-06-17 13:45:00+02:00,-150.0,150.0,231613.6340816327,231638.6391836735,52.5582901989105
2026-06-17 14:00:00+02:00,-150.0,150.0,231650.3840816327,231650.3840816327,52.5582901989105
2026-06-17 14:15:00+02:00,-150.0,150.0,231662.1289795919,231687.1340816327,52.5582901989105
2026-06-17 14:30:00+02:00,-100.0,100.0,231698.8789795919,231698.8789795919,12.471596321359476
2026-06-17 14:45:00+02:00,-100.0,100.0,231698.37387755106,231723.3789795919,12.471596321359476
2026-06-17 15:00:00+02:00,-100.0,100.0,231722.87387755106,231722.87387755106,12.471596321359476
2026-06-17 15:15:00+02:00,-100.0,100.0,231722.36877551026,231747.37387755106,12.471596321359476
2026-06-17 15:30:00+02:00,-100.0,100.0,231746.86877551026,231746.86877551026,12.471596321359476
2026-06-17 15:45:00+02:00,-50.0,50.0,231746.36367346943,231771.36877551026,0.3423057479872683
2026-06-17 16:00:00+02:00,-50.0,50.0,231758.61367346943,231758.61367346943,0.3423057479872683
2026-06-17 16:15:00+02:00,-50.0,50.0,231745.85857142863,231770.86367346943,0.3423057479872683
2026-06-17 16:30:00+02:00,-50.0,50.0,231758.10857142863,231758.10857142863,0.3423057479872683
2026-06-17 16:45:00+02:00,-50.0,50.0,231745.3534693878,231770.35857142863,0.3423057479872683
2026-06-17 17:00:00+02:00,-50.0,50.0,231757.6034693878,231757.6034693878,0.3423057479872683
2026-06-17 17:15:00+02:00,-50.0,50.0,231744.848367347,231769.8534693878,0.3423057479872683
2026-06-17 17:30:00+02:00,-50.0,50.0,231757.098367347,231757.098367347,0.3423057479872683
2026-06-17 17:45:00+02:00,-50.0,50.0,231744.34326530618,231769.348367347,0.3423057479872683
2026-06-17 18:00:00+02:00,-50.0,50.0,231756.59326530618,231756.59326530618,0.3423057479872683
2026-06-17 18:15:00+02:00,-50.0,50.0,231743.83816326535,231768.84326530618,0.3423057479872683
2026-06-17 18:30:00+02:00,-50.0,50.0,231756.08816326535,231756.08816326535,0.3423057479872683
2026-06-17 18:45:00+02:00,-50.0,50.0,231743.33306122455,231768.33816326535,0.3423057479872683
2026-06-17 19:00:00+02:00,-50.0,50.0,231755.58306122455,231755.58306122455,0.3423057479872683
2026-06-17 19:15:00+02:00,-100.0,100.0,231742.82795918372,231767.83306122455,2.7227023594620468
2026-06-17 19:30:00+02:00,-150.0,150.0,231742.3228571429,231767.32795918372,4.537494498539901
2026-06-17 19:45:00+02:00,-150.0,150.0,231729.0626530613,231779.0728571429,4.537494498539901
2026-06-17 20:00:00+02:00,-150.0,150.0,231740.8075510205,231765.8126530613,4.537494498539901
2026-06-17 20:15:00+02:00,-150.0,150.0,231727.54734693884,231777.5575510205,4.537494498539901
2026-06-17 20:30:00+02:00,-150.0,150.0,231739.292244898,231764.29734693884,4.537494498539901
2026-06-17 20:45:00+02:00,-150.0,150.0,231726.03204081638,231776.042244898,4.537494498539901
2026-06-17 21:00:00+02:00,-150.0,150.0,231737.77693877558,231762.78204081638,4.537494498539901
2026-06-17 21:15:00+02:00,-150.0,150.0,231724.51673469396,231774.52693877555,4.537494498539901
2026-06-17 21:30:00+02:00,-150.0,150.0,231736.26163265313,231761.26673469396,4.537494498539901
2026-06-17 21:45:00+02:00,-150.0,150.0,231723.00142857147,231773.01163265313,4.537494498539901
2026-06-17 22:00:00+02:00,-150.0,150.0,231734.74632653064,231759.75142857147,4.537494498539901
2026-06-17 22:15:00+02:00,-150.0,150.0,231721.48612244905,231771.49632653064,4.537494498539901
2026-06-17 22:30:00+02:00,-150.0,150.0,231733.23102040825,231758.23612244905,4.537494498539901
2026-06-17 22:45:00+02:00,-150.0,150.0,231719.9708163266,231769.98102040825,4.537494498539901
2026-06-17 23:00:00+02:00,-150.0,150.0,231731.71571428576,231756.7208163266,4.537494498539901
2026-06-17 23:15:00+02:00,-150.0,150.0,231718.45551020413,231768.46571428576,4.537494498539901
2026-06-17 23:30:00+02:00,-150.0,150.0,231730.20040816333,231755.20551020413,4.537494498539901
2026-06-17 23:45:00+02:00,-150.0,150.0,231716.9402040817,231766.9504081633,4.537494498539901
2026-06-18 00:00:00+02:00,-150.0,150.0,231728.68510204088,231753.6902040817,4.537494498539901
2026-06-18 00:15:00+02:00,-150.0,150.0,231715.42489795922,231765.43510204088,4.537494498539901
2026-06-18 00:30:00+02:00,-150.0,150.0,231727.1697959184,231752.17489795922,4.537494498539901
2026-06-18 00:45:00+02:00,-150.0,150.0,231713.9095918368,231763.9197959184,4.537494498539901
2026-06-18 01:00:00+02:00,-150.0,150.0,231725.654489796,231750.6595918368,4.537494498539901
2026-06-18 01:15:00+02:00,-150.0,150.0,231712.39428571434,231762.404489796,4.537494498539901
2026-06-18 01:30:00+02:00,-150.0,150.0,231724.1391836735,231749.14428571434,4.537494498539901
2026-06-18 01:45:00+02:00,-150.0,150.0,231710.8789795919,231760.8891836735,4.537494498539901
2026-06-18 02:00:00+02:00,-150.0,150.0,231722.6238775511,231747.6289795919,4.537494498539901
2026-06-18 02:15:00+02:00,-150.0,150.0,231709.36367346946,231759.37387755106,4.537494498539901
2026-06-18 02:30:00+02:00,-150.0,150.0,231721.10857142863,231746.11367346946,4.537494498539901
2026-06-18 02:45:00+02:00,-150.0,150.0,231707.84836734697,231757.85857142863,4.537494498539901
2026-06-18 03:00:00+02:00,-150.0,150.0,231719.59326530618,231744.59836734697,4.537494498539901
2026-06-18 03:15:00+02:00,-150.0,150.0,231706.33306122458,231756.34326530618,4.537494498539901
2026-06-18 03:30:00+02:00,-150.0,150.0,231718.07795918375,231743.08306122458,4.537494498539901
2026-06-18 03:45:00+02:00,-150.0,150.0,231704.8177551021,231754.82795918375,4.537494498539901
2026-06-18 04:00:00+02:00,-150.0,150.0,231716.56265306126,231741.5677551021,4.537494498539901
2026-06-18 04:15:00+02:00,-150.0,150.0,231703.30244897967,231753.31265306126,4.537494498539901
2026-06-18 04:30:00+02:00,-150.0,150.0,231715.04734693887,231740.05244897967,4.537494498539901
2026-06-18 04:45:00+02:00,-150.0,150.0,231701.7871428572,231751.79734693887,4.537494498539901
2026-06-18 05:00:00+02:00,-150.0,150.0,231713.53204081638,231738.5371428572,4.537494498539901
2026-06-18 05:15:00+02:00,-150.0,150.0,231700.27183673476,231750.28204081638,4.537494498539901
2026-06-18 05:30:00+02:00,-150.0,150.0,231712.01673469396,231737.02183673476,4.537494498539901
2026-06-18 05:45:00+02:00,-150.0,150.0,231698.75653061233,231748.76673469396,4.537494498539901
2026-06-18 06:00:00+02:00,-150.0,150.0,231710.5014285715,231735.50653061233,4.537494498539901
2026-06-18 06:15:00+02:00,-150.0,150.0,231697.24122448984,231747.2514285715,4.537494498539901
2026-06-18 06:30:00+02:00,-150.0,150.0,231708.98612244902,231733.99122448984,4.537494498539901
2026-06-18 06:45:00+02:00,-150.0,150.0,231695.72591836742,231745.73612244902,4.537494498539901
2026-06-18 07:00:00+02:00,-150.0,150.0,231707.47081632662,231732.47591836742,4.537494498539901
2026-06-18 07:15:00+02:00,-150.0,150.0,231694.21061224496,231744.22081632662,4.537494498539901
2026-06-18 07:30:00+02:00,-150.0,150.0,231705.95551020413,231730.96061224496,4.537494498539901
2026-06-18 07:45:00+02:00,-150.0,150.0,231692.6953061225,231742.70551020413,4.537494498539901
2026-06-18 08:00:00+02:00,-150.0,150.0,231704.4402040817,231729.4453061225,4.537494498539901
2026-06-18 08:15:00+02:00,-150.0,150.0,231691.18000000008,231741.1902040817,4.537494498539901
2026-06-18 08:30:00+02:00,-150.0,150.0,231702.92489795925,231727.93000000008,4.537494498539901
2026-06-18 08:45:00+02:00,-150.0,150.0,231689.6646938776,231739.67489795925,4.537494498539901
2026-06-18 09:00:00+02:00,-150.0,150.0,231701.40959183677,231726.4146938776,4.537494498539901
2026-06-18 09:15:00+02:00,-150.0,150.0,231688.14938775517,231738.15959183677,4.537494498539901
2026-06-18 09:30:00+02:00,-150.0,150.0,231699.89428571437,231724.89938775517,4.537494498539901
2026-06-18 09:45:00+02:00,-150.0,150.0,231686.6340816327,231736.64428571437,4.537494498539901
2026-06-18 10:00:00+02:00,-150.0,150.0,231698.3789795919,231723.3840816327,4.537494498539901
2026-06-18 10:15:00+02:00,-150.0,150.0,231685.11877551026,231735.1289795919,4.537494498539901
2026-06-18 10:30:00+02:00,-150.0,150.0,231696.86367346946,231721.86877551026,4.537494498539901
2026-06-18 10:45:00+02:00,-150.0,150.0,231683.60346938783,231733.61367346946,4.537494498539901
2026-06-18 11:00:00+02:00,-150.0,150.0,231695.348367347,231720.35346938783,4.537494498539901
2026-06-18 11:15:00+02:00,-150.0,150.0,231682.08816326535,231732.098367347,4.537494498539901
2026-06-18 11:30:00+02:00,-150.0,150.0,231693.83306122452,231718.83816326535,4.537494498539901
2026-06-18 11:45:00+02:00,-150.0,150.0,231680.57285714292,231730.58306122452,4.537494498539901
2026-06-18 12:00:00+02:00,-150.0,150.0,231692.31775510212,231717.32285714292,4.537494498539901
2026-06-18 12:15:00+02:00,-150.0,150.0,231679.05755102047,231729.06775510212,4.537494498539901
2026-06-18 12:30:00+02:00,-150.0,150.0,231690.80244897964,231715.80755102047,4.537494498539901
2026-06-18 12:45:00+02:00,-150.0,150.0,231677.542244898,231727.55244897964,4.537494498539901
2026-06-18 13:00:00+02:00,-150.0,150.0,231689.2871428572,231714.292244898,4.537494498539901
2026-06-18 13:15:00+02:00,-150.0,150.0,231676.02693877558,231726.0371428572,4.537494498539901
2026-06-18 13:30:00+02:00,-150.0,150.0,231687.77183673476,231712.77693877558,4.537494498539901
2026-06-18 13:45:00+02:00,-150.0,150.0,231674.5116326531,231724.52183673476,4.537494498539901
2026-06-18 14:00:00+02:00,-150.0,150.0,231686.2565306123,231711.2616326531,4.537494498539901
2026-06-18 14:15:00+02:00,-150.0,150.0,231672.9963265307,231723.0065306123,4.537494498539901
2026-06-18 14:30:00+02:00,-150.0,150.0,231684.74122448987,231709.7463265307,4.537494498539901
2026-06-18 14:45:00+02:00,-150.0,150.0,231671.48102040822,231721.49122448987,4.537494498539901
2026-06-18 15:00:00+02:00,-150.0,150.0,231683.2259183674,231708.23102040822,4.537494498539901
2026-06-18 15:15:00+02:00,-150.0,150.0,231669.96571428576,231719.9759183674,4.537494498539901
2026-06-18 15:30:00+02:00,-150.0,150.0,231681.71061224496,231706.71571428576,4.537494498539901
2026-06-18 15:45:00+02:00,-150.0,150.0,231668.45040816333,231718.46061224496,4.537494498539901
2026-06-18 16:00:00+02:00,-150.0,150.0,231680.1953061225,231705.20040816333,4.537494498539901
2026-06-18 16:15:00+02:00,-150.0,150.0,231666.93510204088,231716.9453061225,4.537494498539901
2026-06-18 16:30:00+02:00,-150.0,150.0,231702.67498775516,231703.68510204088,4.537494498539901
2026-06-18 16:45:00+02:00,-150.0,150.0,231689.41478367354,231739.42498775516,4.537494498539901
2026-06-18 17:00:00+02:00,-150.0,150.0,231726.16478367354,231726.16478367354,4.537494498539901
2026-06-18 17:15:00+02:00,-150.0,150.0,231712.90457959188,231762.91478367354,4.537494498539901
2026-06-18 17:30:00+02:00,-150.0,150.0,231749.65457959188,231749.65457959188,4.537494498539901
2026-06-18 17:45:00+02:00,-150.0,150.0,231736.39437551028,231786.40457959188,4.537494498539901
2026-06-18 18:00:00+02:00,-150.0,150.0,231773.14437551028,231773.14437551028,4.537494498539901
2026-06-18 18:15:00+02:00,-150.0,150.0,231779.1964653062,231809.89437551028,4.537494498539901
2026-06-18 18:30:00+02:00,-150.0,150.0,231815.9464653062,231815.9464653062,4.537494498539901
2026-06-18 18:45:00+02:00,-150.0,150.0,231827.69136326533,231852.69646530616,4.537494498539901
2026-06-18 19:00:00+02:00,-150.0,150.0,231864.44136326533,231864.44136326533,4.537494498539901
2026-06-18 19:15:00+02:00,-150.0,150.0,231876.18626122453,231901.19136326533,4.537494498539901
2026-06-18 19:30:00+02:00,-150.0,150.0,231912.93626122453,231912.93626122453,4.537494498539901
2026-06-18 19:45:00+02:00,-150.0,150.0,231924.6811591837,231949.68626122453,4.537494498539901
2026-06-18 20:00:00+02:00,-150.0,150.0,231961.43115918373,231961.43115918373,4.537494498539901
2026-06-18 20:15:00+02:00,-150.0,150.0,231973.17605714293,231998.18115918373,4.537494498539901
2026-06-18 20:30:00+02:00,-150.0,150.0,232009.92605714293,232009.92605714293,4.537494498539901
2026-06-18 20:45:00+02:00,-150.0,150.0,232021.6709551021,232046.67605714293,4.537494498539901
2026-06-18 21:00:00+02:00,-150.0,150.0,232058.4209551021,232058.4209551021,4.537494498539901
2026-06-18 21:15:00+02:00,-150.0,150.0,232070.16585306128,232095.1709551021,4.537494498539901
2026-06-18 21:30:00+02:00,-150.0,150.0,232106.91585306128,232106.91585306128,4.537494498539901
2026-06-18 21:45:00+02:00,-100.0,100.0,232118.66075102048,232143.66585306128,2.157097887065122
2026-06-18 22:00:00+02:00,-100.0,100.0,232143.16075102048,232143.16075102048,2.157097887065122
2026-06-18 22:15:00+02:00,-100.0,100.0,232142.65564897965,232167.66075102048,2.157097887065122
2026-06-18 22:30:00+02:00,-50.0,50.0,232167.15564897965,232167.15564897965,0.3423057479872683
2026-06-18 22:45:00+02:00,-50.0,50.0,232154.40054693885,232179.40564897965,0.3423057479872683
2026-06-18 23:00:00+02:00,-50.0,50.0,232166.65054693885,232166.65054693885,0.3423057479872683
2026-06-18 23:15:00+02:00,-50.0,50.0,232153.89544489802,232178.90054693885,0.3423057479872683
2026-06-18 23:30:00+02:00,-50.0,50.0,232166.14544489802,232166.14544489802,0.3423057479872683
2026-06-18 23:45:00+02:00,-50.0,50.0,232153.3903428572,232178.39544489802,0.3423057479872683
2026-06-19 00:00:00+02:00,-50.0,50.0,232165.6403428572,232165.6403428572,0.3423057479872683
2026-06-19 00:15:00+02:00,-100.0,100.0,232152.8852408164,232177.8903428572,27.774958809211753
2026-06-19 00:30:00+02:00,-100.0,100.0,232177.3852408164,232177.3852408164,27.774958809211753
2026-06-19 00:45:00+02:00,-100.0,100.0,232176.88013877557,232201.8852408164,27.774958809211753
2026-06-19 01:00:00+02:00,-50.0,50.0,232201.38013877557,232201.38013877557,0.3423057479872683
2026-06-19 01:15:00+02:00,-100.0,100.0,232188.62503673477,232213.63013877557,2.7262470745178806
2026-06-19 01:30:00+02:00,-100.0,100.0,232188.11993469394,232213.12503673477,2.7262470745178806
2026-06-19 01:45:00+02:00,-150.0,150.0,232187.6148326531,232212.61993469394,36.042328707170945
2026-06-19 02:00:00+02:00,-150.0,150.0,232199.3597306123,232224.3648326531,36.042328707170945
2026-06-19 02:15:00+02:00,-150.0,150.0,232211.10462857148,232236.1097306123,36.042328707170945
2026-06-19 02:30:00+02:00,-150.0,150.0,232222.84952653066,232247.85462857148,36.042328707170945
2026-06-19 02:45:00+02:00,-150.0,150.0,232234.59442448986,232259.59952653066,36.042328707170945
2026-06-19 03:00:00+02:00,-100.0,100.0,232246.33932244906,232271.34442448986,2.7262470745178806
2026-06-19 03:15:00+02:00,-100.0,100.0,232245.83422040823,232270.83932244906,2.7262470745178806
2026-06-19 03:30:00+02:00,-100.0,100.0,232245.3291183674,232270.33422040823,2.7262470745178806
2026-06-19 03:45:00+02:00,-100.0,100.0,232244.8240163266,232269.8291183674,2.7262470745178806
2026-06-19 04:00:00+02:00,-100.0,100.0,232244.31891428577,232269.3240163266,2.7262470745178806
2026-06-19 04:15:00+02:00,-100.0,100.0,232243.81381224495,232268.81891428577,2.7262470745178806
2026-06-19 04:30:00+02:00,-100.0,100.0,232243.30871020415,232268.31381224495,2.7262470745178806
2026-06-19 04:45:00+02:00,-100.0,100.0,232242.80360816335,232267.80871020415,2.7262470745178806
2026-06-19 05:00:00+02:00,-150.0,150.0,232242.29850612252,232267.30360816335,9.084396734381823
2026-06-19 05:15:00+02:00,-150.0,150.0,232229.03830204086,232279.04850612252,9.084396734381823
2026-06-19 05:30:00+02:00,-150.0,150.0,232240.78320000006,232265.78830204086,9.084396734381823
2026-06-19 05:45:00+02:00,-150.0,150.0,232227.52299591844,232277.53320000006,9.084396734381823
2026-06-19 06:00:00+02:00,-150.0,150.0,232239.2678938776,232264.27299591844,9.084396734381823
2026-06-19 06:15:00+02:00,-150.0,150.0,232226.00768979598,232276.0178938776,9.084396734381823
2026-06-19 06:30:00+02:00,-150.0,150.0,232237.75258775515,232262.75768979598,9.084396734381823
2026-06-19 06:45:00+02:00,-150.0,150.0,232234.22759183677,232274.50258775515,9.084396734381823
2026-06-19 07:00:00+02:00,-150.0,150.0,232245.97248979597,232270.97759183677,9.084396734381823
2026-06-19 07:15:00+02:00,-150.0,150.0,232257.71738775517,232282.72248979597,9.084396734381823
2026-06-19 07:30:00+02:00,-150.0,150.0,232277.28901224496,232294.46738775517,9.084396734381823
2026-06-19 07:45:00+02:00,-150.0,150.0,232289.03391020413,232314.03901224496,9.084396734381823
2026-06-19 08:00:00+02:00,-200.0,200.0,232325.78391020413,232325.78391020413,295.9015395915246
2026-06-19 08:15:00+02:00,-150.0,150.0,232349.7788081633,232374.78391020413,9.084396734381823
2026-06-19 08:30:00+02:00,-150.0,150.0,232386.5288081633,232386.5288081633,9.084396734381823
2026-06-19 08:45:00+02:00,-150.0,150.0,232398.2737061225,232423.2788081633,130.8425736051301
2026-06-19 09:00:00+02:00,-150.0,150.0,232435.0237061225,232435.0237061225,130.8425736051301
2026-06-19 09:15:00+02:00,-50.0,50.0,232446.76860408168,232471.7737061225,0.3423057479872683
2026-06-19 09:30:00+02:00,-50.0,50.0,232459.01860408168,232459.01860408168,0.3423057479872683
2026-06-19 09:45:00+02:00,-50.0,50.0,232446.26350204088,232471.26860408168,0.3423057479872683
2026-06-19 10:00:00+02:00,-50.0,50.0,232458.51350204088,232458.51350204088,0.3423057479872683
2026-06-19 10:15:00+02:00,-50.0,50.0,232445.75840000005,232470.76350204088,0.3423057479872683
2026-06-19 10:30:00+02:00,-50.0,50.0,232458.00840000005,232458.00840000005,0.3423057479872683
2026-06-19 10:45:00+02:00,-50.0,50.0,232445.25329795922,232470.25840000005,0.3423057479872683
2026-06-19 11:00:00+02:00,-50.0,50.0,232457.50329795922,232457.50329795922,0.3423057479872683
2026-06-19 11:15:00+02:00,-50.0,50.0,232444.74819591842,232469.75329795922,0.3423057479872683
2026-06-19 11:30:00+02:00,-100.0,100.0,232456.99819591842,232456.99819591842,29.686489421456642
2026-06-19 11:45:00+02:00,-100.0,100.0,232456.4930938776,232481.49819591842,29.686489421456642
2026-06-19 12:00:00+02:00,-100.0,100.0,232480.9930938776,232480.9930938776,29.686489421456642
2026-06-19 12:15:00+02:00,-150.0,150.0,232480.4879918368,232505.4930938776,58.45575472757909
2026-06-19 12:30:00+02:00,-100.0,100.0,232517.2379918368,232517.2379918368,29.11157105410972
2026-06-19 12:45:00+02:00,-100.0,100.0,232516.73288979597,232541.7379918368,29.11157105410972
2026-06-19 13:00:00+02:00,-100.0,100.0,232541.23288979597,232541.23288979597,29.11157105410972
2026-06-19 13:15:00+02:00,-100.0,100.0,232540.72778775514,232565.73288979597,29.11157105410972
2026-06-19 13:30:00+02:00,-100.0,100.0,232565.22778775514,232565.22778775514,29.11157105410972
2026-06-19 13:45:00+02:00,-100.0,100.0,232564.72268571434,232589.72778775514,29.11157105410972
2026-06-19 14:00:00+02:00,-100.0,100.0,232589.22268571434,232589.22268571434,29.11157105410972
2026-06-19 14:15:00+02:00,-100.0,100.0,232588.7175836735,232613.72268571434,29.11157105410972
2026-06-19 14:30:00+02:00,-100.0,100.0,232613.2175836735,232613.2175836735,29.11157105410972
2026-06-19 14:45:00+02:00,-50.0,50.0,232612.7124816327,232637.7175836735,0.3423057479872683
2026-06-19 15:00:00+02:00,-50.0,50.0,232624.9624816327,232624.9624816327,0.3423057479872683
2026-06-19 15:15:00+02:00,-50.0,50.0,232612.20737959188,232637.2124816327,0.3423057479872683
2026-06-19 15:30:00+02:00,-50.0,50.0,232624.45737959188,232624.45737959188,0.3423057479872683
2026-06-19 15:45:00+02:00,-50.0,50.0,232611.70227755106,232636.70737959188,0.3423057479872683
2026-06-19 16:00:00+02:00,-50.0,50.0,232623.95227755106,232623.95227755106,0.3423057479872683
2026-06-19 16:15:00+02:00,-50.0,50.0,232611.19717551026,232636.20227755106,0.3423057479872683
2026-06-19 16:30:00+02:00,-50.0,50.0,232623.44717551026,232623.44717551026,0.3423057479872683
2026-06-19 16:45:00+02:00,-50.0,50.0,232610.69207346943,232635.69717551026,0.3423057479872683
2026-06-19 17:00:00+02:00,-50.0,50.0,232622.94207346943,232622.94207346943,0.3423057479872683
2026-06-19 17:15:00+02:00,-50.0,50.0,232610.18697142863,232635.19207346943,0.3423057479872683
2026-06-19 17:30:00+02:00,-50.0,50.0,232622.43697142863,232622.43697142863,0.3423057479872683
2026-06-19 17:45:00+02:00,-50.0,50.0,232609.6818693878,232634.68697142863,0.3423057479872683
2026-06-19 18:00:00+02:00,-50.0,50.0,232621.9318693878,232621.9318693878,0.3423057479872683
2026-06-19 18:15:00+02:00,-50.0,50.0,232609.176767347,232634.1818693878,0.3423057479872683
2026-06-19 18:30:00+02:00,-50.0,50.0,232621.426767347,232621.426767347,0.3423057479872683
2026-06-19 18:45:00+02:00,-100.0,100.0,232608.67166530617,232633.676767347,74.64393840104849
2026-06-19 19:00:00+02:00,-100.0,100.0,232633.17166530617,232633.17166530617,74.64393840104849
2026-06-19 19:15:00+02:00,-100.0,100.0,232632.66656326535,232657.67166530617,74.64393840104849
2026-06-19 19:30:00+02:00,-100.0,100.0,232657.16656326535,232657.16656326535,74.64393840104849
2026-06-19 19:45:00+02:00,-150.0,150.0,232656.66146122455,232681.66656326535,90.2669315983274
2026-06-19 20:00:00+02:00,-150.0,150.0,232693.41146122455,232693.41146122455,90.2669315983274
2026-06-19 20:15:00+02:00,-100.0,100.0,232705.15635918372,232730.16146122455,15.965298945266182
2026-06-19 20:30:00+02:00,-150.0,150.0,232729.65635918372,232729.65635918372,199.7057071085315
2026-06-19 20:45:00+02:00,-150.0,150.0,232741.40125714292,232766.40635918372,199.7057071085315
2026-06-19 21:00:00+02:00,-100.0,100.0,232778.15125714292,232778.15125714292,15.965298945266182
2026-06-19 21:15:00+02:00,-100.0,100.0,232777.6461551021,232802.65125714292,15.965298945266182
2026-06-19 21:30:00+02:00,-100.0,100.0,232802.1461551021,232802.1461551021,15.965298945266182
2026-06-19 21:45:00+02:00,-100.0,100.0,232801.64105306126,232826.6461551021,15.965298945266182
2026-06-19 22:00:00+02:00,-50.0,50.0,232826.14105306126,232826.14105306126,0.3423057479872683
2026-06-19 22:15:00+02:00,-50.0,50.0,232813.38595102046,232838.39105306126,0.3423057479872683
2026-06-19 22:30:00+02:00,-100.0,100.0,232825.63595102046,232825.63595102046,182.76944860513012
2026-06-19 22:45:00+02:00,-100.0,100.0,232825.13084897964,232850.13595102046,182.76944860513012
2026-06-19 23:00:00+02:00,-50.0,50.0,232849.63084897964,232849.63084897964,0.3423057479872683
2026-06-19 23:15:00+02:00,-50.0,50.0,232836.87574693884,232861.88084897964,0.3423057479872683
2026-06-19 23:30:00+02:00,-50.0,50.0,232849.12574693884,232849.12574693884,0.3423057479872683
2026-06-19 23:45:00+02:00,-50.0,50.0,232836.370644898,232861.37574693884,0.3423057479872683
2026-06-20 00:00:00+02:00,-50.0,50.0,232848.620644898,232848.620644898,0.3423057479872683
2026-06-20 00:15:00+02:00,-50.0,50.0,232835.86554285718,232860.870644898,0.3423057479872683
2026-06-20 00:30:00+02:00,-50.0,50.0,232848.11554285718,232848.11554285718,0.3423057479872683
2026-06-20 00:45:00+02:00,-50.0,50.0,232835.36044081638,232860.36554285718,0.3423057479872683
2026-06-20 01:00:00+02:00,-50.0,50.0,232847.61044081638,232847.61044081638,0.3423057479872683
2026-06-20 01:15:00+02:00,-50.0,50.0,232834.85533877555,232859.86044081638,0.3423057479872683
2026-06-20 01:30:00+02:00,-50.0,50.0,232847.10533877555,232847.10533877555,0.3423057479872683
2026-06-20 01:45:00+02:00,-50.0,50.0,232834.35023673475,232859.35533877555,0.3423057479872683
2026-06-20 02:00:00+02:00,-50.0,50.0,232846.60023673475,232846.60023673475,0.3423057479872683
2026-06-20 02:15:00+02:00,-50.0,50.0,232833.84513469393,232858.85023673475,0.3423057479872683
2026-06-20 02:30:00+02:00,-50.0,50.0,232846.09513469393,232846.09513469393,0.3423057479872683
2026-06-20 02:45:00+02:00,-50.0,50.0,232833.3400326531,232858.34513469393,0.3423057479872683
2026-06-20 03:00:00+02:00,-50.0,50.0,232845.5900326531,232845.5900326531,0.3423057479872683
2026-06-20 03:15:00+02:00,-50.0,50.0,232832.8349306123,232857.8400326531,0.3423057479872683
2026-06-20 03:30:00+02:00,-50.0,50.0,232845.0849306123,232845.0849306123,0.3423057479872683
2026-06-20 03:45:00+02:00,-100.0,100.0,232832.32982857147,232857.3349306123,36.58259146227299
2026-06-20 04:00:00+02:00,-100.0,100.0,232856.82982857147,232856.82982857147,36.58259146227299
2026-06-20 04:15:00+02:00,-100.0,100.0,232856.32472653067,232881.32982857147,36.58259146227299
2026-06-20 04:30:00+02:00,-100.0,100.0,232880.82472653067,232880.82472653067,36.58259146227299
2026-06-20 04:45:00+02:00,-100.0,100.0,232880.31962448984,232905.32472653067,36.58259146227299
2026-06-20 05:00:00+02:00,-100.0,100.0,232904.81962448984,232904.81962448984,36.58259146227299
2026-06-20 05:15:00+02:00,-100.0,100.0,232904.31452244904,232929.31962448984,36.58259146227299
2026-06-20 05:30:00+02:00,-100.0,100.0,232928.81452244904,232928.81452244904,36.58259146227299
2026-06-20 05:45:00+02:00,-100.0,100.0,232928.30942040822,232953.31452244904,36.58259146227299
2026-06-20 06:00:00+02:00,-100.0,100.0,232952.80942040822,232952.80942040822,36.58259146227299
2026-06-20 06:15:00+02:00,-50.0,50.0,232952.3043183674,232977.30942040822,0.3423057479872683
2026-06-20 06:30:00+02:00,-50.0,50.0,232964.5543183674,232964.5543183674,0.3423057479872683
2026-06-20 06:45:00+02:00,-50.0,50.0,232951.7992163266,232976.8043183674,0.3423057479872683
2026-06-20 07:00:00+02:00,-50.0,50.0,232964.0492163266,232964.0492163266,0.3423057479872683
2026-06-20 07:15:00+02:00,-50.0,50.0,232951.29411428576,232976.2992163266,0.3423057479872683
2026-06-20 07:30:00+02:00,-50.0,50.0,232963.54411428576,232963.54411428576,0.3423057479872683
2026-06-20 07:45:00+02:00,-50.0,50.0,232950.78901224496,232975.79411428576,0.3423057479872683
2026-06-20 08:00:00+02:00,-50.0,50.0,232963.03901224496,232963.03901224496,0.3423057479872683
2026-06-20 08:15:00+02:00,-50.0,50.0,232950.28391020413,232975.28901224496,0.3423057479872683
2026-06-20 08:30:00+02:00,-100.0,100.0,232962.53391020413,232962.53391020413,584.0157751357424
2026-06-20 08:45:00+02:00,-50.0,50.0,232962.0288081633,232987.03391020413,0.3423057479872683
2026-06-20 09:00:00+02:00,-100.0,100.0,232974.2788081633,232974.2788081633,2.1915252736353654
2026-06-20 09:15:00+02:00,-100.0,100.0,232948.7686040817,232998.7788081633,2.1915252736353654
2026-06-20 09:30:00+02:00,-100.0,100.0,232973.2686040817,232973.2686040817,2.1915252736353654
2026-06-20 09:45:00+02:00,-100.0,100.0,232947.75840000005,232997.7686040817,2.1915252736353654
2026-06-20 10:00:00+02:00,-100.0,100.0,232972.25840000005,232972.25840000005,2.1915252736353654
2026-06-20 10:15:00+02:00,-100.0,100.0,232946.74819591842,232996.75840000005,2.1915252736353654
2026-06-20 10:30:00+02:00,-100.0,100.0,232971.24819591842,232971.24819591842,2.1915252736353654
2026-06-20 10:45:00+02:00,-150.0,150.0,232945.73799183677,232995.74819591842,196.74934840288705
2026-06-20 11:00:00+02:00,-150.0,150.0,232982.48799183677,232982.48799183677,196.74934840288705
2026-06-20 11:15:00+02:00,-150.0,150.0,232969.22778775514,233019.23799183677,196.74934840288705
2026-06-20 11:30:00+02:00,-100.0,100.0,233005.97778775514,233005.97778775514,2.1915252736353654
2026-06-20 11:45:00+02:00,-100.0,100.0,232980.46758367354,233030.47778775514,2.1915252736353654
2026-06-20 12:00:00+02:00,-100.0,100.0,233004.96758367354,233004.96758367354,2.1915252736353654
2026-06-20 12:15:00+02:00,-100.0,100.0,232979.45737959188,233029.46758367354,2.1915252736353654
2026-06-20 12:30:00+02:00,-100.0,100.0,233003.95737959188,233003.95737959188,2.1915252736353654
2026-06-20 12:45:00+02:00,-100.0,100.0,232978.44717551026,233028.45737959188,2.1915252736353654
2026-06-20 13:00:00+02:00,-100.0,100.0,233002.94717551026,233002.94717551026,2.1915252736353654
2026-06-20 13:15:00+02:00,-100.0,100.0,232977.4369714286,233027.44717551026,2.1915252736353654
2026-06-20 13:30:00+02:00,-100.0,100.0,233001.9369714286,233001.9369714286,2.1915252736353654
2026-06-20 13:45:00+02:00,-100.0,100.0,232976.42676734697,233026.4369714286,2.1915252736353654
2026-06-20 14:00:00+02:00,-100.0,100.0,233000.92676734697,233000.92676734697,2.1915252736353654
2026-06-20 14:15:00+02:00,-100.0,100.0,232975.41656326537,233025.42676734697,2.1915252736353654
2026-06-20 14:30:00+02:00,-100.0,100.0,232999.91656326537,232999.91656326537,2.1915252736353654
2026-06-20 14:45:00+02:00,-100.0,100.0,232974.40635918372,233024.41656326537,2.1915252736353654
2026-06-20 15:00:00+02:00,-100.0,100.0,232998.90635918372,232998.90635918372,2.1915252736353654
2026-06-20 15:15:00+02:00,-100.0,100.0,232973.3961551021,233023.40635918372,2.1915252736353654
2026-06-20 15:30:00+02:00,-100.0,100.0,232997.8961551021,232997.8961551021,2.1915252736353654
2026-06-20 15:45:00+02:00,-100.0,100.0,232972.38595102043,233022.3961551021,2.1915252736353654
2026-06-20 16:00:00+02:00,-100.0,100.0,232996.88595102043,232996.88595102043,2.1915252736353654
2026-06-20 16:15:00+02:00,-100.0,100.0,232971.3757469388,233021.38595102043,2.1915252736353654
2026-06-20 16:30:00+02:00,-100.0,100.0,232995.8757469388,232995.8757469388,2.1915252736353654
2026-06-20 16:45:00+02:00,-100.0,100.0,232970.3655428572,233020.3757469388,2.1915252736353654
2026-06-20 17:00:00+02:00,-100.0,100.0,232994.8655428572,232994.8655428572,2.1915252736353654
2026-06-20 17:15:00+02:00,-100.0,100.0,232969.35533877555,233019.3655428572,2.1915252736353654
2026-06-20 17:30:00+02:00,-100.0,100.0,232993.85533877555,232993.85533877555,2.1915252736353654
2026-06-20 17:45:00+02:00,-150.0,150.0,232968.34513469393,233018.35533877555,585.8649946613905
2026-06-20 18:00:00+02:00,-100.0,100.0,233005.09513469393,233005.09513469393,2.1915252736353654
2026-06-20 18:15:00+02:00,-100.0,100.0,232979.58493061227,233029.59513469393,2.1915252736353654
2026-06-20 18:30:00+02:00,-100.0,100.0,233004.08493061227,233004.08493061227,2.1915252736353654
2026-06-20 18:45:00+02:00,-100.0,100.0,232978.57472653067,233028.58493061227,2.1915252736353654
2026-06-20 19:00:00+02:00,-100.0,100.0,233003.07472653067,233003.07472653067,2.1915252736353654
2026-06-20 19:15:00+02:00,-100.0,100.0,232977.56452244904,233027.57472653067,2.1915252736353654
2026-06-20 19:30:00+02:00,-100.0,100.0,233002.06452244904,233002.06452244904,2.1915252736353654
2026-06-20 19:45:00+02:00,-100.0,100.0,232976.5543183674,233026.56452244904,2.1915252736353654
2026-06-20 20:00:00+02:00,-100.0,100.0,233001.0543183674,233001.0543183674,2.1915252736353654
2026-06-20 20:15:00+02:00,-100.0,100.0,232975.54411428576,233025.5543183674,2.1915252736353654
2026-06-20 20:30:00+02:00,-100.0,100.0,233000.04411428576,233000.04411428576,2.1915252736353654
2026-06-20 20:45:00+02:00,-100.0,100.0,232974.5339102041,233024.54411428576,2.1915252736353654
2026-06-20 21:00:00+02:00,-100.0,100.0,232999.0339102041,232999.0339102041,2.1915252736353654
2026-06-20 21:15:00+02:00,-100.0,100.0,232973.5237061225,233023.5339102041,2.1915252736353654
2026-06-20 21:30:00+02:00,-100.0,100.0,232998.0237061225,232998.0237061225,2.1915252736353654
2026-06-20 21:45:00+02:00,-100.0,100.0,232972.51350204088,233022.5237061225,2.1915252736353654
2026-06-20 22:00:00+02:00,-100.0,100.0,232997.01350204088,232997.01350204088,2.1915252736353654
2026-06-20 22:15:00+02:00,-100.0,100.0,232971.50329795922,233021.51350204088,2.1915252736353654
2026-06-20 22:30:00+02:00,-100.0,100.0,232996.00329795922,232996.00329795922,2.1915252736353654
2026-06-20 22:45:00+02:00,-100.0,100.0,232970.4930938776,233020.50329795922,2.1915252736353654
2026-06-20 23:00:00+02:00,-100.0,100.0,232994.9930938776,232994.9930938776,2.1915252736353654
2026-06-20 23:15:00+02:00,-100.0,100.0,232969.48288979594,233019.4930938776,2.1915252736353654
2026-06-20 23:30:00+02:00,-100.0,100.0,232993.98288979594,232993.98288979594,2.1915252736353654
2026-06-20 23:45:00+02:00,-100.0,100.0,232968.47268571434,233018.48288979594,2.1915252736353654
2026-06-21 00:00:00+02:00,-100.0,100.0,232992.97268571434,232992.97268571434,2.1915252736353654
2026-06-21 00:15:00+02:00,-100.0,100.0,232967.4624816327,233017.47268571434,2.1915252736353654
2026-06-21 00:30:00+02:00,-100.0,100.0,232991.9624816327,232991.9624816327,2.1915252736353654
2026-06-21 00:45:00+02:00,-100.0,100.0,232966.45227755106,233016.4624816327,2.1915252736353654
2026-06-21 01:00:00+02:00,-100.0,100.0,232990.95227755106,232990.95227755106,2.1915252736353654
2026-06-21 01:15:00+02:00,-100.0,100.0,232965.44207346943,233015.45227755106,2.1915252736353654
2026-06-21 01:30:00+02:00,-100.0,100.0,232989.94207346943,232989.94207346943,2.1915252736353654
2026-06-21 01:45:00+02:00,-100.0,100.0,232964.4318693878,233014.44207346943,2.1915252736353654
2026-06-21 02:00:00+02:00,-100.0,100.0,232988.9318693878,232988.9318693878,2.1915252736353654
2026-06-21 02:15:00+02:00,-100.0,100.0,232963.42166530617,233013.4318693878,2.1915252736353654
2026-06-21 02:30:00+02:00,-100.0,100.0,232987.92166530617,232987.92166530617,2.1915252736353654
2026-06-21 02:45:00+02:00,-100.0,100.0,232962.41146122455,233012.42166530617,2.1915252736353654
2026-06-21 03:00:00+02:00,-100.0,100.0,232986.91146122455,232986.91146122455,2.1915252736353654
2026-06-21 03:15:00+02:00,-100.0,100.0,232961.4012571429,233011.41146122455,2.1915252736353654
2026-06-21 03:30:00+02:00,-100.0,100.0,232985.9012571429,232985.9012571429,2.1915252736353654
2026-06-21 03:45:00+02:00,-100.0,100.0,232960.39105306126,233010.4012571429,2.1915252736353654
2026-06-21 04:00:00+02:00,-100.0,100.0,232984.89105306126,232984.89105306126,2.1915252736353654
2026-06-21 04:15:00+02:00,-100.0,100.0,232959.38084897964,233009.39105306126,2.1915252736353654
2026-06-21 04:30:00+02:00,-100.0,100.0,232983.88084897964,232983.88084897964,2.1915252736353654
2026-06-21 04:45:00+02:00,-100.0,100.0,232958.370644898,233008.38084897964,2.1915252736353654
2026-06-21 05:00:00+02:00,-100.0,100.0,232982.870644898,232982.870644898,2.1915252736353654
2026-06-21 05:15:00+02:00,-100.0,100.0,232957.36044081638,233007.370644898,2.1915252736353654
2026-06-21 05:30:00+02:00,-100.0,100.0,232981.86044081638,232981.86044081638,2.1915252736353654
2026-06-21 05:45:00+02:00,-100.0,100.0,232956.35023673475,233006.36044081638,2.1915252736353654
2026-06-21 06:00:00+02:00,-100.0,100.0,232980.85023673475,232980.85023673475,2.1915252736353654
2026-06-21 06:15:00+02:00,-100.0,100.0,232955.3400326531,233005.35023673475,2.1915252736353654
2026-06-21 06:30:00+02:00,-100.0,100.0,232979.8400326531,232979.8400326531,2.1915252736353654
2026-06-21 06:45:00+02:00,-100.0,100.0,232954.32982857147,233004.3400326531,2.1915252736353654
2026-06-21 07:00:00+02:00,-100.0,100.0,232978.82982857147,232978.82982857147,2.1915252736353654
2026-06-21 07:15:00+02:00,-100.0,100.0,232953.31962448984,233003.32982857147,2.1915252736353654
2026-06-21 07:30:00+02:00,-100.0,100.0,232977.81962448984,232977.81962448984,2.1915252736353654
2026-06-21 07:45:00+02:00,-100.0,100.0,232952.30942040822,233002.31962448984,2.1915252736353654
2026-06-21 08:00:00+02:00,-100.0,100.0,232976.80942040822,232976.80942040822,2.1915252736353654
2026-06-21 08:15:00+02:00,-100.0,100.0,232951.2992163266,233001.30942040822,2.1915252736353654
2026-06-21 08:30:00+02:00,-100.0,100.0,232975.7992163266,232975.7992163266,2.1915252736353654
2026-06-21 08:45:00+02:00,-100.0,100.0,232950.28901224493,233000.2992163266,2.1915252736353654
2026-06-21 09:00:00+02:00,-100.0,100.0,232974.78901224493,232974.78901224493,2.1915252736353654
2026-06-21 09:15:00+02:00,-100.0,100.0,232949.2788081633,232999.28901224493,2.1915252736353654
2026-06-21 09:30:00+02:00,-100.0,100.0,232973.7788081633,232973.7788081633,2.1915252736353654
2026-06-21 09:45:00+02:00,-100.0,100.0,232948.2686040817,232998.2788081633,2.1915252736353654
2026-06-21 10:00:00+02:00,-100.0,100.0,232972.7686040817,232972.7686040817,2.1915252736353654
2026-06-21 10:15:00+02:00,-100.0,100.0,232947.25840000005,232997.2686040817,2.1915252736353654
2026-06-21 10:30:00+02:00,-100.0,100.0,232971.75840000005,232971.75840000005,2.1915252736353654
2026-06-21 10:45:00+02:00,-100.0,100.0,232946.24819591842,232996.25840000005,2.1915252736353654
2026-06-21 11:00:00+02:00,-100.0,100.0,232970.74819591842,232970.74819591842,2.1915252736353654
2026-06-21 11:15:00+02:00,-100.0,100.0,232945.23799183677,232995.24819591842,2.1915252736353654
2026-06-21 11:30:00+02:00,-100.0,100.0,232969.73799183677,232969.73799183677,2.1915252736353654
2026-06-21 11:45:00+02:00,-100.0,100.0,232944.22778775514,232994.23799183677,2.1915252736353654
2026-06-21 12:00:00+02:00,-100.0,100.0,232968.72778775514,232968.72778775514,2.1915252736353654
2026-06-21 12:15:00+02:00,-100.0,100.0,232943.21758367354,232993.22778775514,2.1915252736353654
2026-06-21 12:30:00+02:00,-100.0,100.0,232967.71758367354,232967.71758367354,2.1915252736353654
2026-06-21 12:45:00+02:00,-100.0,100.0,232942.20737959188,232992.21758367354,2.1915252736353654
2026-06-21 13:00:00+02:00,-100.0,100.0,232966.70737959188,232966.70737959188,2.1915252736353654
2026-06-21 13:15:00+02:00,-100.0,100.0,232941.19717551026,232991.20737959188,2.1915252736353654
2026-06-21 13:30:00+02:00,-100.0,100.0,232965.69717551026,232965.69717551026,2.1915252736353654
2026-06-21 13:45:00+02:00,-100.0,100.0,232940.1869714286,232990.19717551026,2.1915252736353654
2026-06-21 14:00:00+02:00,-100.0,100.0,232964.6869714286,232964.6869714286,2.1915252736353654
2026-06-21 14:15:00+02:00,-100.0,100.0,232939.17676734697,232989.1869714286,2.1915252736353654
2026-06-21 14:30:00+02:00,-100.0,100.0,232963.67676734697,232963.67676734697,2.1915252736353654
2026-06-21 14:45:00+02:00,-100.0,100.0,232938.16656326537,232988.17676734697,2.1915252736353654
2026-06-21 15:00:00+02:00,-100.0,100.0,232962.66656326537,232962.66656326537,2.1915252736353654
2026-06-21 15:15:00+02:00,-100.0,100.0,232937.15635918372,232987.16656326537,2.1915252736353654
2026-06-21 15:30:00+02:00,-100.0,100.0,232961.65635918372,232961.65635918372,2.1915252736353654
2026-06-21 15:45:00+02:00,-100.0,100.0,232941.6732816327,232986.15635918372,2.1915252736353654
2026-06-21 16:00:00+02:00,-100.0,100.0,232966.1732816327,232966.1732816327,2.1915252736353654
2026-06-21 16:15:00+02:00,-100.0,100.0,232965.66817959188,232990.6732816327,2.1915252736353654
2026-06-21 16:30:00+02:00,-100.0,100.0,232990.16817959188,232990.16817959188,2.1915252736353654
2026-06-21 16:45:00+02:00,-100.0,100.0,232989.66307755106,233014.66817959188,2.1915252736353654
2026-06-21 17:00:00+02:00,-100.0,100.0,233014.16307755106,233014.16307755106,2.1915252736353654
2026-06-21 17:15:00+02:00,-100.0,100.0,233019.97960000005,233038.66307755106,2.1915252736353654
2026-06-21 17:30:00+02:00,-100.0,100.0,233044.47960000005,233044.47960000005,2.1915252736353654
2026-06-21 17:45:00+02:00,-100.0,100.0,233068.97960000005,233068.97960000005,2.1915252736353654
2026-06-21 18:00:00+02:00,-100.0,100.0,233093.47960000005,233093.47960000005,2.1915252736353654
2026-06-21 18:15:00+02:00,-100.0,100.0,233117.97960000005,233117.97960000005,2.1915252736353654
2026-06-21 18:30:00+02:00,-100.0,100.0,233142.47960000005,233142.47960000005,2.1915252736353654
2026-06-21 18:45:00+02:00,-100.0,100.0,233166.97960000005,233166.97960000005,2.1915252736353654
2026-06-21 19:00:00+02:00,-100.0,100.0,233191.47960000005,233191.47960000005,2.1915252736353654
2026-06-21 19:15:00+02:00,-100.0,100.0,233215.97960000005,233215.97960000005,2.1915252736353654
2026-06-21 19:30:00+02:00,-100.0,100.0,233240.47960000005,233240.47960000005,2.1915252736353654
2026-06-21 19:45:00+02:00,-100.0,100.0,233264.97960000005,233264.97960000005,2.1915252736353654
2026-06-21 20:00:00+02:00,-100.0,100.0,233289.47960000005,233289.47960000005,2.1915252736353654
2026-06-21 20:15:00+02:00,-100.0,100.0,233313.97960000005,233313.97960000005,2.1915252736353654
2026-06-21 20:30:00+02:00,-150.0,150.0,233338.47960000005,233338.47960000005,39.31315792669658
2026-06-21 20:45:00+02:00,-150.0,150.0,233375.22960000005,233375.22960000005,39.31315792669658
2026-06-21 21:00:00+02:00,-100.0,100.0,233411.97960000005,233411.97960000005,2.1915252736353654
2026-06-21 21:15:00+02:00,-100.0,100.0,233436.47960000005,233436.47960000005,2.1915252736353654
2026-06-21 21:30:00+02:00,-100.0,100.0,233460.97960000005,233460.97960000005,2.1915252736353654
2026-06-21 21:45:00+02:00,-100.0,100.0,233485.47960000005,233485.47960000005,2.1915252736353654
2026-06-21 22:00:00+02:00,-50.0,50.0,233509.97960000005,233509.97960000005,0.3423057479872683
2026-06-21 22:15:00+02:00,-50.0,50.0,233522.22960000005,233522.22960000005,0.3423057479872683
2026-06-21 22:30:00+02:00,0.0,0.0,233534.47960000005,233534.47960000005,0.0
2026-06-21 22:45:00+02:00,0.0,0.0,233534.47960000005,233534.47960000005,0.0
2026-06-21 23:00:00+02:00,-50.0,50.0,233534.47960000005,233534.47960000005,11.981982507288636
2026-06-21 23:15:00+02:00,-50.0,50.0,233543.17600000004,233546.72960000005,11.981982507288636
2026-06-21 23:30:00+02:00,-50.0,50.0,233555.42600000004,233555.42600000004,11.981982507288636
2026-06-21 23:45:00+02:00,-50.0,50.0,233567.67600000004,233567.67600000004,11.981982507288636
2026-06-22 00:00:00+02:00,-50.0,50.0,233579.92600000004,233579.92600000004,11.981982507288636
2026-06-22 00:15:00+02:00,-50.0,50.0,233592.17600000004,233592.17600000004,11.981982507288636
2026-06-22 00:30:00+02:00,-50.0,50.0,233604.42600000004,233604.42600000004,11.981982507288636
2026-06-22 00:45:00+02:00,0.0,0.0,233616.67600000004,233616.67600000004,0.0
2026-06-22 01:00:00+02:00,0.0,0.0,233616.67600000004,233616.67600000004,0.0
2026-06-22 01:15:00+02:00,0.0,0.0,233616.67600000004,233616.67600000004,0.0
2026-06-22 01:30:00+02:00,0.0,0.0,233616.67600000004,233616.67600000004,0.0
2026-06-22 01:45:00+02:00,0.0,0.0,233616.67600000004,233616.67600000004,0.0
2026-06-22 02:00:00+02:00,0.0,0.0,233616.67600000004,233616.67600000004,0.0
2026-06-22 02:15:00+02:00,0.0,0.0,233616.67600000004,233616.67600000004,0.0
2026-06-22 02:30:00+02:00,0.0,0.0,233616.67600000004,233616.67600000004,0.0
2026-06-22 02:45:00+02:00,-50.0,50.0,233616.67600000004,233616.67600000004,85.24551020408163
2026-06-22 03:00:00+02:00,-50.0,50.0,233628.92600000004,233628.92600000004,85.24551020408163
2026-06-22 03:15:00+02:00,-50.0,50.0,233641.17600000004,233641.17600000004,85.24551020408163
2026-06-22 03:30:00+02:00,-50.0,50.0,233653.42600000004,233653.42600000004,85.24551020408163
2026-06-22 03:45:00+02:00,-50.0,50.0,233665.67600000004,233665.67600000004,64.55428571428571
2026-06-22 04:00:00+02:00,-50.0,50.0,233677.92600000004,233677.92600000004,64.55428571428571
2026-06-22 04:15:00+02:00,-50.0,50.0,233690.17600000004,233690.17600000004,64.55428571428571
2026-06-22 04:30:00+02:00,-50.0,50.0,233702.42600000004,233702.42600000004,64.55428571428571
2026-06-22 04:45:00+02:00,0.0,0.0,233714.67600000004,233714.67600000004,0.0
2026-06-22 05:00:00+02:00,0.0,0.0,233714.67600000004,233714.67600000004,0.0
2026-06-22 05:15:00+02:00,0.0,0.0,233714.67600000004,233714.67600000004,0.0
2026-06-22 05:30:00+02:00,0.0,0.0,233714.67600000004,233714.67600000004,0.0
2026-06-22 05:45:00+02:00,0.0,0.0,233714.67600000004,233714.67600000004,0.0
2026-06-22 06:00:00+02:00,0.0,0.0,233714.67600000004,233714.67600000004,0.0
2026-06-22 06:15:00+02:00,0.0,0.0,233714.67600000004,233714.67600000004,0.0
2026-06-22 06:30:00+02:00,0.0,0.0,233714.67600000004,233714.67600000004,0.0
2026-06-22 06:45:00+02:00,0.0,0.0,233714.67600000004,233714.67600000004,0.0
2026-06-22 07:00:00+02:00,-50.0,50.0,233714.67600000004,233714.67600000004,53.0656462585034
2026-06-22 07:15:00+02:00,-50.0,50.0,233726.92600000004,233726.92600000004,53.0656462585034
2026-06-22 07:30:00+02:00,-50.0,50.0,233739.17600000004,233739.17600000004,53.0656462585034
2026-06-22 07:45:00+02:00,-50.0,50.0,233751.42600000004,233751.42600000004,53.0656462585034
2026-06-22 08:00:00+02:00,-50.0,50.0,233763.67600000004,233763.67600000004,53.0656462585034
2026-06-22 08:15:00+02:00,-50.0,50.0,233775.92600000004,233775.92600000004,53.0656462585034
2026-06-22 08:30:00+02:00,0.0,0.0,233788.17600000006,233788.17600000006,0.0
2026-06-22 08:45:00+02:00,0.0,0.0,233788.17600000006,233788.17600000006,0.0
2026-06-22 09:00:00+02:00,-50.0,50.0,233788.17600000006,233788.17600000006,74.18489795918366
2026-06-22 09:15:00+02:00,-50.0,50.0,233800.42600000006,233800.42600000006,74.18489795918366
2026-06-22 09:30:00+02:00,-50.0,50.0,233812.67600000006,233812.67600000006,74.18489795918366
2026-06-22 09:45:00+02:00,0.0,0.0,233824.92600000006,233824.92600000006,0.0
2026-06-22 10:00:00+02:00,0.0,0.0,233824.92600000006,233824.92600000006,0.0
2026-06-22 10:15:00+02:00,-50.0,50.0,233824.92600000006,233824.92600000006,5.975648979591837
2026-06-22 10:30:00+02:00,-50.0,50.0,233812.17089795924,233837.17600000006,5.975648979591837
2026-06-22 10:45:00+02:00,-50.0,50.0,233824.42089795924,233824.42089795924,5.975648979591837
2026-06-22 11:00:00+02:00,-100.0,100.0,233811.66579591844,233836.67089795924,15.186647324875896
2026-06-22 11:15:00+02:00,-100.0,100.0,233811.1606938776,233836.16579591844,15.186647324875896
2026-06-22 11:30:00+02:00,-100.0,100.0,233810.65559183678,233835.6606938776,15.186647324875896
2026-06-22 11:45:00+02:00,-100.0,100.0,233810.15048979598,233835.15559183678,15.186647324875896
2026-06-22 12:00:00+02:00,-100.0,100.0,233809.64538775518,233834.65048979598,15.186647324875896
2026-06-22 12:15:00+02:00,-100.0,100.0,233809.14028571435,233834.14538775518,15.186647324875896
2026-06-22 12:30:00+02:00,-100.0,100.0,233808.63518367353,233833.64028571435,15.186647324875896
2026-06-22 12:45:00+02:00,-100.0,100.0,233808.13008163273,233833.13518367353,15.186647324875896
2026-06-22 13:00:00+02:00,-100.0,100.0,233807.6249795919,233832.63008163273,15.186647324875896
2026-06-22 13:15:00+02:00,-100.0,100.0,233812.88618775515,233832.1249795919,15.186647324875896
2026-06-22 13:30:00+02:00,-100.0,100.0,233812.38108571435,233837.38618775515,15.186647324875896
2026-06-22 13:45:00+02:00,-100.0,100.0,233836.88108571435,233836.88108571435,15.186647324875896
2026-06-22 14:00:00+02:00,-100.0,100.0,233836.37598367353,233861.38108571435,15.186647324875896
2026-06-22 14:15:00+02:00,-100.0,100.0,233860.87598367353,233860.87598367353,15.186647324875896
2026-06-22 14:30:00+02:00,-100.0,100.0,233860.37088163273,233885.37598367353,15.186647324875896
2026-06-22 14:45:00+02:00,-100.0,100.0,233884.87088163273,233884.87088163273,15.186647324875896
2026-06-22 15:00:00+02:00,-100.0,100.0,233884.3657795919,233909.37088163273,15.186647324875896
2026-06-22 15:15:00+02:00,-100.0,100.0,233908.8657795919,233908.8657795919,15.186647324875896
2026-06-22 15:30:00+02:00,-150.0,150.0,233908.36067755107,233933.3657795919,55.036953447324876
2026-06-22 15:45:00+02:00,-150.0,150.0,233945.11067755107,233945.11067755107,55.036953447324876
2026-06-22 16:00:00+02:00,-150.0,150.0,233956.85557551027,233981.86067755107,55.036953447324876
2026-06-22 16:15:00+02:00,-150.0,150.0,233993.60557551027,233993.60557551027,55.036953447324876
2026-06-22 16:30:00+02:00,-150.0,150.0,234010.72360000006,234030.35557551027,55.036953447324876
2026-06-22 16:45:00+02:00,-150.0,150.0,234047.47360000006,234047.47360000006,55.036953447324876
2026-06-22 17:00:00+02:00,-150.0,150.0,234084.22360000006,234084.22360000006,55.036953447324876
2026-06-22 17:15:00+02:00,-150.0,150.0,234120.97360000006,234120.97360000006,55.036953447324876
2026-06-22 17:30:00+02:00,-150.0,150.0,234157.72360000006,234157.72360000006,55.036953447324876
2026-06-22 17:45:00+02:00,-150.0,150.0,234194.47360000006,234194.47360000006,55.036953447324876
2026-06-22 18:00:00+02:00,-150.0,150.0,234231.22360000006,234231.22360000006,55.036953447324876
2026-06-22 18:15:00+02:00,-150.0,150.0,234267.97360000006,234267.97360000006,55.036953447324876
2026-06-22 18:30:00+02:00,-100.0,100.0,234304.72360000006,234304.72360000006,15.186647324875896
2026-06-22 18:45:00+02:00,-100.0,100.0,234329.22360000006,234329.22360000006,15.186647324875896
2026-06-22 19:00:00+02:00,-100.0,100.0,234353.72360000006,234353.72360000006,15.186647324875896
2026-06-22 19:15:00+02:00,-100.0,100.0,234378.22360000006,234378.22360000006,15.186647324875896
2026-06-22 19:30:00+02:00,-100.0,100.0,234402.72360000006,234402.72360000006,15.186647324875896
2026-06-22 19:45:00+02:00,-100.0,100.0,234427.22360000006,234427.22360000006,15.186647324875896
2026-06-22 20:00:00+02:00,-100.0,100.0,234451.72360000006,234451.72360000006,15.186647324875896
2026-06-22 20:15:00+02:00,-100.0,100.0,234476.22360000006,234476.22360000006,13.623040283939662
2026-06-22 20:30:00+02:00,-100.0,100.0,234475.71849795923,234500.72360000006,13.623040283939662
2026-06-22 20:45:00+02:00,-100.0,100.0,234500.21849795923,234500.21849795923,13.623040283939662
2026-06-22 21:00:00+02:00,-100.0,100.0,234499.7133959184,234524.71849795923,13.623040283939662
2026-06-22 21:15:00+02:00,-100.0,100.0,234524.2133959184,234524.2133959184,13.623040283939662
2026-06-22 21:30:00+02:00,-100.0,100.0,234523.70829387757,234548.7133959184,13.623040283939662
2026-06-22 21:45:00+02:00,-100.0,100.0,234548.20829387757,234548.20829387757,13.623040283939662
2026-06-22 22:00:00+02:00,-100.0,100.0,234547.70319183677,234572.70829387757,13.623040283939662
2026-06-22 22:15:00+02:00,-100.0,100.0,234572.20319183677,234572.20319183677,13.623040283939662
2026-06-22 22:30:00+02:00,-100.0,100.0,234571.69808979597,234596.70319183677,13.623040283939662
2026-06-22 22:45:00+02:00,-50.0,50.0,234596.19808979597,234596.19808979597,7.647391304347827
2026-06-22 23:00:00+02:00,-50.0,50.0,234583.44298775514,234608.44808979597,7.647391304347827
2026-06-22 23:15:00+02:00,-50.0,50.0,234595.69298775514,234595.69298775514,7.647391304347827
2026-06-22 23:30:00+02:00,-50.0,50.0,234582.93788571432,234607.94298775514,7.647391304347827
2026-06-22 23:45:00+02:00,-50.0,50.0,234595.18788571432,234595.18788571432,7.647391304347827
2026-06-23 00:00:00+02:00,-50.0,50.0,234582.4327836735,234607.43788571432,7.647391304347827
2026-06-23 00:15:00+02:00,-50.0,50.0,234594.6827836735,234594.6827836735,7.647391304347827
2026-06-23 00:30:00+02:00,-50.0,50.0,234588.21800000002,234606.9327836735,7.647391304347827
2026-06-23 00:45:00+02:00,-50.0,50.0,234600.46800000002,234600.46800000002,7.647391304347827
2026-06-23 01:00:00+02:00,-50.0,50.0,234612.71800000002,234612.71800000002,7.647391304347827
2026-06-23 01:15:00+02:00,-100.0,100.0,234624.96800000005,234624.96800000005,26.78215320910973
2026-06-23 01:30:00+02:00,-100.0,100.0,234649.46800000005,234649.46800000005,26.78215320910973
2026-06-23 01:45:00+02:00,-100.0,100.0,234673.96800000005,234673.96800000005,26.78215320910973
2026-06-23 02:00:00+02:00,-100.0,100.0,234698.46800000005,234698.46800000005,26.78215320910973
2026-06-23 02:15:00+02:00,-100.0,100.0,234722.96800000005,234722.96800000005,26.78215320910973
2026-06-23 02:30:00+02:00,-100.0,100.0,234747.46800000005,234747.46800000005,26.78215320910973
2026-06-23 02:45:00+02:00,-100.0,100.0,234771.96800000005,234771.96800000005,26.78215320910973
2026-06-23 03:00:00+02:00,-100.0,100.0,234796.46800000005,234796.46800000005,26.78215320910973
2026-06-23 03:15:00+02:00,-100.0,100.0,234820.96800000005,234820.96800000005,26.78215320910973
2026-06-23 03:30:00+02:00,-100.0,100.0,234845.46800000005,234845.46800000005,26.78215320910973
2026-06-23 03:45:00+02:00,-100.0,100.0,234869.96800000005,234869.96800000005,26.78215320910973
2026-06-23 04:00:00+02:00,-150.0,150.0,234894.46800000005,234894.46800000005,179.50031647441585
2026-06-23 04:15:00+02:00,-100.0,100.0,234931.21800000005,234931.21800000005,160.36555456965397
2026-06-23 04:30:00+02:00,-100.0,100.0,234955.71800000005,234955.71800000005,9.548751848565514
2026-06-23 04:45:00+02:00,-100.0,100.0,234955.21289795922,234980.21800000005,9.548751848565514
2026-06-23 05:00:00+02:00,-100.0,100.0,234979.71289795922,234979.71289795922,9.548751848565514
2026-06-23 05:15:00+02:00,-100.0,100.0,234979.20779591842,235004.21289795922,9.548751848565514
2026-06-23 05:30:00+02:00,-100.0,100.0,235003.70779591842,235003.70779591842,9.548751848565514
2026-06-23 05:45:00+02:00,-100.0,100.0,235003.2026938776,235028.20779591842,9.548751848565514
2026-06-23 06:00:00+02:00,-100.0,100.0,235027.7026938776,235027.7026938776,9.548751848565514
2026-06-23 06:15:00+02:00,-100.0,100.0,235027.1975918368,235052.2026938776,9.548751848565514
2026-06-23 06:30:00+02:00,-100.0,100.0,235051.6975918368,235051.6975918368,9.548751848565514
2026-06-23 06:45:00+02:00,-100.0,100.0,235051.19248979597,235076.1975918368,9.548751848565514
2026-06-23 07:00:00+02:00,-100.0,100.0,235075.69248979597,235075.69248979597,9.548751848565514
2026-06-23 07:15:00+02:00,-100.0,100.0,235075.18738775514,235100.19248979597,9.548751848565514
2026-06-23 07:30:00+02:00,-100.0,100.0,235099.68738775514,235099.68738775514,9.548751848565514
2026-06-23 07:45:00+02:00,-50.0,50.0,235099.18228571434,235124.18738775514,1.9013605442176873
2026-06-23 08:00:00+02:00,-50.0,50.0,235111.43228571434,235111.43228571434,1.9013605442176873
2026-06-23 08:15:00+02:00,-50.0,50.0,235098.6771836735,235123.68228571434,1.9013605442176873
2026-06-23 08:30:00+02:00,-50.0,50.0,235110.9271836735,235110.9271836735,1.9013605442176873
2026-06-23 08:45:00+02:00,-100.0,100.0,235098.1720816327,235123.1771836735,11.495891156462587
2026-06-23 09:00:00+02:00,-100.0,100.0,235097.6669795919,235122.6720816327,11.495891156462587
2026-06-23 09:15:00+02:00,-100.0,100.0,235097.16187755106,235122.1669795919,11.495891156462587
2026-06-23 09:30:00+02:00,-100.0,100.0,235096.65677551026,235121.66187755106,11.495891156462587
2026-06-23 09:45:00+02:00,-100.0,100.0,235096.15167346943,235121.15677551026,11.495891156462587
2026-06-23 10:00:00+02:00,-100.0,100.0,235095.6465714286,235120.65167346943,11.495891156462587
2026-06-23 10:15:00+02:00,-200.0,200.0,235095.1414693878,235120.1465714286,33.45583745076978
2026-06-23 10:30:00+02:00,-200.0,200.0,235094.13126530618,235144.1414693878,33.45583745076978
2026-06-23 10:45:00+02:00,-200.0,200.0,235118.12616326535,235143.13126530618,33.45583745076978
2026-06-23 11:00:00+02:00,-200.0,200.0,235117.11595918372,235167.12616326535,33.45583745076978
2026-06-23 11:15:00+02:00,-200.0,200.0,235148.42228571433,235166.11595918372,33.45583745076978
2026-06-23 11:30:00+02:00,-200.0,200.0,235147.41208163268,235197.42228571433,33.45583745076978
2026-06-23 11:45:00+02:00,-200.0,200.0,235196.41208163268,235196.41208163268,33.45583745076978
2026-06-23 12:00:00+02:00,-200.0,200.0,235213.8327918368,235245.41208163268,33.45583745076978
2026-06-23 12:15:00+02:00,-200.0,200.0,235262.8327918368,235262.8327918368,33.45583745076978
2026-06-23 12:30:00+02:00,-200.0,200.0,235286.82768979596,235311.8327918368,33.45583745076978
2026-06-23 12:45:00+02:00,-100.0,100.0,235335.82768979596,235335.82768979596,12.701823845327606
2026-06-23 13:00:00+02:00,-100.0,100.0,235335.32258775513,235360.32768979596,12.701823845327606
2026-06-23 13:15:00+02:00,-100.0,100.0,235359.82258775513,235359.82258775513,12.701823845327606
2026-06-23 13:30:00+02:00,-100.0,100.0,235359.31748571433,235384.32258775513,12.701823845327606
2026-06-23 13:45:00+02:00,-100.0,100.0,235383.81748571433,235383.81748571433,12.701823845327606
2026-06-23 14:00:00+02:00,-100.0,100.0,235383.3123836735,235408.31748571433,12.701823845327606
2026-06-23 14:15:00+02:00,-100.0,100.0,235407.8123836735,235407.8123836735,12.701823845327606
2026-06-23 14:30:00+02:00,-100.0,100.0,235407.3072816327,235432.3123836735,12.701823845327606
2026-06-23 14:45:00+02:00,-100.0,100.0,235431.8072816327,235431.8072816327,12.701823845327606
2026-06-23 15:00:00+02:00,-100.0,100.0,235431.30217959188,235456.3072816327,12.701823845327606
2026-06-23 15:15:00+02:00,-100.0,100.0,235455.80217959188,235455.80217959188,12.701823845327606
2026-06-23 15:30:00+02:00,-150.0,150.0,235455.29707755105,235480.30217959188,20.17868098818475
2026-06-23 15:45:00+02:00,-150.0,150.0,235467.04197551022,235492.04707755105,20.17868098818475
2026-06-23 16:00:00+02:00,-150.0,150.0,235478.78687346945,235503.79197551025,20.17868098818475
2026-06-23 16:15:00+02:00,-150.0,150.0,235490.53177142862,235515.53687346942,20.17868098818475
2026-06-23 16:30:00+02:00,-150.0,150.0,235502.2766693878,235527.28177142862,20.17868098818475
2026-06-23 16:45:00+02:00,-150.0,150.0,235514.02156734696,235539.0266693878,20.17868098818475
2026-06-23 17:00:00+02:00,-150.0,150.0,235526.05349387758,235550.77156734696,20.17868098818475
2026-06-23 17:15:00+02:00,-150.0,150.0,235539.36520000003,235562.80349387758,20.17868098818475
2026-06-23 17:30:00+02:00,-150.0,150.0,235576.11520000006,235576.11520000006,20.17868098818475
2026-06-23 17:45:00+02:00,-150.0,150.0,235612.86520000003,235612.86520000003,20.17868098818475
2026-06-23 18:00:00+02:00,-150.0,150.0,235649.61520000003,235649.61520000003,20.17868098818475
2026-06-23 18:15:00+02:00,-150.0,150.0,235686.36520000003,235686.36520000003,20.17868098818475
2026-06-23 18:30:00+02:00,-150.0,150.0,235723.11520000003,235723.11520000003,20.17868098818475
2026-06-23 18:45:00+02:00,-150.0,150.0,235759.86520000003,235759.86520000003,20.17868098818475
2026-06-23 19:00:00+02:00,-150.0,150.0,235796.61520000003,235796.61520000003,20.17868098818475
2026-06-23 19:15:00+02:00,-150.0,150.0,235833.36520000003,235833.36520000003,20.17868098818475
2026-06-23 19:30:00+02:00,-150.0,150.0,235870.11520000003,235870.11520000003,20.17868098818475
2026-06-23 19:45:00+02:00,-100.0,100.0,235906.86520000003,235906.86520000003,17.071387755102045
2026-06-23 20:00:00+02:00,-100.0,100.0,235931.36520000003,235931.36520000003,17.071387755102045
2026-06-23 20:15:00+02:00,-100.0,100.0,235955.86520000003,235955.86520000003,17.071387755102045
2026-06-23 20:30:00+02:00,-100.0,100.0,235980.36520000003,235980.36520000003,33.97262585034012
2026-06-23 20:45:00+02:00,-100.0,100.0,236004.86520000003,236004.86520000003,33.97262585034012
2026-06-23 21:00:00+02:00,-150.0,150.0,236029.36520000003,236029.36520000003,37.95327891156461
2026-06-23 21:15:00+02:00,-100.0,100.0,236041.11009795923,236066.11520000003,13.575183673469386
2026-06-23 21:30:00+02:00,-100.0,100.0,236065.61009795923,236065.61009795923,13.575183673469386
2026-06-23 21:45:00+02:00,-100.0,100.0,236065.1049959184,236090.11009795923,13.575183673469386
2026-06-23 22:00:00+02:00,-100.0,100.0,236089.6049959184,236089.6049959184,13.575183673469386
2026-06-23 22:15:00+02:00,-100.0,100.0,236089.09989387757,236114.1049959184,13.575183673469386
2026-06-23 22:30:00+02:00,-100.0,100.0,236113.59989387757,236113.59989387757,24.234122448979587
2026-06-23 22:45:00+02:00,-100.0,100.0,236113.09479183677,236138.09989387757,24.234122448979587
2026-06-23 23:00:00+02:00,-100.0,100.0,236137.59479183677,236137.59479183677,24.234122448979587
2026-06-23 23:15:00+02:00,-100.0,100.0,236137.08968979595,236162.09479183677,24.234122448979587
2026-06-23 23:30:00+02:00,-50.0,50.0,236161.58968979595,236161.58968979595,3.9806530612244866
2026-06-23 23:45:00+02:00,-50.0,50.0,236173.63080000004,236173.83968979595,3.9806530612244866
2026-06-24 00:00:00+02:00,-50.0,50.0,236185.88080000004,236185.88080000004,3.9806530612244866
2026-06-24 00:15:00+02:00,-50.0,50.0,236198.13080000004,236198.13080000004,3.9806530612244866
2026-06-24 00:30:00+02:00,-50.0,50.0,236210.38080000004,236210.38080000004,3.9806530612244866
2026-06-24 00:45:00+02:00,0.0,0.0,236222.63080000004,236222.63080000004,0.0
2026-06-24 01:00:00+02:00,0.0,0.0,236222.63080000004,236222.63080000004,0.0
2026-06-24 01:15:00+02:00,0.0,0.0,236222.63080000004,236222.63080000004,0.0
2026-06-24 01:30:00+02:00,-50.0,50.0,236222.63080000004,236222.63080000004,4.295836734693881
2026-06-24 01:45:00+02:00,-50.0,50.0,236209.8756979592,236234.88080000004,4.295836734693881
2026-06-24 02:00:00+02:00,-50.0,50.0,236222.1256979592,236222.1256979592,4.295836734693881
2026-06-24 02:15:00+02:00,-50.0,50.0,236209.3705959184,236234.3756979592,4.295836734693881
2026-06-24 02:30:00+02:00,-50.0,50.0,236221.6205959184,236221.6205959184,4.295836734693881
2026-06-24 02:45:00+02:00,-100.0,100.0,236208.8654938776,236233.8705959184,40.33767346938777
2026-06-24 03:00:00+02:00,-100.0,100.0,236233.3654938776,236233.3654938776,40.33767346938777
2026-06-24 03:15:00+02:00,-100.0,100.0,236232.86039183676,236257.8654938776,40.33767346938777
2026-06-24 03:30:00+02:00,-150.0,150.0,236257.36039183676,236257.36039183676,42.23726530612246
2026-06-24 03:45:00+02:00,-150.0,150.0,236248.5244979592,236294.11039183676,42.23726530612246
2026-06-24 04:00:00+02:00,-150.0,150.0,236285.2744979592,236285.2744979592,42.23726530612246
2026-06-24 04:15:00+02:00,-100.0,100.0,236297.0193959184,236322.0244979592,6.195428571428577
2026-06-24 04:30:00+02:00,-100.0,100.0,236321.5193959184,236321.5193959184,6.195428571428577
2026-06-24 04:45:00+02:00,-100.0,100.0,236321.01429387758,236346.0193959184,6.195428571428577
2026-06-24 05:00:00+02:00,-100.0,100.0,236345.51429387758,236345.51429387758,6.195428571428577
2026-06-24 05:15:00+02:00,-50.0,50.0,236345.00919183678,236370.01429387758,1.8995918367346953
2026-06-24 05:30:00+02:00,-50.0,50.0,236357.25919183678,236357.25919183678,1.8995918367346953
2026-06-24 05:45:00+02:00,-50.0,50.0,236344.50408979596,236369.50919183678,1.8995918367346953
2026-06-24 06:00:00+02:00,-50.0,50.0,236356.75408979596,236356.75408979596,1.8995918367346953
2026-06-24 06:15:00+02:00,-50.0,50.0,236343.99898775513,236369.00408979596,1.8995918367346953
2026-06-24 06:30:00+02:00,-50.0,50.0,236356.24898775513,236356.24898775513,1.8995918367346953
2026-06-24 06:45:00+02:00,-50.0,50.0,236343.49388571433,236368.49898775513,1.8995918367346953
2026-06-24 07:00:00+02:00,-50.0,50.0,236355.74388571433,236355.74388571433,1.8995918367346953
2026-06-24 07:15:00+02:00,-50.0,50.0,236342.9887836735,236367.99388571433,1.8995918367346953
2026-06-24 07:30:00+02:00,-50.0,50.0,236355.2387836735,236355.2387836735,1.8995918367346953
2026-06-24 07:45:00+02:00,-50.0,50.0,236342.4836816327,236367.4887836735,1.8995918367346953
2026-06-24 08:00:00+02:00,-50.0,50.0,236354.7336816327,236354.7336816327,1.8995918367346953
2026-06-24 08:15:00+02:00,-50.0,50.0,236341.97857959187,236366.9836816327,1.8995918367346953
2026-06-24 08:30:00+02:00,-50.0,50.0,236354.22857959187,236354.22857959187,1.8995918367346953
2026-06-24 08:45:00+02:00,-100.0,100.0,236341.47347755104,236366.47857959187,16.16068027210885
2026-06-24 09:00:00+02:00,-200.0,200.0,236365.97347755104,236365.97347755104,150.3564081632653
2026-06-24 09:15:00+02:00,-200.0,200.0,236364.96327346942,236414.97347755104,150.3564081632653
2026-06-24 09:30:00+02:00,-200.0,200.0,236413.96327346942,236413.96327346942,150.3564081632653
2026-06-24 09:45:00+02:00,-150.0,150.0,236412.9530693878,236462.96327346942,19.049333333333337
2026-06-24 10:00:00+02:00,-150.0,150.0,236449.70306938776,236449.70306938776,19.049333333333337
2026-06-24 10:15:00+02:00,-150.0,150.0,236443.69709387756,236486.45306938776,19.049333333333337
2026-06-24 10:30:00+02:00,-150.0,150.0,236480.44709387756,236480.44709387756,19.049333333333337
2026-06-24 10:45:00+02:00,-150.0,150.0,236492.19199183676,236517.19709387756,19.049333333333337
2026-06-24 11:00:00+02:00,-100.0,100.0,236528.94199183676,236528.94199183676,4.788244897959185
2026-06-24 11:15:00+02:00,-100.0,100.0,236528.43688979594,236553.44199183676,4.788244897959185
2026-06-24 11:30:00+02:00,-100.0,100.0,236552.93688979594,236552.93688979594,4.788244897959185
2026-06-24 11:45:00+02:00,-50.0,50.0,236552.4317877551,236577.43688979594,2.8886530612244896
2026-06-24 12:00:00+02:00,-50.0,50.0,236564.6817877551,236564.6817877551,2.8886530612244896
2026-06-24 12:15:00+02:00,-50.0,50.0,236551.9266857143,236576.9317877551,2.8886530612244896
2026-06-24 12:30:00+02:00,-50.0,50.0,236564.1766857143,236564.1766857143,2.8886530612244896
2026-06-24 12:45:00+02:00,-50.0,50.0,236551.42158367348,236576.4266857143,2.8886530612244896
2026-06-24 13:00:00+02:00,-50.0,50.0,236563.67158367348,236563.67158367348,2.8886530612244896
2026-06-24 13:15:00+02:00,-50.0,50.0,236550.91648163268,236575.92158367348,2.8886530612244896
2026-06-24 13:30:00+02:00,-50.0,50.0,236563.16648163268,236563.16648163268,2.8886530612244896
2026-06-24 13:45:00+02:00,-50.0,50.0,236550.41137959185,236575.41648163268,2.8886530612244896
2026-06-24 14:00:00+02:00,-50.0,50.0,236562.66137959185,236562.66137959185,2.8886530612244896
2026-06-24 14:15:00+02:00,-50.0,50.0,236549.90627755102,236574.91137959185,2.8886530612244896
2026-06-24 14:30:00+02:00,-50.0,50.0,236562.15627755102,236562.15627755102,2.8886530612244896
2026-06-24 14:45:00+02:00,-50.0,50.0,236549.40117551023,236574.40627755102,2.8886530612244896
2026-06-24 15:00:00+02:00,-50.0,50.0,236561.65117551023,236561.65117551023,2.8886530612244896
2026-06-24 15:15:00+02:00,-50.0,50.0,236548.8960734694,236573.90117551023,2.8886530612244896
2026-06-24 15:30:00+02:00,-100.0,100.0,236561.1460734694,236561.1460734694,36.578285714285705
2026-06-24 15:45:00+02:00,-100.0,100.0,236560.6409714286,236585.6460734694,36.578285714285705
2026-06-24 16:00:00+02:00,-100.0,100.0,236585.1409714286,236585.1409714286,36.578285714285705
2026-06-24 16:15:00+02:00,-100.0,100.0,236584.63586938777,236609.6409714286,36.578285714285705
2026-06-24 16:30:00+02:00,-100.0,100.0,236609.13586938777,236609.13586938777,36.578285714285705
2026-06-24 16:45:00+02:00,-50.0,50.0,236608.63076734697,236633.63586938777,2.8886530612244896
2026-06-24 17:00:00+02:00,-50.0,50.0,236620.88076734697,236620.88076734697,2.8886530612244896
2026-06-24 17:15:00+02:00,-50.0,50.0,236608.12566530614,236633.13076734697,2.8886530612244896
2026-06-24 17:30:00+02:00,-50.0,50.0,236620.37566530614,236620.37566530614,2.8886530612244896
2026-06-24 17:45:00+02:00,-50.0,50.0,236607.62056326531,236632.62566530614,2.8886530612244896
2026-06-24 18:00:00+02:00,-50.0,50.0,236619.87056326531,236619.87056326531,2.8886530612244896
2026-06-24 18:15:00+02:00,-50.0,50.0,236607.11546122452,236632.12056326531,2.8886530612244896
2026-06-24 18:30:00+02:00,-50.0,50.0,236619.36546122452,236619.36546122452,2.8886530612244896
2026-06-24 18:45:00+02:00,-50.0,50.0,236606.6103591837,236631.61546122452,2.8886530612244896
2026-06-24 19:00:00+02:00,-50.0,50.0,236618.8603591837,236618.8603591837,2.8886530612244896
2026-06-24 19:15:00+02:00,-50.0,50.0,236613.1608,236631.1103591837,2.8886530612244896
2026-06-24 19:30:00+02:00,-50.0,50.0,236625.4108,236625.4108,2.8886530612244896
2026-06-24 19:45:00+02:00,-50.0,50.0,236637.6608,236637.6608,2.8886530612244896
2026-06-24 20:00:00+02:00,-50.0,50.0,236649.9108,236649.9108,2.8886530612244896
2026-06-24 20:15:00+02:00,-50.0,50.0,236662.1608,236662.1608,2.8886530612244896
2026-06-24 20:30:00+02:00,-50.0,50.0,236674.4108,236674.4108,2.8886530612244896
2026-06-24 20:45:00+02:00,-100.0,100.0,236686.6608,236686.6608,270.88232653061226
2026-06-24 21:00:00+02:00,-150.0,150.0,236711.1608,236711.1608,297.7410340136055
2026-06-24 21:15:00+02:00,-100.0,100.0,236747.9108,236747.9108,29.747360544217685
2026-06-24 21:30:00+02:00,-100.0,100.0,236772.4108,236772.4108,29.747360544217685
2026-06-24 21:45:00+02:00,-100.0,100.0,236796.9108,236796.9108,29.747360544217685
2026-06-24 22:00:00+02:00,-100.0,100.0,236821.4108,236821.4108,29.747360544217685
2026-06-24 22:15:00+02:00,-100.0,100.0,236845.9108,236845.9108,29.747360544217685
2026-06-24 22:30:00+02:00,-50.0,50.0,236870.4108,236870.4108,2.8886530612244896
2026-06-24 22:45:00+02:00,-50.0,50.0,236882.6608,236882.6608,128.32061224489797
2026-06-24 23:00:00+02:00,-50.0,50.0,236894.9108,236894.9108,128.32061224489797
2026-06-24 23:15:00+02:00,-50.0,50.0,236907.1608,236907.1608,128.32061224489797
2026-06-24 23:30:00+02:00,-50.0,50.0,236919.4108,236919.4108,128.32061224489797
2026-06-24 23:45:00+02:00,0.0,0.0,236931.6608,236931.6608,0.0
2026-06-25 00:00:00+02:00,0.0,0.0,236931.6608,236931.6608,0.0
2026-06-25 00:15:00+02:00,0.0,0.0,236931.6608,236931.6608,0.0
2026-06-25 00:30:00+02:00,0.0,0.0,236931.6608,236931.6608,0.0
2026-06-25 00:45:00+02:00,0.0,0.0,236931.6608,236931.6608,0.0
2026-06-25 01:00:00+02:00,0.0,0.0,236931.6608,236931.6608,0.0
2026-06-25 01:15:00+02:00,0.0,0.0,236931.6608,236931.6608,0.0
2026-06-25 01:30:00+02:00,0.0,0.0,236931.6608,236931.6608,0.0
2026-06-25 01:45:00+02:00,0.0,0.0,236931.6608,236931.6608,0.0
2026-06-25 02:00:00+02:00,0.0,0.0,236931.6608,236931.6608,0.0
2026-06-25 02:15:00+02:00,0.0,0.0,236931.6608,236931.6608,0.0
2026-06-25 02:30:00+02:00,0.0,0.0,236931.6608,236931.6608,0.0
2026-06-25 02:45:00+02:00,0.0,0.0,236931.6608,236931.6608,0.0
2026-06-25 03:00:00+02:00,0.0,0.0,236931.6608,236931.6608,0.0
2026-06-25 03:15:00+02:00,0.0,0.0,236931.6608,236931.6608,0.0
2026-06-25 03:30:00+02:00,0.0,0.0,236931.6608,236931.6608,0.0
2026-06-25 03:45:00+02:00,-50.0,50.0,236931.6608,236931.6608,92.95972789115648
2026-06-25 04:00:00+02:00,-50.0,50.0,236943.9108,236943.9108,92.95972789115648
2026-06-25 04:15:00+02:00,-100.0,100.0,236956.1608,236956.1608,191.65891156462587
2026-06-25 04:30:00+02:00,-100.0,100.0,236980.6608,236980.6608,100.6654336734694
2026-06-25 04:45:00+02:00,-100.0,100.0,236980.15569795918,237005.1608,100.6654336734694
2026-06-25 05:00:00+02:00,-100.0,100.0,237004.65569795918,237004.65569795918,100.6654336734694
2026-06-25 05:15:00+02:00,-50.0,50.0,237004.15059591839,237029.15569795918,1.9662500000000007
2026-06-25 05:30:00+02:00,-50.0,50.0,237016.40059591839,237016.40059591839,1.9662500000000007
2026-06-25 05:45:00+02:00,-50.0,50.0,237003.64549387756,237028.65059591839,1.9662500000000007
2026-06-25 06:00:00+02:00,-50.0,50.0,237015.89549387756,237015.89549387756,1.9662500000000007
2026-06-25 06:15:00+02:00,-50.0,50.0,237003.14039183676,237028.14549387756,1.9662500000000007
2026-06-25 06:30:00+02:00,-50.0,50.0,237015.39039183676,237015.39039183676,1.9662500000000007
2026-06-25 06:45:00+02:00,-50.0,50.0,237002.63528979593,237027.64039183676,1.9662500000000007
2026-06-25 07:00:00+02:00,-50.0,50.0,237014.88528979593,237014.88528979593,1.9662500000000007
2026-06-25 07:15:00+02:00,-50.0,50.0,237002.1301877551,237027.13528979593,1.9662500000000007
2026-06-25 07:30:00+02:00,-50.0,50.0,237014.3801877551,237014.3801877551,1.9662500000000007
2026-06-25 07:45:00+02:00,-50.0,50.0,237001.6250857143,237026.6301877551,1.9662500000000007
2026-06-25 08:00:00+02:00,-50.0,50.0,237013.8750857143,237013.8750857143,1.9662500000000007
2026-06-25 08:15:00+02:00,-50.0,50.0,237001.11998367347,237026.1250857143,1.9662500000000007
2026-06-25 08:30:00+02:00,-100.0,100.0,237013.36998367347,237013.36998367347,31.589923469387756
2026-06-25 08:45:00+02:00,-100.0,100.0,237012.86488163267,237037.86998367347,31.589923469387756
2026-06-25 09:00:00+02:00,-150.0,150.0,237037.36488163267,237037.36488163267,39.557661911703455
2026-06-25 09:15:00+02:00,-150.0,150.0,237024.10467755102,237074.11488163267,39.557661911703455
2026-06-25 09:30:00+02:00,-200.0,200.0,237060.85467755102,237060.85467755102,46.27423031684329
2026-06-25 09:45:00+02:00,-200.0,200.0,237034.83937142856,237109.85467755102,46.27423031684329
2026-06-25 10:00:00+02:00,-200.0,200.0,237083.83937142856,237083.83937142856,46.27423031684329
2026-06-25 10:15:00+02:00,-200.0,200.0,237057.82406530614,237132.83937142856,46.27423031684329
2026-06-25 10:30:00+02:00,-200.0,200.0,237106.82406530614,237106.82406530614,46.27423031684329
2026-06-25 10:45:00+02:00,-200.0,200.0,237080.80875918368,237155.82406530614,46.27423031684329
2026-06-25 11:00:00+02:00,-200.0,200.0,237129.80875918368,237129.80875918368,46.27423031684329
2026-06-25 11:15:00+02:00,-200.0,200.0,237123.52648163267,237178.80875918368,46.27423031684329
2026-06-25 11:30:00+02:00,-200.0,200.0,237172.52648163267,237172.52648163267,46.27423031684329
2026-06-25 11:45:00+02:00,-150.0,150.0,237171.516277551,237221.52648163267,16.650556847455537
2026-06-25 12:00:00+02:00,-150.0,150.0,237208.266277551,237208.266277551,16.650556847455537
2026-06-25 12:15:00+02:00,-150.0,150.0,237195.00607346938,237245.016277551,16.650556847455537
2026-06-25 12:30:00+02:00,-100.0,100.0,237231.75607346938,237231.75607346938,14.684306847455534
2026-06-25 12:45:00+02:00,-100.0,100.0,237206.24586938776,237256.25607346938,14.684306847455534
2026-06-25 13:00:00+02:00,-100.0,100.0,237230.74586938776,237230.74586938776,14.684306847455534
2026-06-25 13:15:00+02:00,-100.0,100.0,237212.64238367346,237255.24586938776,14.684306847455534
2026-06-25 13:30:00+02:00,-150.0,150.0,237237.14238367346,237237.14238367346,49.054336001974484
2026-06-25 13:45:00+02:00,-150.0,150.0,237248.88728163266,237273.89238367346,49.054336001974484
2026-06-25 14:00:00+02:00,-150.0,150.0,237285.63728163266,237285.63728163266,49.054336001974484
2026-06-25 14:15:00+02:00,-150.0,150.0,237297.38217959183,237322.38728163266,49.054336001974484
2026-06-25 14:30:00+02:00,-150.0,150.0,237334.13217959183,237334.13217959183,49.054336001974484
2026-06-25 14:45:00+02:00,-150.0,150.0,237345.877077551,237370.88217959183,49.054336001974484
2026-06-25 15:00:00+02:00,-150.0,150.0,237382.627077551,237382.627077551,49.054336001974484
2026-06-25 15:15:00+02:00,-100.0,100.0,237394.3719755102,237419.377077551,14.684306847455534
2026-06-25 15:30:00+02:00,-150.0,150.0,237418.8719755102,237418.8719755102,15.451286063104927
2026-06-25 15:45:00+02:00,-150.0,150.0,237424.61889795918,237455.6219755102,15.451286063104927
2026-06-25 16:00:00+02:00,-150.0,150.0,237461.36889795918,237461.36889795918,15.451286063104927
2026-06-25 16:15:00+02:00,-150.0,150.0,237473.11379591838,237498.11889795918,15.451286063104927
2026-06-25 16:30:00+02:00,-150.0,150.0,237509.86379591838,237509.86379591838,15.451286063104927
2026-06-25 16:45:00+02:00,-150.0,150.0,237521.60869387756,237546.61379591838,15.451286063104927
2026-06-25 17:00:00+02:00,-150.0,150.0,237558.35869387756,237558.35869387756,15.451286063104927
2026-06-25 17:15:00+02:00,-150.0,150.0,237570.10359183676,237595.10869387756,15.451286063104927
2026-06-25 17:30:00+02:00,-150.0,150.0,237606.85359183676,237606.85359183676,15.451286063104927
2026-06-25 17:45:00+02:00,-150.0,150.0,237618.59848979593,237643.60359183676,15.451286063104927
2026-06-25 18:00:00+02:00,-150.0,150.0,237655.34848979593,237655.34848979593,15.451286063104927
2026-06-25 18:15:00+02:00,-150.0,150.0,237667.0933877551,237692.09848979593,15.451286063104927
2026-06-25 18:30:00+02:00,-150.0,150.0,237703.8433877551,237703.8433877551,15.451286063104927
2026-06-25 18:45:00+02:00,-150.0,150.0,237715.5882857143,237740.5933877551,15.451286063104927
2026-06-25 19:00:00+02:00,-150.0,150.0,237752.3382857143,237752.3382857143,15.451286063104927
2026-06-25 19:15:00+02:00,-150.0,150.0,237764.08318367347,237789.0882857143,15.451286063104927
2026-06-25 19:30:00+02:00,-150.0,150.0,237800.83318367347,237800.83318367347,15.451286063104927
2026-06-25 19:45:00+02:00,-150.0,150.0,237812.57808163267,237837.58318367347,15.451286063104927
2026-06-25 20:00:00+02:00,-150.0,150.0,237849.32808163267,237849.32808163267,15.451286063104927
2026-06-25 20:15:00+02:00,-200.0,200.0,237861.07297959185,237886.07808163267,278.27944932841103
2026-06-25 20:30:00+02:00,-150.0,150.0,237910.07297959185,237910.07297959185,15.451286063104927
2026-06-25 20:45:00+02:00,-150.0,150.0,237921.81787755102,237946.82297959185,15.451286063104927
2026-06-25 21:00:00+02:00,-200.0,200.0,237958.56787755102,237958.56787755102,75.89067381820698
2026-06-25 21:15:00+02:00,-150.0,150.0,237982.56277551022,238007.56787755102,67.92293537589127
2026-06-25 21:30:00+02:00,-150.0,150.0,238019.31277551022,238019.31277551022,67.92293537589127
2026-06-25 21:45:00+02:00,-150.0,150.0,238031.05767346942,238056.06277551025,67.92293537589127
2026-06-25 22:00:00+02:00,-100.0,100.0,238067.80767346942,238067.80767346942,7.483547620789227
2026-06-25 22:15:00+02:00,-100.0,100.0,238067.30257142862,238092.30767346942,7.483547620789227
2026-06-25 22:30:00+02:00,-100.0,100.0,238091.80257142862,238091.80257142862,7.483547620789227
2026-06-25 22:45:00+02:00,-100.0,100.0,238091.2974693878,238116.30257142862,7.483547620789227
2026-06-25 23:00:00+02:00,-50.0,50.0,238115.7974693878,238115.7974693878,0.7669792156493933
2026-06-25 23:15:00+02:00,-100.0,100.0,238103.042367347,238128.0474693878,21.18095880748613
2026-06-25 23:30:00+02:00,-100.0,100.0,238127.542367347,238127.542367347,21.18095880748613
2026-06-25 23:45:00+02:00,-100.0,100.0,238127.03726530616,238152.042367347,21.18095880748613
2026-06-26 00:00:00+02:00,-100.0,100.0,238151.53726530616,238151.53726530616,21.18095880748613
2026-06-26 00:15:00+02:00,-50.0,50.0,238151.03216326534,238176.03726530616,0.7669792156493933
2026-06-26 00:30:00+02:00,-50.0,50.0,238163.28216326534,238163.28216326534,0.7669792156493933
2026-06-26 00:45:00+02:00,-50.0,50.0,238150.52706122454,238175.53216326534,0.7669792156493933
2026-06-26 01:00:00+02:00,-50.0,50.0,238162.77706122454,238162.77706122454,0.7669792156493933
2026-06-26 01:15:00+02:00,-50.0,50.0,238150.0219591837,238175.02706122454,0.7669792156493933
2026-06-26 01:30:00+02:00,-50.0,50.0,238162.2719591837,238162.2719591837,0.7669792156493933
2026-06-26 01:45:00+02:00,-50.0,50.0,238149.5168571429,238174.5219591837,0.7669792156493933
2026-06-26 02:00:00+02:00,-50.0,50.0,238161.7668571429,238161.7668571429,0.7669792156493933
2026-06-26 02:15:00+02:00,-50.0,50.0,238149.01175510208,238174.0168571429,0.7669792156493933
2026-06-26 02:30:00+02:00,-50.0,50.0,238161.26175510208,238161.26175510208,0.7669792156493933
2026-06-26 02:45:00+02:00,-50.0,50.0,238148.50665306125,238173.51175510208,0.7669792156493933
2026-06-26 03:00:00+02:00,-50.0,50.0,238160.75665306125,238160.75665306125,0.7669792156493933
2026-06-26 03:15:00+02:00,-50.0,50.0,238148.00155102045,238173.00665306125,0.7669792156493933
2026-06-26 03:30:00+02:00,-50.0,50.0,238160.25155102045,238160.25155102045,0.7669792156493933
2026-06-26 03:45:00+02:00,-50.0,50.0,238147.49644897963,238172.50155102045,0.7669792156493933
2026-06-26 04:00:00+02:00,-100.0,100.0,238159.74644897963,238159.74644897963,177.91187717483305
2026-06-26 04:15:00+02:00,-100.0,100.0,238159.24134693883,238184.24644897963,177.91187717483305
2026-06-26 04:30:00+02:00,-50.0,50.0,238183.74134693883,238183.74134693883,0.7669792156493933
2026-06-26 04:45:00+02:00,-50.0,50.0,238170.986244898,238195.99134693883,0.7669792156493933
2026-06-26 05:00:00+02:00,-50.0,50.0,238183.236244898,238183.236244898,0.7669792156493933
2026-06-26 05:15:00+02:00,-50.0,50.0,238170.48114285717,238195.486244898,0.7669792156493933
2026-06-26 05:30:00+02:00,-50.0,50.0,238182.73114285717,238182.73114285717,0.7669792156493933
2026-06-26 05:45:00+02:00,-50.0,50.0,238169.97604081637,238194.98114285717,0.7669792156493933
2026-06-26 06:00:00+02:00,-50.0,50.0,238182.22604081637,238182.22604081637,0.7669792156493933
2026-06-26 06:15:00+02:00,-50.0,50.0,238169.47093877554,238194.47604081637,0.7669792156493933
2026-06-26 06:30:00+02:00,-50.0,50.0,238181.72093877554,238181.72093877554,0.7669792156493933
2026-06-26 06:45:00+02:00,-50.0,50.0,238168.96583673474,238193.97093877554,0.7669792156493933
2026-06-26 07:00:00+02:00,-50.0,50.0,238181.21583673474,238181.21583673474,0.7669792156493933
2026-06-26 07:15:00+02:00,-50.0,50.0,238168.46073469392,238193.46583673474,0.7669792156493933
2026-06-26 07:30:00+02:00,-50.0,50.0,238180.71073469392,238180.71073469392,0.7669792156493933
2026-06-26 07:45:00+02:00,-50.0,50.0,238167.9556326531,238192.96073469392,0.7669792156493933
2026-06-26 08:00:00+02:00,-50.0,50.0,238180.2056326531,238180.2056326531,0.7669792156493933
2026-06-26 08:15:00+02:00,-50.0,50.0,238167.4505306123,238192.4556326531,0.7669792156493933
2026-06-26 08:30:00+02:00,-50.0,50.0,238179.7005306123,238179.7005306123,0.7669792156493933
2026-06-26 08:45:00+02:00,-50.0,50.0,238166.94542857146,238191.9505306123,0.7669792156493933
2026-06-26 09:00:00+02:00,-50.0,50.0,238179.19542857146,238179.19542857146,0.7669792156493933
2026-06-26 09:15:00+02:00,-100.0,100.0,238166.44032653066,238191.44542857146,10.276965610207217
2026-06-26 09:30:00+02:00,-150.0,150.0,238165.93522448983,238190.94032653066,10.739269331695812
2026-06-26 09:45:00+02:00,-150.0,150.0,238152.67502040818,238202.68522448983,10.739269331695812
2026-06-26 10:00:00+02:00,-150.0,150.0,238164.41991836738,238189.42502040818,10.739269331695812
2026-06-26 10:15:00+02:00,-150.0,150.0,238151.15971428578,238201.16991836738,10.739269331695812
2026-06-26 10:30:00+02:00,-150.0,150.0,238162.90461224495,238187.90971428578,10.739269331695812
2026-06-26 10:45:00+02:00,-150.0,150.0,238149.6444081633,238199.65461224495,10.739269331695812
2026-06-26 11:00:00+02:00,-150.0,150.0,238161.38930612247,238186.3944081633,10.739269331695812
2026-06-26 11:15:00+02:00,-150.0,150.0,238148.12910204087,238198.1393061225,10.739269331695812
2026-06-26 11:30:00+02:00,-150.0,150.0,238159.874,238184.87910204087,10.739269331695812
2026-06-26 11:45:00+02:00,-150.0,150.0,238146.6137959184,238196.62400000004,10.739269331695812
2026-06-26 12:00:00+02:00,-150.0,150.0,238176.5297061225,238183.3637959184,10.739269331695812
2026-06-26 12:15:00+02:00,-150.0,150.0,238163.26950204084,238213.2797061225,10.739269331695812
2026-06-26 12:30:00+02:00,-150.0,150.0,238200.01950204084,238200.01950204084,10.739269331695812
2026-06-26 12:45:00+02:00,-150.0,150.0,238186.75929795924,238236.76950204084,10.739269331695812
2026-06-26 13:00:00+02:00,-150.0,150.0,238223.50929795924,238223.50929795924,10.739269331695812
2026-06-26 13:15:00+02:00,-150.0,150.0,238210.2490938776,238260.25929795924,10.739269331695812
2026-06-26 13:30:00+02:00,-150.0,150.0,238246.9990938776,238246.9990938776,10.739269331695812
2026-06-26 13:45:00+02:00,-150.0,150.0,238233.73888979596,238283.7490938776,10.739269331695812
2026-06-26 14:00:00+02:00,-150.0,150.0,238270.48888979596,238270.48888979596,10.739269331695812
2026-06-26 14:15:00+02:00,-150.0,150.0,238257.22868571433,238307.23888979596,10.739269331695812
2026-06-26 14:30:00+02:00,-150.0,150.0,238293.97868571433,238293.97868571433,10.739269331695812
2026-06-26 14:45:00+02:00,-150.0,150.0,238280.71848163268,238330.72868571433,10.739269331695812
2026-06-26 15:00:00+02:00,-150.0,150.0,238317.46848163268,238317.46848163268,10.739269331695812
2026-06-26 15:15:00+02:00,-150.0,150.0,238304.20827755108,238354.21848163268,10.739269331695812
2026-06-26 15:30:00+02:00,-150.0,150.0,238340.95827755108,238340.95827755108,10.739269331695812
2026-06-26 15:45:00+02:00,-150.0,150.0,238327.69807346942,238377.70827755108,10.739269331695812
2026-06-26 16:00:00+02:00,-150.0,150.0,238364.44807346942,238364.44807346942,10.739269331695812
2026-06-26 16:15:00+02:00,-150.0,150.0,238351.1878693878,238401.19807346942,10.739269331695812
2026-06-26 16:30:00+02:00,-150.0,150.0,238387.9378693878,238387.9378693878,10.739269331695812
2026-06-26 16:45:00+02:00,-150.0,150.0,238374.67766530617,238424.6878693878,10.739269331695812
2026-06-26 17:00:00+02:00,-150.0,150.0,238411.42766530617,238411.42766530617,10.739269331695812
2026-06-26 17:15:00+02:00,-150.0,150.0,238398.16746122454,238448.17766530617,10.739269331695812
2026-06-26 17:30:00+02:00,-150.0,150.0,238434.91746122454,238434.91746122454,10.739269331695812
2026-06-26 17:45:00+02:00,-150.0,150.0,238421.6572571429,238471.66746122454,10.739269331695812
2026-06-26 18:00:00+02:00,-150.0,150.0,238458.4072571429,238458.4072571429,10.739269331695812
2026-06-26 18:15:00+02:00,-150.0,150.0,238445.14705306126,238495.1572571429,10.739269331695812
2026-06-26 18:30:00+02:00,-150.0,150.0,238481.89705306126,238481.89705306126,10.739269331695812
2026-06-26 18:45:00+02:00,-150.0,150.0,238468.63684897963,238518.64705306126,10.739269331695812
2026-06-26 19:00:00+02:00,-150.0,150.0,238505.38684897963,238505.38684897963,10.739269331695812
2026-06-26 19:15:00+02:00,-150.0,150.0,238492.126644898,238542.13684897963,10.739269331695812
2026-06-26 19:30:00+02:00,-150.0,150.0,238528.876644898,238528.876644898,10.739269331695812
2026-06-26 19:45:00+02:00,-150.0,150.0,238515.61644081637,238565.626644898,10.739269331695812
2026-06-26 20:00:00+02:00,-150.0,150.0,238552.36644081637,238552.36644081637,10.739269331695812
2026-06-26 20:15:00+02:00,-150.0,150.0,238539.10623673475,238589.11644081637,10.739269331695812
2026-06-26 20:30:00+02:00,-100.0,100.0,238575.85623673475,238575.85623673475,1.2292829371379888
2026-06-26 20:45:00+02:00,-150.0,150.0,238550.3460326531,238600.35623673475,13.535065250063148
2026-06-26 21:00:00+02:00,-200.0,200.0,238585.9540326531,238587.0960326531,28.433330556185602
2026-06-26 21:15:00+02:00,-200.0,200.0,238584.94382857147,238634.9540326531,28.433330556185602
2026-06-26 21:30:00+02:00,-200.0,200.0,238633.94382857147,238633.94382857147,28.433330556185602
2026-06-26 21:45:00+02:00,-200.0,200.0,238632.93362448984,238682.94382857147,28.433330556185602
2026-06-26 22:00:00+02:00,-150.0,150.0,238681.93362448984,238681.93362448984,13.535065250063148
2026-06-26 22:15:00+02:00,-100.0,100.0,238668.67342040822,238718.68362448984,1.2292829371379888
2026-06-26 22:30:00+02:00,-100.0,100.0,238693.17342040822,238693.17342040822,1.2292829371379888
2026-06-26 22:45:00+02:00,-100.0,100.0,238667.6632163266,238717.67342040822,1.2292829371379888
2026-06-26 23:00:00+02:00,-100.0,100.0,238692.1632163266,238692.1632163266,1.2292829371379888
2026-06-26 23:15:00+02:00,-100.0,100.0,238666.65301224493,238716.6632163266,1.2292829371379888
2026-06-26 23:30:00+02:00,-100.0,100.0,238691.15301224493,238691.15301224493,1.2292829371379888
2026-06-26 23:45:00+02:00,-150.0,150.0,238665.64280816333,238715.65301224493,21.234691100403293
2026-06-27 00:00:00+02:00,-150.0,150.0,238702.39280816333,238702.39280816333,21.234691100403293
2026-06-27 00:15:00+02:00,-150.0,150.0,238689.13260408168,238739.14280816333,21.234691100403293
2026-06-27 00:30:00+02:00,-150.0,150.0,238725.88260408168,238725.88260408168,21.234691100403293
2026-06-27 00:45:00+02:00,-100.0,100.0,238712.62240000005,238762.63260408168,1.2292829371379888
2026-06-27 01:00:00+02:00,-100.0,100.0,238737.12240000005,238737.12240000005,1.2292829371379888
2026-06-27 01:15:00+02:00,-150.0,150.0,238711.61219591842,238761.62240000005,20.72928293713799
2026-06-27 01:30:00+02:00,-150.0,150.0,238748.36219591842,238748.36219591842,20.72928293713799
2026-06-27 01:45:00+02:00,-150.0,150.0,238735.10199183677,238785.11219591842,20.72928293713799
2026-06-27 02:00:00+02:00,-150.0,150.0,238771.85199183677,238771.85199183677,20.72928293713799
2026-06-27 02:15:00+02:00,-150.0,150.0,238758.59178775517,238808.60199183677,20.72928293713799
2026-06-27 02:30:00+02:00,-200.0,200.0,238795.34178775514,238795.34178775514,27.946532271654405
2026-06-27 02:45:00+02:00,-200.0,200.0,238769.32648163266,238844.34178775514,27.946532271654405
2026-06-27 03:00:00+02:00,-200.0,200.0,238818.32648163266,238818.32648163266,27.946532271654405
2026-06-27 03:15:00+02:00,-200.0,200.0,238792.31117551023,238867.32648163266,27.946532271654405
2026-06-27 03:30:00+02:00,-200.0,200.0,238841.31117551023,238841.31117551023,27.946532271654405
2026-06-27 03:45:00+02:00,-200.0,200.0,238815.29586938777,238890.31117551023,27.946532271654405
2026-06-27 04:00:00+02:00,-150.0,150.0,238864.29586938777,238864.29586938777,8.446532271654403
2026-06-27 04:15:00+02:00,-150.0,150.0,238826.03056326535,238901.04586938777,8.446532271654403
2026-06-27 04:30:00+02:00,-150.0,150.0,238862.78056326535,238862.78056326535,8.446532271654403
2026-06-27 04:45:00+02:00,-200.0,200.0,238830.46756734696,238899.53056326535,78.83755267981768
2026-06-27 05:00:00+02:00,-150.0,150.0,238879.46756734696,238879.46756734696,8.446532271654403
2026-06-27 05:15:00+02:00,-150.0,150.0,238866.2073632653,238916.21756734696,8.446532271654403
2026-06-27 05:30:00+02:00,-150.0,150.0,238902.9573632653,238902.9573632653,8.446532271654403
2026-06-27 05:45:00+02:00,-150.0,150.0,238889.69715918368,238939.7073632653,8.446532271654403
2026-06-27 06:00:00+02:00,-150.0,150.0,238926.44715918368,238926.44715918368,8.446532271654403
2026-06-27 06:15:00+02:00,-150.0,150.0,238913.18695510205,238963.19715918368,8.446532271654403
2026-06-27 06:30:00+02:00,-150.0,150.0,238949.93695510205,238949.93695510205,8.446532271654403
2026-06-27 06:45:00+02:00,-150.0,150.0,238936.67675102042,238986.68695510205,8.446532271654403
2026-06-27 07:00:00+02:00,-150.0,150.0,238973.42675102042,238973.42675102042,8.446532271654403
2026-06-27 07:15:00+02:00,-150.0,150.0,238960.1665469388,239010.17675102042,8.446532271654403
2026-06-27 07:30:00+02:00,-150.0,150.0,238996.9165469388,238996.9165469388,8.446532271654403
2026-06-27 07:45:00+02:00,-150.0,150.0,238983.65634285714,239033.6665469388,8.446532271654403
2026-06-27 08:00:00+02:00,-150.0,150.0,239020.40634285714,239020.40634285714,8.446532271654403
2026-06-27 08:15:00+02:00,-100.0,100.0,239007.1461387755,239057.15634285714,1.2292829371379888
2026-06-27 08:30:00+02:00,-100.0,100.0,239031.6461387755,239031.6461387755,1.2292829371379888
2026-06-27 08:45:00+02:00,-200.0,200.0,239006.13593469388,239056.1461387755,62.099278772206745
2026-06-27 09:00:00+02:00,-150.0,150.0,239030.13083265309,239055.13593469388,1.7474420375128328
2026-06-27 09:15:00+02:00,-150.0,150.0,239016.87062857146,239066.88083265309,1.7474420375128328
2026-06-27 09:30:00+02:00,-150.0,150.0,239028.61552653063,239053.62062857146,1.7474420375128328
2026-06-27 09:45:00+02:00,-150.0,150.0,239015.355322449,239065.36552653063,1.7474420375128328
2026-06-27 10:00:00+02:00,-150.0,150.0,239027.10022040817,239052.105322449,1.7474420375128328
2026-06-27 10:15:00+02:00,-150.0,150.0,239013.84001632652,239063.85022040817,1.7474420375128328
2026-06-27 10:30:00+02:00,-150.0,150.0,239025.58491428572,239050.59001632652,1.7474420375128328
2026-06-27 10:45:00+02:00,-150.0,150.0,239012.32471020412,239062.33491428572,1.7474420375128328
2026-06-27 11:00:00+02:00,-200.0,200.0,239024.0696081633,239049.07471020412,7.857581672314122
2026-06-27 11:15:00+02:00,-200.0,200.0,238998.0543020408,239073.0696081633,7.857581672314122
2026-06-27 11:30:00+02:00,-200.0,200.0,239022.0492,239047.0543020408,7.857581672314122
2026-06-27 11:45:00+02:00,-200.0,200.0,238996.03389387758,239071.0492,7.857581672314122
2026-06-27 12:00:00+02:00,-200.0,200.0,239020.02879183675,239045.03389387758,7.857581672314122
2026-06-27 12:15:00+02:00,-200.0,200.0,238994.0134857143,239069.02879183675,7.857581672314122
2026-06-27 12:30:00+02:00,-200.0,200.0,239018.00838367347,239043.0134857143,7.857581672314122
2026-06-27 12:45:00+02:00,-200.0,200.0,238991.99307755101,239067.00838367347,7.857581672314122
2026-06-27 13:00:00+02:00,-200.0,200.0,239015.98797551022,239040.99307755101,7.857581672314122
2026-06-27 13:15:00+02:00,-200.0,200.0,238996.01897959187,239064.98797551022,7.857581672314122
2026-06-27 13:30:00+02:00,-200.0,200.0,239020.01387755104,239045.01897959187,7.857581672314122
2026-06-27 13:45:00+02:00,-200.0,200.0,239019.0036734694,239069.01387755104,7.857581672314122
2026-06-27 14:00:00+02:00,-200.0,200.0,239042.9985714286,239068.0036734694,7.857581672314122
2026-06-27 14:15:00+02:00,-200.0,200.0,239041.98836734696,239091.9985714286,7.857581672314122
2026-06-27 14:30:00+02:00,-200.0,200.0,239065.98326530613,239090.98836734696,7.857581672314122
2026-06-27 14:45:00+02:00,-200.0,200.0,239064.9730612245,239114.98326530613,7.857581672314122
2026-06-27 15:00:00+02:00,-200.0,200.0,239088.96795918368,239113.9730612245,7.857581672314122
2026-06-27 15:15:00+02:00,-200.0,200.0,239087.95775510202,239137.96795918368,7.857581672314122
2026-06-27 15:30:00+02:00,-200.0,200.0,239111.95265306122,239136.95775510202,7.857581672314122
2026-06-27 15:45:00+02:00,-150.0,150.0,239110.94244897962,239160.95265306122,1.7474420375128328
2026-06-27 16:00:00+02:00,-150.0,150.0,239122.6873469388,239147.69244897962,1.7474420375128328
2026-06-27 16:15:00+02:00,-150.0,150.0,239109.42714285714,239159.4373469388,1.7474420375128328
2026-06-27 16:30:00+02:00,-150.0,150.0,239121.17204081634,239146.17714285714,1.7474420375128328
2026-06-27 16:45:00+02:00,-150.0,150.0,239107.9118367347,239157.92204081634,1.7474420375128328
2026-06-27 17:00:00+02:00,-150.0,150.0,239119.65673469388,239144.6618367347,1.7474420375128328
2026-06-27 17:15:00+02:00,-150.0,150.0,239106.39653061226,239156.40673469388,1.7474420375128328
2026-06-27 17:30:00+02:00,-150.0,150.0,239118.14142857143,239143.14653061226,1.7474420375128328
2026-06-27 17:45:00+02:00,-150.0,150.0,239104.8812244898,239154.89142857143,1.7474420375128328
2026-06-27 18:00:00+02:00,-150.0,150.0,239116.626122449,239141.6312244898,1.7474420375128328
2026-06-27 18:15:00+02:00,-150.0,150.0,239103.36591836737,239153.376122449,1.7474420375128328
2026-06-27 18:30:00+02:00,-150.0,150.0,239115.11081632655,239140.11591836737,1.7474420375128328
2026-06-27 18:45:00+02:00,-150.0,150.0,239101.8506122449,239151.86081632655,1.7474420375128328
2026-06-27 19:00:00+02:00,-150.0,150.0,239113.5955102041,239138.6006122449,1.7474420375128328
2026-06-27 19:15:00+02:00,-150.0,150.0,239100.33530612246,239150.3455102041,1.7474420375128328
2026-06-27 19:30:00+02:00,-150.0,150.0,239112.08020408163,239137.08530612246,1.7474420375128328
2026-06-27 19:45:00+02:00,-150.0,150.0,239098.82,239148.83020408163,1.7474420375128328
2026-06-27 20:00:00+02:00,-150.0,150.0,239110.5648979592,239135.57,1.7474420375128328
2026-06-27 20:15:00+02:00,-150.0,150.0,239097.30469387758,239147.3148979592,1.7474420375128328
2026-06-27 20:30:00+02:00,-150.0,150.0,239109.04959183675,239134.05469387758,1.7474420375128328
2026-06-27 20:45:00+02:00,-150.0,150.0,239095.78938775513,239145.79959183675,1.7474420375128328
2026-06-27 21:00:00+02:00,-150.0,150.0,239107.5342857143,239132.53938775513,1.7474420375128328
2026-06-27 21:15:00+02:00,-150.0,150.0,239094.27408163264,239144.2842857143,1.7474420375128328
2026-06-27 21:30:00+02:00,-150.0,150.0,239106.01897959184,239131.02408163264,1.7474420375128328
2026-06-27 21:45:00+02:00,-150.0,150.0,239092.7587755102,239142.76897959184,1.7474420375128328
2026-06-27 22:00:00+02:00,-150.0,150.0,239104.5036734694,239129.5087755102,1.7474420375128328
2026-06-27 22:15:00+02:00,-150.0,150.0,239091.24346938776,239141.2536734694,1.7474420375128328
2026-06-27 22:30:00+02:00,-150.0,150.0,239102.98836734696,239127.99346938776,1.7474420375128328
2026-06-27 22:45:00+02:00,-150.0,150.0,239089.72816326533,239139.73836734696,1.7474420375128328
2026-06-27 23:00:00+02:00,-150.0,150.0,239101.4730612245,239126.47816326533,1.7474420375128328
2026-06-27 23:15:00+02:00,-150.0,150.0,239088.21285714288,239138.2230612245,1.7474420375128328
2026-06-27 23:30:00+02:00,-150.0,150.0,239099.95775510205,239124.96285714288,1.7474420375128328
2026-06-27 23:45:00+02:00,-150.0,150.0,239086.6975510204,239136.70775510205,1.7474420375128328
2026-06-28 00:00:00+02:00,-150.0,150.0,239098.4424489796,239123.4475510204,1.7474420375128328
2026-06-28 00:15:00+02:00,-150.0,150.0,239085.182244898,239135.1924489796,1.7474420375128328
2026-06-28 00:30:00+02:00,-150.0,150.0,239096.92714285717,239121.932244898,1.7474420375128328
2026-06-28 00:45:00+02:00,-150.0,150.0,239083.6669387755,239133.67714285717,1.7474420375128328
2026-06-28 01:00:00+02:00,-150.0,150.0,239095.4118367347,239120.4169387755,1.7474420375128328
2026-06-28 01:15:00+02:00,-150.0,150.0,239082.15163265308,239132.1618367347,1.7474420375128328
2026-06-28 01:30:00+02:00,-150.0,150.0,239093.89653061226,239118.90163265308,1.7474420375128328
2026-06-28 01:45:00+02:00,-150.0,150.0,239080.63632653063,239130.64653061226,1.7474420375128328
2026-06-28 02:00:00+02:00,-150.0,150.0,239092.3812244898,239117.38632653063,1.7474420375128328
2026-06-28 02:15:00+02:00,-150.0,150.0,239079.12102040814,239129.1312244898,1.7474420375128328
2026-06-28 02:30:00+02:00,-150.0,150.0,239090.86591836734,239115.87102040814,1.7474420375128328
2026-06-28 02:45:00+02:00,-150.0,150.0,239077.60571428575,239127.61591836734,1.7474420375128328
2026-06-28 03:00:00+02:00,-150.0,150.0,239089.35061224492,239114.35571428575,1.7474420375128328
2026-06-28 03:15:00+02:00,-150.0,150.0,239076.09040816326,239126.10061224492,1.7474420375128328
2026-06-28 03:30:00+02:00,-150.0,150.0,239087.83530612246,239112.84040816326,1.7474420375128328
2026-06-28 03:45:00+02:00,-150.0,150.0,239074.57510204084,239124.58530612246,1.7474420375128328
2026-06-28 04:00:00+02:00,-150.0,150.0,239086.32,239111.32510204084,1.7474420375128328
2026-06-28 04:15:00+02:00,-150.0,150.0,239073.05979591838,239123.07,1.7474420375128328
2026-06-28 04:30:00+02:00,-150.0,150.0,239084.80469387755,239109.80979591838,1.7474420375128328
2026-06-28 04:45:00+02:00,-150.0,150.0,239071.54448979592,239121.55469387755,1.7474420375128328
2026-06-28 05:00:00+02:00,-150.0,150.0,239083.28938775513,239108.29448979592,1.7474420375128328
2026-06-28 05:15:00+02:00,-150.0,150.0,239070.0291836735,239120.03938775513,1.7474420375128328
2026-06-28 05:30:00+02:00,-150.0,150.0,239081.77408163267,239106.7791836735,1.7474420375128328
2026-06-28 05:45:00+02:00,-150.0,150.0,239068.513877551,239118.52408163267,1.7474420375128328
2026-06-28 06:00:00+02:00,-150.0,150.0,239080.2587755102,239105.263877551,1.7474420375128328
2026-06-28 06:15:00+02:00,-150.0,150.0,239066.9985714286,239117.0087755102,1.7474420375128328
2026-06-28 06:30:00+02:00,-150.0,150.0,239078.74346938776,239103.7485714286,1.7474420375128328
2026-06-28 06:45:00+02:00,-150.0,150.0,239065.48326530613,239115.49346938776,1.7474420375128328
2026-06-28 07:00:00+02:00,-150.0,150.0,239077.2281632653,239102.23326530613,1.7474420375128328
2026-06-28 07:15:00+02:00,-150.0,150.0,239063.96795918368,239113.9781632653,1.7474420375128328
2026-06-28 07:30:00+02:00,-150.0,150.0,239075.71285714288,239100.71795918368,1.7474420375128328
2026-06-28 07:45:00+02:00,-150.0,150.0,239062.45265306125,239112.46285714288,1.7474420375128328
2026-06-28 08:00:00+02:00,-150.0,150.0,239074.19755102042,239099.20265306125,1.7474420375128328
2026-06-28 08:15:00+02:00,-150.0,150.0,239060.93734693876,239110.94755102042,1.7474420375128328
2026-06-28 08:30:00+02:00,-150.0,150.0,239072.68224489797,239097.68734693876,1.7474420375128328
2026-06-28 08:45:00+02:00,-150.0,150.0,239059.42204081634,239109.43224489797,1.7474420375128328
2026-06-28 09:00:00+02:00,-150.0,150.0,239071.1669387755,239096.17204081634,1.7474420375128328
2026-06-28 09:15:00+02:00,-150.0,150.0,239057.90673469388,239107.9169387755,1.7474420375128328
2026-06-28 09:30:00+02:00,-150.0,150.0,239069.65163265308,239094.65673469388,1.7474420375128328
2026-06-28 09:45:00+02:00,-150.0,150.0,239056.39142857146,239106.40163265308,1.7474420375128328
2026-06-28 10:00:00+02:00,-150.0,150.0,239068.13632653063,239093.14142857146,1.7474420375128328
2026-06-28 10:15:00+02:00,-150.0,150.0,239054.876122449,239104.88632653063,1.7474420375128328
2026-06-28 10:30:00+02:00,-150.0,150.0,239066.62102040817,239091.626122449,1.7474420375128328
2026-06-28 10:45:00+02:00,-150.0,150.0,239053.36081632652,239103.37102040817,1.7474420375128328
2026-06-28 11:00:00+02:00,-150.0,150.0,239065.10571428572,239090.11081632652,1.7474420375128328
2026-06-28 11:15:00+02:00,-150.0,150.0,239051.84551020412,239101.85571428572,1.7474420375128328
2026-06-28 11:30:00+02:00,-150.0,150.0,239063.5904081633,239088.59551020412,1.7474420375128328
2026-06-28 11:45:00+02:00,-150.0,150.0,239050.33020408163,239100.3404081633,1.7474420375128328
2026-06-28 12:00:00+02:00,-150.0,150.0,239062.07510204084,239087.08020408163,1.7474420375128328
2026-06-28 12:15:00+02:00,-150.0,150.0,239048.8148979592,239098.82510204084,1.7474420375128328
2026-06-28 12:30:00+02:00,-150.0,150.0,239060.55979591838,239085.5648979592,1.7474420375128328
2026-06-28 12:45:00+02:00,-150.0,150.0,239047.29959183675,239097.30979591838,1.7474420375128328
2026-06-28 13:00:00+02:00,-150.0,150.0,239059.04448979592,239084.04959183675,1.7474420375128328
2026-06-28 13:15:00+02:00,-150.0,150.0,239045.78428571427,239095.79448979592,1.7474420375128328
2026-06-28 13:30:00+02:00,-150.0,150.0,239057.52918367347,239082.53428571427,1.7474420375128328
2026-06-28 13:45:00+02:00,-150.0,150.0,239044.26897959187,239094.27918367347,1.7474420375128328
2026-06-28 14:00:00+02:00,-150.0,150.0,239056.01387755104,239081.01897959187,1.7474420375128328
2026-06-28 14:15:00+02:00,-150.0,150.0,239042.7536734694,239092.76387755104,1.7474420375128328
2026-06-28 14:30:00+02:00,-150.0,150.0,239054.4985714286,239079.5036734694,1.7474420375128328
2026-06-28 14:45:00+02:00,-150.0,150.0,239041.23836734696,239091.2485714286,1.7474420375128328
2026-06-28 15:00:00+02:00,-150.0,150.0,239052.98326530613,239077.98836734696,1.7474420375128328
2026-06-28 15:15:00+02:00,-150.0,150.0,239039.7230612245,239089.73326530613,1.7474420375128328
2026-06-28 15:30:00+02:00,-150.0,150.0,239051.46795918368,239076.4730612245,1.7474420375128328
2026-06-28 15:45:00+02:00,-150.0,150.0,239038.20775510202,239088.21795918368,1.7474420375128328
2026-06-28 16:00:00+02:00,-150.0,150.0,239049.95265306122,239074.95775510202,1.7474420375128328
2026-06-28 16:15:00+02:00,-150.0,150.0,239036.69244897962,239086.70265306122,1.7474420375128328
2026-06-28 16:30:00+02:00,-150.0,150.0,239048.4373469388,239073.44244897962,1.7474420375128328
2026-06-28 16:45:00+02:00,-150.0,150.0,239035.17714285714,239085.1873469388,1.7474420375128328
2026-06-28 17:00:00+02:00,-150.0,150.0,239046.92204081634,239071.92714285714,1.7474420375128328
2026-06-28 17:15:00+02:00,-150.0,150.0,239033.6618367347,239083.67204081634,1.7474420375128328
2026-06-28 17:30:00+02:00,-150.0,150.0,239045.40673469388,239070.4118367347,1.7474420375128328
2026-06-28 17:45:00+02:00,-150.0,150.0,239032.14653061226,239082.15673469388,1.7474420375128328
2026-06-28 18:00:00+02:00,-150.0,150.0,239043.89142857143,239068.89653061226,1.7474420375128328
2026-06-28 18:15:00+02:00,-150.0,150.0,239030.6312244898,239080.64142857143,1.7474420375128328
2026-06-28 18:30:00+02:00,-150.0,150.0,239042.376122449,239067.3812244898,1.7474420375128328
2026-06-28 18:45:00+02:00,-150.0,150.0,239029.11591836737,239079.126122449,1.7474420375128328
2026-06-28 19:00:00+02:00,-150.0,150.0,239040.86081632655,239065.86591836737,1.7474420375128328
2026-06-28 19:15:00+02:00,-150.0,150.0,239027.6006122449,239077.61081632655,1.7474420375128328
2026-06-28 19:30:00+02:00,-150.0,150.0,239039.3455102041,239064.3506122449,1.7474420375128328
2026-06-28 19:45:00+02:00,-150.0,150.0,239026.08530612246,239076.0955102041,1.7474420375128328
2026-06-28 20:00:00+02:00,-150.0,150.0,239037.83020408163,239062.83530612246,1.7474420375128328
2026-06-28 20:15:00+02:00,-150.0,150.0,239024.57,239074.58020408163,1.7474420375128328
2026-06-28 20:30:00+02:00,-150.0,150.0,239036.3148979592,239061.32,1.7474420375128328
2026-06-28 20:45:00+02:00,-150.0,150.0,239023.05469387758,239073.0648979592,1.7474420375128328
2026-06-28 21:00:00+02:00,-150.0,150.0,239034.79959183675,239059.80469387758,1.7474420375128328
2026-06-28 21:15:00+02:00,-150.0,150.0,239021.53938775513,239071.54959183675,1.7474420375128328
2026-06-28 21:30:00+02:00,-150.0,150.0,239033.2842857143,239058.28938775513,1.7474420375128328
2026-06-28 21:45:00+02:00,-150.0,150.0,239020.02408163264,239070.0342857143,1.7474420375128328
2026-06-28 22:00:00+02:00,-150.0,150.0,239031.76897959184,239056.77408163264,1.7474420375128328
2026-06-28 22:15:00+02:00,-150.0,150.0,239018.5087755102,239068.51897959184,1.7474420375128328
2026-06-28 22:30:00+02:00,-150.0,150.0,239030.2536734694,239055.2587755102,1.7474420375128328
2026-06-28 22:45:00+02:00,-150.0,150.0,239016.99346938776,239067.0036734694,1.7474420375128328
2026-06-28 23:00:00+02:00,-150.0,150.0,239028.73836734696,239053.74346938776,1.7474420375128328
2026-06-28 23:15:00+02:00,-150.0,150.0,239015.47816326533,239065.48836734696,1.7474420375128328
2026-06-28 23:30:00+02:00,-150.0,150.0,239027.2230612245,239052.22816326533,1.7474420375128328
2026-06-28 23:45:00+02:00,-150.0,150.0,239013.96285714288,239063.9730612245,1.7474420375128328
2026-06-29 00:00:00+02:00,-150.0,150.0,239025.70775510205,239050.71285714288,1.7474420375128328
2026-06-29 00:15:00+02:00,-150.0,150.0,239012.4475510204,239062.45775510205,1.7474420375128328
2026-06-29 00:30:00+02:00,-150.0,150.0,239024.1924489796,239049.1975510204,1.7474420375128328
2026-06-29 00:45:00+02:00,-150.0,150.0,239010.932244898,239060.9424489796,1.7474420375128328
2026-06-29 01:00:00+02:00,-150.0,150.0,239022.67714285717,239047.682244898,1.7474420375128328
2026-06-29 01:15:00+02:00,-150.0,150.0,239009.4169387755,239059.42714285717,1.7474420375128328
2026-06-29 01:30:00+02:00,-150.0,150.0,239021.1618367347,239046.1669387755,1.7474420375128328
2026-06-29 01:45:00+02:00,-150.0,150.0,239007.90163265308,239057.9118367347,1.7474420375128328
2026-06-29 02:00:00+02:00,-150.0,150.0,239019.64653061226,239044.65163265308,1.7474420375128328
2026-06-29 02:15:00+02:00,-150.0,150.0,239006.38632653063,239056.39653061226,1.7474420375128328
2026-06-29 02:30:00+02:00,-150.0,150.0,239018.1312244898,239043.13632653063,1.7474420375128328
2026-06-29 02:45:00+02:00,-150.0,150.0,239004.87102040814,239054.8812244898,1.7474420375128328
2026-06-29 03:00:00+02:00,-150.0,150.0,239016.61591836734,239041.62102040814,1.7474420375128328
2026-06-29 03:15:00+02:00,-150.0,150.0,239003.35571428575,239053.36591836734,1.7474420375128328
2026-06-29 03:30:00+02:00,-150.0,150.0,239015.10061224492,239040.10571428575,1.7474420375128328
2026-06-29 03:45:00+02:00,-150.0,150.0,239001.84040816326,239051.85061224492,1.7474420375128328
2026-06-29 04:00:00+02:00,-150.0,150.0,239013.58530612246,239038.59040816326,1.7474420375128328
2026-06-29 04:15:00+02:00,-150.0,150.0,239000.32510204084,239050.33530612246,1.7474420375128328
2026-06-29 04:30:00+02:00,-150.0,150.0,239012.07,239037.07510204084,1.7474420375128328
2026-06-29 04:45:00+02:00,-150.0,150.0,238998.80979591838,239048.82,1.7474420375128328
2026-06-29 05:00:00+02:00,-150.0,150.0,239010.55469387755,239035.55979591838,1.7474420375128328
2026-06-29 05:15:00+02:00,-150.0,150.0,238997.29448979592,239047.30469387755,1.7474420375128328
2026-06-29 05:30:00+02:00,-150.0,150.0,239009.03938775513,239034.04448979592,1.7474420375128328
2026-06-29 05:45:00+02:00,-150.0,150.0,238995.7791836735,239045.78938775513,1.7474420375128328
2026-06-29 06:00:00+02:00,-150.0,150.0,239007.52408163267,239032.5291836735,1.7474420375128328
2026-06-29 06:15:00+02:00,-150.0,150.0,238994.263877551,239044.27408163267,1.7474420375128328
2026-06-29 06:30:00+02:00,-150.0,150.0,239006.0087755102,239031.013877551,1.7474420375128328
2026-06-29 06:45:00+02:00,-150.0,150.0,238992.7485714286,239042.7587755102,1.7474420375128328
2026-06-29 07:00:00+02:00,-150.0,150.0,239004.49346938776,239029.4985714286,1.7474420375128328
2026-06-29 07:15:00+02:00,-150.0,150.0,238991.23326530613,239041.24346938776,1.7474420375128328
2026-06-29 07:30:00+02:00,-150.0,150.0,239002.9781632653,239027.98326530613,1.7474420375128328
2026-06-29 07:45:00+02:00,-150.0,150.0,238989.71795918368,239039.7281632653,1.7474420375128328
2026-06-29 08:00:00+02:00,-150.0,150.0,239001.46285714288,239026.46795918368,1.7474420375128328
2026-06-29 08:15:00+02:00,-150.0,150.0,238988.20265306125,239038.21285714288,1.7474420375128328
2026-06-29 08:30:00+02:00,-150.0,150.0,238999.94755102042,239024.95265306125,1.7474420375128328
2026-06-29 08:45:00+02:00,-150.0,150.0,238986.68734693876,239036.69755102042,1.7474420375128328
2026-06-29 09:00:00+02:00,-150.0,150.0,238998.43224489797,239023.43734693876,1.7474420375128328
2026-06-29 09:15:00+02:00,-150.0,150.0,238985.17204081634,239035.18224489797,1.7474420375128328
2026-06-29 09:30:00+02:00,-150.0,150.0,238996.9169387755,239021.92204081634,1.7474420375128328
2026-06-29 09:45:00+02:00,-150.0,150.0,238983.65673469388,239033.6669387755,1.7474420375128328
2026-06-29 10:00:00+02:00,-150.0,150.0,238995.40163265308,239020.40673469388,1.7474420375128328
2026-06-29 10:15:00+02:00,-150.0,150.0,238982.14142857146,239032.15163265308,1.7474420375128328
2026-06-29 10:30:00+02:00,-150.0,150.0,238993.88632653063,239018.89142857146,1.7474420375128328
2026-06-29 10:45:00+02:00,-150.0,150.0,238980.626122449,239030.63632653063,1.7474420375128328
2026-06-29 11:00:00+02:00,-150.0,150.0,238992.37102040817,239017.376122449,1.7474420375128328
2026-06-29 11:15:00+02:00,-150.0,150.0,238979.11081632652,239029.12102040817,1.7474420375128328
2026-06-29 11:30:00+02:00,-150.0,150.0,238990.85571428572,239015.86081632652,1.7474420375128328
2026-06-29 11:45:00+02:00,-150.0,150.0,238977.59551020412,239027.60571428572,1.7474420375128328
2026-06-29 12:00:00+02:00,-150.0,150.0,238989.3404081633,239014.34551020412,1.7474420375128328
2026-06-29 12:15:00+02:00,-150.0,150.0,238976.08020408163,239026.0904081633,1.7474420375128328
2026-06-29 12:30:00+02:00,-150.0,150.0,238987.82510204084,239012.83020408163,1.7474420375128328
2026-06-29 12:45:00+02:00,-150.0,150.0,238974.5648979592,239024.57510204084,1.7474420375128328
2026-06-29 13:00:00+02:00,-150.0,150.0,238986.30979591838,239011.3148979592,1.7474420375128328
2026-06-29 13:15:00+02:00,-150.0,150.0,238973.04959183675,239023.05979591838,1.7474420375128328
2026-06-29 13:30:00+02:00,-150.0,150.0,238984.79448979592,239009.79959183675,1.7474420375128328
2026-06-29 13:45:00+02:00,-150.0,150.0,238971.53428571427,239021.54448979592,1.7474420375128328
2026-06-29 14:00:00+02:00,-150.0,150.0,238983.27918367347,239008.28428571427,1.7474420375128328
2026-06-29 14:15:00+02:00,-150.0,150.0,238970.01897959187,239020.02918367347,1.7474420375128328
2026-06-29 14:30:00+02:00,-150.0,150.0,238981.76387755104,239006.76897959187,1.7474420375128328
2026-06-29 14:45:00+02:00,-150.0,150.0,238968.5036734694,239018.51387755104,1.7474420375128328
2026-06-29 15:00:00+02:00,-150.0,150.0,238980.2485714286,239005.2536734694,1.7474420375128328
2026-06-29 15:15:00+02:00,-150.0,150.0,238966.98836734696,239016.9985714286,1.7474420375128328
2026-06-29 15:30:00+02:00,-150.0,150.0,238978.73326530613,239003.73836734696,1.7474420375128328
2026-06-29 15:45:00+02:00,-150.0,150.0,238965.4730612245,239015.48326530613,1.7474420375128328
2026-06-29 16:00:00+02:00,-150.0,150.0,238977.21795918368,239002.2230612245,1.7474420375128328
2026-06-29 16:15:00+02:00,-150.0,150.0,238963.95775510202,239013.96795918368,1.7474420375128328
2026-06-29 16:30:00+02:00,-150.0,150.0,238975.70265306122,239000.70775510202,1.7474420375128328
2026-06-29 16:45:00+02:00,-150.0,150.0,238962.44244897962,239012.45265306122,1.7474420375128328
2026-06-29 17:00:00+02:00,-150.0,150.0,238974.1873469388,238999.19244897962,1.7474420375128328
2026-06-29 17:15:00+02:00,-150.0,150.0,238960.92714285714,239010.9373469388,1.7474420375128328
2026-06-29 17:30:00+02:00,-150.0,150.0,238972.67204081634,238997.67714285714,1.7474420375128328
2026-06-29 17:45:00+02:00,-150.0,150.0,238974.27286530612,239009.42204081634,1.7474420375128328
2026-06-29 18:00:00+02:00,-150.0,150.0,238986.0177632653,239011.02286530612,1.7474420375128328
2026-06-29 18:15:00+02:00,-150.0,150.0,238997.7626612245,239022.7677632653,1.7474420375128328
2026-06-29 18:30:00+02:00,-150.0,150.0,239033.25939591837,239034.5126612245,1.7474420375128328
2026-06-29 18:45:00+02:00,-150.0,150.0,239045.00429387754,239070.00939591837,1.7474420375128328
2026-06-29 19:00:00+02:00,-150.0,150.0,239081.75429387754,239081.75429387754,1.7474420375128328
2026-06-29 19:15:00+02:00,-150.0,150.0,239104.2312,239118.50429387754,1.7474420375128328
2026-06-29 19:30:00+02:00,-150.0,150.0,239140.9812,239140.9812,1.7474420375128328
2026-06-29 19:45:00+02:00,-150.0,150.0,239177.7312,239177.7312,1.7474420375128328
2026-06-29 20:00:00+02:00,-150.0,150.0,239214.4812,239214.4812,1.7474420375128328
2026-06-29 20:15:00+02:00,-150.0,150.0,239251.2312,239251.2312,1.7474420375128328
2026-06-29 20:30:00+02:00,-200.0,200.0,239287.9812,239287.9812,39.42356448649242
2026-06-29 20:45:00+02:00,-200.0,200.0,239336.9812,239336.9812,39.42356448649242
2026-06-29 21:00:00+02:00,-150.0,150.0,239385.9812,239385.9812,1.7474420375128328
2026-06-29 21:15:00+02:00,-150.0,150.0,239422.7312,239422.7312,1.7474420375128328
2026-06-29 21:30:00+02:00,-150.0,150.0,239459.4812,239459.4812,1.7474420375128328
2026-06-29 21:45:00+02:00,-150.0,150.0,239496.2312,239496.2312,1.7474420375128328
2026-06-29 22:00:00+02:00,-100.0,100.0,239532.9812,239532.9812,1.2292829371379888
2026-06-29 22:15:00+02:00,-100.0,100.0,239557.4812,239557.4812,1.2292829371379888
2026-06-29 22:30:00+02:00,-50.0,50.0,239581.9812,239581.9812,0.7669792156493933
2026-06-29 22:45:00+02:00,-50.0,50.0,239594.2312,239594.2312,0.7669792156493933
2026-06-29 23:00:00+02:00,-50.0,50.0,239606.4812,239606.4812,0.7669792156493933
2026-06-29 23:15:00+02:00,-50.0,50.0,239618.7312,239618.7312,0.7669792156493933
2026-06-29 23:30:00+02:00,-50.0,50.0,239630.9812,239630.9812,0.7669792156493933
2026-06-29 23:45:00+02:00,-100.0,100.0,239643.2312,239643.2312,84.87432615442493
2026-06-30 00:00:00+02:00,-50.0,50.0,239667.7312,239667.7312,0.7669792156493933
2026-06-30 00:15:00+02:00,-50.0,50.0,239679.9812,239679.9812,0.7669792156493933
2026-06-30 00:30:00+02:00,-50.0,50.0,239692.2312,239692.2312,0.7669792156493933
2026-06-30 00:45:00+02:00,-50.0,50.0,239704.4812,239704.4812,0.7669792156493933
2026-06-30 01:00:00+02:00,-50.0,50.0,239716.7312,239716.7312,0.7669792156493933
2026-06-30 01:15:00+02:00,-50.0,50.0,239728.9812,239728.9812,0.7669792156493933
2026-06-30 01:30:00+02:00,-50.0,50.0,239741.2312,239741.2312,0.7669792156493933
2026-06-30 01:45:00+02:00,-50.0,50.0,239753.4812,239753.4812,0.7669792156493933
2026-06-30 02:00:00+02:00,-50.0,50.0,239765.7312,239765.7312,0.7669792156493933
2026-06-30 02:15:00+02:00,-50.0,50.0,239777.9812,239777.9812,0.7669792156493933
2026-06-30 02:30:00+02:00,-50.0,50.0,239790.2312,239790.2312,0.7669792156493933
2026-06-30 02:45:00+02:00,-50.0,50.0,239802.4812,239802.4812,0.7669792156493933
2026-06-30 03:00:00+02:00,-50.0,50.0,239814.7312,239814.7312,0.7669792156493933
2026-06-30 03:15:00+02:00,-50.0,50.0,239826.9812,239826.9812,0.7669792156493933
2026-06-30 03:30:00+02:00,-50.0,50.0,239839.2312,239839.2312,0.7669792156493933
2026-06-30 03:45:00+02:00,-150.0,150.0,239851.4812,239851.4812,125.52523771905075
2026-06-30 04:00:00+02:00,-100.0,100.0,239888.2312,239888.2312,124.75825850340135
2026-06-30 04:15:00+02:00,-100.0,100.0,239912.7312,239912.7312,124.75825850340135
2026-06-30 04:30:00+02:00,-100.0,100.0,239937.2312,239937.2312,74.33191071428573
2026-06-30 04:45:00+02:00,-100.0,100.0,239936.72609795918,239961.7312,74.33191071428573
2026-06-30 05:00:00+02:00,-50.0,50.0,239961.22609795918,239961.22609795918,1.9097066326530627
2026-06-30 05:15:00+02:00,-50.0,50.0,239948.47099591838,239973.47609795918,1.9097066326530627
2026-06-30 05:30:00+02:00,-50.0,50.0,239960.72099591838,239960.72099591838,1.9097066326530627
2026-06-30 05:45:00+02:00,-50.0,50.0,239947.96589387755,239972.97099591838,1.9097066326530627
2026-06-30 06:00:00+02:00,-50.0,50.0,239960.21589387755,239960.21589387755,1.9097066326530627
2026-06-30 06:15:00+02:00,-50.0,50.0,239947.46079183675,239972.46589387755,1.9097066326530627
2026-06-30 06:30:00+02:00,-50.0,50.0,239959.71079183675,239959.71079183675,1.9097066326530627
2026-06-30 06:45:00+02:00,-50.0,50.0,239946.95568979593,239971.96079183675,1.9097066326530627
2026-06-30 07:00:00+02:00,-50.0,50.0,239959.20568979593,239959.20568979593,1.9097066326530627
2026-06-30 07:15:00+02:00,-50.0,50.0,239946.4505877551,239971.45568979593,1.9097066326530627
2026-06-30 07:30:00+02:00,-50.0,50.0,239958.7005877551,239958.7005877551,1.9097066326530627
2026-06-30 07:45:00+02:00,-50.0,50.0,239945.9454857143,239970.9505877551,1.9097066326530627
2026-06-30 08:00:00+02:00,-50.0,50.0,239958.1954857143,239958.1954857143,1.9097066326530627
2026-06-30 08:15:00+02:00,-100.0,100.0,239945.44038367347,239970.4454857143,8.835965136054424
2026-06-30 08:30:00+02:00,-100.0,100.0,239944.93528163267,239969.94038367347,8.835965136054424
2026-06-30 08:45:00+02:00,-100.0,100.0,239944.43017959187,239969.43528163267,8.835965136054424
2026-06-30 09:00:00+02:00,-100.0,100.0,239943.92507755104,239968.93017959187,8.835965136054424
2026-06-30 09:15:00+02:00,-100.0,100.0,239943.41997551022,239968.42507755104,8.835965136054424
2026-06-30 09:30:00+02:00,-100.0,100.0,239942.9148734694,239967.91997551022,8.835965136054424
2026-06-30 09:45:00+02:00,-100.0,100.0,239942.40977142856,239967.4148734694,8.835965136054424
2026-06-30 10:00:00+02:00,-100.0,100.0,239941.90466938773,239966.90977142856,8.835965136054424
2026-06-30 10:15:00+02:00,-100.0,100.0,239941.39956734693,239966.40466938773,8.835965136054424
2026-06-30 10:30:00+02:00,-150.0,150.0,239940.89446530613,239965.89956734696,11.985977891156464
2026-06-30 10:45:00+02:00,-150.0,150.0,239927.63426122448,239977.64446530613,11.985977891156464
2026-06-30 11:00:00+02:00,-150.0,150.0,239939.37915918368,239964.38426122448,11.985977891156464
2026-06-30 11:15:00+02:00,-150.0,150.0,239944.0787836735,239976.12915918368,11.985977891156464
2026-06-30 11:30:00+02:00,-200.0,200.0,239955.82368163267,239980.8287836735,242.71210034013606
2026-06-30 11:45:00+02:00,-200.0,200.0,239979.81857959184,240004.82368163267,242.71210034013606
2026-06-30 12:00:00+02:00,-150.0,150.0,240003.813477551,240028.81857959184,11.985977891156464
2026-06-30 12:15:00+02:00,-150.0,150.0,240015.5583755102,240040.563477551,11.985977891156464
2026-06-30 12:30:00+02:00,-100.0,100.0,240027.30327346938,240052.3083755102,10.076271258503402
2026-06-30 12:45:00+02:00,-100.0,100.0,240026.79817142856,240051.80327346938,10.076271258503402
2026-06-30 13:00:00+02:00,-150.0,150.0,240026.29306938776,240051.29817142856,11.80014406343933
2026-06-30 13:15:00+02:00,-150.0,150.0,240013.0328653061,240063.04306938776,11.80014406343933
2026-06-30 13:30:00+02:00,-150.0,150.0,240024.7777632653,240049.7828653061,11.80014406343933
2026-06-30 13:45:00+02:00,-150.0,150.0,240011.5175591837,240061.5277632653,11.80014406343933
2026-06-30 14:00:00+02:00,-150.0,150.0,240028.36128163268,240048.2675591837,11.80014406343933
2026-06-30 14:15:00+02:00,-150.0,150.0,240015.10107755102,240065.11128163268,11.80014406343933
2026-06-30 14:30:00+02:00,-150.0,150.0,240051.85107755102,240051.85107755102,11.80014406343933
2026-06-30 14:45:00+02:00,-150.0,150.0,240038.59087346942,240088.60107755102,11.80014406343933
2026-06-30 15:00:00+02:00,-150.0,150.0,240075.34087346942,240075.34087346942,11.80014406343933
2026-06-30 15:15:00+02:00,-150.0,150.0,240062.08066938777,240112.09087346942,11.80014406343933
2026-06-30 15:30:00+02:00,-150.0,150.0,240098.83066938777,240098.83066938777,11.80014406343933
2026-06-30 15:45:00+02:00,-150.0,150.0,240085.5704653061,240135.58066938777,11.80014406343933
2026-06-30 16:00:00+02:00,-150.0,150.0,240122.3204653061,240122.3204653061,11.80014406343933
2026-06-30 16:15:00+02:00,-150.0,150.0,240109.0602612245,240159.0704653061,11.80014406343933
2026-06-30 16:30:00+02:00,-150.0,150.0,240145.8102612245,240145.8102612245,11.80014406343933
2026-06-30 16:45:00+02:00,-150.0,150.0,240132.55005714286,240182.5602612245,11.80014406343933
2026-06-30 17:00:00+02:00,-150.0,150.0,240169.30005714286,240169.30005714286,11.80014406343933
2026-06-30 17:15:00+02:00,-150.0,150.0,240156.03985306126,240206.05005714286,11.80014406343933
2026-06-30 17:30:00+02:00,-150.0,150.0,240192.78985306126,240192.78985306126,11.80014406343933
2026-06-30 17:45:00+02:00,-150.0,150.0,240179.5296489796,240229.53985306126,11.80014406343933
2026-06-30 18:00:00+02:00,-150.0,150.0,240216.2796489796,240216.2796489796,11.80014406343933
2026-06-30 18:15:00+02:00,-150.0,150.0,240203.01944489797,240253.0296489796,11.80014406343933
2026-06-30 18:30:00+02:00,-150.0,150.0,240239.76944489797,240239.76944489797,11.80014406343933
2026-06-30 18:45:00+02:00,-150.0,150.0,240226.50924081635,240276.51944489797,11.80014406343933
2026-06-30 19:00:00+02:00,-150.0,150.0,240263.25924081635,240263.25924081635,11.80014406343933
2026-06-30 19:15:00+02:00,-150.0,150.0,240249.9990367347,240300.00924081635,11.80014406343933
2026-06-30 19:30:00+02:00,-150.0,150.0,240286.7490367347,240286.7490367347,11.80014406343933
2026-06-30 19:45:00+02:00,-150.0,150.0,240273.4888326531,240323.4990367347,11.80014406343933
2026-06-30 20:00:00+02:00,-150.0,150.0,240310.2388326531,240310.2388326531,11.80014406343933
2026-06-30 20:15:00+02:00,-150.0,150.0,240296.97862857144,240346.9888326531,11.80014406343933
2026-06-30 20:30:00+02:00,-200.0,200.0,240333.72862857144,240333.72862857144,200.20993998180666
2026-06-30 20:45:00+02:00,-200.0,200.0,240332.71842448984,240382.72862857144,200.20993998180666
2026-06-30 21:00:00+02:00,-150.0,150.0,240381.71842448984,240381.71842448984,11.80014406343933
2026-06-30 21:15:00+02:00,-150.0,150.0,240368.45822040818,240418.46842448984,11.80014406343933
2026-06-30 21:30:00+02:00,-150.0,150.0,240405.20822040818,240405.20822040818,11.80014406343933
2026-06-30 21:45:00+02:00,-100.0,100.0,240391.94801632653,240441.95822040818,4.873885560037969
2026-06-30 22:00:00+02:00,-100.0,100.0,240416.44801632653,240416.44801632653,4.873885560037969
2026-06-30 22:15:00+02:00,-100.0,100.0,240425.62000000002,240440.94801632653,4.873885560037969
2026-06-30 22:30:00+02:00,-100.0,100.0,240450.12000000002,240450.12000000002,4.873885560037969
2026-06-30 22:45:00+02:00,-100.0,100.0,240474.62000000002,240474.62000000002,4.873885560037969
2026-06-30 23:00:00+02:00,-100.0,100.0,240499.12000000002,240499.12000000002,4.873885560037969
2026-06-30 23:15:00+02:00,-100.0,100.0,240523.62000000002,240523.62000000002,4.873885560037969
2026-06-30 23:30:00+02:00,-100.0,100.0,240548.12000000002,240548.12000000002,4.873885560037969
2026-06-30 23:45:00+02:00,-50.0,50.0,240572.62000000002,240572.62000000002,3.150012755102041
2026-07-01 00:00:00+02:00,-50.0,50.0,240584.87000000002,240584.87000000002,3.150012755102041
2026-07-01 00:15:00+02:00,-100.0,100.0,240597.12000000002,240597.12000000002,5.127206632653063
2026-07-01 00:30:00+02:00,-100.0,100.0,240596.6148979592,240621.62000000002,5.127206632653063
2026-07-01 00:45:00+02:00,-150.0,150.0,240621.1148979592,240621.1148979592,47.42894132653062
2026-07-01 01:00:00+02:00,-150.0,150.0,240632.8597959184,240657.8648979592,47.42894132653062
2026-07-01 01:15:00+02:00,-150.0,150.0,240669.6097959184,240669.6097959184,47.42894132653062
2026-07-01 01:30:00+02:00,-150.0,150.0,240681.35469387757,240706.3597959184,47.42894132653062
2026-07-01 01:45:00+02:00,-100.0,100.0,240718.10469387757,240718.10469387757,5.127206632653063
2026-07-01 02:00:00+02:00,-100.0,100.0,240717.59959183677,240742.60469387757,5.127206632653063
2026-07-01 02:15:00+02:00,-100.0,100.0,240742.09959183677,240742.09959183677,5.127206632653063
2026-07-01 02:30:00+02:00,-50.0,50.0,240741.59448979594,240766.59959183677,1.9771938775510218
2026-07-01 02:45:00+02:00,-50.0,50.0,240753.84448979594,240753.84448979594,1.9771938775510218
2026-07-01 03:00:00+02:00,-50.0,50.0,240741.0893877551,240766.09448979594,1.9771938775510218
2026-07-01 03:15:00+02:00,-50.0,50.0,240753.3393877551,240753.3393877551,1.9771938775510218
2026-07-01 03:30:00+02:00,-50.0,50.0,240740.5842857143,240765.5893877551,1.9771938775510218
2026-07-01 03:45:00+02:00,-100.0,100.0,240752.8342857143,240752.8342857143,40.908214285714266
2026-07-01 04:00:00+02:00,-100.0,100.0,240752.3291836735,240777.3342857143,40.908214285714266
2026-07-01 04:15:00+02:00,-100.0,100.0,240776.8291836735,240776.8291836735,40.908214285714266
2026-07-01 04:30:00+02:00,-50.0,50.0,240776.3240816327,240801.3291836735,1.9771938775510218
2026-07-01 04:45:00+02:00,-50.0,50.0,240788.5740816327,240788.5740816327,1.9771938775510218
2026-07-01 05:00:00+02:00,-50.0,50.0,240775.81897959186,240800.8240816327,1.9771938775510218
2026-07-01 05:15:00+02:00,-50.0,50.0,240788.06897959186,240788.06897959186,1.9771938775510218
2026-07-01 05:30:00+02:00,-50.0,50.0,240775.31387755103,240800.31897959186,1.9771938775510218
2026-07-01 05:45:00+02:00,-50.0,50.0,240787.56387755103,240787.56387755103,1.9771938775510218
2026-07-01 06:00:00+02:00,-50.0,50.0,240774.80877551023,240799.81387755103,1.9771938775510218
2026-07-01 06:15:00+02:00,-50.0,50.0,240787.05877551023,240787.05877551023,1.9771938775510218
2026-07-01 06:30:00+02:00,-50.0,50.0,240774.3036734694,240799.30877551023,1.9771938775510218
2026-07-01 06:45:00+02:00,-50.0,50.0,240786.5536734694,240786.5536734694,1.9771938775510218
2026-07-01 07:00:00+02:00,-50.0,50.0,240793.87480000002,240798.8036734694,1.9771938775510218
2026-07-01 07:15:00+02:00,-50.0,50.0,240806.12480000002,240806.12480000002,1.9771938775510218
2026-07-01 07:30:00+02:00,-100.0,100.0,240818.37480000002,240818.37480000002,12.481433508887427
2026-07-01 07:45:00+02:00,-100.0,100.0,240817.8696979592,240842.87480000002,12.481433508887427
2026-07-01 08:00:00+02:00,-100.0,100.0,240842.3696979592,240842.3696979592,12.481433508887427
2026-07-01 08:15:00+02:00,-50.0,50.0,240841.8645959184,240866.8696979592,10.504239631336405
2026-07-01 08:30:00+02:00,-50.0,50.0,240854.1145959184,240854.1145959184,10.504239631336405
2026-07-01 08:45:00+02:00,-50.0,50.0,240855.74360000002,240866.3645959184,10.504239631336405
2026-07-01 09:00:00+02:00,-50.0,50.0,240867.99360000002,240867.99360000002,10.504239631336405
2026-07-01 09:15:00+02:00,-50.0,50.0,240880.24360000002,240880.24360000002,10.504239631336405
2026-07-01 09:30:00+02:00,-50.0,50.0,240892.49360000002,240892.49360000002,10.504239631336405
2026-07-01 09:45:00+02:00,-50.0,50.0,240904.74360000002,240904.74360000002,10.504239631336405
2026-07-01 10:00:00+02:00,-50.0,50.0,240916.99360000002,240916.99360000002,10.504239631336405
2026-07-01 10:15:00+02:00,-100.0,100.0,240929.24360000002,240929.24360000002,13.291864121132324
2026-07-01 10:30:00+02:00,-100.0,100.0,240928.7384979592,240953.74360000002,13.291864121132324
2026-07-01 10:45:00+02:00,-100.0,100.0,240953.23849795916,240953.23849795916,13.291864121132324
2026-07-01 11:00:00+02:00,-100.0,100.0,240952.73339591836,240977.73849795916,13.291864121132324
2026-07-01 11:15:00+02:00,-100.0,100.0,240977.23339591836,240977.23339591836,13.291864121132324
2026-07-01 11:30:00+02:00,-100.0,100.0,240976.72829387756,241001.7333959184,13.291864121132324
2026-07-01 11:45:00+02:00,-100.0,100.0,241001.22829387756,241001.22829387756,13.291864121132324
2026-07-01 12:00:00+02:00,-100.0,100.0,241000.72319183676,241025.72829387756,13.291864121132324
2026-07-01 12:15:00+02:00,-100.0,100.0,241025.22319183676,241025.22319183676,13.291864121132324
2026-07-01 12:30:00+02:00,-100.0,100.0,241024.71808979593,241049.72319183676,13.291864121132324
2026-07-01 12:45:00+02:00,-100.0,100.0,241049.21808979593,241049.21808979593,13.291864121132324
2026-07-01 13:00:00+02:00,-100.0,100.0,241048.7129877551,241073.71808979593,13.291864121132324
2026-07-01 13:15:00+02:00,-100.0,100.0,241073.2129877551,241073.2129877551,13.291864121132324
2026-07-01 13:30:00+02:00,-100.0,100.0,241072.7078857143,241097.7129877551,13.291864121132324
2026-07-01 13:45:00+02:00,-100.0,100.0,241097.2078857143,241097.2078857143,13.291864121132324
2026-07-01 14:00:00+02:00,-100.0,100.0,241096.70278367348,241121.7078857143,13.291864121132324
2026-07-01 14:15:00+02:00,-100.0,100.0,241121.20278367348,241121.20278367348,13.291864121132324
2026-07-01 14:30:00+02:00,-100.0,100.0,241120.69768163268,241145.70278367348,13.291864121132324
2026-07-01 14:45:00+02:00,-100.0,100.0,241145.19768163268,241145.19768163268,13.291864121132324
2026-07-01 15:00:00+02:00,-100.0,100.0,241144.69257959185,241169.69768163268,13.291864121132324
2026-07-01 15:15:00+02:00,-50.0,50.0,241169.19257959182,241169.19257959182,2.787624489795918
2026-07-01 15:30:00+02:00,-50.0,50.0,241156.437477551,241181.44257959182,2.787624489795918
2026-07-01 15:45:00+02:00,-50.0,50.0,241168.687477551,241168.687477551,2.787624489795918
2026-07-01 16:00:00+02:00,-50.0,50.0,241155.9323755102,241180.937477551,2.787624489795918
2026-07-01 16:15:00+02:00,-50.0,50.0,241168.1823755102,241168.1823755102,2.787624489795918
2026-07-01 16:30:00+02:00,-50.0,50.0,241155.42727346937,241180.4323755102,2.787624489795918
2026-07-01 16:45:00+02:00,-50.0,50.0,241167.67727346937,241167.67727346937,2.787624489795918
2026-07-01 17:00:00+02:00,-100.0,100.0,241154.92217142857,241179.92727346937,9.400301560624248
2026-07-01 17:15:00+02:00,-100.0,100.0,241154.41706938777,241179.42217142857,9.400301560624248
2026-07-01 17:30:00+02:00,-100.0,100.0,241153.91196734694,241178.91706938777,9.400301560624248
2026-07-01 17:45:00+02:00,-100.0,100.0,241153.40686530614,241178.41196734694,9.400301560624248
2026-07-01 18:00:00+02:00,-100.0,100.0,241152.9017632653,241177.9068653061,9.400301560624248
2026-07-01 18:15:00+02:00,-100.0,100.0,241152.3966612245,241177.4017632653,9.400301560624248
2026-07-01 18:30:00+02:00,-100.0,100.0,241151.89155918368,241176.8966612245,9.400301560624248
2026-07-01 18:45:00+02:00,-100.0,100.0,241153.32406530614,241176.39155918368,9.400301560624248
2026-07-01 19:00:00+02:00,-100.0,100.0,241152.8189632653,241177.82406530614,9.400301560624248
2026-07-01 19:15:00+02:00,-100.0,100.0,241177.3189632653,241177.3189632653,9.400301560624248
2026-07-01 19:30:00+02:00,-100.0,100.0,241176.8138612245,241201.8189632653,9.400301560624248
2026-07-01 19:45:00+02:00,-100.0,100.0,241201.3138612245,241201.3138612245,9.400301560624248
2026-07-01 20:00:00+02:00,-100.0,100.0,241225.0044,241225.8138612245,9.400301560624248
2026-07-01 20:15:00+02:00,-100.0,100.0,241249.5044,241249.5044,9.400301560624248
2026-07-01 20:30:00+02:00,-100.0,100.0,241274.0044,241274.0044,9.400301560624248
2026-07-01 20:45:00+02:00,-100.0,100.0,241298.5044,241298.5044,9.400301560624248
2026-07-01 21:00:00+02:00,-100.0,100.0,241323.0044,241323.0044,9.400301560624248
2026-07-01 21:15:00+02:00,-50.0,50.0,241347.5044,241347.5044,2.787624489795918
2026-07-01 21:30:00+02:00,-50.0,50.0,241359.7544,241359.7544,2.787624489795918
2026-07-01 21:45:00+02:00,-50.0,50.0,241372.0044,241372.0044,2.787624489795918
2026-07-01 22:00:00+02:00,-50.0,50.0,241384.2544,241384.2544,2.787624489795918
2026-07-01 22:15:00+02:00,-50.0,50.0,241396.5044,241396.5044,2.787624489795918
2026-07-01 22:30:00+02:00,-100.0,100.0,241408.7544,241408.7544,197.3454476190476
2026-07-01 22:45:00+02:00,-50.0,50.0,241433.2544,241433.2544,194.5578231292517
2026-07-01 23:00:00+02:00,-50.0,50.0,241445.5044,241445.5044,194.5578231292517
2026-07-01 23:15:00+02:00,0.0,0.0,241457.7544,241457.7544,0.0
2026-07-01 23:30:00+02:00,0.0,0.0,241457.7544,241457.7544,0.0
2026-07-01 23:45:00+02:00,0.0,0.0,241457.7544,241457.7544,0.0
2026-07-02 00:00:00+02:00,0.0,0.0,241457.7544,241457.7544,0.0
2026-07-02 00:15:00+02:00,0.0,0.0,241457.7544,241457.7544,0.0
2026-07-02 00:30:00+02:00,0.0,0.0,241457.7544,241457.7544,0.0
2026-07-02 00:45:00+02:00,0.0,0.0,241457.7544,241457.7544,0.0
2026-07-02 01:00:00+02:00,-50.0,50.0,241457.7544,241457.7544,32.475591836734694
2026-07-02 01:15:00+02:00,-50.0,50.0,241470.0044,241470.0044,32.475591836734694
2026-07-02 01:30:00+02:00,-50.0,50.0,241482.2544,241482.2544,32.475591836734694
2026-07-02 01:45:00+02:00,-50.0,50.0,241494.5044,241494.5044,32.475591836734694
2026-07-02 02:00:00+02:00,-50.0,50.0,241506.7544,241506.7544,32.475591836734694
2026-07-02 02:15:00+02:00,0.0,0.0,241519.0044,241519.0044,0.0
2026-07-02 02:30:00+02:00,0.0,0.0,241519.0044,241519.0044,0.0
2026-07-02 02:45:00+02:00,0.0,0.0,241519.0044,241519.0044,0.0
2026-07-02 03:00:00+02:00,0.0,0.0,241519.0044,241519.0044,0.0
2026-07-02 03:15:00+02:00,0.0,0.0,241519.0044,241519.0044,0.0
2026-07-02 03:30:00+02:00,0.0,0.0,241519.0044,241519.0044,0.0
2026-07-02 03:45:00+02:00,0.0,0.0,241519.0044,241519.0044,0.0
2026-07-02 04:00:00+02:00,0.0,0.0,241519.0044,241519.0044,0.0
2026-07-02 04:15:00+02:00,-50.0,50.0,241519.0044,241519.0044,69.63224489795918
2026-07-02 04:30:00+02:00,-50.0,50.0,241531.2544,241531.2544,69.63224489795918
2026-07-02 04:45:00+02:00,-50.0,50.0,241543.5044,241543.5044,69.63224489795918
2026-07-02 05:00:00+02:00,0.0,0.0,241555.7544,241555.7544,0.0
2026-07-02 05:15:00+02:00,0.0,0.0,241555.7544,241555.7544,0.0
2026-07-02 05:30:00+02:00,0.0,0.0,241555.7544,241555.7544,0.0
2026-07-02 05:45:00+02:00,0.0,0.0,241555.7544,241555.7544,0.0
2026-07-02 06:00:00+02:00,0.0,0.0,241555.7544,241555.7544,0.0
2026-07-02 06:15:00+02:00,0.0,0.0,241555.7544,241555.7544,0.0
2026-07-02 06:30:00+02:00,0.0,0.0,241555.7544,241555.7544,0.0
2026-07-02 06:45:00+02:00,0.0,0.0,241555.7544,241555.7544,0.0
2026-07-02 07:00:00+02:00,0.0,0.0,241555.7544,241555.7544,0.0
2026-07-02 07:15:00+02:00,0.0,0.0,241555.7544,241555.7544,0.0
2026-07-02 07:30:00+02:00,0.0,0.0,241555.7544,241555.7544,0.0
2026-07-02 07:45:00+02:00,0.0,0.0,241555.7544,241555.7544,0.0
2026-07-02 08:00:00+02:00,0.0,0.0,241555.7544,241555.7544,0.0
2026-07-02 08:15:00+02:00,0.0,0.0,241555.7544,241555.7544,0.0
2026-07-02 08:30:00+02:00,0.0,0.0,241555.7544,241555.7544,0.0
2026-07-02 08:45:00+02:00,0.0,0.0,241555.7544,241555.7544,0.0
2026-07-02 09:00:00+02:00,0.0,0.0,241555.7544,241555.7544,0.0
2026-07-02 09:15:00+02:00,0.0,0.0,241555.7544,241555.7544,0.0
2026-07-02 09:30:00+02:00,0.0,0.0,241555.7544,241555.7544,0.0
2026-07-02 09:45:00+02:00,0.0,0.0,241555.7544,241555.7544,0.0
2026-07-02 10:00:00+02:00,0.0,0.0,241555.7544,241555.7544,0.0
2026-07-02 10:15:00+02:00,0.0,0.0,241555.7544,241555.7544,0.0
2026-07-02 10:30:00+02:00,-50.0,50.0,241555.7544,241555.7544,97.27891156462584
2026-07-02 10:45:00+02:00,-50.0,50.0,241568.0044,241568.0044,97.27891156462584
2026-07-02 11:00:00+02:00,-50.0,50.0,241580.2544,241580.2544,97.27891156462584
2026-07-02 11:15:00+02:00,-100.0,100.0,241592.5044,241592.5044,101.70087252292221
2026-07-02 11:30:00+02:00,-100.0,100.0,241591.99929795918,241617.0044,101.70087252292221
2026-07-02 11:45:00+02:00,-100.0,100.0,241616.49929795918,241616.49929795918,101.70087252292221
2026-07-02 12:00:00+02:00,-50.0,50.0,241615.99419591838,241640.99929795918,4.421960958296363
2026-07-02 12:15:00+02:00,-50.0,50.0,241628.24419591838,241628.24419591838,4.421960958296363
2026-07-02 12:30:00+02:00,-100.0,100.0,241615.48909387755,241640.49419591838,8.83008535091055
2026-07-02 12:45:00+02:00,-100.0,100.0,241614.98399183672,241639.98909387755,8.83008535091055
2026-07-02 13:00:00+02:00,-100.0,100.0,241614.47888979592,241639.48399183672,8.83008535091055
2026-07-02 13:15:00+02:00,-100.0,100.0,241613.9737877551,241638.97888979592,8.83008535091055
2026-07-02 13:30:00+02:00,-100.0,100.0,241613.46868571427,241638.4737877551,8.83008535091055
2026-07-02 13:45:00+02:00,-100.0,100.0,241612.96358367347,241637.96868571427,8.83008535091055
2026-07-02 14:00:00+02:00,-100.0,100.0,241612.45848163264,241637.46358367347,8.83008535091055
2026-07-02 14:15:00+02:00,-100.0,100.0,241611.9533795918,241636.95848163264,8.83008535091055
2026-07-02 14:30:00+02:00,-150.0,150.0,241611.448277551,241636.4533795918,8.993594800879915
2026-07-02 14:45:00+02:00,-150.0,150.0,241598.18807346938,241648.198277551,8.993594800879915
2026-07-02 15:00:00+02:00,-150.0,150.0,241609.93297142856,241634.93807346938,8.993594800879915
2026-07-02 15:15:00+02:00,-150.0,150.0,241596.67276734693,241646.68297142856,8.993594800879915
2026-07-02 15:30:00+02:00,-150.0,150.0,241608.41766530613,241633.42276734693,8.993594800879915
2026-07-02 15:45:00+02:00,-150.0,150.0,241603.6623755102,241645.16766530613,8.993594800879915
2026-07-02 16:00:00+02:00,-150.0,150.0,241615.40727346938,241640.4123755102,8.993594800879915
2026-07-02 16:15:00+02:00,-150.0,150.0,241627.15217142858,241652.15727346938,8.993594800879915
2026-07-02 16:30:00+02:00,-150.0,150.0,241638.89706938775,241663.90217142858,8.993594800879915
2026-07-02 16:45:00+02:00,-150.0,150.0,241650.64196734692,241675.64706938775,8.993594800879915
2026-07-02 17:00:00+02:00,-150.0,150.0,241662.38686530612,241687.39196734692,8.993594800879915
2026-07-02 17:15:00+02:00,-150.0,150.0,241674.1317632653,241699.13686530612,8.993594800879915
2026-07-02 17:30:00+02:00,-150.0,150.0,241685.87666122447,241710.8817632653,8.993594800879915
2026-07-02 17:45:00+02:00,-100.0,100.0,241697.62155918367,241722.62666122447,4.585470408265727
2026-07-02 18:00:00+02:00,-150.0,150.0,241697.11645714287,241722.12155918367,8.887977696895463
2026-07-02 18:15:00+02:00,-150.0,150.0,241683.8562530612,241733.86645714287,8.887977696895463
2026-07-02 18:30:00+02:00,-150.0,150.0,241706.51968163264,241720.6062530612,8.887977696895463
2026-07-02 18:45:00+02:00,-150.0,150.0,241693.25947755104,241743.26968163264,8.887977696895463
2026-07-02 19:00:00+02:00,-150.0,150.0,241730.00947755104,241730.00947755104,8.887977696895463
2026-07-02 19:15:00+02:00,-150.0,150.0,241716.74927346938,241766.75947755104,8.887977696895463
2026-07-02 19:30:00+02:00,-150.0,150.0,241753.49927346938,241753.49927346938,8.887977696895463
2026-07-02 19:45:00+02:00,-150.0,150.0,241740.23906938775,241790.24927346938,8.887977696895463
2026-07-02 20:00:00+02:00,-150.0,150.0,241776.98906938775,241776.98906938775,8.887977696895463
2026-07-02 20:15:00+02:00,-150.0,150.0,241776.2847755102,241813.73906938775,8.887977696895463
2026-07-02 20:30:00+02:00,-200.0,200.0,241813.0347755102,241813.0347755102,125.62267157444647
2026-07-02 20:45:00+02:00,-200.0,200.0,241837.02967346937,241862.0347755102,125.62267157444647
2026-07-02 21:00:00+02:00,-200.0,200.0,241886.02967346937,241886.02967346937,125.62267157444647
2026-07-02 21:15:00+02:00,-200.0,200.0,241910.02457142857,241935.02967346937,125.62267157444647
2026-07-02 21:30:00+02:00,-150.0,150.0,241959.02457142857,241959.02457142857,121.32016428581674
2026-07-02 21:45:00+02:00,-100.0,100.0,241970.76946938774,241995.77457142857,4.585470408265727
2026-07-02 22:00:00+02:00,-100.0,100.0,241995.26946938774,241995.26946938774,4.585470408265727
2026-07-02 22:15:00+02:00,-100.0,100.0,241994.76436734694,242019.76946938774,4.585470408265727
2026-07-02 22:30:00+02:00,-100.0,100.0,242019.26436734694,242019.26436734694,4.585470408265727
2026-07-02 22:45:00+02:00,-50.0,50.0,242018.75926530611,242043.76436734694,0.16350944996936417
2026-07-02 23:00:00+02:00,-50.0,50.0,242031.00926530611,242031.00926530611,0.16350944996936417
2026-07-02 23:15:00+02:00,-50.0,50.0,242018.2541632653,242043.25926530611,0.16350944996936417
2026-07-02 23:30:00+02:00,-50.0,50.0,242030.5041632653,242030.5041632653,0.16350944996936417
2026-07-02 23:45:00+02:00,-50.0,50.0,242017.7490612245,242042.7541632653,0.16350944996936417
2026-07-03 00:00:00+02:00,-50.0,50.0,242029.9990612245,242029.9990612245,0.16350944996936417
2026-07-03 00:15:00+02:00,-50.0,50.0,242017.24395918366,242042.2490612245,0.16350944996936417
2026-07-03 00:30:00+02:00,-100.0,100.0,242029.49395918366,242029.49395918366,19.93544822547957
2026-07-03 00:45:00+02:00,-100.0,100.0,242028.98885714286,242053.99395918366,19.93544822547957
2026-07-03 01:00:00+02:00,-100.0,100.0,242053.48885714286,242053.48885714286,19.93544822547957
2026-07-03 01:15:00+02:00,-100.0,100.0,242052.98375510203,242077.98885714286,19.93544822547957
2026-07-03 01:30:00+02:00,-100.0,100.0,242077.48375510203,242077.48375510203,19.93544822547957
2026-07-03 01:45:00+02:00,-100.0,100.0,242076.9786530612,242101.98375510203,19.93544822547957
2026-07-03 02:00:00+02:00,-100.0,100.0,242101.4786530612,242101.4786530612,19.93544822547957
2026-07-03 02:15:00+02:00,-100.0,100.0,242100.97355102043,242125.97865306123,19.93544822547957
2026-07-03 02:30:00+02:00,-50.0,50.0,242125.47355102043,242125.47355102043,0.16350944996936417
2026-07-03 02:45:00+02:00,-50.0,50.0,242112.7184489796,242137.72355102043,0.16350944996936417
2026-07-03 03:00:00+02:00,-50.0,50.0,242124.9684489796,242124.9684489796,0.16350944996936417
2026-07-03 03:15:00+02:00,-50.0,50.0,242112.2133469388,242137.2184489796,0.16350944996936417
2026-07-03 03:30:00+02:00,-50.0,50.0,242124.4633469388,242124.4633469388,0.16350944996936417
2026-07-03 03:45:00+02:00,-50.0,50.0,242111.70824489798,242136.7133469388,0.16350944996936417
2026-07-03 04:00:00+02:00,-100.0,100.0,242123.95824489798,242123.95824489798,100.03004006221427
2026-07-03 04:15:00+02:00,-100.0,100.0,242123.45314285715,242148.45824489798,100.03004006221427
2026-07-03 04:30:00+02:00,-100.0,100.0,242147.95314285715,242147.95314285715,100.03004006221427
2026-07-03 04:45:00+02:00,-50.0,50.0,242147.44804081635,242172.45314285715,0.16350944996936417
2026-07-03 05:00:00+02:00,-50.0,50.0,242159.69804081635,242159.69804081635,0.16350944996936417
2026-07-03 05:15:00+02:00,-50.0,50.0,242146.94293877552,242171.94804081635,0.16350944996936417
2026-07-03 05:30:00+02:00,-50.0,50.0,242159.19293877552,242159.19293877552,0.16350944996936417
2026-07-03 05:45:00+02:00,-50.0,50.0,242146.43783673472,242171.44293877552,0.16350944996936417
2026-07-03 06:00:00+02:00,-50.0,50.0,242158.68783673472,242158.68783673472,0.16350944996936417
2026-07-03 06:15:00+02:00,-50.0,50.0,242145.9327346939,242170.93783673472,0.16350944996936417
2026-07-03 06:30:00+02:00,-50.0,50.0,242158.1827346939,242158.1827346939,0.16350944996936417
2026-07-03 06:45:00+02:00,-50.0,50.0,242145.42763265307,242170.4327346939,0.16350944996936417
2026-07-03 07:00:00+02:00,-50.0,50.0,242157.67763265307,242157.67763265307,0.16350944996936417
2026-07-03 07:15:00+02:00,-50.0,50.0,242144.92253061227,242169.92763265307,0.16350944996936417
2026-07-03 07:30:00+02:00,-50.0,50.0,242157.17253061227,242157.17253061227,0.16350944996936417
2026-07-03 07:45:00+02:00,-50.0,50.0,242144.41742857144,242169.42253061227,0.16350944996936417
2026-07-03 08:00:00+02:00,-50.0,50.0,242156.66742857144,242156.66742857144,0.16350944996936417
2026-07-03 08:15:00+02:00,-100.0,100.0,242143.91232653064,242168.91742857144,33.65177475609181
2026-07-03 08:30:00+02:00,-100.0,100.0,242168.41232653064,242168.41232653064,33.65177475609181
2026-07-03 08:45:00+02:00,-150.0,150.0,242167.9072244898,242192.91232653064,130.93068632071765
2026-07-03 09:00:00+02:00,-200.0,200.0,242204.6572244898,242204.6572244898,138.31332188923076
2026-07-03 09:15:00+02:00,-200.0,200.0,242203.64702040819,242253.6572244898,138.31332188923076
2026-07-03 09:30:00+02:00,-200.0,200.0,242252.64702040819,242252.64702040819,138.31332188923076
2026-07-03 09:45:00+02:00,-200.0,200.0,242251.63681632656,242301.64702040819,138.31332188923076
2026-07-03 10:00:00+02:00,-200.0,200.0,242300.63681632656,242300.63681632656,138.31332188923076
2026-07-03 10:15:00+02:00,-100.0,100.0,242299.6266122449,242349.63681632656,7.546145018482484
2026-07-03 10:30:00+02:00,-100.0,100.0,242324.1266122449,242324.1266122449,7.546145018482484
2026-07-03 10:45:00+02:00,-150.0,150.0,242298.6164081633,242348.6266122449,16.768185834809014
2026-07-03 11:00:00+02:00,-150.0,150.0,242310.36130612248,242335.3664081633,16.768185834809014
2026-07-03 11:15:00+02:00,-150.0,150.0,242297.10110204082,242347.11130612248,16.768185834809014
2026-07-03 11:30:00+02:00,-150.0,150.0,242308.84600000002,242333.85110204082,16.768185834809014
2026-07-03 11:45:00+02:00,-200.0,200.0,242295.5857959184,242345.59600000002,211.3260089640607
2026-07-03 12:00:00+02:00,-200.0,200.0,242336.7728,242344.5857959184,211.3260089640607
2026-07-03 12:15:00+02:00,-200.0,200.0,242335.76259591838,242385.7728,211.3260089640607
2026-07-03 12:30:00+02:00,-150.0,150.0,242384.76259591838,242384.76259591838,16.768185834809014
2026-07-03 12:45:00+02:00,-150.0,150.0,242396.01760816327,242421.51259591838,16.768185834809014
2026-07-03 13:00:00+02:00,-150.0,150.0,242432.76760816327,242432.76760816327,16.768185834809014
2026-07-03 13:15:00+02:00,-150.0,150.0,242444.51250612247,242469.51760816327,16.768185834809014
2026-07-03 13:30:00+02:00,-150.0,150.0,242481.26250612247,242481.26250612247,16.768185834809014
2026-07-03 13:45:00+02:00,-150.0,150.0,242493.00740408164,242518.01250612247,16.768185834809014
2026-07-03 14:00:00+02:00,-150.0,150.0,242529.75740408164,242529.75740408164,16.768185834809014
2026-07-03 14:15:00+02:00,-150.0,150.0,242541.50230204084,242566.50740408164,16.768185834809014
2026-07-03 14:30:00+02:00,-150.0,150.0,242578.25230204084,242578.25230204084,16.768185834809014
2026-07-03 14:45:00+02:00,-150.0,150.0,242589.9972,242615.00230204084,16.768185834809014
2026-07-03 15:00:00+02:00,-150.0,150.0,242626.7472,242626.7472,16.768185834809014
2026-07-03 15:15:00+02:00,-100.0,100.0,242638.49209795918,242663.4972,7.546145018482484
2026-07-03 15:30:00+02:00,-100.0,100.0,242662.99209795918,242662.99209795918,7.546145018482484
2026-07-03 15:45:00+02:00,-150.0,150.0,242662.48699591839,242687.49209795918,10.058185834809015
2026-07-03 16:00:00+02:00,-150.0,150.0,242674.2318938776,242699.23699591839,10.058185834809015
2026-07-03 16:15:00+02:00,-150.0,150.0,242685.97679183676,242710.9818938776,10.058185834809015
2026-07-03 16:30:00+02:00,-150.0,150.0,242697.72168979593,242722.72679183676,10.058185834809015
2026-07-03 16:45:00+02:00,-150.0,150.0,242709.46658775513,242734.47168979593,10.058185834809015
2026-07-03 17:00:00+02:00,-150.0,150.0,242721.21148571433,242746.21658775513,10.058185834809015
2026-07-03 17:15:00+02:00,-150.0,150.0,242732.9563836735,242757.96148571433,10.058185834809015
2026-07-03 17:30:00+02:00,-150.0,150.0,242744.70128163268,242769.7063836735,10.058185834809015
2026-07-03 17:45:00+02:00,-100.0,100.0,242756.44617959185,242781.45128163268,2.675550266295895
2026-07-03 18:00:00+02:00,-100.0,100.0,242755.94107755102,242780.94617959185,2.675550266295895
2026-07-03 18:15:00+02:00,-100.0,100.0,242755.43597551022,242780.44107755102,2.675550266295895
2026-07-03 18:30:00+02:00,-100.0,100.0,242754.93087346942,242779.93597551022,2.675550266295895
2026-07-03 18:45:00+02:00,-100.0,100.0,242754.4257714286,242779.43087346942,2.675550266295895
2026-07-03 19:00:00+02:00,-100.0,100.0,242753.92066938776,242778.9257714286,2.675550266295895
2026-07-03 19:15:00+02:00,-100.0,100.0,242753.41556734696,242778.42066938776,2.675550266295895
2026-07-03 19:30:00+02:00,-100.0,100.0,242752.91046530617,242777.91556734696,2.675550266295895
2026-07-03 19:45:00+02:00,-100.0,100.0,242752.40536326534,242777.41046530617,2.675550266295895
2026-07-03 20:00:00+02:00,-100.0,100.0,242751.9002612245,242776.90536326534,2.675550266295895
2026-07-03 20:15:00+02:00,-100.0,100.0,242751.39515918368,242776.4002612245,2.675550266295895
2026-07-03 20:30:00+02:00,-100.0,100.0,242750.89005714285,242775.89515918368,2.675550266295895
2026-07-03 20:45:00+02:00,-100.0,100.0,242750.38495510205,242775.39005714285,2.675550266295895
2026-07-03 21:00:00+02:00,-100.0,100.0,242770.44277551022,242774.88495510205,2.675550266295895
2026-07-03 21:15:00+02:00,-100.0,100.0,242769.9376734694,242794.94277551022,2.675550266295895
2026-07-03 21:30:00+02:00,-100.0,100.0,242794.4376734694,242794.4376734694,2.675550266295895
2026-07-03 21:45:00+02:00,-100.0,100.0,242793.9325714286,242818.9376734694,2.675550266295895
2026-07-03 22:00:00+02:00,-100.0,100.0,242818.4325714286,242818.4325714286,2.675550266295895
2026-07-03 22:15:00+02:00,-50.0,50.0,242817.92746938777,242842.9325714286,0.16350944996936417
2026-07-03 22:30:00+02:00,-50.0,50.0,242830.17746938777,242830.17746938777,0.16350944996936417
2026-07-03 22:45:00+02:00,-50.0,50.0,242817.42236734697,242842.42746938777,0.16350944996936417
2026-07-03 23:00:00+02:00,-100.0,100.0,242829.67236734697,242829.67236734697,116.89820332752038
2026-07-03 23:15:00+02:00,-100.0,100.0,242829.16726530614,242854.17236734697,116.89820332752038
2026-07-03 23:30:00+02:00,-100.0,100.0,242853.66726530614,242853.66726530614,116.89820332752038
2026-07-03 23:45:00+02:00,-100.0,100.0,242853.1621632653,242878.16726530614,116.89820332752038
2026-07-04 00:00:00+02:00,-100.0,100.0,242877.6621632653,242877.6621632653,116.89820332752038
2026-07-04 00:15:00+02:00,-50.0,50.0,242877.1570612245,242902.1621632653,0.16350944996936417
2026-07-04 00:30:00+02:00,-50.0,50.0,242889.4070612245,242889.4070612245,0.16350944996936417
2026-07-04 00:45:00+02:00,-50.0,50.0,242876.65195918368,242901.6570612245,0.16350944996936417
2026-07-04 01:00:00+02:00,-50.0,50.0,242888.90195918368,242888.90195918368,0.16350944996936417
2026-07-04 01:15:00+02:00,-50.0,50.0,242876.14685714288,242901.15195918368,0.16350944996936417
2026-07-04 01:30:00+02:00,-50.0,50.0,242888.39685714288,242888.39685714288,0.16350944996936417
2026-07-04 01:45:00+02:00,-50.0,50.0,242875.64175510206,242900.64685714288,0.16350944996936417
2026-07-04 02:00:00+02:00,-50.0,50.0,242887.89175510206,242887.89175510206,0.16350944996936417
2026-07-04 02:15:00+02:00,-50.0,50.0,242875.13665306123,242900.14175510206,0.16350944996936417
2026-07-04 02:30:00+02:00,-50.0,50.0,242887.38665306123,242887.38665306123,0.16350944996936417
2026-07-04 02:45:00+02:00,-50.0,50.0,242874.63155102043,242899.63665306123,0.16350944996936417
2026-07-04 03:00:00+02:00,-50.0,50.0,242886.88155102043,242886.88155102043,0.16350944996936417
2026-07-04 03:15:00+02:00,-50.0,50.0,242874.1264489796,242899.13155102043,0.16350944996936417
2026-07-04 03:30:00+02:00,-50.0,50.0,242886.3764489796,242886.3764489796,0.16350944996936417
2026-07-04 03:45:00+02:00,-50.0,50.0,242873.6213469388,242898.6264489796,0.16350944996936417
2026-07-04 04:00:00+02:00,-50.0,50.0,242885.8713469388,242885.8713469388,0.16350944996936417
2026-07-04 04:15:00+02:00,-50.0,50.0,242873.11624489797,242898.1213469388,0.16350944996936417
2026-07-04 04:30:00+02:00,-50.0,50.0,242885.36624489797,242885.36624489797,0.16350944996936417
2026-07-04 04:45:00+02:00,-50.0,50.0,242872.61114285715,242897.61624489797,0.16350944996936417
2026-07-04 05:00:00+02:00,-50.0,50.0,242884.86114285715,242884.86114285715,0.16350944996936417
2026-07-04 05:15:00+02:00,-50.0,50.0,242872.10604081635,242897.11114285715,0.16350944996936417
2026-07-04 05:30:00+02:00,-50.0,50.0,242884.35604081635,242884.35604081635,0.16350944996936417
2026-07-04 05:45:00+02:00,-100.0,100.0,242871.60093877552,242896.60604081635,14.260759718497829
2026-07-04 06:00:00+02:00,-100.0,100.0,242896.10093877552,242896.10093877552,14.260759718497829
2026-07-04 06:15:00+02:00,-100.0,100.0,242895.59583673472,242920.60093877552,14.260759718497829
2026-07-04 06:30:00+02:00,-100.0,100.0,242920.09583673472,242920.09583673472,14.260759718497829
2026-07-04 06:45:00+02:00,-150.0,150.0,242919.5907346939,242944.59583673472,38.580487609654284
2026-07-04 07:00:00+02:00,-150.0,150.0,242956.3407346939,242956.3407346939,38.580487609654284
2026-07-04 07:15:00+02:00,-150.0,150.0,242968.08563265306,242993.0907346939,38.580487609654284
2026-07-04 07:30:00+02:00,-150.0,150.0,243004.83563265306,243004.83563265306,38.580487609654284
2026-07-04 07:45:00+02:00,-150.0,150.0,243016.58053061226,243041.58563265306,38.580487609654284
2026-07-04 08:00:00+02:00,-150.0,150.0,243053.33053061226,243053.33053061226,38.580487609654284
2026-07-04 08:15:00+02:00,-200.0,200.0,243065.07542857144,243090.08053061226,39.05349052510618
2026-07-04 08:30:00+02:00,-200.0,200.0,243089.07032653064,243114.07542857146,39.05349052510618
2026-07-04 08:45:00+02:00,-200.0,200.0,243113.06522448984,243138.07032653064,39.05349052510618
2026-07-04 09:00:00+02:00,-200.0,200.0,243137.06012244904,243162.06522448984,39.05349052510618
2026-07-04 09:15:00+02:00,-200.0,200.0,243161.0550204082,243186.06012244904,39.05349052510618
2026-07-04 09:30:00+02:00,-200.0,200.0,243185.04991836738,243210.0550204082,39.05349052510618
2026-07-04 09:45:00+02:00,-200.0,200.0,243209.04481632655,243234.04991836735,39.05349052510618
2026-07-04 10:00:00+02:00,-200.0,200.0,243233.03971428575,243258.04481632655,39.05349052510618
2026-07-04 10:15:00+02:00,-200.0,200.0,243257.03461224493,243282.03971428575,39.05349052510618
2026-07-04 10:30:00+02:00,-150.0,150.0,243281.02951020413,243306.03461224496,24.956240256577722
2026-07-04 10:45:00+02:00,-150.0,150.0,243292.7744081633,243317.77951020413,24.956240256577722
2026-07-04 11:00:00+02:00,-150.0,150.0,243304.51930612247,243329.5244081633,24.956240256577722
2026-07-04 11:15:00+02:00,-150.0,150.0,243316.26420408167,243341.26930612247,24.956240256577722
2026-07-04 11:30:00+02:00,-150.0,150.0,243328.00910204087,243353.01420408167,24.956240256577722
2026-07-04 11:45:00+02:00,-150.0,150.0,243339.75400000004,243364.75910204087,24.956240256577722
2026-07-04 12:00:00+02:00,-150.0,150.0,243351.49889795922,243376.50400000004,24.956240256577722
2026-07-04 12:15:00+02:00,-150.0,150.0,243363.24379591842,243388.24889795922,24.956240256577722
2026-07-04 12:30:00+02:00,-150.0,150.0,243374.98869387762,243399.99379591842,24.956240256577722
2026-07-04 12:45:00+02:00,-100.0,100.0,243386.7335918368,243411.73869387762,0.6365123654212593
2026-07-04 13:00:00+02:00,-100.0,100.0,243386.22848979596,243411.2335918368,0.6365123654212593
2026-07-04 13:15:00+02:00,-100.0,100.0,243385.72338775513,243410.72848979596,0.6365123654212593
2026-07-04 13:30:00+02:00,-100.0,100.0,243385.2182857143,243410.22338775513,0.6365123654212593
2026-07-04 13:45:00+02:00,-100.0,100.0,243384.7131836735,243409.7182857143,0.6365123654212593
2026-07-04 14:00:00+02:00,-100.0,100.0,243384.2080816327,243409.2131836735,0.6365123654212593
2026-07-04 14:15:00+02:00,-100.0,100.0,243383.70297959188,243408.7080816327,0.6365123654212593
2026-07-04 14:30:00+02:00,-100.0,100.0,243383.19787755105,243408.20297959188,0.6365123654212593
2026-07-04 14:45:00+02:00,-100.0,100.0,243382.69277551025,243407.69787755105,0.6365123654212593
2026-07-04 15:00:00+02:00,-100.0,100.0,243382.18767346945,243407.19277551025,0.6365123654212593
2026-07-04 15:15:00+02:00,-150.0,150.0,243381.68257142862,243406.68767346945,54.11267563072737
2026-07-04 15:30:00+02:00,-150.0,150.0,243393.4274693878,243418.43257142862,54.11267563072737
2026-07-04 15:45:00+02:00,-150.0,150.0,243405.17236734697,243430.1774693878,54.11267563072737
2026-07-04 16:00:00+02:00,-150.0,150.0,243416.91726530617,243441.92236734697,54.11267563072737
2026-07-04 16:15:00+02:00,-150.0,150.0,243428.66216326537,243453.66726530617,54.11267563072737
2026-07-04 16:30:00+02:00,-100.0,100.0,243440.40706122454,243465.41216326537,0.6365123654212593
2026-07-04 16:45:00+02:00,-100.0,100.0,243439.9019591837,243464.90706122454,0.6365123654212593
2026-07-04 17:00:00+02:00,-100.0,100.0,243439.39685714288,243464.4019591837,0.6365123654212593
2026-07-04 17:15:00+02:00,-100.0,100.0,243438.8917551021,243463.89685714288,0.6365123654212593
2026-07-04 17:30:00+02:00,-100.0,100.0,243438.3866530613,243463.3917551021,0.6365123654212593
2026-07-04 17:45:00+02:00,-150.0,150.0,243437.88155102046,243462.8866530613,1.2572989657756868
2026-07-04 18:00:00+02:00,-150.0,150.0,243424.6213469388,243474.63155102046,1.2572989657756868
2026-07-04 18:15:00+02:00,-150.0,150.0,243436.36624489797,243461.3713469388,1.2572989657756868
2026-07-04 18:30:00+02:00,-150.0,150.0,243423.10604081638,243473.11624489797,1.2572989657756868
2026-07-04 18:45:00+02:00,-150.0,150.0,243434.85093877558,243459.85604081638,1.2572989657756868
2026-07-04 19:00:00+02:00,-150.0,150.0,243421.59073469392,243471.60093877558,1.2572989657756868
2026-07-04 19:15:00+02:00,-150.0,150.0,243433.3356326531,243458.34073469392,1.2572989657756868
2026-07-04 19:30:00+02:00,-200.0,200.0,243420.07542857146,243470.0856326531,6.8695438637348705
2026-07-04 19:45:00+02:00,-200.0,200.0,243431.82032653067,243469.07542857146,6.8695438637348705
2026-07-04 20:00:00+02:00,-200.0,200.0,243418.56012244904,243480.82032653067,6.8695438637348705
2026-07-04 20:15:00+02:00,-200.0,200.0,243430.3050204082,243467.56012244904,6.8695438637348705
2026-07-04 20:30:00+02:00,-200.0,200.0,243417.04481632655,243479.3050204082,6.8695438637348705
2026-07-04 20:45:00+02:00,-200.0,200.0,243428.78971428573,243466.04481632655,6.8695438637348705
2026-07-04 21:00:00+02:00,-200.0,200.0,243415.52951020413,243477.78971428573,6.8695438637348705
2026-07-04 21:15:00+02:00,-200.0,200.0,243427.27440816333,243464.52951020413,6.8695438637348705
2026-07-04 21:30:00+02:00,-200.0,200.0,243414.01420408167,243476.27440816333,6.8695438637348705
2026-07-04 21:45:00+02:00,-200.0,200.0,243425.75910204084,243463.01420408167,6.8695438637348705
2026-07-04 22:00:00+02:00,-200.0,200.0,243412.49889795922,243474.75910204084,6.8695438637348705
2026-07-04 22:15:00+02:00,-200.0,200.0,243424.24379591842,243461.49889795922,6.8695438637348705
2026-07-04 22:30:00+02:00,-200.0,200.0,243410.9835918368,243473.24379591842,6.8695438637348705
2026-07-04 22:45:00+02:00,-200.0,200.0,243422.72848979596,243459.9835918368,6.8695438637348705
2026-07-04 23:00:00+02:00,-200.0,200.0,243409.4682857143,243471.72848979596,6.8695438637348705
2026-07-04 23:15:00+02:00,-200.0,200.0,243421.2131836735,243458.4682857143,6.8695438637348705
2026-07-04 23:30:00+02:00,-200.0,200.0,243407.9529795919,243470.2131836735,6.8695438637348705
2026-07-04 23:45:00+02:00,-200.0,200.0,243419.69787755108,243456.9529795919,6.8695438637348705
2026-07-05 00:00:00+02:00,-200.0,200.0,243406.43767346942,243468.69787755108,6.8695438637348705
2026-07-05 00:15:00+02:00,-200.0,200.0,243418.1825714286,243455.43767346942,6.8695438637348705
2026-07-05 00:30:00+02:00,-200.0,200.0,243404.92236734697,243467.1825714286,6.8695438637348705
2026-07-05 00:45:00+02:00,-200.0,200.0,243416.66726530617,243453.92236734697,6.8695438637348705
2026-07-05 01:00:00+02:00,-200.0,200.0,243403.40706122454,243465.66726530617,6.8695438637348705
2026-07-05 01:15:00+02:00,-200.0,200.0,243415.1519591837,243452.40706122454,6.8695438637348705
2026-07-05 01:30:00+02:00,-200.0,200.0,243401.89175510206,243464.1519591837,6.8695438637348705
2026-07-05 01:45:00+02:00,-200.0,200.0,243413.63665306126,243450.89175510206,6.8695438637348705
2026-07-05 02:00:00+02:00,-200.0,200.0,243400.37644897966,243462.63665306126,6.8695438637348705
2026-07-05 02:15:00+02:00,-200.0,200.0,243412.12134693883,243449.37644897966,6.8695438637348705
2026-07-05 02:30:00+02:00,-200.0,200.0,243398.86114285717,243461.12134693883,6.8695438637348705
2026-07-05 02:45:00+02:00,-200.0,200.0,243410.60604081635,243447.86114285717,6.8695438637348705
2026-07-05 03:00:00+02:00,-200.0,200.0,243397.34583673475,243459.60604081635,6.8695438637348705
2026-07-05 03:15:00+02:00,-200.0,200.0,243409.09073469395,243446.34583673475,6.8695438637348705
2026-07-05 03:30:00+02:00,-200.0,200.0,243395.8305306123,243458.09073469395,6.8695438637348705
2026-07-05 03:45:00+02:00,-200.0,200.0,243407.57542857146,243444.8305306123,6.8695438637348705
2026-07-05 04:00:00+02:00,-200.0,200.0,243394.3152244898,243456.57542857146,6.8695438637348705
2026-07-05 04:15:00+02:00,-200.0,200.0,243406.060122449,243443.3152244898,6.8695438637348705
2026-07-05 04:30:00+02:00,-200.0,200.0,243392.7999183674,243455.060122449,6.8695438637348705
2026-07-05 04:45:00+02:00,-200.0,200.0,243404.54481632658,243441.7999183674,6.8695438637348705
2026-07-05 05:00:00+02:00,-200.0,200.0,243391.28461224493,243453.54481632658,6.8695438637348705
2026-07-05 05:15:00+02:00,-200.0,200.0,243403.0295102041,243440.28461224493,6.8695438637348705
2026-07-05 05:30:00+02:00,-200.0,200.0,243389.7693061225,243452.0295102041,6.8695438637348705
2026-07-05 05:45:00+02:00,-200.0,200.0,243401.5142040817,243438.7693061225,6.8695438637348705
2026-07-05 06:00:00+02:00,-200.0,200.0,243388.25400000004,243450.5142040817,6.8695438637348705
2026-07-05 06:15:00+02:00,-200.0,200.0,243399.99889795922,243437.25400000004,6.8695438637348705
2026-07-05 06:30:00+02:00,-200.0,200.0,243386.73869387756,243448.99889795922,6.8695438637348705
2026-07-05 06:45:00+02:00,-200.0,200.0,243398.48359183676,243435.73869387756,6.8695438637348705
2026-07-05 07:00:00+02:00,-200.0,200.0,243385.22338775516,243447.48359183676,6.8695438637348705
2026-07-05 07:15:00+02:00,-200.0,200.0,243396.96828571433,243434.22338775516,6.8695438637348705
2026-07-05 07:30:00+02:00,-200.0,200.0,243383.70808163268,243445.96828571433,6.8695438637348705
2026-07-05 07:45:00+02:00,-200.0,200.0,243395.45297959185,243432.70808163268,6.8695438637348705
2026-07-05 08:00:00+02:00,-200.0,200.0,243382.19277551025,243444.45297959185,6.8695438637348705
2026-07-05 08:15:00+02:00,-200.0,200.0,243393.93767346945,243431.19277551025,6.8695438637348705
2026-07-05 08:30:00+02:00,-200.0,200.0,243380.6774693878,243442.93767346945,6.8695438637348705
2026-07-05 08:45:00+02:00,-200.0,200.0,243392.42236734697,243429.6774693878,6.8695438637348705
2026-07-05 09:00:00+02:00,-200.0,200.0,243379.16216326534,243441.42236734697,6.8695438637348705
2026-07-05 09:15:00+02:00,-200.0,200.0,243390.90706122454,243428.16216326534,6.8695438637348705
2026-07-05 09:30:00+02:00,-200.0,200.0,243377.6468571429,243439.90706122454,6.8695438637348705
2026-07-05 09:45:00+02:00,-200.0,200.0,243389.3917551021,243426.6468571429,6.8695438637348705
2026-07-05 10:00:00+02:00,-200.0,200.0,243384.63155102043,243438.3917551021,6.8695438637348705
2026-07-05 10:15:00+02:00,-200.0,200.0,243408.62644897963,243433.63155102043,6.8695438637348705
2026-07-05 10:30:00+02:00,-200.0,200.0,243407.61624489803,243457.62644897963,6.8695438637348705
2026-07-05 10:45:00+02:00,-200.0,200.0,243431.6111428572,243456.61624489803,6.8695438637348705
2026-07-05 11:00:00+02:00,-200.0,200.0,243430.60093877555,243480.6111428572,6.8695438637348705
2026-07-05 11:15:00+02:00,-200.0,200.0,243454.59583673472,243479.60093877555,6.8695438637348705
2026-07-05 11:30:00+02:00,-200.0,200.0,243453.5856326531,243503.59583673472,6.8695438637348705
2026-07-05 11:45:00+02:00,-200.0,200.0,243477.5805306123,243502.5856326531,6.8695438637348705
2026-07-05 12:00:00+02:00,-200.0,200.0,243476.57032653067,243526.5805306123,6.8695438637348705
2026-07-05 12:15:00+02:00,-200.0,200.0,243500.56522448984,243525.57032653067,6.8695438637348705
2026-07-05 12:30:00+02:00,-200.0,200.0,243499.55502040818,243549.56522448984,6.8695438637348705
2026-07-05 12:45:00+02:00,-200.0,200.0,243523.54991836738,243548.55502040818,6.8695438637348705
2026-07-05 13:00:00+02:00,-200.0,200.0,243522.53971428578,243572.54991836738,6.8695438637348705
2026-07-05 13:15:00+02:00,-200.0,200.0,243546.53461224496,243571.53971428578,6.8695438637348705
2026-07-05 13:30:00+02:00,-200.0,200.0,243545.5244081633,243595.53461224496,6.8695438637348705
2026-07-05 13:45:00+02:00,-200.0,200.0,243569.51930612247,243594.5244081633,6.8695438637348705
2026-07-05 14:00:00+02:00,-200.0,200.0,243568.50910204084,243618.51930612247,6.8695438637348705
2026-07-05 14:15:00+02:00,-200.0,200.0,243592.50400000004,243617.50910204084,6.8695438637348705
2026-07-05 14:30:00+02:00,-200.0,200.0,243591.49379591842,243641.50400000004,6.8695438637348705
2026-07-05 14:45:00+02:00,-200.0,200.0,243615.4886938776,243640.49379591842,6.8695438637348705
2026-07-05 15:00:00+02:00,-200.0,200.0,243614.47848979593,243664.4886938776,6.8695438637348705
2026-07-05 15:15:00+02:00,-200.0,200.0,243638.47338775513,243663.47848979593,6.8695438637348705
2026-07-05 15:30:00+02:00,-200.0,200.0,243637.46318367354,243687.47338775513,6.8695438637348705
2026-07-05 15:45:00+02:00,-200.0,200.0,243661.4580816327,243686.46318367354,6.8695438637348705
2026-07-05 16:00:00+02:00,-200.0,200.0,243660.44787755105,243710.4580816327,6.8695438637348705
2026-07-05 16:15:00+02:00,-200.0,200.0,243684.44277551022,243709.44787755105,6.8695438637348705
2026-07-05 16:30:00+02:00,-200.0,200.0,243683.43257142862,243733.44277551022,6.8695438637348705
2026-07-05 16:45:00+02:00,-200.0,200.0,243707.42746938783,243732.43257142862,6.8695438637348705
2026-07-05 17:00:00+02:00,-200.0,200.0,243706.41726530617,243756.42746938783,6.8695438637348705
2026-07-05 17:15:00+02:00,-200.0,200.0,243730.41216326534,243755.41726530617,6.8695438637348705
2026-07-05 17:30:00+02:00,-200.0,200.0,243729.40195918368,243779.41216326534,6.8695438637348705
2026-07-05 17:45:00+02:00,-200.0,200.0,243753.39685714288,243778.40195918368,6.8695438637348705
2026-07-05 18:00:00+02:00,-200.0,200.0,243752.3866530613,243802.39685714288,6.8695438637348705
2026-07-05 18:15:00+02:00,-200.0,200.0,243776.38155102046,243801.3866530613,6.8695438637348705
2026-07-05 18:30:00+02:00,-200.0,200.0,243775.3713469388,243825.38155102046,6.8695438637348705
2026-07-05 18:45:00+02:00,-200.0,200.0,243799.36624489797,243824.3713469388,6.8695438637348705
2026-07-05 19:00:00+02:00,-200.0,200.0,243798.35604081638,243848.36624489797,6.8695438637348705
2026-07-05 19:15:00+02:00,-200.0,200.0,243822.35093877558,243847.35604081638,6.8695438637348705
2026-07-05 19:30:00+02:00,-200.0,200.0,243821.34073469392,243871.35093877558,6.8695438637348705
2026-07-05 19:45:00+02:00,-200.0,200.0,243845.3356326531,243870.34073469392,6.8695438637348705
2026-07-05 20:00:00+02:00,-200.0,200.0,243844.32542857146,243894.3356326531,6.8695438637348705
2026-07-05 20:15:00+02:00,-200.0,200.0,243868.32032653067,243893.32542857146,6.8695438637348705
2026-07-05 20:30:00+02:00,-200.0,200.0,243877.56817142863,243917.32032653067,6.8695438637348705
2026-07-05 20:45:00+02:00,-200.0,200.0,243901.5630693878,243926.56817142863,6.8695438637348705
2026-07-05 21:00:00+02:00,-200.0,200.0,243925.55796734698,243950.5630693878,6.8695438637348705
2026-07-05 21:15:00+02:00,-200.0,200.0,243949.55286530615,243974.55796734698,6.8695438637348705
2026-07-05 21:30:00+02:00,-150.0,150.0,243973.54776326535,243998.55286530615,1.2572989657756868
2026-07-05 21:45:00+02:00,-150.0,150.0,243985.29266122455,244010.29776326535,1.2572989657756868
2026-07-05 22:00:00+02:00,-150.0,150.0,243997.03755918372,244022.04266122455,1.2572989657756868
2026-07-05 22:15:00+02:00,-150.0,150.0,244008.7824571429,244033.78755918372,1.2572989657756868
2026-07-05 22:30:00+02:00,-150.0,150.0,244020.5273551021,244045.5324571429,1.2572989657756868
2026-07-05 22:45:00+02:00,-100.0,100.0,244032.2722530613,244057.2773551021,0.7842960503237917
2026-07-05 23:00:00+02:00,-150.0,150.0,244031.76715102047,244056.7722530613,27.57490829522176
2026-07-05 23:15:00+02:00,-150.0,150.0,244043.51204897964,244068.51715102047,27.57490829522176
2026-07-05 23:30:00+02:00,-150.0,150.0,244055.2569469388,244080.26204897964,27.57490829522176
2026-07-05 23:45:00+02:00,-100.0,100.0,244067.001844898,244092.0069469388,0.7842960503237917
2026-07-06 00:00:00+02:00,-100.0,100.0,244066.4967428572,244091.501844898,0.7842960503237917
2026-07-06 00:15:00+02:00,-100.0,100.0,244065.99164081638,244090.9967428572,0.7842960503237917
2026-07-06 00:30:00+02:00,-150.0,150.0,244065.48653877556,244090.49164081638,5.764976322432638
2026-07-06 00:45:00+02:00,-150.0,150.0,244052.2263346939,244102.23653877556,5.764976322432638
2026-07-06 01:00:00+02:00,-150.0,150.0,244063.9712326531,244088.9763346939,5.764976322432638
2026-07-06 01:15:00+02:00,-150.0,150.0,244050.7110285715,244100.7212326531,5.764976322432638
2026-07-06 01:30:00+02:00,-150.0,150.0,244062.45592653067,244087.4610285715,5.764976322432638
2026-07-06 01:45:00+02:00,-150.0,150.0,244049.19572244902,244099.20592653067,5.764976322432638
2026-07-06 02:00:00+02:00,-150.0,150.0,244060.9406204082,244085.94572244902,5.764976322432638
2026-07-06 02:15:00+02:00,-150.0,150.0,244059.27362448984,244097.6906204082,5.764976322432638
2026-07-06 02:30:00+02:00,-150.0,150.0,244071.01852244904,244096.02362448984,5.764976322432638
2026-07-06 02:45:00+02:00,-150.0,150.0,244082.7634204082,244107.76852244904,5.764976322432638
2026-07-06 03:00:00+02:00,-150.0,150.0,244094.50831836739,244119.5134204082,5.764976322432638
2026-07-06 03:15:00+02:00,-150.0,150.0,244106.25321632656,244131.25831836739,5.764976322432638
2026-07-06 03:30:00+02:00,-100.0,100.0,244117.99811428576,244143.00321632656,0.7842960503237917
2026-07-06 03:45:00+02:00,-100.0,100.0,244117.49301224496,244142.49811428576,0.7842960503237917
2026-07-06 04:00:00+02:00,-150.0,150.0,244116.98791020413,244141.99301224496,131.03103074420136
2026-07-06 04:15:00+02:00,-150.0,150.0,244128.7328081633,244153.73791020413,131.03103074420136
2026-07-06 04:30:00+02:00,-100.0,100.0,244140.47770612247,244165.4828081633,0.7842960503237917
2026-07-06 04:45:00+02:00,-100.0,100.0,244139.97260408167,244164.97770612247,0.7842960503237917
2026-07-06 05:00:00+02:00,-100.0,100.0,244139.46750204088,244164.47260408167,0.7842960503237917
2026-07-06 05:15:00+02:00,-100.0,100.0,244138.96240000005,244163.96750204088,0.7842960503237917
2026-07-06 05:30:00+02:00,-100.0,100.0,244138.45729795922,244163.46240000005,0.7842960503237917
2026-07-06 05:45:00+02:00,-100.0,100.0,244137.9521959184,244162.95729795922,0.7842960503237917
2026-07-06 06:00:00+02:00,-100.0,100.0,244137.4470938776,244162.4521959184,0.7842960503237917
2026-07-06 06:15:00+02:00,-100.0,100.0,244136.9419918368,244161.9470938776,0.7842960503237917
2026-07-06 06:30:00+02:00,-100.0,100.0,244136.43688979596,244161.4419918368,0.7842960503237917
2026-07-06 06:45:00+02:00,-100.0,100.0,244135.93178775514,244160.93688979596,0.7842960503237917
2026-07-06 07:00:00+02:00,-100.0,100.0,244135.4266857143,244160.43178775514,0.7842960503237917
2026-07-06 07:15:00+02:00,-100.0,100.0,244134.9215836735,244159.9266857143,0.7842960503237917
2026-07-06 07:30:00+02:00,-100.0,100.0,244134.4164816327,244159.4215836735,0.7842960503237917
2026-07-06 07:45:00+02:00,-100.0,100.0,244133.91137959188,244158.9164816327,0.7842960503237917
2026-07-06 08:00:00+02:00,-100.0,100.0,244133.40627755105,244158.41137959188,0.7842960503237917
2026-07-06 08:15:00+02:00,-150.0,150.0,244132.90117551023,244157.90627755105,84.2690579550857
2026-07-06 08:30:00+02:00,-150.0,150.0,244144.64607346943,244169.65117551023,84.2690579550857
2026-07-06 08:45:00+02:00,-150.0,150.0,244156.39097142863,244181.39607346943,84.2690579550857
2026-07-06 09:00:00+02:00,-100.0,100.0,244168.1358693878,244193.14097142863,0.7842960503237917
2026-07-06 09:15:00+02:00,-100.0,100.0,244167.63076734697,244192.6358693878,0.7842960503237917
2026-07-06 09:30:00+02:00,-150.0,150.0,244167.12566530617,244192.13076734697,3.4557246217523625
2026-07-06 09:45:00+02:00,-150.0,150.0,244153.86546122454,244203.87566530617,3.4557246217523625
2026-07-06 10:00:00+02:00,-150.0,150.0,244165.61035918372,244190.61546122454,3.4557246217523625
2026-07-06 10:15:00+02:00,-150.0,150.0,244152.3501551021,244202.36035918372,3.4557246217523625
2026-07-06 10:30:00+02:00,-150.0,150.0,244164.09505306126,244189.1001551021,3.4557246217523625
2026-07-06 10:45:00+02:00,-150.0,150.0,244150.83484897963,244200.84505306126,3.4557246217523625
2026-07-06 11:00:00+02:00,-150.0,150.0,244162.57974693883,244187.58484897963,3.4557246217523625
2026-07-06 11:15:00+02:00,-150.0,150.0,244149.3195428572,244199.32974693883,3.4557246217523625
2026-07-06 11:30:00+02:00,-150.0,150.0,244161.06444081638,244186.0695428572,3.4557246217523625
2026-07-06 11:45:00+02:00,-150.0,150.0,244147.80423673472,244197.81444081638,3.4557246217523625
2026-07-06 12:00:00+02:00,-200.0,200.0,244159.54913469392,244184.55423673472,88.65259537005169
2026-07-06 12:15:00+02:00,-200.0,200.0,244158.5389306123,244208.54913469392,88.65259537005169
2026-07-06 12:30:00+02:00,-200.0,200.0,244182.53382857147,244207.5389306123,88.65259537005169
2026-07-06 12:45:00+02:00,-150.0,150.0,244181.52362448984,244231.53382857147,3.4557246217523625
2026-07-06 13:00:00+02:00,-150.0,150.0,244193.268522449,244218.27362448984,3.4557246217523625
2026-07-06 13:15:00+02:00,-150.0,150.0,244180.00831836739,244230.018522449,3.4557246217523625
2026-07-06 13:30:00+02:00,-150.0,150.0,244191.7532163266,244216.75831836739,3.4557246217523625
2026-07-06 13:45:00+02:00,-150.0,150.0,244178.49301224496,244228.5032163266,3.4557246217523625
2026-07-06 14:00:00+02:00,-150.0,150.0,244190.23791020413,244215.24301224496,3.4557246217523625
2026-07-06 14:15:00+02:00,-150.0,150.0,244176.97770612247,244226.98791020413,3.4557246217523625
2026-07-06 14:30:00+02:00,-150.0,150.0,244188.72260408167,244213.72770612247,3.4557246217523625
2026-07-06 14:45:00+02:00,-150.0,150.0,244175.46240000005,244225.47260408167,3.4557246217523625
2026-07-06 15:00:00+02:00,-150.0,150.0,244187.20729795922,244212.21240000005,3.4557246217523625
2026-07-06 15:15:00+02:00,-150.0,150.0,244173.9470938776,244223.95729795922,3.4557246217523625
2026-07-06 15:30:00+02:00,-150.0,150.0,244185.69199183676,244210.6970938776,3.4557246217523625
2026-07-06 15:45:00+02:00,-150.0,150.0,244172.43178775514,244222.44199183676,3.4557246217523625
2026-07-06 16:00:00+02:00,-150.0,150.0,244184.17668571434,244209.18178775514,3.4557246217523625
2026-07-06 16:15:00+02:00,-150.0,150.0,244170.9164816327,244220.92668571434,3.4557246217523625
2026-07-06 16:30:00+02:00,-150.0,150.0,244182.66137959188,244207.6664816327,3.4557246217523625
2026-07-06 16:45:00+02:00,-150.0,150.0,244169.40117551023,244219.41137959188,3.4557246217523625
2026-07-06 17:00:00+02:00,-150.0,150.0,244181.14607346943,244206.15117551023,3.4557246217523625
2026-07-06 17:15:00+02:00,-150.0,150.0,244167.88586938783,244217.89607346943,3.4557246217523625
2026-07-06 17:30:00+02:00,-150.0,150.0,244179.630767347,244204.63586938783,3.4557246217523625
2026-07-06 17:45:00+02:00,-150.0,150.0,244166.37056326534,244216.380767347,3.4557246217523625
2026-07-06 18:00:00+02:00,-150.0,150.0,244178.11546122452,244203.12056326534,3.4557246217523625
2026-07-06 18:15:00+02:00,-150.0,150.0,244164.8552571429,244214.86546122452,3.4557246217523625
2026-07-06 18:30:00+02:00,-200.0,200.0,244176.6001551021,244201.6052571429,66.36275410021042
2026-07-06 18:45:00+02:00,-200.0,200.0,244175.58995102046,244225.6001551021,66.36275410021042
2026-07-06 19:00:00+02:00,-200.0,200.0,244199.58484897963,244224.58995102046,66.36275410021042
2026-07-06 19:15:00+02:00,-200.0,200.0,244198.57464489798,244248.58484897963,66.36275410021042
2026-07-06 19:30:00+02:00,-200.0,200.0,244222.56954285718,244247.57464489798,66.36275410021042
2026-07-06 19:45:00+02:00,-200.0,200.0,244245.8024816327,244271.56954285718,66.36275410021042
2026-07-06 20:00:00+02:00,-200.0,200.0,244269.79737959188,244294.8024816327,66.36275410021042
2026-07-06 20:15:00+02:00,-200.0,200.0,244293.79227755105,244318.79737959188,66.36275410021042
2026-07-06 20:30:00+02:00,-200.0,200.0,244317.78717551025,244342.79227755105,66.36275410021042
2026-07-06 20:45:00+02:00,-150.0,150.0,244341.78207346945,244366.78717551025,3.4557246217523625
2026-07-06 21:00:00+02:00,-150.0,150.0,244353.52697142863,244378.53207346945,3.4557246217523625
2026-07-06 21:15:00+02:00,-150.0,150.0,244365.2718693878,244390.27697142863,3.4557246217523625
2026-07-06 21:30:00+02:00,-150.0,150.0,244377.01676734697,244402.0218693878,3.4557246217523625
2026-07-06 21:45:00+02:00,-150.0,150.0,244388.76166530614,244413.76676734697,3.4557246217523625
2026-07-06 22:00:00+02:00,-150.0,150.0,244400.50656326534,244425.51166530614,3.4557246217523625
2026-07-06 22:15:00+02:00,-150.0,150.0,244412.25146122454,244437.25656326534,3.4557246217523625
2026-07-06 22:30:00+02:00,-100.0,100.0,244423.99635918371,244449.00146122454,0.7842960503237917
2026-07-06 22:45:00+02:00,-100.0,100.0,244423.4912571429,244448.49635918371,0.7842960503237917
2026-07-06 23:00:00+02:00,-100.0,100.0,244422.9861551021,244447.9912571429,0.7842960503237917
2026-07-06 23:15:00+02:00,-100.0,100.0,244438.6860816327,244447.4861551021,0.7842960503237917
2026-07-06 23:30:00+02:00,-100.0,100.0,244438.18097959188,244463.1860816327,0.7842960503237917
2026-07-06 23:45:00+02:00,-100.0,100.0,244462.68097959188,244462.68097959188,0.7842960503237917
2026-07-07 00:00:00+02:00,-100.0,100.0,244462.17587755105,244487.18097959188,0.7842960503237917
2026-07-07 00:15:00+02:00,-100.0,100.0,244486.67587755105,244486.67587755105,0.7842960503237917
2026-07-07 00:30:00+02:00,-100.0,100.0,244486.17077551025,244511.17587755105,0.7842960503237917
2026-07-07 00:45:00+02:00,-100.0,100.0,244510.67077551025,244510.67077551025,0.7842960503237917
2026-07-07 01:00:00+02:00,-100.0,100.0,244510.16567346943,244535.17077551025,0.7842960503237917
2026-07-07 01:15:00+02:00,-100.0,100.0,244534.66567346943,244534.66567346943,0.7842960503237917
2026-07-07 01:30:00+02:00,-100.0,100.0,244534.16057142863,244559.16567346943,0.7842960503237917
2026-07-07 01:45:00+02:00,-100.0,100.0,244558.66057142863,244558.66057142863,0.7842960503237917
2026-07-07 02:00:00+02:00,-100.0,100.0,244558.1554693878,244583.16057142863,0.7842960503237917
2026-07-07 02:15:00+02:00,-100.0,100.0,244582.6554693878,244582.6554693878,0.7842960503237917
2026-07-07 02:30:00+02:00,-100.0,100.0,244582.15036734697,244607.1554693878,0.7842960503237917
2026-07-07 02:45:00+02:00,-50.0,50.0,244606.65036734697,244606.65036734697,0.6207866003544275
2026-07-07 03:00:00+02:00,-100.0,100.0,244593.89526530617,244618.90036734697,2.543371634368033
2026-07-07 03:15:00+02:00,-100.0,100.0,244593.39016326534,244618.39526530617,2.543371634368033
2026-07-07 03:30:00+02:00,-100.0,100.0,244592.88506122452,244617.89016326534,2.543371634368033
2026-07-07 03:45:00+02:00,-100.0,100.0,244592.37995918372,244617.38506122452,2.543371634368033
2026-07-07 04:00:00+02:00,-150.0,150.0,244591.87485714292,244616.87995918372,193.4629634711027
2026-07-07 04:15:00+02:00,-150.0,150.0,244603.6197551021,244628.62485714292,193.4629634711027
2026-07-07 04:30:00+02:00,-100.0,100.0,244615.36465306126,244640.3697551021,2.543371634368033
2026-07-07 04:45:00+02:00,-100.0,100.0,244614.85955102046,244639.86465306126,2.543371634368033
2026-07-07 05:00:00+02:00,-100.0,100.0,244614.35444897963,244639.35955102046,2.543371634368033
2026-07-07 05:15:00+02:00,-100.0,100.0,244613.8493469388,244638.85444897963,2.543371634368033
2026-07-07 05:30:00+02:00,-100.0,100.0,244613.344244898,244638.3493469388,2.543371634368033
2026-07-07 05:45:00+02:00,-100.0,100.0,244612.83914285718,244637.844244898,2.543371634368033
2026-07-07 06:00:00+02:00,-100.0,100.0,244612.33404081635,244637.33914285718,2.543371634368033
2026-07-07 06:15:00+02:00,-100.0,100.0,244611.82893877555,244636.83404081635,2.543371634368033
2026-07-07 06:30:00+02:00,-100.0,100.0,244611.32383673472,244636.32893877555,2.543371634368033
2026-07-07 06:45:00+02:00,-100.0,100.0,244610.81873469392,244635.82383673475,2.543371634368033
2026-07-07 07:00:00+02:00,-100.0,100.0,244610.3136326531,244635.31873469392,2.543371634368033
2026-07-07 07:15:00+02:00,-100.0,100.0,244609.8085306123,244634.8136326531,2.543371634368033
2026-07-07 07:30:00+02:00,-100.0,100.0,244609.30342857147,244634.3085306123,2.543371634368033
2026-07-07 07:45:00+02:00,-100.0,100.0,244608.79832653064,244633.80342857147,2.543371634368033
2026-07-07 08:00:00+02:00,-100.0,100.0,244608.29322448984,244633.29832653064,2.543371634368033
2026-07-07 08:15:00+02:00,-100.0,100.0,244607.788122449,244632.79322448984,2.543371634368033
2026-07-07 08:30:00+02:00,-100.0,100.0,244607.28302040818,244632.288122449,2.543371634368033
2026-07-07 08:45:00+02:00,-100.0,100.0,244606.77791836738,244631.78302040818,2.543371634368033
2026-07-07 09:00:00+02:00,-100.0,100.0,244606.27281632656,244631.27791836738,2.543371634368033
2026-07-07 09:15:00+02:00,-100.0,100.0,244605.76771428576,244630.7728163266,2.543371634368033
2026-07-07 09:30:00+02:00,-100.0,100.0,244605.26261224493,244630.26771428576,2.543371634368033
2026-07-07 09:45:00+02:00,-150.0,150.0,244612.75533877555,244629.76261224493,13.598833819241984
2026-07-07 10:00:00+02:00,-150.0,150.0,244599.49513469392,244649.50533877555,13.598833819241984
2026-07-07 10:15:00+02:00,-150.0,150.0,244636.24513469392,244636.24513469392,13.598833819241984
2026-07-07 10:30:00+02:00,-150.0,150.0,244622.9849306123,244672.99513469392,13.598833819241984
2026-07-07 10:45:00+02:00,-200.0,200.0,244659.7349306123,244659.7349306123,106.13053449951411
2026-07-07 11:00:00+02:00,-200.0,200.0,244661.5420326531,244708.7349306123,106.13053449951411
2026-07-07 11:15:00+02:00,-150.0,150.0,244710.5420326531,244710.5420326531,104.2079494655005
2026-07-07 11:30:00+02:00,-100.0,100.0,244722.28693061226,244747.2920326531,11.676248785228378
2026-07-07 11:45:00+02:00,-100.0,100.0,244746.7869306123,244746.7869306123,11.676248785228378
2026-07-07 12:00:00+02:00,-100.0,100.0,244746.28182857146,244771.2869306123,11.676248785228378
2026-07-07 12:15:00+02:00,-100.0,100.0,244770.78182857146,244770.78182857146,11.676248785228378
2026-07-07 12:30:00+02:00,-100.0,100.0,244770.27672653066,244795.28182857146,11.676248785228378
2026-07-07 12:45:00+02:00,-100.0,100.0,244794.77672653066,244794.77672653066,11.676248785228378
2026-07-07 13:00:00+02:00,-100.0,100.0,244794.27162448983,244819.27672653066,11.676248785228378
2026-07-07 13:15:00+02:00,-100.0,100.0,244818.77162448983,244818.77162448983,11.676248785228378
2026-07-07 13:30:00+02:00,-100.0,100.0,244818.266522449,244843.27162448983,11.676248785228378
2026-07-07 13:45:00+02:00,-100.0,100.0,244842.766522449,244842.766522449,11.676248785228378
2026-07-07 14:00:00+02:00,-100.0,100.0,244842.26142040818,244867.266522449,11.676248785228378
2026-07-07 14:15:00+02:00,-100.0,100.0,244866.7614204082,244866.7614204082,11.676248785228378
2026-07-07 14:30:00+02:00,-100.0,100.0,244866.25631836738,244891.2614204082,11.676248785228378
2026-07-07 14:45:00+02:00,-100.0,100.0,244890.75631836738,244890.75631836738,11.676248785228378
2026-07-07 15:00:00+02:00,-100.0,100.0,244890.25121632658,244915.25631836738,11.676248785228378
2026-07-07 15:15:00+02:00,-100.0,100.0,244914.75121632658,244914.75121632658,11.676248785228378
2026-07-07 15:30:00+02:00,-100.0,100.0,244914.24611428575,244939.25121632658,11.676248785228378
2026-07-07 15:45:00+02:00,-100.0,100.0,244938.74611428575,244938.74611428575,11.676248785228378
2026-07-07 16:00:00+02:00,-100.0,100.0,244938.24101224492,244963.24611428575,11.676248785228378
2026-07-07 16:15:00+02:00,-100.0,100.0,244962.74101224492,244962.74101224492,11.676248785228378
2026-07-07 16:30:00+02:00,-100.0,100.0,244962.2359102041,244987.24101224492,11.676248785228378
2026-07-07 16:45:00+02:00,-100.0,100.0,244986.73591020412,244986.73591020412,11.676248785228378
2026-07-07 17:00:00+02:00,-100.0,100.0,244986.2308081633,245011.23591020412,11.676248785228378
2026-07-07 17:15:00+02:00,-100.0,100.0,245010.7308081633,245010.7308081633,11.676248785228378
2026-07-07 17:30:00+02:00,-100.0,100.0,245010.2257061225,245035.2308081633,11.676248785228378
2026-07-07 17:45:00+02:00,-150.0,150.0,245034.7257061225,245034.7257061225,594.182371234208
2026-07-07 18:00:00+02:00,-100.0,100.0,245046.47060408167,245071.4757061225,11.676248785228378
2026-07-07 18:15:00+02:00,-100.0,100.0,245070.97060408167,245070.97060408167,11.676248785228378
2026-07-07 18:30:00+02:00,-100.0,100.0,245070.46550204084,245095.47060408167,11.676248785228378
2026-07-07 18:45:00+02:00,-100.0,100.0,245094.96550204084,245094.96550204084,11.676248785228378
2026-07-07 19:00:00+02:00,-100.0,100.0,245094.4604,245119.46550204084,11.676248785228378
2026-07-07 19:15:00+02:00,-100.0,100.0,245118.9604,245118.9604,11.676248785228378
2026-07-07 19:30:00+02:00,-100.0,100.0,245118.4552979592,245143.46040000004,11.676248785228378
2026-07-07 19:45:00+02:00,-100.0,100.0,245142.9552979592,245142.9552979592,11.676248785228378
2026-07-07 20:00:00+02:00,-100.0,100.0,245142.4501959184,245167.4552979592,11.676248785228378
2026-07-07 20:15:00+02:00,-100.0,100.0,245166.9501959184,245166.9501959184,11.676248785228378
2026-07-07 20:30:00+02:00,-100.0,100.0,245166.44509387758,245191.4501959184,11.676248785228378
2026-07-07 20:45:00+02:00,-100.0,100.0,245190.94509387758,245190.94509387758,11.676248785228378
2026-07-07 21:00:00+02:00,-100.0,100.0,245190.43999183676,245215.44509387758,11.676248785228378
2026-07-07 21:15:00+02:00,-100.0,100.0,245214.93999183676,245214.93999183676,11.676248785228378
2026-07-07 21:30:00+02:00,-100.0,100.0,245214.43488979593,245239.43999183679,11.676248785228378
2026-07-07 21:45:00+02:00,-100.0,100.0,245238.93488979593,245238.93488979593,11.676248785228378
2026-07-07 22:00:00+02:00,-100.0,100.0,245238.42978775513,245263.43488979596,11.676248785228378
2026-07-07 22:15:00+02:00,-100.0,100.0,245262.92978775513,245262.92978775513,11.676248785228378
2026-07-07 22:30:00+02:00,-100.0,100.0,245262.42468571433,245287.42978775513,16.986990681987077
2026-07-07 22:45:00+02:00,-100.0,100.0,245286.92468571433,245286.92468571433,16.986990681987077
2026-07-07 23:00:00+02:00,-100.0,100.0,245286.4195836735,245311.42468571433,16.986990681987077
2026-07-07 23:15:00+02:00,-100.0,100.0,245310.9195836735,245310.9195836735,16.986990681987077
2026-07-07 23:30:00+02:00,-100.0,100.0,245310.41448163267,245335.4195836735,16.986990681987077
2026-07-07 23:45:00+02:00,-50.0,50.0,245334.91448163267,245334.91448163267,0.6207866003544275
2026-07-08 00:00:00+02:00,-50.0,50.0,245322.15937959185,245347.1644816327,0.6207866003544275
2026-07-08 00:15:00+02:00,-50.0,50.0,245334.40937959185,245334.40937959185,0.6207866003544275
2026-07-08 00:30:00+02:00,-50.0,50.0,245321.65427755105,245346.65937959187,0.6207866003544275
2026-07-08 00:45:00+02:00,-50.0,50.0,245333.90427755105,245333.90427755105,0.6207866003544275
2026-07-08 01:00:00+02:00,-50.0,50.0,245321.14917551025,245346.15427755105,0.6207866003544275
2026-07-08 01:15:00+02:00,-50.0,50.0,245333.39917551025,245333.39917551025,0.6207866003544275
2026-07-08 01:30:00+02:00,-50.0,50.0,245320.64407346942,245345.64917551025,0.6207866003544275
2026-07-08 01:45:00+02:00,-50.0,50.0,245332.89407346942,245332.89407346942,0.6207866003544275
2026-07-08 02:00:00+02:00,-50.0,50.0,245320.1389714286,245345.14407346942,0.6207866003544275
2026-07-08 02:15:00+02:00,-50.0,50.0,245332.3889714286,245332.3889714286,0.6207866003544275
2026-07-08 02:30:00+02:00,-50.0,50.0,245319.6338693878,245344.63897142862,0.6207866003544275
2026-07-08 02:45:00+02:00,-50.0,50.0,245331.8838693878,245331.8838693878,0.6207866003544275
2026-07-08 03:00:00+02:00,-50.0,50.0,245319.12876734696,245344.1338693878,0.6207866003544275
2026-07-08 03:15:00+02:00,-50.0,50.0,245331.37876734696,245331.37876734696,0.6207866003544275
2026-07-08 03:30:00+02:00,-50.0,50.0,245318.62366530616,245343.62876734696,0.6207866003544275
2026-07-08 03:45:00+02:00,-100.0,100.0,245330.87366530616,245330.87366530616,100.73537843708912
2026-07-08 04:00:00+02:00,-100.0,100.0,245330.36856326534,245355.37366530616,100.73537843708912
2026-07-08 04:15:00+02:00,-100.0,100.0,245354.86856326534,245354.86856326534,100.73537843708912
2026-07-08 04:30:00+02:00,-100.0,100.0,245354.3634612245,245379.36856326534,100.73537843708912
2026-07-08 04:45:00+02:00,-50.0,50.0,245378.8634612245,245378.8634612245,0.6207866003544275
2026-07-08 05:00:00+02:00,-50.0,50.0,245385.89880000002,245391.11346122454,0.6207866003544275
2026-07-08 05:15:00+02:00,-50.0,50.0,245398.14880000002,245398.14880000002,0.6207866003544275
2026-07-08 05:30:00+02:00,-50.0,50.0,245410.39880000002,245410.39880000002,0.6207866003544275
2026-07-08 05:45:00+02:00,-50.0,50.0,245422.64880000002,245422.64880000002,0.6207866003544275
2026-07-08 06:00:00+02:00,-50.0,50.0,245434.89880000002,245434.89880000002,0.6207866003544275
2026-07-08 06:15:00+02:00,-50.0,50.0,245447.14880000002,245447.14880000002,0.6207866003544275
2026-07-08 06:30:00+02:00,-50.0,50.0,245459.39880000002,245459.39880000002,0.6207866003544275
2026-07-08 06:45:00+02:00,-50.0,50.0,245471.64880000002,245471.64880000002,0.6207866003544275
2026-07-08 07:00:00+02:00,-50.0,50.0,245483.89880000002,245483.89880000002,0.6207866003544275
2026-07-08 07:15:00+02:00,-50.0,50.0,245496.14880000002,245496.14880000002,0.6207866003544275
2026-07-08 07:30:00+02:00,-50.0,50.0,245508.39880000002,245508.39880000002,0.6207866003544275
2026-07-08 07:45:00+02:00,-50.0,50.0,245520.64880000002,245520.64880000002,0.6207866003544275
2026-07-08 08:00:00+02:00,-50.0,50.0,245532.89880000002,245532.89880000002,0.6207866003544275
2026-07-08 08:15:00+02:00,-50.0,50.0,245545.14880000002,245545.14880000002,0.6207866003544275
2026-07-08 08:30:00+02:00,-100.0,100.0,245557.39880000002,245557.39880000002,134.84622877722518
2026-07-08 08:45:00+02:00,-100.0,100.0,245581.89880000002,245581.89880000002,134.84622877722518
2026-07-08 09:00:00+02:00,-100.0,100.0,245606.39880000002,245606.39880000002,134.84622877722518
2026-07-08 09:15:00+02:00,-100.0,100.0,245630.89880000002,245630.89880000002,4.18699524530309
2026-07-08 09:30:00+02:00,-100.0,100.0,245633.82520000002,245655.39880000002,4.18699524530309
2026-07-08 09:45:00+02:00,-100.0,100.0,245654.8936979592,245658.32520000002,4.18699524530309
2026-07-08 10:00:00+02:00,-100.0,100.0,245658.32520000002,245679.3936979592,4.18699524530309
2026-07-08 10:15:00+02:00,-100.0,100.0,245678.8885959184,245682.82520000002,4.18699524530309
2026-07-08 10:30:00+02:00,-100.0,100.0,245682.82520000002,245703.3885959184,4.18699524530309
2026-07-08 10:45:00+02:00,-100.0,100.0,245702.88349387757,245707.32520000002,4.18699524530309
2026-07-08 11:00:00+02:00,-100.0,100.0,245707.32520000002,245727.38349387757,210.0990657878058
2026-07-08 11:15:00+02:00,-100.0,100.0,245726.87839183677,245731.82520000002,210.0990657878058
2026-07-08 11:30:00+02:00,-50.0,50.0,245731.82520000002,245751.37839183677,3.566208644948663
2026-07-08 11:45:00+02:00,-50.0,50.0,245738.62328979594,245744.07520000002,3.566208644948663
2026-07-08 12:00:00+02:00,-50.0,50.0,245731.82520000002,245750.87328979594,3.566208644948663
2026-07-08 12:15:00+02:00,-50.0,50.0,245738.1181877551,245744.07520000002,3.566208644948663
2026-07-08 12:30:00+02:00,-50.0,50.0,245731.82520000002,245750.3681877551,3.566208644948663
2026-07-08 12:45:00+02:00,-50.0,50.0,245737.6130857143,245744.07520000002,3.566208644948663
2026-07-08 13:00:00+02:00,-50.0,50.0,245731.82520000002,245749.8630857143,3.566208644948663
2026-07-08 13:15:00+02:00,-50.0,50.0,245737.1079836735,245744.07520000002,3.566208644948663
2026-07-08 13:30:00+02:00,-50.0,50.0,245731.82520000002,245749.3579836735,3.566208644948663
2026-07-08 13:45:00+02:00,-50.0,50.0,245736.6028816327,245744.07520000002,3.566208644948663
2026-07-08 14:00:00+02:00,-50.0,50.0,245731.82520000002,245748.8528816327,3.566208644948663
2026-07-08 14:15:00+02:00,-50.0,50.0,245736.09777959186,245744.07520000002,3.566208644948663
2026-07-08 14:30:00+02:00,-50.0,50.0,245731.82520000002,245748.34777959186,3.566208644948663
2026-07-08 14:45:00+02:00,-50.0,50.0,245735.59267755103,245744.07520000002,3.566208644948663
2026-07-08 15:00:00+02:00,-50.0,50.0,245731.82520000002,245747.84267755103,3.566208644948663
2026-07-08 15:15:00+02:00,-50.0,50.0,245735.08757551023,245744.07520000002,3.566208644948663
2026-07-08 15:30:00+02:00,-50.0,50.0,245731.82520000002,245747.33757551023,3.566208644948663
2026-07-08 15:45:00+02:00,-50.0,50.0,245734.5824734694,245744.07520000002,3.566208644948663
2026-07-08 16:00:00+02:00,-50.0,50.0,245731.82520000002,245746.8324734694,3.566208644948663
2026-07-08 16:15:00+02:00,-50.0,50.0,245734.0773714286,245744.07520000002,3.566208644948663
2026-07-08 16:30:00+02:00,-50.0,50.0,245731.82520000002,245746.3273714286,3.566208644948663
2026-07-08 16:45:00+02:00,-100.0,100.0,245733.57226938778,245744.07520000002,4.449473951071112
2026-07-08 17:00:00+02:00,-100.0,100.0,245719.07009795922,245758.07226938778,4.449473951071112
2026-07-08 17:15:00+02:00,-150.0,150.0,245732.56206530618,245743.57009795922,588.1229433388262
2026-07-08 17:30:00+02:00,-100.0,100.0,245730.8149959184,245769.31206530618,4.449473951071112
2026-07-08 17:45:00+02:00,-100.0,100.0,245743.80186122452,245755.3149959184,4.449473951071112
2026-07-08 18:00:00+02:00,-150.0,150.0,245730.3098938776,245768.30186122452,9.660844213461782
2026-07-08 18:15:00+02:00,-150.0,150.0,245742.7916571429,245767.0598938776,9.660844213461782
2026-07-08 18:30:00+02:00,-150.0,150.0,245729.80479183677,245779.5416571429,9.660844213461782
2026-07-08 18:45:00+02:00,-150.0,150.0,245742.05479183677,245766.55479183677,9.660844213461782
2026-07-08 19:00:00+02:00,-150.0,150.0,245729.29968979594,245778.80479183677,9.660844213461782
2026-07-08 19:15:00+02:00,-150.0,150.0,245741.54968979594,245766.04968979594,9.660844213461782
2026-07-08 19:30:00+02:00,-150.0,150.0,245728.79458775514,245778.29968979594,9.660844213461782
2026-07-08 19:45:00+02:00,-150.0,150.0,245741.04458775514,245765.54458775514,9.660844213461782
2026-07-08 20:00:00+02:00,-150.0,150.0,245728.2894857143,245777.79458775514,9.660844213461782
2026-07-08 20:15:00+02:00,-150.0,150.0,245740.5394857143,245765.0394857143,9.660844213461782
2026-07-08 20:30:00+02:00,-150.0,150.0,245727.7843836735,245777.2894857143,9.660844213461782
2026-07-08 20:45:00+02:00,-150.0,150.0,245740.0343836735,245764.5343836735,9.660844213461782
2026-07-08 21:00:00+02:00,-150.0,150.0,245727.27928163268,245776.7843836735,9.660844213461782
2026-07-08 21:15:00+02:00,-150.0,150.0,245739.52928163268,245764.02928163268,9.660844213461782
2026-07-08 21:30:00+02:00,-150.0,150.0,245726.77417959186,245776.27928163268,9.660844213461782
2026-07-08 21:45:00+02:00,-150.0,150.0,245739.02417959186,245763.52417959186,9.660844213461782
2026-07-08 22:00:00+02:00,-150.0,150.0,245726.26907755106,245775.77417959186,9.660844213461782
2026-07-08 22:15:00+02:00,-150.0,150.0,245738.51907755106,245763.01907755106,9.660844213461782
2026-07-08 22:30:00+02:00,-150.0,150.0,245725.76397551023,245775.26907755106,9.660844213461782
2026-07-08 22:45:00+02:00,-150.0,150.0,245738.01397551023,245762.51397551023,9.660844213461782
2026-07-08 23:00:00+02:00,-150.0,150.0,245725.25887346943,245774.76397551023,9.660844213461782
2026-07-08 23:15:00+02:00,-150.0,150.0,245737.50887346943,245762.00887346943,9.660844213461782
2026-07-08 23:30:00+02:00,-150.0,150.0,245724.7537714286,245774.25887346943,9.660844213461782
2026-07-08 23:45:00+02:00,-150.0,150.0,245737.0037714286,245761.5037714286,9.660844213461782
2026-07-09 00:00:00+02:00,-150.0,150.0,245724.24866938777,245773.7537714286,9.660844213461782
2026-07-09 00:15:00+02:00,-150.0,150.0,245736.49866938777,245760.99866938777,9.660844213461782
2026-07-09 00:30:00+02:00,-150.0,150.0,245723.74356734697,245773.24866938777,9.660844213461782
2026-07-09 00:45:00+02:00,-150.0,150.0,245735.99356734697,245760.49356734697,9.660844213461782
2026-07-09 01:00:00+02:00,-150.0,150.0,245723.23846530615,245772.74356734697,9.660844213461782
2026-07-09 01:15:00+02:00,-150.0,150.0,245735.48846530615,245759.98846530615,9.660844213461782
2026-07-09 01:30:00+02:00,-150.0,150.0,245722.73336326535,245772.23846530615,9.660844213461782
2026-07-09 01:45:00+02:00,-150.0,150.0,245734.98336326535,245759.48336326535,9.660844213461782
2026-07-09 02:00:00+02:00,-150.0,150.0,245722.22826122452,245771.73336326535,9.660844213461782
2026-07-09 02:15:00+02:00,-150.0,150.0,245734.47826122452,245758.97826122452,9.660844213461782
2026-07-09 02:30:00+02:00,-150.0,150.0,245721.72315918372,245771.22826122452,9.660844213461782
2026-07-09 02:45:00+02:00,-150.0,150.0,245733.97315918372,245758.47315918372,9.660844213461782
2026-07-09 03:00:00+02:00,-150.0,150.0,245721.2180571429,245770.72315918372,9.660844213461782
2026-07-09 03:15:00+02:00,-150.0,150.0,245733.4680571429,245757.9680571429,9.660844213461782
2026-07-09 03:30:00+02:00,-150.0,150.0,245720.71295510206,245770.2180571429,9.660844213461782
2026-07-09 03:45:00+02:00,-150.0,150.0,245732.96295510206,245757.46295510206,9.660844213461782
2026-07-09 04:00:00+02:00,-150.0,150.0,245720.20785306126,245769.71295510206,9.660844213461782
2026-07-09 04:15:00+02:00,-150.0,150.0,245732.45785306126,245756.95785306126,9.660844213461782
2026-07-09 04:30:00+02:00,-150.0,150.0,245719.70275102044,245769.20785306126,9.660844213461782
2026-07-09 04:45:00+02:00,-150.0,150.0,245731.95275102044,245756.45275102044,9.660844213461782
2026-07-09 05:00:00+02:00,-150.0,150.0,245719.19764897964,245768.70275102044,9.660844213461782
2026-07-09 05:15:00+02:00,-150.0,150.0,245731.44764897964,245755.94764897964,9.660844213461782
2026-07-09 05:30:00+02:00,-150.0,150.0,245718.6925469388,245768.19764897964,9.660844213461782
2026-07-09 05:45:00+02:00,-150.0,150.0,245730.9425469388,245755.4425469388,9.660844213461782
2026-07-09 06:00:00+02:00,-150.0,150.0,245718.18744489798,245767.6925469388,9.660844213461782
2026-07-09 06:15:00+02:00,-150.0,150.0,245730.43744489798,245754.93744489798,9.660844213461782
2026-07-09 06:30:00+02:00,-150.0,150.0,245717.68234285718,245767.18744489798,9.660844213461782
2026-07-09 06:45:00+02:00,-150.0,150.0,245729.93234285718,245754.43234285718,9.660844213461782
2026-07-09 07:00:00+02:00,-150.0,150.0,245717.17724081635,245766.68234285718,9.660844213461782
2026-07-09 07:15:00+02:00,-150.0,150.0,245729.42724081635,245753.92724081635,9.660844213461782
2026-07-09 07:30:00+02:00,-150.0,150.0,245716.67213877555,245766.17724081635,9.660844213461782
2026-07-09 07:45:00+02:00,-150.0,150.0,245728.92213877555,245753.42213877555,9.660844213461782
2026-07-09 08:00:00+02:00,-150.0,150.0,245716.16703673473,245765.67213877555,9.660844213461782
2026-07-09 08:15:00+02:00,-150.0,150.0,245728.41703673473,245752.91703673473,9.660844213461782
2026-07-09 08:30:00+02:00,-150.0,150.0,245715.6619346939,245765.16703673473,9.660844213461782
2026-07-09 08:45:00+02:00,-150.0,150.0,245727.9119346939,245752.4119346939,9.660844213461782
2026-07-09 09:00:00+02:00,-150.0,150.0,245715.1568326531,245764.6619346939,9.660844213461782
2026-07-09 09:15:00+02:00,-150.0,150.0,245727.4068326531,245751.9068326531,9.660844213461782
2026-07-09 09:30:00+02:00,-150.0,150.0,245714.65173061227,245764.1568326531,9.660844213461782
2026-07-09 09:45:00+02:00,-150.0,150.0,245726.90173061227,245751.40173061227,9.660844213461782
2026-07-09 10:00:00+02:00,-150.0,150.0,245714.14662857147,245763.65173061227,9.660844213461782
2026-07-09 10:15:00+02:00,-150.0,150.0,245726.39662857147,245750.89662857147,9.660844213461782
2026-07-09 10:30:00+02:00,-150.0,150.0,245722.14152653064,245763.14662857147,9.660844213461782
2026-07-09 10:45:00+02:00,-150.0,150.0,245746.64152653064,245758.89152653064,9.660844213461782
2026-07-09 11:00:00+02:00,-150.0,150.0,245746.1364244898,245783.39152653064,9.660844213461782
2026-07-09 11:15:00+02:00,-150.0,150.0,245770.6364244898,245782.8864244898,9.660844213461782
2026-07-09 11:30:00+02:00,-150.0,150.0,245770.13132244901,245807.3864244898,9.660844213461782
2026-07-09 11:45:00+02:00,-150.0,150.0,245794.63132244901,245806.88132244901,9.660844213461782
2026-07-09 12:00:00+02:00,-150.0,150.0,245794.1262204082,245831.38132244901,9.660844213461782
2026-07-09 12:15:00+02:00,-150.0,150.0,245818.6262204082,245830.8762204082,9.660844213461782
2026-07-09 12:30:00+02:00,-150.0,150.0,245818.1211183674,245855.3762204082,9.660844213461782
2026-07-09 12:45:00+02:00,-150.0,150.0,245842.6211183674,245854.8711183674,9.660844213461782
2026-07-09 13:00:00+02:00,-150.0,150.0,245842.11601632656,245879.3711183674,9.660844213461782
2026-07-09 13:15:00+02:00,-150.0,150.0,245866.61601632656,245878.86601632656,9.660844213461782
2026-07-09 13:30:00+02:00,-150.0,150.0,245866.11091428576,245903.36601632656,9.660844213461782
2026-07-09 13:45:00+02:00,-150.0,150.0,245890.61091428576,245902.86091428576,9.660844213461782
2026-07-09 14:00:00+02:00,-150.0,150.0,245898.60581224493,245927.36091428576,9.660844213461782
2026-07-09 14:15:00+02:00,-150.0,150.0,245935.35581224493,245935.35581224493,9.660844213461782
2026-07-09 14:30:00+02:00,-150.0,150.0,245947.1007102041,245972.10581224493,9.660844213461782
2026-07-09 14:45:00+02:00,-150.0,150.0,245983.8507102041,245983.8507102041,9.660844213461782
2026-07-09 15:00:00+02:00,-150.0,150.0,245995.5956081633,246020.6007102041,9.660844213461782
2026-07-09 15:15:00+02:00,-150.0,150.0,246032.3456081633,246032.3456081633,9.660844213461782
2026-07-09 15:30:00+02:00,-150.0,150.0,246044.09050612248,246069.0956081633,9.660844213461782
2026-07-09 15:45:00+02:00,-150.0,150.0,246080.84050612248,246080.84050612248,9.660844213461782
2026-07-09 16:00:00+02:00,-150.0,150.0,246092.58540408168,246117.59050612248,9.660844213461782
2026-07-09 16:15:00+02:00,-150.0,150.0,246129.33540408168,246129.33540408168,9.660844213461782
2026-07-09 16:30:00+02:00,-150.0,150.0,246141.08030204085,246166.08540408168,9.660844213461782
2026-07-09 16:45:00+02:00,-150.0,150.0,246177.83030204085,246177.83030204085,9.660844213461782
2026-07-09 17:00:00+02:00,-150.0,150.0,246189.57520000002,246214.58030204085,9.660844213461782
2026-07-09 17:15:00+02:00,-150.0,150.0,246226.32520000002,246226.32520000002,9.660844213461782
2026-07-09 17:30:00+02:00,-150.0,150.0,246238.07009795922,246263.07520000002,9.660844213461782
2026-07-09 17:45:00+02:00,-150.0,150.0,246274.82009795922,246274.82009795922,9.660844213461782
2026-07-09 18:00:00+02:00,-150.0,150.0,246286.5649959184,246311.57009795922,9.660844213461782
2026-07-09 18:15:00+02:00,-150.0,150.0,246323.3149959184,246323.3149959184,9.660844213461782
2026-07-09 18:30:00+02:00,-150.0,150.0,246335.0598938776,246360.0649959184,9.660844213461782
2026-07-09 18:45:00+02:00,-150.0,150.0,246371.8098938776,246371.8098938776,9.660844213461782
2026-07-09 19:00:00+02:00,-150.0,150.0,246383.55479183677,246408.5598938776,9.660844213461782
2026-07-09 19:15:00+02:00,-150.0,150.0,246420.30479183677,246420.30479183677,9.660844213461782
2026-07-09 19:30:00+02:00,-150.0,150.0,246432.04968979594,246457.05479183677,9.660844213461782
2026-07-09 19:45:00+02:00,-150.0,150.0,246468.79968979594,246468.79968979594,9.660844213461782
2026-07-09 20:00:00+02:00,-150.0,150.0,246480.54458775514,246505.54968979594,9.660844213461782
2026-07-09 20:15:00+02:00,-150.0,150.0,246517.29458775514,246517.29458775514,9.660844213461782
2026-07-09 20:30:00+02:00,-150.0,150.0,246529.0394857143,246554.04458775514,9.660844213461782
2026-07-09 20:45:00+02:00,-150.0,150.0,246565.7894857143,246565.7894857143,9.660844213461782
2026-07-09 21:00:00+02:00,-150.0,150.0,246577.5343836735,246602.5394857143,9.660844213461782
2026-07-09 21:15:00+02:00,-150.0,150.0,246614.2843836735,246614.2843836735,9.660844213461782
2026-07-09 21:30:00+02:00,-150.0,150.0,246626.02928163268,246651.0343836735,9.660844213461782
2026-07-09 21:45:00+02:00,-150.0,150.0,246662.77928163268,246662.77928163268,9.660844213461782
2026-07-09 22:00:00+02:00,-100.0,100.0,246674.52417959186,246699.52928163268,4.449473951071112
2026-07-09 22:15:00+02:00,-100.0,100.0,246699.02417959186,246699.02417959186,4.449473951071112
2026-07-09 22:30:00+02:00,-100.0,100.0,246698.51907755106,246723.52417959186,4.449473951071112
2026-07-09 22:45:00+02:00,-100.0,100.0,246723.01907755106,246723.01907755106,4.449473951071112
2026-07-09 23:00:00+02:00,-100.0,100.0,246722.51397551023,246747.51907755106,4.449473951071112
2026-07-09 23:15:00+02:00,-100.0,100.0,246747.01397551023,246747.01397551023,4.449473951071112
2026-07-09 23:30:00+02:00,-150.0,150.0,246746.50887346943,246771.51397551023,24.396514767397647
2026-07-09 23:45:00+02:00,-150.0,150.0,246783.25887346943,246783.25887346943,24.396514767397647
2026-07-10 00:00:00+02:00,-150.0,150.0,246795.0037714286,246820.00887346943,24.396514767397647
2026-07-10 00:15:00+02:00,-150.0,150.0,246831.7537714286,246831.7537714286,24.396514767397647
2026-07-10 00:30:00+02:00,-100.0,100.0,246843.49866938777,246868.5037714286,4.449473951071112
2026-07-10 00:45:00+02:00,-100.0,100.0,246867.99866938777,246867.99866938777,4.449473951071112
2026-07-10 01:00:00+02:00,-100.0,100.0,246867.49356734697,246892.49866938777,4.449473951071112
2026-07-10 01:15:00+02:00,-100.0,100.0,246891.99356734697,246891.99356734697,4.449473951071112
2026-07-10 01:30:00+02:00,-50.0,50.0,246913.85600000003,246916.49356734697,0.883265306122449
2026-07-10 01:45:00+02:00,-50.0,50.0,246926.10600000003,246926.10600000003,0.883265306122449
2026-07-10 02:00:00+02:00,-50.0,50.0,246938.35600000003,246938.35600000003,0.883265306122449
2026-07-10 02:15:00+02:00,-50.0,50.0,246950.60600000003,246950.60600000003,0.883265306122449
2026-07-10 02:30:00+02:00,-50.0,50.0,246962.85600000003,246962.85600000003,0.883265306122449
2026-07-10 02:45:00+02:00,-50.0,50.0,246975.10600000003,246975.10600000003,0.883265306122449
2026-07-10 03:00:00+02:00,-50.0,50.0,246987.35600000003,246987.35600000003,0.883265306122449
2026-07-10 03:15:00+02:00,-50.0,50.0,246999.60600000003,246999.60600000003,0.883265306122449
2026-07-10 03:30:00+02:00,-50.0,50.0,247011.85600000003,247011.85600000003,0.883265306122449
2026-07-10 03:45:00+02:00,-50.0,50.0,247024.10600000003,247024.10600000003,0.883265306122449
2026-07-10 04:00:00+02:00,-50.0,50.0,247036.35600000003,247036.35600000003,0.883265306122449
2026-07-10 04:15:00+02:00,-50.0,50.0,247048.60600000003,247048.60600000003,0.883265306122449
2026-07-10 04:30:00+02:00,0.0,0.0,247060.85600000003,247060.85600000003,0.0
2026-07-10 04:45:00+02:00,0.0,0.0,247060.85600000003,247060.85600000003,0.0
2026-07-10 05:00:00+02:00,-50.0,50.0,247060.85600000003,247060.85600000003,2.0811607142857143
2026-07-10 05:15:00+02:00,-50.0,50.0,247048.1008979592,247073.10600000003,2.0811607142857143
2026-07-10 05:30:00+02:00,-50.0,50.0,247060.3508979592,247060.3508979592,2.0811607142857143
2026-07-10 05:45:00+02:00,-50.0,50.0,247047.5957959184,247072.6008979592,2.0811607142857143
2026-07-10 06:00:00+02:00,-50.0,50.0,247059.8457959184,247059.8457959184,2.0811607142857143
2026-07-10 06:15:00+02:00,-50.0,50.0,247047.09069387757,247072.0957959184,2.0811607142857143
2026-07-10 06:30:00+02:00,-50.0,50.0,247059.34069387757,247059.34069387757,2.0811607142857143
2026-07-10 06:45:00+02:00,-50.0,50.0,247046.58559183677,247071.59069387757,2.0811607142857143
2026-07-10 07:00:00+02:00,-50.0,50.0,247058.83559183677,247058.83559183677,2.0811607142857143
2026-07-10 07:15:00+02:00,-50.0,50.0,247046.08048979595,247071.08559183677,2.0811607142857143
2026-07-10 07:30:00+02:00,-50.0,50.0,247058.33048979595,247058.33048979595,2.0811607142857143
2026-07-10 07:45:00+02:00,-50.0,50.0,247045.57538775512,247070.58048979595,2.0811607142857143
2026-07-10 08:00:00+02:00,-50.0,50.0,247057.82538775512,247057.82538775512,2.0811607142857143
2026-07-10 08:15:00+02:00,-100.0,100.0,247045.07028571432,247070.07538775512,419.9329974489796
2026-07-10 08:30:00+02:00,-50.0,50.0,247069.57028571432,247069.57028571432,2.0811607142857143
2026-07-10 08:45:00+02:00,-50.0,50.0,247056.8151836735,247081.82028571432,2.0811607142857143
2026-07-10 09:00:00+02:00,-50.0,50.0,247069.0651836735,247069.0651836735,2.0811607142857143
2026-07-10 09:15:00+02:00,-50.0,50.0,247056.3100816327,247081.3151836735,2.0811607142857143
2026-07-10 09:30:00+02:00,-50.0,50.0,247068.5600816327,247068.5600816327,2.0811607142857143
2026-07-10 09:45:00+02:00,-100.0,100.0,247055.80497959186,247080.8100816327,4.38474141929499
2026-07-10 10:00:00+02:00,-100.0,100.0,247055.29987755104,247080.30497959186,4.38474141929499
2026-07-10 10:15:00+02:00,-100.0,100.0,247054.7947755102,247079.79987755104,4.38474141929499
2026-07-10 10:30:00+02:00,-150.0,150.0,247054.2896734694,247079.2947755102,94.30547611317256
2026-07-10 10:45:00+02:00,-150.0,150.0,247066.0345714286,247091.0396734694,94.30547611317256
2026-07-10 11:00:00+02:00,-150.0,150.0,247077.77946938778,247102.7845714286,94.30547611317256
2026-07-10 11:15:00+02:00,-150.0,150.0,247089.52436734695,247114.52946938778,94.30547611317256
2026-07-10 11:30:00+02:00,-150.0,150.0,247101.26926530615,247126.27436734695,94.30547611317256
2026-07-10 11:45:00+02:00,-100.0,100.0,247136.35079183677,247138.01926530615,4.38474141929499
2026-07-10 12:00:00+02:00,-100.0,100.0,247135.84568979594,247160.85079183677,4.38474141929499
2026-07-10 12:15:00+02:00,-100.0,100.0,247160.34568979594,247160.34568979594,4.38474141929499
2026-07-10 12:30:00+02:00,-100.0,100.0,247159.8405877551,247184.84568979594,4.38474141929499
2026-07-10 12:45:00+02:00,-100.0,100.0,247184.3405877551,247184.3405877551,4.38474141929499
2026-07-10 13:00:00+02:00,-50.0,50.0,247183.8354857143,247208.8405877551,2.303580705009276
2026-07-10 13:15:00+02:00,-50.0,50.0,247196.0854857143,247196.0854857143,2.303580705009276
2026-07-10 13:30:00+02:00,-50.0,50.0,247183.33038367348,247208.3354857143,2.303580705009276
2026-07-10 13:45:00+02:00,-50.0,50.0,247195.58038367348,247195.58038367348,2.303580705009276
2026-07-10 14:00:00+02:00,-50.0,50.0,247182.8252816327,247207.83038367348,2.303580705009276
2026-07-10 14:15:00+02:00,-50.0,50.0,247195.0752816327,247195.0752816327,2.303580705009276
2026-07-10 14:30:00+02:00,-100.0,100.0,247182.32017959186,247207.3252816327,4.2081993945903715
2026-07-10 14:45:00+02:00,-100.0,100.0,247181.81507755106,247206.82017959186,4.2081993945903715
2026-07-10 15:00:00+02:00,-100.0,100.0,247181.30997551023,247206.31507755106,4.2081993945903715
2026-07-10 15:15:00+02:00,-100.0,100.0,247180.8048734694,247205.80997551023,4.2081993945903715
2026-07-10 15:30:00+02:00,-100.0,100.0,247180.2997714286,247205.3048734694,4.2081993945903715
2026-07-10 15:45:00+02:00,-100.0,100.0,247179.79466938777,247204.7997714286,4.2081993945903715
2026-07-10 16:00:00+02:00,-100.0,100.0,247179.28956734695,247204.29466938777,4.2081993945903715
2026-07-10 16:15:00+02:00,-100.0,100.0,247178.78446530615,247203.78956734695,4.2081993945903715
2026-07-10 16:30:00+02:00,-100.0,100.0,247178.27936326535,247203.28446530615,4.2081993945903715
2026-07-10 16:45:00+02:00,-100.0,100.0,247177.77426122452,247202.77936326535,4.2081993945903715
2026-07-10 17:00:00+02:00,-100.0,100.0,247177.2691591837,247202.27426122452,4.2081993945903715
2026-07-10 17:15:00+02:00,-100.0,100.0,247176.7640571429,247201.7691591837,4.2081993945903715
2026-07-10 17:30:00+02:00,-150.0,150.0,247176.2589551021,247201.2640571429,45.89916149371574
2026-07-10 17:45:00+02:00,-150.0,150.0,247188.00385306127,247213.0089551021,45.89916149371574
2026-07-10 18:00:00+02:00,-150.0,150.0,247199.74875102044,247224.75385306127,45.89916149371574
2026-07-10 18:15:00+02:00,-150.0,150.0,247211.4936489796,247236.49875102044,45.89916149371574
2026-07-10 18:30:00+02:00,-150.0,150.0,247223.23854693878,247248.2436489796,45.89916149371574
2026-07-10 18:45:00+02:00,-150.0,150.0,247234.98344489798,247259.98854693878,45.89916149371574
2026-07-10 19:00:00+02:00,-150.0,150.0,247246.72834285718,247271.73344489798,45.89916149371574
2026-07-10 19:15:00+02:00,-150.0,150.0,247258.47324081635,247283.47834285718,45.89916149371574
2026-07-10 19:30:00+02:00,-150.0,150.0,247270.21813877553,247295.22324081635,45.89916149371574
2026-07-10 19:45:00+02:00,-150.0,150.0,247281.96303673473,247306.96813877553,45.89916149371574
2026-07-10 20:00:00+02:00,-150.0,150.0,247293.70793469393,247318.71303673473,45.89916149371574
2026-07-10 20:15:00+02:00,-150.0,150.0,247305.4528326531,247330.45793469393,45.89916149371574
2026-07-10 20:30:00+02:00,-150.0,150.0,247317.19773061227,247342.2028326531,45.89916149371574
2026-07-10 20:45:00+02:00,-150.0,150.0,247328.94262857144,247353.94773061227,45.89916149371574
2026-07-10 21:00:00+02:00,-100.0,100.0,247340.68752653062,247365.69262857144,4.2081993945903715
2026-07-10 21:15:00+02:00,-100.0,100.0,247340.18242448982,247365.18752653062,4.2081993945903715
2026-07-10 21:30:00+02:00,-100.0,100.0,247339.67732244902,247364.68242448982,4.2081993945903715
2026-07-10 21:45:00+02:00,-100.0,100.0,247339.1722204082,247364.17732244902,4.2081993945903715
2026-07-10 22:00:00+02:00,-100.0,100.0,247338.66711836736,247363.6722204082,4.2081993945903715
2026-07-10 22:15:00+02:00,-100.0,100.0,247343.67164897962,247363.16711836736,4.2081993945903715
2026-07-10 22:30:00+02:00,-100.0,100.0,247343.16654693882,247368.17164897962,4.2081993945903715
2026-07-10 22:45:00+02:00,-150.0,150.0,247367.66654693882,247367.66654693882,587.8816687823454
2026-07-10 23:00:00+02:00,-100.0,100.0,247379.61640000003,247404.41654693882,4.2081993945903715
2026-07-10 23:15:00+02:00,-150.0,150.0,247403.911444898,247404.11640000003,24.255298519954806
2026-07-10 23:30:00+02:00,-150.0,150.0,247416.3664,247440.66144489797,24.255298519954806
2026-07-10 23:45:00+02:00,-150.0,150.0,247452.40634285714,247453.1164,24.255298519954806
2026-07-11 00:00:00+02:00,-100.0,100.0,247465.3664,247489.15634285714,22.350679830373707
2026-07-11 00:15:00+02:00,-100.0,100.0,247488.65124081634,247489.8664,22.350679830373707
2026-07-11 00:30:00+02:00,-100.0,100.0,247489.8664,247513.15124081634,22.350679830373707
2026-07-11 00:45:00+02:00,-100.0,100.0,247512.6461387755,247514.3664,22.350679830373707
2026-07-11 01:00:00+02:00,-100.0,100.0,247514.3664,247537.1461387755,22.350679830373707
2026-07-11 01:15:00+02:00,-100.0,100.0,247536.6410367347,247538.8664,22.350679830373707
2026-07-11 01:30:00+02:00,-100.0,100.0,247538.8664,247561.1410367347,22.350679830373707
2026-07-11 01:45:00+02:00,-100.0,100.0,247560.63593469388,247563.3664,22.350679830373707
2026-07-11 02:00:00+02:00,-100.0,100.0,247563.3664,247585.13593469388,22.350679830373707
2026-07-11 02:15:00+02:00,-100.0,100.0,247584.63083265306,247587.8664,22.350679830373707
2026-07-11 02:30:00+02:00,-100.0,100.0,247587.8664,247609.13083265306,22.350679830373707
2026-07-11 02:45:00+02:00,-150.0,150.0,247608.62573061226,247612.3664,70.1924485378567
2026-07-11 03:00:00+02:00,-150.0,150.0,247624.6164,247645.37573061226,70.1924485378567
2026-07-11 03:15:00+02:00,-150.0,150.0,247657.12062857143,247661.3664,70.1924485378567
2026-07-11 03:30:00+02:00,-100.0,100.0,247673.6164,247693.87062857143,22.350679830373707
2026-07-11 03:45:00+02:00,-100.0,100.0,247693.36552653063,247698.1164,22.350679830373707
2026-07-11 04:00:00+02:00,-100.0,100.0,247698.1164,247717.86552653063,22.350679830373707
2026-07-11 04:15:00+02:00,-100.0,100.0,247717.3604244898,247722.6164,22.350679830373707
2026-07-11 04:30:00+02:00,-100.0,100.0,247722.6164,247741.8604244898,22.350679830373707
2026-07-11 04:45:00+02:00,-100.0,100.0,247741.355322449,247747.1164,22.350679830373707
2026-07-11 05:00:00+02:00,-100.0,100.0,247747.1164,247765.855322449,22.350679830373707
2026-07-11 05:15:00+02:00,-100.0,100.0,247765.35022040817,247771.6164,22.350679830373707
2026-07-11 05:30:00+02:00,-100.0,100.0,247771.6164,247789.85022040817,22.350679830373707
2026-07-11 05:45:00+02:00,-100.0,100.0,247789.34511836735,247796.1164,22.350679830373707
2026-07-11 06:00:00+02:00,-100.0,100.0,247796.1164,247813.84511836735,22.350679830373707
2026-07-11 06:15:00+02:00,-50.0,50.0,247813.34001632655,247820.6164,2.303580705009276
2026-07-11 06:30:00+02:00,-50.0,50.0,247808.3664,247825.59001632655,2.303580705009276
2026-07-11 06:45:00+02:00,-50.0,50.0,247812.83491428572,247820.6164,2.303580705009276
2026-07-11 07:00:00+02:00,-50.0,50.0,247808.3664,247825.08491428572,2.303580705009276
2026-07-11 07:15:00+02:00,-100.0,100.0,247812.32981224492,247820.6164,19.303070500927646
2026-07-11 07:30:00+02:00,-100.0,100.0,247820.6164,247836.82981224492,19.303070500927646
2026-07-11 07:45:00+02:00,-100.0,100.0,247836.3247102041,247845.1164,19.303070500927646
2026-07-11 08:00:00+02:00,-100.0,100.0,247845.1164,247860.8247102041,19.303070500927646
2026-07-11 08:15:00+02:00,-100.0,100.0,247860.31960816326,247869.6164,19.303070500927646
2026-07-11 08:30:00+02:00,-150.0,150.0,247869.6164,247884.81960816326,28.362297138951277
2026-07-11 08:45:00+02:00,-150.0,150.0,247871.55940408164,247906.3664,28.362297138951277
2026-07-11 09:00:00+02:00,-150.0,150.0,247893.61129795917,247908.30940408164,28.362297138951277
2026-07-11 09:15:00+02:00,-150.0,150.0,247895.0492,247930.36129795917,28.362297138951277
2026-07-11 09:30:00+02:00,-150.0,150.0,247917.60619591837,247931.7992,28.362297138951277
2026-07-11 09:45:00+02:00,-150.0,150.0,247918.53899591838,247954.35619591837,28.362297138951277
2026-07-11 10:00:00+02:00,-150.0,150.0,247941.60109387754,247955.28899591838,28.362297138951277
2026-07-11 10:15:00+02:00,-100.0,100.0,247942.02879183675,247978.35109387754,11.362807343032905
2026-07-11 10:30:00+02:00,-100.0,100.0,247953.34599183674,247966.52879183675,11.362807343032905
2026-07-11 10:45:00+02:00,-100.0,100.0,247941.0185877551,247977.84599183674,11.362807343032905
2026-07-11 11:00:00+02:00,-100.0,100.0,247952.84088979592,247965.5185877551,11.362807343032905
2026-07-11 11:15:00+02:00,-100.0,100.0,247961.982,247977.34088979592,11.362807343032905
2026-07-11 11:30:00+02:00,-100.0,100.0,247974.232,247986.482,11.362807343032905
2026-07-11 11:45:00+02:00,-100.0,100.0,247986.482,247998.732,11.362807343032905
2026-07-11 12:00:00+02:00,-100.0,100.0,247998.732,248010.982,11.362807343032905
2026-07-11 12:15:00+02:00,-100.0,100.0,248010.982,248023.232,11.362807343032905
2026-07-11 12:30:00+02:00,-100.0,100.0,248023.232,248035.482,11.362807343032905
2026-07-11 12:45:00+02:00,-100.0,100.0,248035.482,248047.732,11.362807343032905
2026-07-11 13:00:00+02:00,-100.0,100.0,248047.732,248059.982,11.362807343032905
2026-07-11 13:15:00+02:00,-100.0,100.0,248059.982,248072.232,11.362807343032905
2026-07-11 13:30:00+02:00,-100.0,100.0,248072.232,248084.482,11.362807343032905
2026-07-11 13:45:00+02:00,-100.0,100.0,248084.482,248096.732,11.362807343032905
2026-07-11 14:00:00+02:00,-100.0,100.0,248096.732,248108.982,11.362807343032905
2026-07-11 14:15:00+02:00,-100.0,100.0,248108.982,248121.232,11.362807343032905
2026-07-11 14:30:00+02:00,-150.0,150.0,248121.232,248133.482,26.606412785209777
2026-07-11 14:45:00+02:00,-150.0,150.0,248145.732,248157.982,26.606412785209777
2026-07-11 15:00:00+02:00,-150.0,150.0,248170.232,248182.482,26.606412785209777
2026-07-11 15:15:00+02:00,-150.0,150.0,248194.732,248206.982,26.606412785209777
2026-07-11 15:30:00+02:00,-150.0,150.0,248219.232,248231.482,26.606412785209777
2026-07-11 15:45:00+02:00,-150.0,150.0,248243.732,248255.982,26.606412785209777
2026-07-11 16:00:00+02:00,-150.0,150.0,248268.232,248280.482,26.606412785209777
2026-07-11 16:15:00+02:00,-150.0,150.0,248292.732,248304.982,26.606412785209777
2026-07-11 16:30:00+02:00,-150.0,150.0,248317.232,248329.482,26.606412785209777
2026-07-11 16:45:00+02:00,-150.0,150.0,248341.732,248353.982,26.606412785209777
2026-07-11 17:00:00+02:00,-150.0,150.0,248366.232,248378.482,26.606412785209777
2026-07-11 17:15:00+02:00,-150.0,150.0,248390.732,248402.982,26.606412785209777
2026-07-11 17:30:00+02:00,-100.0,100.0,248415.232,248427.482,11.362807343032905
2026-07-11 17:45:00+02:00,-100.0,100.0,248427.482,248439.732,11.362807343032905
2026-07-11 18:00:00+02:00,-50.0,50.0,248439.732,248451.982,2.303580705009276
2026-07-11 18:15:00+02:00,-50.0,50.0,248439.732,248451.982,2.303580705009276
2026-07-11 18:30:00+02:00,-50.0,50.0,248439.732,248451.982,2.303580705009276
2026-07-11 18:45:00+02:00,-50.0,50.0,248439.732,248451.982,2.303580705009276
2026-07-11 19:00:00+02:00,-50.0,50.0,248439.732,248451.982,2.303580705009276
2026-07-11 19:15:00+02:00,-50.0,50.0,248439.732,248451.982,2.303580705009276
2026-07-11 19:30:00+02:00,-50.0,50.0,248439.732,248451.982,2.303580705009276
2026-07-11 19:45:00+02:00,-50.0,50.0,248439.732,248451.982,2.303580705009276
2026-07-11 20:00:00+02:00,-100.0,100.0,248439.732,248451.982,3.25357876137468
2026-07-11 20:15:00+02:00,-100.0,100.0,248426.97689795916,248464.232,3.25357876137468
2026-07-11 20:30:00+02:00,-100.0,100.0,248439.22689795916,248451.47689795916,3.25357876137468
2026-07-11 20:45:00+02:00,-150.0,150.0,248426.47179591836,248463.72689795916,4.957905291986925
2026-07-11 21:00:00+02:00,-150.0,150.0,248425.96669387756,248463.22179591836,4.957905291986925
2026-07-11 21:15:00+02:00,-150.0,150.0,248425.46159183673,248462.71669387756,4.957905291986925
2026-07-11 21:30:00+02:00,-150.0,150.0,248424.9564897959,248462.21159183673,4.957905291986925
2026-07-11 21:45:00+02:00,-150.0,150.0,248424.4513877551,248461.7064897959,4.957905291986925
2026-07-11 22:00:00+02:00,-150.0,150.0,248423.9462857143,248461.2013877551,4.957905291986925
2026-07-11 22:15:00+02:00,-150.0,150.0,248423.44118367348,248460.6962857143,4.957905291986925
2026-07-11 22:30:00+02:00,-150.0,150.0,248422.93608163265,248460.19118367348,4.957905291986925
2026-07-11 22:45:00+02:00,-150.0,150.0,248422.43097959182,248459.68608163265,4.957905291986925
2026-07-11 23:00:00+02:00,-150.0,150.0,248421.925877551,248459.18097959182,4.957905291986925
2026-07-11 23:15:00+02:00,-150.0,150.0,248421.4207755102,248458.675877551,4.957905291986925
2026-07-11 23:30:00+02:00,-150.0,150.0,248420.9156734694,248458.1707755102,4.957905291986925
2026-07-11 23:45:00+02:00,-150.0,150.0,248420.41057142857,248457.6656734694,4.957905291986925
2026-07-12 00:00:00+02:00,-150.0,150.0,248419.90546938774,248457.16057142857,4.957905291986925
2026-07-12 00:15:00+02:00,-150.0,150.0,248419.40036734694,248456.65546938774,4.957905291986925
2026-07-12 00:30:00+02:00,-150.0,150.0,248418.89526530614,248456.15036734694,4.957905291986925
2026-07-12 00:45:00+02:00,-150.0,150.0,248418.3901632653,248455.64526530614,4.957905291986925
2026-07-12 01:00:00+02:00,-150.0,150.0,248417.8850612245,248455.1401632653,4.957905291986925
2026-07-12 01:15:00+02:00,-150.0,150.0,248417.37995918366,248454.6350612245,4.957905291986925
2026-07-12 01:30:00+02:00,-150.0,150.0,248416.87485714283,248454.12995918366,4.957905291986925
2026-07-12 01:45:00+02:00,-150.0,150.0,248416.36975510203,248453.62485714283,4.957905291986925
2026-07-12 02:00:00+02:00,-150.0,150.0,248415.86465306123,248453.11975510203,4.957905291986925
2026-07-12 02:15:00+02:00,-150.0,150.0,248415.3595510204,248452.61465306123,4.957905291986925
2026-07-12 02:30:00+02:00,-150.0,150.0,248414.8544489796,248452.1095510204,4.957905291986925
2026-07-12 02:45:00+02:00,-150.0,150.0,248414.3493469388,248451.6044489796,4.957905291986925
2026-07-12 03:00:00+02:00,-150.0,150.0,248413.84424489798,248451.0993469388,4.957905291986925
2026-07-12 03:15:00+02:00,-150.0,150.0,248413.33914285715,248450.59424489798,4.957905291986925
2026-07-12 03:30:00+02:00,-150.0,150.0,248412.83404081632,248450.08914285715,4.957905291986925
2026-07-12 03:45:00+02:00,-150.0,150.0,248412.32893877552,248449.58404081632,4.957905291986925
2026-07-12 04:00:00+02:00,-150.0,150.0,248411.8238367347,248449.07893877552,4.957905291986925
2026-07-12 04:15:00+02:00,-150.0,150.0,248411.31873469386,248448.5738367347,4.957905291986925
2026-07-12 04:30:00+02:00,-150.0,150.0,248410.81363265307,248448.06873469386,4.957905291986925
2026-07-12 04:45:00+02:00,-150.0,150.0,248410.30853061224,248447.56363265307,4.957905291986925
2026-07-12 05:00:00+02:00,-150.0,150.0,248409.80342857144,248447.05853061224,4.957905291986925
2026-07-12 05:15:00+02:00,-150.0,150.0,248409.29832653064,248446.55342857144,4.957905291986925
2026-07-12 05:30:00+02:00,-150.0,150.0,248408.7932244898,248446.04832653064,4.957905291986925
2026-07-12 05:45:00+02:00,-150.0,150.0,248408.28812244898,248445.5432244898,4.957905291986925
2026-07-12 06:00:00+02:00,-150.0,150.0,248407.78302040815,248445.03812244898,4.957905291986925
2026-07-12 06:15:00+02:00,-150.0,150.0,248407.27791836736,248444.53302040815,4.957905291986925
2026-07-12 06:30:00+02:00,-150.0,150.0,248406.77281632653,248444.02791836736,4.957905291986925
2026-07-12 06:45:00+02:00,-150.0,150.0,248406.2677142857,248443.52281632653,4.957905291986925
2026-07-12 07:00:00+02:00,-150.0,150.0,248405.7626122449,248443.0177142857,4.957905291986925
2026-07-12 07:15:00+02:00,-150.0,150.0,248405.25751020407,248442.5126122449,4.957905291986925
2026-07-12 07:30:00+02:00,-150.0,150.0,248404.75240816327,248442.00751020407,4.957905291986925
2026-07-12 07:45:00+02:00,-150.0,150.0,248404.24730612247,248441.50240816327,4.957905291986925
2026-07-12 08:00:00+02:00,-150.0,150.0,248403.74220408165,248440.99730612247,4.957905291986925
2026-07-12 08:15:00+02:00,-150.0,150.0,248403.23710204082,248440.49220408165,4.957905291986925
2026-07-12 08:30:00+02:00,-150.0,150.0,248402.732,248439.98710204082,4.957905291986925
2026-07-12 08:45:00+02:00,-150.0,150.0,248402.2268979592,248439.482,4.957905291986925
2026-07-12 09:00:00+02:00,-150.0,150.0,248401.72179591836,248438.9768979592,4.957905291986925
2026-07-12 09:15:00+02:00,-150.0,150.0,248401.21669387753,248438.47179591836,4.957905291986925
2026-07-12 09:30:00+02:00,-150.0,150.0,248400.71159183673,248437.96669387753,4.957905291986925
2026-07-12 09:45:00+02:00,-150.0,150.0,248400.2064897959,248437.46159183673,4.957905291986925
2026-07-12 10:00:00+02:00,-150.0,150.0,248399.7013877551,248436.9564897959,4.957905291986925
2026-07-12 10:15:00+02:00,-150.0,150.0,248399.1962857143,248436.4513877551,4.957905291986925
2026-07-12 10:30:00+02:00,-150.0,150.0,248398.69118367348,248435.9462857143,4.957905291986925
2026-07-12 10:45:00+02:00,-150.0,150.0,248406.68608163265,248435.44118367348,4.957905291986925
2026-07-12 11:00:00+02:00,-150.0,150.0,248418.43097959182,248443.43608163265,4.957905291986925
2026-07-12 11:15:00+02:00,-150.0,150.0,248430.17587755102,248455.18097959182,4.957905291986925
2026-07-12 11:30:00+02:00,-150.0,150.0,248441.9207755102,248466.92587755102,4.957905291986925
2026-07-12 11:45:00+02:00,-150.0,150.0,248453.66567346937,248478.6707755102,4.957905291986925
2026-07-12 12:00:00+02:00,-150.0,150.0,248465.41057142857,248490.41567346937,4.957905291986925
2026-07-12 12:15:00+02:00,-150.0,150.0,248477.15546938774,248502.16057142857,4.957905291986925
2026-07-12 12:30:00+02:00,-150.0,150.0,248488.90036734694,248513.90546938774,4.957905291986925
2026-07-12 12:45:00+02:00,-150.0,150.0,248500.64526530614,248525.65036734694,4.957905291986925
2026-07-12 13:00:00+02:00,-150.0,150.0,248512.3901632653,248537.39526530614,4.957905291986925
2026-07-12 13:15:00+02:00,-150.0,150.0,248524.1350612245,248549.1401632653,4.957905291986925
2026-07-12 13:30:00+02:00,-150.0,150.0,248535.87995918366,248560.8850612245,4.957905291986925
2026-07-12 13:45:00+02:00,-150.0,150.0,248547.62485714286,248572.62995918366,4.957905291986925
2026-07-12 14:00:00+02:00,-150.0,150.0,248559.36975510203,248584.37485714286,4.957905291986925
2026-07-12 14:15:00+02:00,-150.0,150.0,248571.1146530612,248596.11975510203,4.957905291986925
2026-07-12 14:30:00+02:00,-150.0,150.0,248582.8595510204,248607.8646530612,4.957905291986925
2026-07-12 14:45:00+02:00,-150.0,150.0,248594.6044489796,248619.6095510204,4.957905291986925
2026-07-12 15:00:00+02:00,-150.0,150.0,248606.3493469388,248631.3544489796,4.957905291986925
2026-07-12 15:15:00+02:00,-150.0,150.0,248618.09424489798,248643.0993469388,4.957905291986925
2026-07-12 15:30:00+02:00,-150.0,150.0,248629.83914285715,248654.84424489798,4.957905291986925
2026-07-12 15:45:00+02:00,-150.0,150.0,248641.58404081632,248666.58914285715,4.957905291986925
2026-07-12 16:00:00+02:00,-150.0,150.0,248653.3289387755,248678.33404081632,4.957905291986925
2026-07-12 16:15:00+02:00,-150.0,150.0,248665.0738367347,248690.0789387755,4.957905291986925
2026-07-12 16:30:00+02:00,-150.0,150.0,248676.81873469386,248701.8238367347,4.957905291986925
2026-07-12 16:45:00+02:00,-150.0,150.0,248688.56363265304,248713.56873469386,4.957905291986925
2026-07-12 17:00:00+02:00,-150.0,150.0,248700.30853061224,248725.31363265304,4.957905291986925
2026-07-12 17:15:00+02:00,-150.0,150.0,248712.05342857144,248737.05853061224,4.957905291986925
2026-07-12 17:30:00+02:00,-150.0,150.0,248723.79832653064,248748.80342857144,4.957905291986925
2026-07-12 17:45:00+02:00,-150.0,150.0,248735.5432244898,248760.54832653064,4.957905291986925
2026-07-12 18:00:00+02:00,-150.0,150.0,248764.53151020408,248772.2932244898,4.957905291986925
2026-07-12 18:15:00+02:00,-150.0,150.0,248776.27640816325,248801.28151020408,4.957905291986925
2026-07-12 18:30:00+02:00,-150.0,150.0,248813.02640816325,248813.02640816325,4.957905291986925
2026-07-12 18:45:00+02:00,-150.0,150.0,248824.77130612245,248849.77640816325,4.957905291986925
2026-07-12 19:00:00+02:00,-150.0,150.0,248861.52130612245,248861.52130612245,4.957905291986925
2026-07-12 19:15:00+02:00,-150.0,150.0,248873.26620408162,248898.27130612245,4.957905291986925
2026-07-12 19:30:00+02:00,-150.0,150.0,248910.01620408162,248910.01620408162,4.957905291986925
2026-07-12 19:45:00+02:00,-150.0,150.0,248933.5108,248946.76620408162,4.957905291986925
2026-07-12 20:00:00+02:00,-150.0,150.0,248970.2608,248970.2608,4.957905291986925
2026-07-12 20:15:00+02:00,-150.0,150.0,249007.0108,249007.0108,4.957905291986925
2026-07-12 20:30:00+02:00,-150.0,150.0,249043.7608,249043.7608,4.957905291986925
2026-07-12 20:45:00+02:00,-150.0,150.0,249080.5108,249080.5108,4.957905291986925
2026-07-12 21:00:00+02:00,-150.0,150.0,249117.2608,249117.2608,4.957905291986925
2026-07-12 21:15:00+02:00,-150.0,150.0,249154.0108,249154.0108,4.957905291986925
2026-07-12 21:30:00+02:00,-150.0,150.0,249190.7608,249190.7608,4.957905291986925
2026-07-12 21:45:00+02:00,-100.0,100.0,249227.5108,249227.5108,3.25357876137468
2026-07-12 22:00:00+02:00,-100.0,100.0,249252.0108,249252.0108,3.25357876137468
2026-07-12 22:15:00+02:00,0.0,0.0,249276.5108,249276.5108,0.0
2026-07-12 22:30:00+02:00,0.0,0.0,249276.5108,249276.5108,0.0
2026-07-12 22:45:00+02:00,0.0,0.0,249276.5108,249276.5108,0.0
2026-07-12 23:00:00+02:00,0.0,0.0,249276.5108,249276.5108,0.0
2026-07-12 23:15:00+02:00,0.0,0.0,249276.5108,249276.5108,0.0
2026-07-12 23:30:00+02:00,-50.0,50.0,249276.5108,249276.5108,31.343265306122472
2026-07-12 23:45:00+02:00,-50.0,50.0,249288.7608,249288.7608,31.343265306122472
2026-07-13 00:00:00+02:00,0.0,0.0,249301.0108,249301.0108,0.0
2026-07-13 00:15:00+02:00,0.0,0.0,249301.0108,249301.0108,0.0
2026-07-13 00:30:00+02:00,-50.0,50.0,249301.0108,249301.0108,26.25557823129252
2026-07-13 00:45:00+02:00,-50.0,50.0,249313.2608,249313.2608,26.25557823129252
2026-07-13 01:00:00+02:00,-50.0,50.0,249325.51080000002,249325.51080000002,26.25557823129252
2026-07-13 01:15:00+02:00,-100.0,100.0,249337.76080000002,249337.76080000002,28.110952380952384
2026-07-13 01:30:00+02:00,-100.0,100.0,249337.2556979592,249362.26080000002,28.110952380952384
2026-07-13 01:45:00+02:00,-100.0,100.0,249361.7556979592,249361.7556979592,28.110952380952384
2026-07-13 02:00:00+02:00,-50.0,50.0,249361.2505959184,249386.2556979592,1.8553741496598632
2026-07-13 02:15:00+02:00,-50.0,50.0,249373.5005959184,249373.5005959184,1.8553741496598632
2026-07-13 02:30:00+02:00,-50.0,50.0,249360.74549387756,249385.7505959184,1.8553741496598632
2026-07-13 02:45:00+02:00,-50.0,50.0,249372.99549387756,249372.99549387756,1.8553741496598632
2026-07-13 03:00:00+02:00,-100.0,100.0,249360.24039183676,249385.24549387756,6.980280981958
2026-07-13 03:15:00+02:00,-100.0,100.0,249359.73528979594,249384.74039183676,6.980280981958
2026-07-13 03:30:00+02:00,-150.0,150.0,249359.2301877551,249384.23528979594,81.85099526767229
2026-07-13 03:45:00+02:00,-150.0,150.0,249370.9750857143,249395.9801877551,81.85099526767229
2026-07-13 04:00:00+02:00,-150.0,150.0,249382.71998367348,249407.7250857143,81.85099526767229
2026-07-13 04:15:00+02:00,-150.0,150.0,249394.46488163265,249419.46998367348,81.85099526767229
2026-07-13 04:30:00+02:00,-100.0,100.0,249406.20977959185,249431.21488163265,6.980280981958
2026-07-13 04:45:00+02:00,-100.0,100.0,249405.70467755105,249430.70977959185,6.980280981958
2026-07-13 05:00:00+02:00,-100.0,100.0,249405.19957551023,249430.20467755105,6.980280981958
2026-07-13 05:15:00+02:00,-150.0,150.0,249404.6944734694,249429.69957551023,9.241342206447795
2026-07-13 05:30:00+02:00,-150.0,150.0,249391.43426938777,249441.4444734694,9.241342206447795
2026-07-13 05:45:00+02:00,-150.0,150.0,249403.17916734694,249428.18426938777,9.241342206447795
2026-07-13 06:00:00+02:00,-150.0,150.0,249389.91896326529,249439.92916734694,9.241342206447795
2026-07-13 06:15:00+02:00,-150.0,150.0,249401.6638612245,249426.66896326529,9.241342206447795
2026-07-13 06:30:00+02:00,-150.0,150.0,249388.40365714286,249438.4138612245,9.241342206447795
2026-07-13 06:45:00+02:00,-150.0,150.0,249400.14855510203,249425.15365714286,9.241342206447795
2026-07-13 07:00:00+02:00,-150.0,150.0,249386.88835102043,249436.89855510203,9.241342206447795
2026-07-13 07:15:00+02:00,-150.0,150.0,249398.63324897963,249423.63835102043,9.241342206447795
2026-07-13 07:30:00+02:00,-150.0,150.0,249385.37304489798,249435.38324897963,9.241342206447795
2026-07-13 07:45:00+02:00,-150.0,150.0,249397.11794285715,249422.12304489798,9.241342206447795
2026-07-13 08:00:00+02:00,-150.0,150.0,249389.68196734693,249433.86794285715,9.241342206447795
2026-07-13 08:15:00+02:00,-150.0,150.0,249401.4268653061,249426.43196734693,9.241342206447795
2026-07-13 08:30:00+02:00,-150.0,150.0,249413.17176326527,249438.1768653061,9.241342206447795
2026-07-13 08:45:00+02:00,-150.0,150.0,249424.91666122447,249449.92176326527,9.241342206447795
2026-07-13 09:00:00+02:00,-150.0,150.0,249436.66155918367,249461.66666122447,9.241342206447795
2026-07-13 09:15:00+02:00,-150.0,150.0,249448.40645714285,249473.41155918367,9.241342206447795
2026-07-13 09:30:00+02:00,-100.0,100.0,249460.15135510205,249485.15645714285,7.385968056787933
2026-07-13 09:45:00+02:00,-100.0,100.0,249477.24848163268,249484.65135510205,7.385968056787933
2026-07-13 10:00:00+02:00,-150.0,150.0,249476.74337959185,249501.74848163268,16.96774231751263
2026-07-13 10:15:00+02:00,-150.0,150.0,249488.48827755102,249513.49337959185,16.96774231751263
2026-07-13 10:30:00+02:00,-150.0,150.0,249500.2331755102,249525.23827755102,16.96774231751263
2026-07-13 10:45:00+02:00,-150.0,150.0,249511.9780734694,249536.9831755102,16.96774231751263
2026-07-13 11:00:00+02:00,-150.0,150.0,249523.72297142856,249548.7280734694,16.96774231751263
2026-07-13 11:15:00+02:00,-150.0,150.0,249535.46786938774,249560.47297142856,16.96774231751263
2026-07-13 11:30:00+02:00,-150.0,150.0,249547.21276734694,249572.21786938774,16.96774231751263
2026-07-13 11:45:00+02:00,-150.0,150.0,249558.95766530614,249583.96276734694,16.96774231751263
2026-07-13 12:00:00+02:00,-150.0,150.0,249570.70256326534,249595.70766530614,16.96774231751263
2026-07-13 12:15:00+02:00,-150.0,150.0,249582.4474612245,249607.45256326534,16.96774231751263
2026-07-13 12:30:00+02:00,-150.0,150.0,249594.19235918368,249619.1974612245,16.96774231751263
2026-07-13 12:45:00+02:00,-150.0,150.0,249615.83466938775,249630.94235918368,16.96774231751263
2026-07-13 13:00:00+02:00,-150.0,150.0,249627.57956734693,249652.58466938775,16.96774231751263
2026-07-13 13:15:00+02:00,-150.0,150.0,249664.32956734693,249664.32956734693,16.96774231751263
2026-07-13 13:30:00+02:00,-150.0,150.0,249676.0744653061,249701.07956734693,16.96774231751263
2026-07-13 13:45:00+02:00,-150.0,150.0,249712.8244653061,249712.8244653061,16.96774231751263
2026-07-13 14:00:00+02:00,-150.0,150.0,249724.5693632653,249749.5744653061,16.96774231751263
2026-07-13 14:15:00+02:00,-150.0,150.0,249761.3193632653,249761.3193632653,16.96774231751263
2026-07-13 14:30:00+02:00,-100.0,100.0,249773.0642612245,249798.0693632653,11.842835485214493
2026-07-13 14:45:00+02:00,-100.0,100.0,249797.5642612245,249797.5642612245,11.842835485214493
2026-07-13 15:00:00+02:00,-100.0,100.0,249797.05915918367,249822.0642612245,11.842835485214493
2026-07-13 15:15:00+02:00,-100.0,100.0,249821.55915918367,249821.55915918367,11.842835485214493
2026-07-13 15:30:00+02:00,-100.0,100.0,249821.05405714284,249846.05915918367,11.842835485214493
2026-07-13 15:45:00+02:00,-100.0,100.0,249845.55405714284,249845.55405714284,11.842835485214493
2026-07-13 16:00:00+02:00,-100.0,100.0,249845.04895510201,249870.05405714284,11.842835485214493
2026-07-13 16:15:00+02:00,-100.0,100.0,249869.54895510201,249869.54895510201,11.842835485214493
2026-07-13 16:30:00+02:00,-100.0,100.0,249869.04385306122,249894.04895510201,11.842835485214493
2026-07-13 16:45:00+02:00,-100.0,100.0,249893.54385306122,249893.54385306122,11.842835485214493
2026-07-13 17:00:00+02:00,-100.0,100.0,249893.03875102042,249918.04385306122,11.842835485214493
2026-07-13 17:15:00+02:00,-100.0,100.0,249917.53875102042,249917.53875102042,11.842835485214493
2026-07-13 17:30:00+02:00,-100.0,100.0,249917.0336489796,249942.03875102042,11.842835485214493
2026-07-13 17:45:00+02:00,-150.0,150.0,249941.5336489796,249941.5336489796,34.892631403581845
2026-07-13 18:00:00+02:00,-150.0,150.0,249953.27854693876,249978.2836489796,34.892631403581845
2026-07-13 18:15:00+02:00,-150.0,150.0,249990.02854693876,249990.02854693876,34.892631403581845
2026-07-13 18:30:00+02:00,-150.0,150.0,250024.6908,250026.77854693876,34.892631403581845
2026-07-13 18:45:00+02:00,-150.0,150.0,250061.4408,250061.4408,34.892631403581845
2026-07-13 19:00:00+02:00,-150.0,150.0,250098.1908,250098.1908,34.892631403581845
2026-07-13 19:15:00+02:00,-150.0,150.0,250134.9408,250134.9408,34.892631403581845
2026-07-13 19:30:00+02:00,-150.0,150.0,250171.6908,250171.6908,34.892631403581845
2026-07-13 19:45:00+02:00,-150.0,150.0,250208.4408,250208.4408,34.892631403581845
2026-07-13 20:00:00+02:00,-150.0,150.0,250245.1908,250245.1908,34.892631403581845
2026-07-13 20:15:00+02:00,-150.0,150.0,250281.9408,250281.9408,34.892631403581845
2026-07-13 20:30:00+02:00,-100.0,100.0,250318.6908,250318.6908,11.842835485214493
2026-07-13 20:45:00+02:00,-100.0,100.0,250343.1908,250343.1908,11.842835485214493
2026-07-13 21:00:00+02:00,-150.0,150.0,250367.6908,250367.6908,128.5775293627655
2026-07-13 21:15:00+02:00,-100.0,100.0,250404.4408,250404.4408,11.842835485214493
2026-07-13 21:30:00+02:00,-50.0,50.0,250428.9408,250428.9408,9.581774260724698
2026-07-13 21:45:00+02:00,-50.0,50.0,250441.1908,250441.1908,9.581774260724698
2026-07-13 22:00:00+02:00,-50.0,50.0,250453.4408,250453.4408,9.581774260724698
2026-07-13 22:15:00+02:00,0.0,0.0,250465.6908,250465.6908,0.0
2026-07-13 22:30:00+02:00,0.0,0.0,250465.6908,250465.6908,0.0
2026-07-13 22:45:00+02:00,0.0,0.0,250465.6908,250465.6908,0.0
2026-07-13 23:00:00+02:00,0.0,0.0,250465.6908,250465.6908,0.0
2026-07-13 23:15:00+02:00,0.0,0.0,250465.6908,250465.6908,0.0
2026-07-13 23:30:00+02:00,0.0,0.0,250465.6908,250465.6908,0.0
2026-07-13 23:45:00+02:00,0.0,0.0,250465.6908,250465.6908,0.0
2026-07-14 00:00:00+02:00,-50.0,50.0,250465.6908,250465.6908,9.96330612244898
2026-07-14 00:15:00+02:00,-50.0,50.0,250453.08120000002,250477.9408,9.96330612244898
2026-07-14 00:30:00+02:00,-50.0,50.0,250465.33120000002,250465.33120000002,9.96330612244898
2026-07-14 00:45:00+02:00,-50.0,50.0,250477.58120000002,250477.58120000002,9.96330612244898
2026-07-14 01:00:00+02:00,-100.0,100.0,250489.83120000002,250489.83120000002,35.00289795918368
2026-07-14 01:15:00+02:00,-100.0,100.0,250514.33120000002,250514.33120000002,35.00289795918368
2026-07-14 01:30:00+02:00,-100.0,100.0,250538.83120000002,250538.83120000002,35.00289795918368
2026-07-14 01:45:00+02:00,-100.0,100.0,250563.33120000002,250563.33120000002,35.00289795918368
2026-07-14 02:00:00+02:00,-100.0,100.0,250587.83120000002,250587.83120000002,35.00289795918368
2026-07-14 02:15:00+02:00,-100.0,100.0,250612.33120000002,250612.33120000002,35.00289795918368
2026-07-14 02:30:00+02:00,0.0,0.0,250636.83120000002,250636.83120000002,0.0
2026-07-14 02:45:00+02:00,0.0,0.0,250636.83120000002,250636.83120000002,0.0
2026-07-14 03:00:00+02:00,0.0,0.0,250636.83120000002,250636.83120000002,0.0
2026-07-14 03:15:00+02:00,0.0,0.0,250636.83120000002,250636.83120000002,0.0
2026-07-14 03:30:00+02:00,-50.0,50.0,250636.83120000002,250636.83120000002,66.05724489795918
2026-07-14 03:45:00+02:00,-50.0,50.0,250649.08120000002,250649.08120000002,66.05724489795918
2026-07-14 04:00:00+02:00,-50.0,50.0,250661.33120000002,250661.33120000002,66.05724489795918
2026-07-14 04:15:00+02:00,-50.0,50.0,250673.58120000002,250673.58120000002,66.05724489795918
2026-07-14 04:30:00+02:00,0.0,0.0,250685.83120000002,250685.83120000002,0.0
2026-07-14 04:45:00+02:00,0.0,0.0,250685.83120000002,250685.83120000002,0.0
2026-07-14 05:00:00+02:00,0.0,0.0,250685.83120000002,250685.83120000002,0.0
2026-07-14 05:15:00+02:00,0.0,0.0,250685.83120000002,250685.83120000002,0.0
2026-07-14 05:30:00+02:00,0.0,0.0,250685.83120000002,250685.83120000002,0.0
2026-07-14 05:45:00+02:00,0.0,0.0,250685.83120000002,250685.83120000002,0.0
2026-07-14 06:00:00+02:00,0.0,0.0,250685.83120000002,250685.83120000002,0.0
2026-07-14 06:15:00+02:00,0.0,0.0,250685.83120000002,250685.83120000002,0.0
2026-07-14 06:30:00+02:00,0.0,0.0,250685.83120000002,250685.83120000002,0.0
2026-07-14 06:45:00+02:00,0.0,0.0,250685.83120000002,250685.83120000002,0.0
2026-07-14 07:00:00+02:00,0.0,0.0,250685.83120000002,250685.83120000002,0.0
2026-07-14 07:15:00+02:00,-50.0,50.0,250685.83120000002,250685.83120000002,54.65518367346938
2026-07-14 07:30:00+02:00,-50.0,50.0,250698.08120000002,250698.08120000002,54.65518367346938
2026-07-14 07:45:00+02:00,-50.0,50.0,250710.33120000002,250710.33120000002,54.65518367346938
2026-07-14 08:00:00+02:00,-50.0,50.0,250722.58120000002,250722.58120000002,54.65518367346938
2026-07-14 08:15:00+02:00,-50.0,50.0,250734.83120000002,250734.83120000002,54.65518367346938
2026-07-14 08:30:00+02:00,0.0,0.0,250747.08120000002,250747.08120000002,0.0
2026-07-14 08:45:00+02:00,0.0,0.0,250747.08120000002,250747.08120000002,0.0
2026-07-14 09:00:00+02:00,0.0,0.0,250747.08120000002,250747.08120000002,0.0
2026-07-14 09:15:00+02:00,0.0,0.0,250747.08120000002,250747.08120000002,0.0
2026-07-14 09:30:00+02:00,0.0,0.0,250747.08120000002,250747.08120000002,0.0
2026-07-14 09:45:00+02:00,-50.0,50.0,250747.08120000002,250747.08120000002,3.3784393757503
2026-07-14 10:00:00+02:00,-50.0,50.0,250734.3260979592,250759.33120000002,3.3784393757503
2026-07-14 10:15:00+02:00,-50.0,50.0,250746.5760979592,250746.5760979592,3.3784393757503
2026-07-14 10:30:00+02:00,-50.0,50.0,250733.8209959184,250758.8260979592,3.3784393757503
2026-07-14 10:45:00+02:00,-50.0,50.0,250746.0709959184,250746.0709959184,3.3784393757503
2026-07-14 11:00:00+02:00,-100.0,100.0,250733.31589387756,250758.3209959184,13.127870862630768
2026-07-14 11:15:00+02:00,-100.0,100.0,250732.81079183673,250757.81589387756,13.127870862630768
2026-07-14 11:30:00+02:00,-100.0,100.0,250732.30568979593,250757.31079183673,13.127870862630768
2026-07-14 11:45:00+02:00,-100.0,100.0,250731.80058775513,250756.80568979593,13.127870862630768
2026-07-14 12:00:00+02:00,-100.0,100.0,250731.2954857143,250756.30058775513,13.127870862630768
2026-07-14 12:15:00+02:00,-100.0,100.0,250730.79038367348,250755.7954857143,13.127870862630768
2026-07-14 12:30:00+02:00,-100.0,100.0,250730.28528163265,250755.29038367348,13.127870862630768
2026-07-14 12:45:00+02:00,-100.0,100.0,250754.3249877551,250754.78528163265,13.127870862630768
2026-07-14 13:00:00+02:00,-100.0,100.0,250753.8198857143,250778.8249877551,13.127870862630768
2026-07-14 13:15:00+02:00,-100.0,100.0,250778.3198857143,250778.3198857143,13.127870862630768
2026-07-14 13:30:00+02:00,-100.0,100.0,250777.81478367347,250802.8198857143,13.127870862630768
2026-07-14 13:45:00+02:00,-150.0,150.0,250802.31478367347,250802.31478367347,164.3576667809981
2026-07-14 14:00:00+02:00,-150.0,150.0,250814.05968163267,250839.06478367347,164.3576667809981
2026-07-14 14:15:00+02:00,-150.0,150.0,250850.80968163267,250850.80968163267,164.3576667809981
2026-07-14 14:30:00+02:00,-100.0,100.0,250862.55457959184,250887.55968163267,13.127870862630768
2026-07-14 14:45:00+02:00,-100.0,100.0,250887.05457959184,250887.05457959184,13.127870862630768
2026-07-14 15:00:00+02:00,-100.0,100.0,250886.54947755102,250911.55457959184,13.127870862630768
2026-07-14 15:15:00+02:00,-100.0,100.0,250911.04947755102,250911.04947755102,13.127870862630768
2026-07-14 15:30:00+02:00,-100.0,100.0,250910.54437551022,250935.54947755102,13.127870862630768
2026-07-14 15:45:00+02:00,-100.0,100.0,250935.04437551022,250935.04437551022,13.127870862630768
2026-07-14 16:00:00+02:00,-100.0,100.0,250934.5392734694,250959.54437551022,13.127870862630768
2026-07-14 16:15:00+02:00,-150.0,150.0,250959.0392734694,250959.0392734694,30.82251576058995
2026-07-14 16:30:00+02:00,-150.0,150.0,250970.7841714286,250995.7892734694,30.82251576058995
2026-07-14 16:45:00+02:00,-150.0,150.0,251007.5341714286,251007.5341714286,30.82251576058995
2026-07-14 17:00:00+02:00,-150.0,150.0,251019.27906938776,251044.2841714286,30.82251576058995
2026-07-14 17:15:00+02:00,-150.0,150.0,251056.02906938776,251056.02906938776,30.82251576058995
2026-07-14 17:30:00+02:00,-150.0,150.0,251067.77396734696,251092.77906938776,30.82251576058995
2026-07-14 17:45:00+02:00,-150.0,150.0,251104.52396734696,251104.52396734696,30.82251576058995
2026-07-14 18:00:00+02:00,-100.0,100.0,251116.26886530613,251141.27396734696,21.073084273709483
2026-07-14 18:15:00+02:00,-100.0,100.0,251140.76886530613,251140.76886530613,21.073084273709483
2026-07-14 18:30:00+02:00,-150.0,150.0,251140.26376326528,251165.2688653061,47.98043121248499
2026-07-14 18:45:00+02:00,-150.0,150.0,251177.01376326528,251177.01376326528,47.98043121248499
2026-07-14 19:00:00+02:00,-150.0,150.0,251207.96,251213.76376326528,47.98043121248499
2026-07-14 19:15:00+02:00,-100.0,100.0,251244.71,251244.71,21.073084273709483
2026-07-14 19:30:00+02:00,-100.0,100.0,251269.21,251269.21,21.073084273709483
2026-07-14 19:45:00+02:00,-100.0,100.0,251293.71,251293.71,21.073084273709483
2026-07-14 20:00:00+02:00,-100.0,100.0,251318.21,251318.21,21.073084273709483
2026-07-14 20:15:00+02:00,-100.0,100.0,251342.71,251342.71,21.073084273709483
2026-07-14 20:30:00+02:00,-100.0,100.0,251367.21,251367.21,21.073084273709483
2026-07-14 20:45:00+02:00,-100.0,100.0,251391.71,251391.71,21.073084273709483
2026-07-14 21:00:00+02:00,-150.0,150.0,251416.21,251416.21,58.369818967587044
2026-07-14 21:15:00+02:00,-150.0,150.0,251452.96,251452.96,58.369818967587044
2026-07-14 21:30:00+02:00,-100.0,100.0,251489.71,251489.71,21.073084273709483
2026-07-14 21:45:00+02:00,-100.0,100.0,251514.21,251514.21,21.073084273709483
2026-07-14 22:00:00+02:00,-100.0,100.0,251538.71,251538.71,21.073084273709483
2026-07-14 22:15:00+02:00,-100.0,100.0,251563.21,251563.21,21.073084273709483
2026-07-14 22:30:00+02:00,0.0,0.0,251587.71,251587.71,0.0
2026-07-14 22:45:00+02:00,-50.0,50.0,251587.71,251587.71,40.30265306122449
2026-07-14 23:00:00+02:00,-50.0,50.0,251599.96,251599.96,40.30265306122449
2026-07-14 23:15:00+02:00,0.0,0.0,251612.21,251612.21,0.0
2026-07-14 23:30:00+02:00,0.0,0.0,251612.21,251612.21,0.0
2026-07-14 23:45:00+02:00,0.0,0.0,251612.21,251612.21,0.0
2026-07-15 00:00:00+02:00,0.0,0.0,251612.21,251612.21,0.0
2026-07-15 00:15:00+02:00,0.0,0.0,251612.21,251612.21,0.0
2026-07-15 00:30:00+02:00,0.0,0.0,251612.21,251612.21,0.0
2026-07-15 00:45:00+02:00,0.0,0.0,251612.21,251612.21,0.0
2026-07-15 01:00:00+02:00,0.0,0.0,251612.21,251612.21,0.0
2026-07-15 01:15:00+02:00,-50.0,50.0,251612.21,251612.21,64.34027210884354
2026-07-15 01:30:00+02:00,-50.0,50.0,251624.46,251624.46,64.34027210884354
2026-07-15 01:45:00+02:00,-50.0,50.0,251636.71000000002,251636.71000000002,64.34027210884354
2026-07-15 02:00:00+02:00,-50.0,50.0,251648.96000000002,251648.96000000002,1.8660384153661465
2026-07-15 02:15:00+02:00,-50.0,50.0,251636.2048979592,251661.21000000002,1.8660384153661465
2026-07-15 02:30:00+02:00,-50.0,50.0,251648.4548979592,251648.4548979592,1.8660384153661465
2026-07-15 02:45:00+02:00,-50.0,50.0,251635.6997959184,251660.7048979592,1.8660384153661465
2026-07-15 03:00:00+02:00,-50.0,50.0,251647.9497959184,251647.9497959184,1.8660384153661465
2026-07-15 03:15:00+02:00,-50.0,50.0,251635.19469387757,251660.1997959184,1.8660384153661465
2026-07-15 03:30:00+02:00,-50.0,50.0,251647.44469387757,251647.44469387757,1.8660384153661465
2026-07-15 03:45:00+02:00,-100.0,100.0,251634.68959183677,251659.69469387757,136.81134453781516
2026-07-15 04:00:00+02:00,-100.0,100.0,251659.18959183677,251659.18959183677,136.81134453781516
2026-07-15 04:15:00+02:00,-50.0,50.0,251658.68448979594,251683.68959183677,1.8660384153661465
2026-07-15 04:30:00+02:00,-50.0,50.0,251670.93448979594,251670.93448979594,1.8660384153661465
2026-07-15 04:45:00+02:00,-50.0,50.0,251658.1793877551,251683.18448979594,1.8660384153661465
2026-07-15 05:00:00+02:00,-50.0,50.0,251670.4293877551,251670.4293877551,1.8660384153661465
2026-07-15 05:15:00+02:00,-50.0,50.0,251657.6742857143,251682.6793877551,1.8660384153661465
2026-07-15 05:30:00+02:00,-50.0,50.0,251669.9242857143,251669.9242857143,1.8660384153661465
2026-07-15 05:45:00+02:00,-50.0,50.0,251657.16918367348,251682.1742857143,1.8660384153661465
2026-07-15 06:00:00+02:00,-50.0,50.0,251669.41918367348,251669.41918367348,1.8660384153661465
2026-07-15 06:15:00+02:00,-50.0,50.0,251656.66408163268,251681.66918367348,1.8660384153661465
2026-07-15 06:30:00+02:00,-50.0,50.0,251668.91408163268,251668.91408163268,1.8660384153661465
2026-07-15 06:45:00+02:00,-50.0,50.0,251656.15897959186,251681.16408163268,1.8660384153661465
2026-07-15 07:00:00+02:00,-50.0,50.0,251668.40897959186,251668.40897959186,1.8660384153661465
2026-07-15 07:15:00+02:00,-100.0,100.0,251655.65387755103,251680.65897959186,30.88758036547953
2026-07-15 07:30:00+02:00,-100.0,100.0,251680.15387755103,251680.15387755103,30.88758036547953
2026-07-15 07:45:00+02:00,-100.0,100.0,251679.64877551023,251704.65387755103,30.88758036547953
2026-07-15 08:00:00+02:00,-100.0,100.0,251704.14877551023,251704.14877551023,30.88758036547953
2026-07-15 08:15:00+02:00,-100.0,100.0,251703.6436734694,251728.64877551023,30.88758036547953
2026-07-15 08:30:00+02:00,-100.0,100.0,251728.1436734694,251728.1436734694,30.88758036547953
2026-07-15 08:45:00+02:00,-150.0,150.0,251727.6385714286,251752.6436734694,35.15688648792851
2026-07-15 09:00:00+02:00,-150.0,150.0,251739.38346938777,251764.3885714286,35.15688648792851
2026-07-15 09:15:00+02:00,-150.0,150.0,251771.8812979592,251776.13346938777,35.15688648792851
2026-07-15 09:30:00+02:00,-100.0,100.0,251783.6261959184,251808.6312979592,6.135344537815126
2026-07-15 09:45:00+02:00,-100.0,100.0,251808.1261959184,251808.1261959184,6.135344537815126
2026-07-15 10:00:00+02:00,-100.0,100.0,251807.62109387756,251832.6261959184,6.135344537815126
2026-07-15 10:15:00+02:00,-100.0,100.0,251832.12109387756,251832.12109387756,6.135344537815126
2026-07-15 10:30:00+02:00,-100.0,100.0,251831.61599183676,251856.62109387756,70.65243537414966
2026-07-15 10:45:00+02:00,-100.0,100.0,251856.11599183676,251856.11599183676,70.65243537414966
2026-07-15 11:00:00+02:00,-100.0,100.0,251855.61088979593,251880.61599183676,70.65243537414966
2026-07-15 11:15:00+02:00,-100.0,100.0,251880.11088979593,251880.11088979593,70.65243537414966
2026-07-15 11:30:00+02:00,-100.0,100.0,251879.6057877551,251904.61088979593,70.65243537414966
2026-07-15 11:45:00+02:00,-100.0,100.0,251904.1057877551,251904.1057877551,70.65243537414966
2026-07-15 12:00:00+02:00,-50.0,50.0,251903.6006857143,251928.6057877551,4.269306122448979
2026-07-15 12:15:00+02:00,-100.0,100.0,251915.8506857143,251915.8506857143,24.431055393586007
2026-07-15 12:30:00+02:00,-100.0,100.0,251915.34558367348,251940.3506857143,24.431055393586007
2026-07-15 12:45:00+02:00,-100.0,100.0,251939.84558367348,251939.84558367348,24.431055393586007
2026-07-15 13:00:00+02:00,-100.0,100.0,251939.34048163268,251964.34558367348,24.431055393586007
2026-07-15 13:15:00+02:00,-100.0,100.0,251963.84048163268,251963.84048163268,24.431055393586007
2026-07-15 13:30:00+02:00,-100.0,100.0,251963.33537959185,251988.34048163268,24.431055393586007
2026-07-15 13:45:00+02:00,-100.0,100.0,251987.83537959185,251987.83537959185,24.431055393586007
2026-07-15 14:00:00+02:00,-100.0,100.0,251987.33027755102,252012.33537959185,24.431055393586007
2026-07-15 14:15:00+02:00,-100.0,100.0,252011.83027755102,252011.83027755102,24.431055393586007
2026-07-15 14:30:00+02:00,-100.0,100.0,252011.32517551022,252036.33027755102,24.431055393586007
2026-07-15 14:45:00+02:00,-100.0,100.0,252035.82517551022,252035.82517551022,24.431055393586007
2026-07-15 15:00:00+02:00,-100.0,100.0,252035.3200734694,252060.32517551022,24.431055393586007
2026-07-15 15:15:00+02:00,-100.0,100.0,252059.8200734694,252059.8200734694,24.431055393586007
2026-07-15 15:30:00+02:00,-100.0,100.0,252059.3149714286,252084.3200734694,24.431055393586007
2026-07-15 15:45:00+02:00,-50.0,50.0,252083.8149714286,252083.8149714286,4.269306122448979
2026-07-15 16:00:00+02:00,-50.0,50.0,252071.05986938777,252096.0649714286,4.269306122448979
2026-07-15 16:15:00+02:00,-50.0,50.0,252083.30986938777,252083.30986938777,4.269306122448979
2026-07-15 16:30:00+02:00,-50.0,50.0,252070.55476734697,252095.55986938777,4.269306122448979
2026-07-15 16:45:00+02:00,-50.0,50.0,252082.80476734697,252082.80476734697,4.269306122448979
2026-07-15 17:00:00+02:00,-100.0,100.0,252070.04966530614,252095.05476734697,10.073938775510204
2026-07-15 17:15:00+02:00,-100.0,100.0,252069.54456326534,252094.54966530614,10.073938775510204
2026-07-15 17:30:00+02:00,-100.0,100.0,252075.4968979592,252094.04456326534,10.073938775510204
2026-07-15 17:45:00+02:00,-100.0,100.0,252074.99179591838,252099.9968979592,10.073938775510204
2026-07-15 18:00:00+02:00,-100.0,100.0,252099.49179591838,252099.49179591838,10.073938775510204
2026-07-15 18:15:00+02:00,-100.0,100.0,252098.98669387755,252123.99179591838,10.073938775510204
2026-07-15 18:30:00+02:00,-100.0,100.0,252123.48669387755,252123.48669387755,10.073938775510204
2026-07-15 18:45:00+02:00,-100.0,100.0,252122.98159183675,252147.98669387755,10.073938775510204
2026-07-15 19:00:00+02:00,-100.0,100.0,252147.48159183675,252147.48159183675,10.073938775510204
2026-07-15 19:15:00+02:00,-100.0,100.0,252146.97648979592,252171.98159183675,10.073938775510204
2026-07-15 19:30:00+02:00,-100.0,100.0,252171.47648979592,252171.47648979592,10.073938775510204
2026-07-15 19:45:00+02:00,-100.0,100.0,252189.7728,252195.97648979592,10.073938775510204
2026-07-15 20:00:00+02:00,-100.0,100.0,252214.2728,252214.2728,10.073938775510204
2026-07-15 20:15:00+02:00,-100.0,100.0,252238.7728,252238.7728,10.073938775510204
2026-07-15 20:30:00+02:00,-100.0,100.0,252263.2728,252263.2728,10.073938775510204
2026-07-15 20:45:00+02:00,-150.0,150.0,252287.7728,252287.7728,46.611897959183665
2026-07-15 21:00:00+02:00,-150.0,150.0,252324.5228,252324.5228,46.611897959183665
2026-07-15 21:15:00+02:00,-100.0,100.0,252361.2728,252361.2728,10.073938775510204
2026-07-15 21:30:00+02:00,-100.0,100.0,252385.7728,252385.7728,10.073938775510204
2026-07-15 21:45:00+02:00,-100.0,100.0,252410.2728,252410.2728,10.073938775510204
2026-07-15 22:00:00+02:00,-50.0,50.0,252434.7728,252434.7728,4.269306122448979
2026-07-15 22:15:00+02:00,-50.0,50.0,252447.0228,252447.0228,4.269306122448979
2026-07-15 22:30:00+02:00,0.0,0.0,252459.2728,252459.2728,0.0
2026-07-15 22:45:00+02:00,0.0,0.0,252459.2728,252459.2728,0.0
2026-07-15 23:00:00+02:00,-50.0,50.0,252459.2728,252459.2728,16.144408163265304
2026-07-15 23:15:00+02:00,-50.0,50.0,252471.5228,252471.5228,16.144408163265304
2026-07-15 23:30:00+02:00,-50.0,50.0,252483.7728,252483.7728,16.144408163265304
2026-07-15 23:45:00+02:00,-50.0,50.0,252496.0228,252496.0228,16.144408163265304
2026-07-16 00:00:00+02:00,-50.0,50.0,252508.2728,252508.2728,16.144408163265304
2026-07-16 00:15:00+02:00,0.0,0.0,252520.5228,252520.5228,0.0
2026-07-16 00:30:00+02:00,0.0,0.0,252520.5228,252520.5228,0.0
2026-07-16 00:45:00+02:00,-50.0,50.0,252520.5228,252520.5228,28.8480612244898
2026-07-16 01:00:00+02:00,-50.0,50.0,252532.7728,252532.7728,28.8480612244898
2026-07-16 01:15:00+02:00,-50.0,50.0,252545.02280000004,252545.02280000004,28.8480612244898
2026-07-16 01:30:00+02:00,-50.0,50.0,252557.27280000004,252557.27280000004,28.8480612244898
2026-07-16 01:45:00+02:00,0.0,0.0,252569.52280000004,252569.52280000004,0.0
2026-07-16 02:00:00+02:00,0.0,0.0,252569.52280000004,252569.52280000004,0.0
2026-07-16 02:15:00+02:00,0.0,0.0,252569.52280000004,252569.52280000004,0.0
2026-07-16 02:30:00+02:00,-50.0,50.0,252569.52280000004,252569.52280000004,7.6558503401360545
2026-07-16 02:45:00+02:00,-50.0,50.0,252556.7676979592,252581.77280000004,7.6558503401360545
2026-07-16 03:00:00+02:00,-50.0,50.0,252569.0176979592,252569.0176979592,7.6558503401360545
2026-07-16 03:15:00+02:00,-100.0,100.0,252556.2625959184,252581.2676979592,100.03676870748299
2026-07-16 03:30:00+02:00,-100.0,100.0,252580.7625959184,252580.7625959184,100.03676870748299
2026-07-16 03:45:00+02:00,-100.0,100.0,252580.25749387758,252605.2625959184,100.03676870748299
2026-07-16 04:00:00+02:00,-100.0,100.0,252604.75749387758,252604.75749387758,100.03676870748299
2026-07-16 04:15:00+02:00,-50.0,50.0,252604.25239183678,252629.25749387758,7.6558503401360545
2026-07-16 04:30:00+02:00,-50.0,50.0,252616.50239183678,252616.50239183678,7.6558503401360545
2026-07-16 04:45:00+02:00,-50.0,50.0,252603.74728979595,252628.75239183678,7.6558503401360545
2026-07-16 05:00:00+02:00,-50.0,50.0,252615.99728979595,252615.99728979595,7.6558503401360545
2026-07-16 05:15:00+02:00,-50.0,50.0,252610.85480000003,252628.24728979595,7.6558503401360545
2026-07-16 05:30:00+02:00,-50.0,50.0,252623.10480000003,252623.10480000003,7.6558503401360545
2026-07-16 05:45:00+02:00,-50.0,50.0,252635.35480000003,252635.35480000003,7.6558503401360545
2026-07-16 06:00:00+02:00,-50.0,50.0,252647.60480000003,252647.60480000003,7.6558503401360545
2026-07-16 06:15:00+02:00,-50.0,50.0,252659.85480000003,252659.85480000003,7.6558503401360545
2026-07-16 06:30:00+02:00,-50.0,50.0,252672.10480000003,252672.10480000003,7.6558503401360545
2026-07-16 06:45:00+02:00,-50.0,50.0,252684.35480000003,252684.35480000003,7.6558503401360545
2026-07-16 07:00:00+02:00,-100.0,100.0,252696.60480000003,252696.60480000003,25.59797278911565
2026-07-16 07:15:00+02:00,-100.0,100.0,252721.10480000003,252721.10480000003,25.59797278911565
2026-07-16 07:30:00+02:00,-100.0,100.0,252745.6048,252745.6048,25.59797278911565
2026-07-16 07:45:00+02:00,-100.0,100.0,252770.1048,252770.1048,25.59797278911565
2026-07-16 08:00:00+02:00,-100.0,100.0,252794.6048,252794.6048,25.59797278911565
2026-07-16 08:15:00+02:00,-100.0,100.0,252819.1048,252819.1048,25.59797278911565
2026-07-16 08:30:00+02:00,-150.0,150.0,252843.6048,252843.6048,32.183060252672504
2026-07-16 08:45:00+02:00,-150.0,150.0,252855.34969795917,252880.3548,32.183060252672504
2026-07-16 09:00:00+02:00,-150.0,150.0,252892.09969795917,252892.09969795917,32.183060252672504
2026-07-16 09:15:00+02:00,-150.0,150.0,252903.8445959184,252928.8496979592,32.183060252672504
2026-07-16 09:30:00+02:00,-100.0,100.0,252940.5945959184,252940.5945959184,14.240937803692905
2026-07-16 09:45:00+02:00,-100.0,100.0,252940.08949387757,252965.0945959184,14.240937803692905
2026-07-16 10:00:00+02:00,-50.0,50.0,252964.58949387757,252964.58949387757,6.585087463556851
2026-07-16 10:15:00+02:00,-50.0,50.0,252951.83439183678,252976.83949387757,6.585087463556851
2026-07-16 10:30:00+02:00,-50.0,50.0,252964.08439183678,252964.08439183678,6.585087463556851
2026-07-16 10:45:00+02:00,-50.0,50.0,252951.32928979595,252976.33439183678,6.585087463556851
2026-07-16 11:00:00+02:00,-50.0,50.0,252963.57928979595,252963.57928979595,6.585087463556851
2026-07-16 11:15:00+02:00,-50.0,50.0,252950.82418775512,252975.82928979595,6.585087463556851
2026-07-16 11:30:00+02:00,-50.0,50.0,252963.07418775512,252963.07418775512,6.585087463556851
2026-07-16 11:45:00+02:00,-50.0,50.0,252950.31908571432,252975.32418775512,6.585087463556851
2026-07-16 12:00:00+02:00,-50.0,50.0,252962.56908571432,252962.56908571432,6.585087463556851
2026-07-16 12:15:00+02:00,-50.0,50.0,252949.8139836735,252974.81908571432,6.585087463556851
2026-07-16 12:30:00+02:00,-50.0,50.0,252962.0639836735,252962.0639836735,6.585087463556851
2026-07-16 12:45:00+02:00,-50.0,50.0,252949.3088816327,252974.3139836735,6.585087463556851
2026-07-16 13:00:00+02:00,-50.0,50.0,252961.5588816327,252961.5588816327,6.585087463556851
2026-07-16 13:15:00+02:00,-100.0,100.0,252948.80377959186,252973.8088816327,18.20505344995141
2026-07-16 13:30:00+02:00,-100.0,100.0,252962.95457959187,252973.30377959186,18.20505344995141
2026-07-16 13:45:00+02:00,-100.0,100.0,252962.44947755104,252987.45457959187,18.20505344995141
2026-07-16 14:00:00+02:00,-100.0,100.0,252986.94947755104,252986.94947755104,18.20505344995141
2026-07-16 14:15:00+02:00,-100.0,100.0,252986.44437551024,253011.44947755104,18.20505344995141
2026-07-16 14:30:00+02:00,-100.0,100.0,253010.94437551024,253010.94437551024,18.20505344995141
2026-07-16 14:45:00+02:00,-100.0,100.0,253010.89520000003,253035.44437551024,18.20505344995141
2026-07-16 15:00:00+02:00,-100.0,100.0,253035.39520000003,253035.39520000003,18.20505344995141
2026-07-16 15:15:00+02:00,-150.0,150.0,253059.89520000003,253059.89520000003,63.848318756073866
2026-07-16 15:30:00+02:00,-150.0,150.0,253096.64520000003,253096.64520000003,63.848318756073866
2026-07-16 15:45:00+02:00,-150.0,150.0,253133.39520000003,253133.39520000003,63.848318756073866
2026-07-16 16:00:00+02:00,-150.0,150.0,253170.14520000003,253170.14520000003,63.848318756073866
2026-07-16 16:15:00+02:00,-100.0,100.0,253206.89520000003,253206.89520000003,52.228352769679304
2026-07-16 16:30:00+02:00,-100.0,100.0,253231.39520000003,253231.39520000003,52.228352769679304
2026-07-16 16:45:00+02:00,-100.0,100.0,253255.89520000003,253255.89520000003,52.228352769679304
2026-07-16 17:00:00+02:00,-100.0,100.0,253280.39520000003,253280.39520000003,52.228352769679304
2026-07-16 17:15:00+02:00,-50.0,50.0,253304.89520000003,253304.89520000003,6.585087463556851
2026-07-16 17:30:00+02:00,-50.0,50.0,253317.14520000003,253317.14520000003,6.585087463556851
2026-07-16 17:45:00+02:00,-50.0,50.0,253329.39520000003,253329.39520000003,6.585087463556851
2026-07-16 18:00:00+02:00,-50.0,50.0,253341.64520000003,253341.64520000003,6.585087463556851
2026-07-16 18:15:00+02:00,-50.0,50.0,253353.89520000003,253353.89520000003,6.585087463556851
2026-07-16 18:30:00+02:00,-50.0,50.0,253366.14520000003,253366.14520000003,6.585087463556851
2026-07-16 18:45:00+02:00,-100.0,100.0,253378.39520000003,253378.39520000003,33.76304664723032
2026-07-16 19:00:00+02:00,-100.0,100.0,253402.89520000003,253402.89520000003,33.76304664723032
2026-07-16 19:15:00+02:00,-100.0,100.0,253427.39520000003,253427.39520000003,33.76304664723032
2026-07-16 19:30:00+02:00,-100.0,100.0,253451.89520000003,253451.89520000003,33.76304664723032
2026-07-16 19:45:00+02:00,-100.0,100.0,253476.39520000003,253476.39520000003,33.76304664723032
2026-07-16 20:00:00+02:00,-100.0,100.0,253500.89520000003,253500.89520000003,33.76304664723032
2026-07-16 20:15:00+02:00,-100.0,100.0,253525.39520000003,253525.39520000003,33.76304664723032
2026-07-16 20:30:00+02:00,-100.0,100.0,253549.89520000003,253549.89520000003,33.76304664723032
2026-07-16 20:45:00+02:00,-100.0,100.0,253574.39520000003,253574.39520000003,33.76304664723032
2026-07-16 21:00:00+02:00,-100.0,100.0,253598.89520000003,253598.89520000003,33.76304664723032
2026-07-16 21:15:00+02:00,-100.0,100.0,253623.39520000003,253623.39520000003,33.76304664723032
2026-07-16 21:30:00+02:00,-50.0,50.0,253647.89520000003,253647.89520000003,6.585087463556851
2026-07-16 21:45:00+02:00,-50.0,50.0,253660.14520000003,253660.14520000003,6.585087463556851
2026-07-16 22:00:00+02:00,-50.0,50.0,253672.39520000003,253672.39520000003,6.585087463556851
2026-07-16 22:15:00+02:00,-50.0,50.0,253684.64520000003,253684.64520000003,6.585087463556851
2026-07-16 22:30:00+02:00,0.0,0.0,253696.89520000003,253696.89520000003,0.0
2026-07-16 22:45:00+02:00,0.0,0.0,253696.89520000003,253696.89520000003,0.0
2026-07-16 23:00:00+02:00,0.0,0.0,253696.89520000003,253696.89520000003,0.0
2026-07-16 23:15:00+02:00,0.0,0.0,253696.89520000003,253696.89520000003,0.0
2026-07-16 23:30:00+02:00,0.0,0.0,253696.89520000003,253696.89520000003,0.0
2026-07-16 23:45:00+02:00,0.0,0.0,253696.89520000003,253696.89520000003,0.0
2026-07-17 00:00:00+02:00,0.0,0.0,253696.89520000003,253696.89520000003,0.0
2026-07-17 00:15:00+02:00,0.0,0.0,253696.89520000003,253696.89520000003,0.0
2026-07-17 00:30:00+02:00,-50.0,50.0,253696.89520000003,253696.89520000003,38.13722448979591
2026-07-17 00:45:00+02:00,-50.0,50.0,253709.14520000003,253709.14520000003,38.13722448979591
2026-07-17 01:00:00+02:00,-50.0,50.0,253721.39520000003,253721.39520000003,38.13722448979591
2026-07-17 01:15:00+02:00,-50.0,50.0,253733.64520000003,253733.64520000003,38.13722448979591
2026-07-17 01:30:00+02:00,-50.0,50.0,253745.89520000003,253745.89520000003,38.13722448979591
2026-07-17 01:45:00+02:00,0.0,0.0,253758.14520000003,253758.14520000003,0.0
2026-07-17 02:00:00+02:00,0.0,0.0,253758.14520000003,253758.14520000003,0.0
2026-07-17 02:15:00+02:00,0.0,0.0,253758.14520000003,253758.14520000003,0.0
2026-07-17 02:30:00+02:00,0.0,0.0,253758.14520000003,253758.14520000003,0.0
2026-07-17 02:45:00+02:00,0.0,0.0,253758.14520000003,253758.14520000003,0.0
2026-07-17 03:00:00+02:00,0.0,0.0,253758.14520000003,253758.14520000003,0.0
2026-07-17 03:15:00+02:00,0.0,0.0,253758.14520000003,253758.14520000003,0.0
2026-07-17 03:30:00+02:00,-50.0,50.0,253758.14520000003,253758.14520000003,103.15455782312927
2026-07-17 03:45:00+02:00,-50.0,50.0,253770.39520000003,253770.39520000003,103.15455782312927
2026-07-17 04:00:00+02:00,-50.0,50.0,253782.64520000003,253782.64520000003,103.15455782312927
2026-07-17 04:15:00+02:00,0.0,0.0,253794.89520000003,253794.89520000003,0.0
2026-07-17 04:30:00+02:00,0.0,0.0,253794.89520000003,253794.89520000003,0.0
2026-07-17 04:45:00+02:00,0.0,0.0,253794.89520000003,253794.89520000003,0.0
2026-07-17 05:00:00+02:00,0.0,0.0,253794.89520000003,253794.89520000003,0.0
2026-07-17 05:15:00+02:00,0.0,0.0,253794.89520000003,253794.89520000003,0.0
2026-07-17 05:30:00+02:00,0.0,0.0,253794.89520000003,253794.89520000003,0.0
2026-07-17 05:45:00+02:00,0.0,0.0,253794.89520000003,253794.89520000003,0.0
2026-07-17 06:00:00+02:00,-50.0,50.0,253794.89520000003,253794.89520000003,0.20056804887560115
2026-07-17 06:15:00+02:00,-50.0,50.0,253782.1400979592,253807.14520000003,0.20056804887560115
2026-07-17 06:30:00+02:00,-50.0,50.0,253794.3900979592,253794.3900979592,0.20056804887560115
2026-07-17 06:45:00+02:00,-50.0,50.0,253781.6349959184,253806.6400979592,0.20056804887560115
2026-07-17 07:00:00+02:00,-50.0,50.0,253793.8849959184,253793.8849959184,0.20056804887560115
2026-07-17 07:15:00+02:00,-50.0,50.0,253781.12989387757,253806.1349959184,0.20056804887560115
2026-07-17 07:30:00+02:00,-100.0,100.0,253793.37989387757,253793.37989387757,59.40840478356948
2026-07-17 07:45:00+02:00,-100.0,100.0,253792.87479183677,253817.87989387757,59.40840478356948
2026-07-17 08:00:00+02:00,-100.0,100.0,253817.37479183677,253817.37479183677,59.40840478356948
2026-07-17 08:15:00+02:00,-100.0,100.0,253816.86968979595,253841.87479183677,59.40840478356948
2026-07-17 08:30:00+02:00,-150.0,150.0,253841.36968979595,253841.36968979595,167.2420782529572
2026-07-17 08:45:00+02:00,-100.0,100.0,253853.11458775512,253878.11968979595,108.03424151826334
2026-07-17 09:00:00+02:00,-100.0,100.0,253877.61458775512,253877.61458775512,108.03424151826334
2026-07-17 09:15:00+02:00,-100.0,100.0,253877.10948571432,253902.11458775512,108.03424151826334
2026-07-17 09:30:00+02:00,-50.0,50.0,253901.60948571432,253901.60948571432,0.20056804887560115
2026-07-17 09:45:00+02:00,-50.0,50.0,253888.8543836735,253913.85948571432,0.20056804887560115
2026-07-17 10:00:00+02:00,-100.0,100.0,253901.1043836735,253901.1043836735,0.8229916241148256
2026-07-17 10:15:00+02:00,-100.0,100.0,253875.59417959186,253925.6043836735,0.8229916241148256
2026-07-17 10:30:00+02:00,-100.0,100.0,253900.09417959186,253900.09417959186,0.8229916241148256
2026-07-17 10:45:00+02:00,-100.0,100.0,253874.58397551024,253924.59417959186,0.8229916241148256
2026-07-17 11:00:00+02:00,-100.0,100.0,253899.08397551024,253899.08397551024,0.8229916241148256
2026-07-17 11:15:00+02:00,-150.0,150.0,253873.57377142858,253923.58397551024,26.317014947729987
2026-07-17 11:30:00+02:00,-150.0,150.0,253910.32377142858,253910.32377142858,26.317014947729987
2026-07-17 11:45:00+02:00,-150.0,150.0,253897.06356734698,253947.07377142858,26.317014947729987
2026-07-17 12:00:00+02:00,-150.0,150.0,253933.81356734698,253933.81356734698,26.317014947729987
2026-07-17 12:15:00+02:00,-200.0,200.0,253920.55336326532,253970.56356734698,247.79191290691364
2026-07-17 12:30:00+02:00,-200.0,200.0,253969.55336326532,253969.55336326532,247.79191290691364
2026-07-17 12:45:00+02:00,-150.0,150.0,253968.5431591837,254018.55336326532,26.317014947729987
2026-07-17 13:00:00+02:00,-150.0,150.0,254005.2931591837,254005.2931591837,26.317014947729987
2026-07-17 13:15:00+02:00,-150.0,150.0,253992.03295510207,254042.0431591837,26.317014947729987
2026-07-17 13:30:00+02:00,-150.0,150.0,254028.78295510207,254028.78295510207,26.317014947729987
2026-07-17 13:45:00+02:00,-150.0,150.0,254015.52275102044,254065.53295510207,26.317014947729987
2026-07-17 14:00:00+02:00,-150.0,150.0,254052.27275102044,254052.27275102044,26.317014947729987
2026-07-17 14:15:00+02:00,-150.0,150.0,254039.01254693881,254089.02275102044,26.317014947729987
2026-07-17 14:30:00+02:00,-150.0,150.0,254075.76254693881,254075.76254693881,26.317014947729987
2026-07-17 14:45:00+02:00,-100.0,100.0,254062.50234285716,254112.51254693881,0.8229916241148256
2026-07-17 15:00:00+02:00,-150.0,150.0,254087.00234285716,254087.00234285716,34.66918610190595
2026-07-17 15:15:00+02:00,-150.0,150.0,254073.74213877553,254123.75234285716,34.66918610190595
2026-07-17 15:30:00+02:00,-150.0,150.0,254110.49213877553,254110.49213877553,34.66918610190595
2026-07-17 15:45:00+02:00,-150.0,150.0,254097.2319346939,254147.24213877553,34.66918610190595
2026-07-17 16:00:00+02:00,-150.0,150.0,254133.9819346939,254133.9819346939,34.66918610190595
2026-07-17 16:15:00+02:00,-150.0,150.0,254120.72173061228,254170.7319346939,34.66918610190595
2026-07-17 16:30:00+02:00,-150.0,150.0,254157.47173061228,254157.47173061228,34.66918610190595
2026-07-17 16:45:00+02:00,-150.0,150.0,254144.21152653065,254194.22173061228,34.66918610190595
2026-07-17 17:00:00+02:00,-150.0,150.0,254180.96152653065,254180.96152653065,34.66918610190595
2026-07-17 17:15:00+02:00,-150.0,150.0,254167.701322449,254217.71152653065,34.66918610190595
2026-07-17 17:30:00+02:00,-200.0,200.0,254204.451322449,254204.451322449,58.792410591701874
2026-07-17 17:45:00+02:00,-200.0,200.0,254203.4411183674,254253.451322449,58.792410591701874
2026-07-17 18:00:00+02:00,-200.0,200.0,254252.4411183674,254252.4411183674,58.792410591701874
2026-07-17 18:15:00+02:00,-200.0,200.0,254251.43091428574,254301.4411183674,58.792410591701874
2026-07-17 18:30:00+02:00,-200.0,200.0,254300.43091428574,254300.43091428574,58.792410591701874
2026-07-17 18:45:00+02:00,-200.0,200.0,254299.4207102041,254349.43091428574,58.792410591701874
2026-07-17 19:00:00+02:00,-200.0,200.0,254348.4207102041,254348.4207102041,58.792410591701874
2026-07-17 19:15:00+02:00,-150.0,150.0,254347.41050612248,254397.4207102041,24.946216113910747
2026-07-17 19:30:00+02:00,-150.0,150.0,254384.16050612248,254384.16050612248,24.946216113910747
2026-07-17 19:45:00+02:00,-150.0,150.0,254370.90030204083,254420.91050612248,24.946216113910747
2026-07-17 20:00:00+02:00,-100.0,100.0,254407.65030204083,254407.65030204083,0.8229916241148256
2026-07-17 20:15:00+02:00,-100.0,100.0,254382.14009795923,254432.15030204083,0.8229916241148256
2026-07-17 20:30:00+02:00,-100.0,100.0,254406.64009795923,254406.64009795923,0.8229916241148256
2026-07-17 20:45:00+02:00,-100.0,100.0,254381.12989387757,254431.14009795923,0.8229916241148256
2026-07-17 21:00:00+02:00,-150.0,150.0,254405.62989387757,254405.62989387757,27.029930399625034
2026-07-17 21:15:00+02:00,-150.0,150.0,254392.36968979595,254442.37989387757,27.029930399625034
2026-07-17 21:30:00+02:00,-200.0,200.0,254429.11968979595,254429.11968979595,119.65890999146173
2026-07-17 21:45:00+02:00,-150.0,150.0,254428.10948571432,254478.11968979595,27.029930399625034
2026-07-17 22:00:00+02:00,-100.0,100.0,254464.85948571432,254464.85948571432,0.8229916241148256
2026-07-17 22:15:00+02:00,-100.0,100.0,254439.34928163266,254489.35948571432,0.8229916241148256
2026-07-17 22:30:00+02:00,-100.0,100.0,254463.84928163266,254463.84928163266,0.8229916241148256
2026-07-17 22:45:00+02:00,-100.0,100.0,254438.33907755106,254488.34928163266,0.8229916241148256
2026-07-17 23:00:00+02:00,-100.0,100.0,254462.83907755106,254462.83907755106,0.8229916241148256
2026-07-17 23:15:00+02:00,-100.0,100.0,254437.3288734694,254487.33907755106,0.8229916241148256
2026-07-17 23:30:00+02:00,-100.0,100.0,254461.8288734694,254461.8288734694,0.8229916241148256
2026-07-17 23:45:00+02:00,-100.0,100.0,254436.31866938778,254486.3288734694,0.8229916241148256
2026-07-18 00:00:00+02:00,-100.0,100.0,254460.81866938778,254460.81866938778,0.8229916241148256
2026-07-18 00:15:00+02:00,-150.0,150.0,254435.30846530615,254485.31866938778,43.89809366493114
2026-07-18 00:30:00+02:00,-150.0,150.0,254472.05846530615,254472.05846530615,43.89809366493114
2026-07-18 00:45:00+02:00,-100.0,100.0,254458.79826122453,254508.80846530615,0.8229916241148256
2026-07-18 01:00:00+02:00,-150.0,150.0,254483.29826122453,254483.29826122453,27.934624277176045
2026-07-18 01:15:00+02:00,-150.0,150.0,254470.0380571429,254520.04826122453,27.934624277176045
2026-07-18 01:30:00+02:00,-150.0,150.0,254506.7880571429,254506.7880571429,27.934624277176045
2026-07-18 01:45:00+02:00,-150.0,150.0,254493.52785306124,254543.5380571429,27.934624277176045
2026-07-18 02:00:00+02:00,-150.0,150.0,254530.27785306124,254530.27785306124,27.934624277176045
2026-07-18 02:15:00+02:00,-150.0,150.0,254517.0176489796,254567.02785306124,27.934624277176045
2026-07-18 02:30:00+02:00,-100.0,100.0,254553.7676489796,254553.7676489796,0.8229916241148256
2026-07-18 02:45:00+02:00,-100.0,100.0,254528.257444898,254578.2676489796,0.8229916241148256
2026-07-18 03:00:00+02:00,-100.0,100.0,254552.757444898,254552.757444898,0.8229916241148256
2026-07-18 03:15:00+02:00,-100.0,100.0,254527.24724081636,254577.257444898,0.8229916241148256
2026-07-18 03:30:00+02:00,-100.0,100.0,254551.74724081636,254551.74724081636,0.8229916241148256
2026-07-18 03:45:00+02:00,-100.0,100.0,254526.23703673473,254576.24724081636,0.8229916241148256
2026-07-18 04:00:00+02:00,-100.0,100.0,254550.73703673473,254550.73703673473,0.8229916241148256
2026-07-18 04:15:00+02:00,-100.0,100.0,254525.22683265308,254575.23703673473,0.8229916241148256
2026-07-18 04:30:00+02:00,-100.0,100.0,254549.72683265308,254549.72683265308,0.8229916241148256
2026-07-18 04:45:00+02:00,-100.0,100.0,254524.21662857148,254574.22683265308,0.8229916241148256
2026-07-18 05:00:00+02:00,-100.0,100.0,254548.71662857148,254548.71662857148,0.8229916241148256
2026-07-18 05:15:00+02:00,-100.0,100.0,254523.20642448982,254573.21662857148,0.8229916241148256
2026-07-18 05:30:00+02:00,-100.0,100.0,254547.70642448982,254547.70642448982,0.8229916241148256
2026-07-18 05:45:00+02:00,-100.0,100.0,254522.1962204082,254572.20642448982,0.8229916241148256
2026-07-18 06:00:00+02:00,-100.0,100.0,254546.6962204082,254546.6962204082,0.8229916241148256
2026-07-18 06:15:00+02:00,-100.0,100.0,254521.18601632657,254571.1962204082,0.8229916241148256
2026-07-18 06:30:00+02:00,-100.0,100.0,254545.68601632657,254545.68601632657,0.8229916241148256
2026-07-18 06:45:00+02:00,-100.0,100.0,254520.1758122449,254570.18601632657,0.8229916241148256
2026-07-18 07:00:00+02:00,-100.0,100.0,254544.6758122449,254544.6758122449,0.8229916241148256
2026-07-18 07:15:00+02:00,-100.0,100.0,254519.1656081633,254569.1758122449,0.8229916241148256
2026-07-18 07:30:00+02:00,-100.0,100.0,254543.6656081633,254543.6656081633,0.8229916241148256
2026-07-18 07:45:00+02:00,-100.0,100.0,254518.15540408166,254568.1656081633,0.8229916241148256
2026-07-18 08:00:00+02:00,-100.0,100.0,254542.65540408166,254542.65540408166,0.8229916241148256
2026-07-18 08:15:00+02:00,-100.0,100.0,254517.14520000003,254567.15540408166,0.8229916241148256
2026-07-18 08:30:00+02:00,-150.0,150.0,254541.64520000003,254541.64520000003,35.275644685339316
2026-07-18 08:45:00+02:00,-150.0,150.0,254528.3849959184,254578.39520000003,35.275644685339316
2026-07-18 09:00:00+02:00,-150.0,150.0,254565.1349959184,254565.1349959184,35.275644685339316
2026-07-18 09:15:00+02:00,-150.0,150.0,254551.87479183674,254601.8849959184,35.275644685339316
2026-07-18 09:30:00+02:00,-150.0,150.0,254588.62479183674,254588.62479183674,35.275644685339316
2026-07-18 09:45:00+02:00,-150.0,150.0,254575.36458775515,254625.37479183674,35.275644685339316
2026-07-18 10:00:00+02:00,-150.0,150.0,254612.11458775515,254612.11458775515,35.275644685339316
2026-07-18 10:15:00+02:00,-150.0,150.0,254598.8543836735,254648.86458775515,35.275644685339316
2026-07-18 10:30:00+02:00,-150.0,150.0,254635.6043836735,254635.6043836735,35.275644685339316
2026-07-18 10:45:00+02:00,-150.0,150.0,254622.34417959186,254672.3543836735,35.275644685339316
2026-07-18 11:00:00+02:00,-150.0,150.0,254659.09417959186,254659.09417959186,35.275644685339316
2026-07-18 11:15:00+02:00,-100.0,100.0,254645.83397551024,254695.84417959186,0.8229916241148256
2026-07-18 11:30:00+02:00,-100.0,100.0,254670.33397551024,254670.33397551024,0.8229916241148256
2026-07-18 11:45:00+02:00,-100.0,100.0,254644.82377142858,254694.83397551024,0.8229916241148256
2026-07-18 12:00:00+02:00,-100.0,100.0,254669.32377142858,254669.32377142858,0.8229916241148256
2026-07-18 12:15:00+02:00,-100.0,100.0,254643.81356734698,254693.82377142858,0.8229916241148256
2026-07-18 12:30:00+02:00,-100.0,100.0,254668.31356734698,254668.31356734698,0.8229916241148256
2026-07-18 12:45:00+02:00,-100.0,100.0,254642.80336326532,254692.81356734698,0.8229916241148256
2026-07-18 13:00:00+02:00,-100.0,100.0,254667.30336326532,254667.30336326532,0.8229916241148256
2026-07-18 13:15:00+02:00,-100.0,100.0,254641.7931591837,254691.80336326532,0.8229916241148256
2026-07-18 13:30:00+02:00,-100.0,100.0,254666.2931591837,254666.2931591837,0.8229916241148256
2026-07-18 13:45:00+02:00,-100.0,100.0,254640.78295510207,254690.7931591837,0.8229916241148256
2026-07-18 14:00:00+02:00,-100.0,100.0,254665.28295510207,254665.28295510207,0.8229916241148256
2026-07-18 14:15:00+02:00,-100.0,100.0,254639.77275102044,254689.78295510207,0.8229916241148256
2026-07-18 14:30:00+02:00,-100.0,100.0,254664.27275102044,254664.27275102044,0.8229916241148256
2026-07-18 14:45:00+02:00,-100.0,100.0,254638.76254693881,254688.77275102044,0.8229916241148256
2026-07-18 15:00:00+02:00,-100.0,100.0,254663.26254693881,254663.26254693881,0.8229916241148256
2026-07-18 15:15:00+02:00,-100.0,100.0,254637.75234285716,254687.76254693881,0.8229916241148256
2026-07-18 15:30:00+02:00,-100.0,100.0,254662.25234285716,254662.25234285716,0.8229916241148256
2026-07-18 15:45:00+02:00,-100.0,100.0,254636.74213877553,254686.75234285716,0.8229916241148256
2026-07-18 16:00:00+02:00,-100.0,100.0,254661.24213877553,254661.24213877553,0.8229916241148256
2026-07-18 16:15:00+02:00,-100.0,100.0,254635.7319346939,254685.74213877553,0.8229916241148256
2026-07-18 16:30:00+02:00,-100.0,100.0,254660.2319346939,254660.2319346939,0.8229916241148256
2026-07-18 16:45:00+02:00,-100.0,100.0,254634.72173061228,254684.7319346939,0.8229916241148256
2026-07-18 17:00:00+02:00,-100.0,100.0,254659.22173061228,254659.22173061228,0.8229916241148256
2026-07-18 17:15:00+02:00,-100.0,100.0,254633.71152653065,254683.72173061228,0.8229916241148256
2026-07-18 17:30:00+02:00,-100.0,100.0,254658.21152653065,254658.21152653065,0.8229916241148256
2026-07-18 17:45:00+02:00,-100.0,100.0,254632.701322449,254682.71152653065,0.8229916241148256
2026-07-18 18:00:00+02:00,-100.0,100.0,254657.201322449,254657.201322449,0.8229916241148256
2026-07-18 18:15:00+02:00,-100.0,100.0,254631.6911183674,254681.701322449,0.8229916241148256
2026-07-18 18:30:00+02:00,-100.0,100.0,254656.1911183674,254656.1911183674,0.8229916241148256
2026-07-18 18:45:00+02:00,-100.0,100.0,254630.68091428574,254680.6911183674,0.8229916241148256
2026-07-18 19:00:00+02:00,-100.0,100.0,254655.18091428574,254655.18091428574,0.8229916241148256
2026-07-18 19:15:00+02:00,-100.0,100.0,254629.6707102041,254679.68091428574,0.8229916241148256
2026-07-18 19:30:00+02:00,-100.0,100.0,254654.1707102041,254654.1707102041,0.8229916241148256
2026-07-18 19:45:00+02:00,-100.0,100.0,254628.66050612248,254678.6707102041,0.8229916241148256
2026-07-18 20:00:00+02:00,-100.0,100.0,254653.16050612248,254653.16050612248,0.8229916241148256
2026-07-18 20:15:00+02:00,-100.0,100.0,254627.65030204083,254677.66050612248,0.8229916241148256
2026-07-18 20:30:00+02:00,-100.0,100.0,254652.15030204083,254652.15030204083,0.8229916241148256
2026-07-18 20:45:00+02:00,-100.0,100.0,254626.64009795923,254676.65030204083,0.8229916241148256
2026-07-18 21:00:00+02:00,-100.0,100.0,254651.14009795923,254651.14009795923,0.8229916241148256
2026-07-18 21:15:00+02:00,-100.0,100.0,254625.62989387757,254675.64009795923,0.8229916241148256
2026-07-18 21:30:00+02:00,-100.0,100.0,254650.12989387757,254650.12989387757,0.8229916241148256
2026-07-18 21:45:00+02:00,-100.0,100.0,254624.61968979595,254674.62989387757,0.8229916241148256
2026-07-18 22:00:00+02:00,-100.0,100.0,254649.11968979595,254649.11968979595,0.8229916241148256
2026-07-18 22:15:00+02:00,-100.0,100.0,254623.60948571432,254673.61968979595,0.8229916241148256
2026-07-18 22:30:00+02:00,-100.0,100.0,254648.10948571432,254648.10948571432,0.8229916241148256
2026-07-18 22:45:00+02:00,-100.0,100.0,254622.59928163266,254672.60948571432,0.8229916241148256
2026-07-18 23:00:00+02:00,-100.0,100.0,254647.09928163266,254647.09928163266,0.8229916241148256
2026-07-18 23:15:00+02:00,-100.0,100.0,254621.58907755106,254671.59928163266,0.8229916241148256
2026-07-18 23:30:00+02:00,-100.0,100.0,254646.08907755106,254646.08907755106,0.8229916241148256
2026-07-18 23:45:00+02:00,-100.0,100.0,254620.5788734694,254670.58907755106,0.8229916241148256
2026-07-19 00:00:00+02:00,-100.0,100.0,254645.0788734694,254645.0788734694,0.8229916241148256
2026-07-19 00:15:00+02:00,-100.0,100.0,254619.56866938778,254669.5788734694,0.8229916241148256
2026-07-19 00:30:00+02:00,-100.0,100.0,254644.06866938778,254644.06866938778,0.8229916241148256
2026-07-19 00:45:00+02:00,-100.0,100.0,254618.55846530615,254668.56866938778,0.8229916241148256
2026-07-19 01:00:00+02:00,-100.0,100.0,254643.05846530615,254643.05846530615,0.8229916241148256
2026-07-19 01:15:00+02:00,-100.0,100.0,254617.54826122453,254667.55846530615,0.8229916241148256
2026-07-19 01:30:00+02:00,-100.0,100.0,254642.04826122453,254642.04826122453,0.8229916241148256
2026-07-19 01:45:00+02:00,-100.0,100.0,254616.5380571429,254666.54826122453,0.8229916241148256
2026-07-19 02:00:00+02:00,-100.0,100.0,254641.0380571429,254641.0380571429,0.8229916241148256
2026-07-19 02:15:00+02:00,-100.0,100.0,254615.52785306124,254665.5380571429,0.8229916241148256
2026-07-19 02:30:00+02:00,-100.0,100.0,254640.02785306124,254640.02785306124,0.8229916241148256
2026-07-19 02:45:00+02:00,-100.0,100.0,254614.5176489796,254664.52785306124,0.8229916241148256
2026-07-19 03:00:00+02:00,-100.0,100.0,254639.0176489796,254639.0176489796,0.8229916241148256
2026-07-19 03:15:00+02:00,-100.0,100.0,254613.507444898,254663.5176489796,0.8229916241148256
2026-07-19 03:30:00+02:00,-100.0,100.0,254638.007444898,254638.007444898,0.8229916241148256
2026-07-19 03:45:00+02:00,-100.0,100.0,254612.49724081636,254662.507444898,0.8229916241148256
2026-07-19 04:00:00+02:00,-100.0,100.0,254636.99724081636,254636.99724081636,0.8229916241148256
2026-07-19 04:15:00+02:00,-100.0,100.0,254611.48703673473,254661.49724081636,0.8229916241148256
2026-07-19 04:30:00+02:00,-100.0,100.0,254635.98703673473,254635.98703673473,0.8229916241148256
2026-07-19 04:45:00+02:00,-100.0,100.0,254610.47683265308,254660.48703673473,0.8229916241148256
2026-07-19 05:00:00+02:00,-100.0,100.0,254634.97683265308,254634.97683265308,0.8229916241148256
2026-07-19 05:15:00+02:00,-100.0,100.0,254609.46662857148,254659.47683265308,0.8229916241148256
2026-07-19 05:30:00+02:00,-100.0,100.0,254633.96662857148,254633.96662857148,0.8229916241148256
2026-07-19 05:45:00+02:00,-100.0,100.0,254608.45642448982,254658.46662857148,0.8229916241148256
2026-07-19 06:00:00+02:00,-100.0,100.0,254632.95642448982,254632.95642448982,0.8229916241148256
2026-07-19 06:15:00+02:00,-100.0,100.0,254607.4462204082,254657.45642448982,0.8229916241148256
2026-07-19 06:30:00+02:00,-100.0,100.0,254631.9462204082,254631.9462204082,0.8229916241148256
2026-07-19 06:45:00+02:00,-100.0,100.0,254606.43601632657,254656.4462204082,0.8229916241148256
2026-07-19 07:00:00+02:00,-100.0,100.0,254630.93601632657,254630.93601632657,0.8229916241148256
2026-07-19 07:15:00+02:00,-100.0,100.0,254605.4258122449,254655.43601632657,0.8229916241148256
2026-07-19 07:30:00+02:00,-100.0,100.0,254629.9258122449,254629.9258122449,0.8229916241148256
2026-07-19 07:45:00+02:00,-100.0,100.0,254604.4156081633,254654.4258122449,0.8229916241148256
2026-07-19 08:00:00+02:00,-100.0,100.0,254628.9156081633,254628.9156081633,0.8229916241148256
2026-07-19 08:15:00+02:00,-100.0,100.0,254603.40540408166,254653.4156081633,0.8229916241148256
2026-07-19 08:30:00+02:00,-100.0,100.0,254627.90540408166,254627.90540408166,0.8229916241148256
2026-07-19 08:45:00+02:00,-100.0,100.0,254602.39520000003,254652.40540408166,0.8229916241148256
2026-07-19 09:00:00+02:00,-100.0,100.0,254626.89520000003,254626.89520000003,0.8229916241148256
2026-07-19 09:15:00+02:00,-100.0,100.0,254601.3849959184,254651.39520000003,0.8229916241148256
2026-07-19 09:30:00+02:00,-100.0,100.0,254625.8849959184,254625.8849959184,0.8229916241148256
2026-07-19 09:45:00+02:00,-100.0,100.0,254600.37479183674,254650.3849959184,0.8229916241148256
2026-07-19 10:00:00+02:00,-100.0,100.0,254624.87479183674,254624.87479183674,0.8229916241148256
2026-07-19 10:15:00+02:00,-100.0,100.0,254599.36458775515,254649.37479183674,0.8229916241148256
2026-07-19 10:30:00+02:00,-100.0,100.0,254623.86458775515,254623.86458775515,0.8229916241148256
2026-07-19 10:45:00+02:00,-100.0,100.0,254598.3543836735,254648.36458775515,0.8229916241148256
2026-07-19 11:00:00+02:00,-100.0,100.0,254622.8543836735,254622.8543836735,0.8229916241148256
2026-07-19 11:15:00+02:00,-100.0,100.0,254597.34417959186,254647.3543836735,0.8229916241148256
2026-07-19 11:30:00+02:00,-100.0,100.0,254621.84417959186,254621.84417959186,0.8229916241148256
2026-07-19 11:45:00+02:00,-100.0,100.0,254596.33397551024,254646.34417959186,0.8229916241148256
2026-07-19 12:00:00+02:00,-100.0,100.0,254620.83397551024,254620.83397551024,0.8229916241148256
2026-07-19 12:15:00+02:00,-100.0,100.0,254595.32377142858,254645.33397551024,0.8229916241148256
2026-07-19 12:30:00+02:00,-100.0,100.0,254619.82377142858,254619.82377142858,0.8229916241148256
2026-07-19 12:45:00+02:00,-100.0,100.0,254594.31356734698,254644.32377142858,0.8229916241148256
2026-07-19 13:00:00+02:00,-100.0,100.0,254618.81356734698,254618.81356734698,0.8229916241148256
2026-07-19 13:15:00+02:00,-100.0,100.0,254593.30336326532,254643.31356734698,0.8229916241148256
2026-07-19 13:30:00+02:00,-100.0,100.0,254617.80336326532,254617.80336326532,0.8229916241148256
2026-07-19 13:45:00+02:00,-100.0,100.0,254592.2931591837,254642.30336326532,0.8229916241148256
2026-07-19 14:00:00+02:00,-100.0,100.0,254616.7931591837,254616.7931591837,0.8229916241148256
2026-07-19 14:15:00+02:00,-100.0,100.0,254591.28295510207,254641.2931591837,0.8229916241148256
2026-07-19 14:30:00+02:00,-100.0,100.0,254615.78295510207,254615.78295510207,0.8229916241148256
2026-07-19 14:45:00+02:00,-100.0,100.0,254590.27275102044,254640.28295510207,0.8229916241148256
2026-07-19 15:00:00+02:00,-100.0,100.0,254614.77275102044,254614.77275102044,0.8229916241148256
2026-07-19 15:15:00+02:00,-100.0,100.0,254589.26254693881,254639.27275102044,0.8229916241148256
2026-07-19 15:30:00+02:00,-100.0,100.0,254613.76254693881,254613.76254693881,0.8229916241148256
2026-07-19 15:45:00+02:00,-100.0,100.0,254588.25234285716,254638.26254693881,0.8229916241148256
2026-07-19 16:00:00+02:00,-100.0,100.0,254612.75234285716,254612.75234285716,0.8229916241148256
2026-07-19 16:15:00+02:00,-100.0,100.0,254587.24213877553,254637.25234285716,0.8229916241148256
2026-07-19 16:30:00+02:00,-100.0,100.0,254611.74213877553,254611.74213877553,0.8229916241148256
2026-07-19 16:45:00+02:00,-100.0,100.0,254586.2319346939,254636.24213877553,0.8229916241148256
2026-07-19 17:00:00+02:00,-100.0,100.0,254610.7319346939,254610.7319346939,0.8229916241148256
2026-07-19 17:15:00+02:00,-100.0,100.0,254585.22173061228,254635.2319346939,0.8229916241148256
2026-07-19 17:30:00+02:00,-100.0,100.0,254609.72173061228,254609.72173061228,0.8229916241148256
2026-07-19 17:45:00+02:00,-100.0,100.0,254584.21152653065,254634.22173061228,0.8229916241148256
2026-07-19 18:00:00+02:00,-100.0,100.0,254608.71152653065,254608.71152653065,0.8229916241148256
2026-07-19 18:15:00+02:00,-100.0,100.0,254603.53185306123,254633.21152653065,0.8229916241148256
2026-07-19 18:30:00+02:00,-100.0,100.0,254628.03185306123,254628.03185306123,0.8229916241148256
2026-07-19 18:45:00+02:00,-100.0,100.0,254627.52675102043,254652.53185306123,0.8229916241148256
2026-07-19 19:00:00+02:00,-100.0,100.0,254652.02675102043,254652.02675102043,0.8229916241148256
2026-07-19 19:15:00+02:00,-100.0,100.0,254651.5216489796,254676.52675102043,0.8229916241148256
2026-07-19 19:30:00+02:00,-100.0,100.0,254676.0216489796,254676.0216489796,0.8229916241148256
2026-07-19 19:45:00+02:00,-100.0,100.0,254675.5165469388,254700.5216489796,0.8229916241148256
2026-07-19 20:00:00+02:00,-100.0,100.0,254700.0165469388,254700.0165469388,0.8229916241148256
2026-07-19 20:15:00+02:00,-100.0,100.0,254699.51144489797,254724.5165469388,0.8229916241148256
2026-07-19 20:30:00+02:00,-100.0,100.0,254724.01144489797,254724.01144489797,0.8229916241148256
2026-07-19 20:45:00+02:00,-100.0,100.0,254723.50634285714,254748.51144489797,0.8229916241148256
2026-07-19 21:00:00+02:00,-100.0,100.0,254748.00634285714,254748.00634285714,0.8229916241148256
2026-07-19 21:15:00+02:00,-100.0,100.0,254747.50124081635,254772.50634285714,0.8229916241148256
2026-07-19 21:30:00+02:00,-100.0,100.0,254772.00124081635,254772.00124081635,0.8229916241148256
2026-07-19 21:45:00+02:00,-100.0,100.0,254771.49613877552,254796.50124081635,0.8229916241148256
2026-07-19 22:00:00+02:00,-100.0,100.0,254795.99613877552,254795.99613877552,0.8229916241148256
2026-07-19 22:15:00+02:00,-50.0,50.0,254795.49103673472,254820.49613877552,0.20056804887560115
2026-07-19 22:30:00+02:00,-50.0,50.0,254807.74103673472,254807.74103673472,0.20056804887560115
2026-07-19 22:45:00+02:00,-50.0,50.0,254794.9859346939,254819.99103673472,0.20056804887560115
2026-07-19 23:00:00+02:00,-50.0,50.0,254807.2359346939,254807.2359346939,0.20056804887560115
2026-07-19 23:15:00+02:00,-50.0,50.0,254794.48083265306,254819.4859346939,0.20056804887560115
2026-07-19 23:30:00+02:00,-50.0,50.0,254806.73083265306,254806.73083265306,0.20056804887560115
2026-07-19 23:45:00+02:00,-50.0,50.0,254793.97573061226,254818.98083265306,0.20056804887560115
2026-07-20 00:00:00+02:00,-50.0,50.0,254806.22573061226,254806.22573061226,0.20056804887560115
2026-07-20 00:15:00+02:00,-50.0,50.0,254793.47062857143,254818.47573061226,0.20056804887560115
2026-07-20 00:30:00+02:00,-50.0,50.0,254805.72062857143,254805.72062857143,0.20056804887560115
2026-07-20 00:45:00+02:00,-50.0,50.0,254792.96552653064,254817.97062857143,0.20056804887560115
2026-07-20 01:00:00+02:00,-50.0,50.0,254805.21552653064,254805.21552653064,0.20056804887560115
2026-07-20 01:15:00+02:00,-100.0,100.0,254792.4604244898,254817.46552653064,92.91709866112049
2026-07-20 01:30:00+02:00,-100.0,100.0,254816.9604244898,254816.9604244898,92.91709866112049
2026-07-20 01:45:00+02:00,-100.0,100.0,254816.455322449,254841.4604244898,92.91709866112049
2026-07-20 02:00:00+02:00,-100.0,100.0,254840.955322449,254840.955322449,92.91709866112049
2026-07-20 02:15:00+02:00,-50.0,50.0,254840.45022040818,254865.455322449,0.20056804887560115
2026-07-20 02:30:00+02:00,-50.0,50.0,254852.70022040818,254852.70022040818,0.20056804887560115
2026-07-20 02:45:00+02:00,-50.0,50.0,254839.94511836735,254864.95022040818,0.20056804887560115
2026-07-20 03:00:00+02:00,-50.0,50.0,254852.19511836735,254852.19511836735,0.20056804887560115
2026-07-20 03:15:00+02:00,-100.0,100.0,254839.44001632655,254864.44511836735,120.46648641622254
2026-07-20 03:30:00+02:00,-150.0,150.0,254863.94001632655,254863.94001632655,216.65587417132457
2026-07-20 03:45:00+02:00,-100.0,100.0,254875.68491428572,254900.69001632655,96.38995580397764
2026-07-20 04:00:00+02:00,-100.0,100.0,254900.18491428572,254900.18491428572,96.38995580397764
2026-07-20 04:15:00+02:00,-100.0,100.0,254899.67981224493,254924.68491428572,96.38995580397764
2026-07-20 04:30:00+02:00,-50.0,50.0,254924.17981224493,254924.17981224493,0.20056804887560115
2026-07-20 04:45:00+02:00,-50.0,50.0,254911.4247102041,254936.42981224493,0.20056804887560115
2026-07-20 05:00:00+02:00,-50.0,50.0,254923.6747102041,254923.6747102041,0.20056804887560115
2026-07-20 05:15:00+02:00,-50.0,50.0,254910.91960816327,254935.9247102041,0.20056804887560115
2026-07-20 05:30:00+02:00,-50.0,50.0,254923.16960816327,254923.16960816327,0.20056804887560115
2026-07-20 05:45:00+02:00,-50.0,50.0,254910.41450612247,254935.41960816327,0.20056804887560115
2026-07-20 06:00:00+02:00,-50.0,50.0,254922.66450612247,254922.66450612247,0.20056804887560115
2026-07-20 06:15:00+02:00,-50.0,50.0,254909.90940408164,254934.91450612247,0.20056804887560115
2026-07-20 06:30:00+02:00,-50.0,50.0,254922.15940408164,254922.15940408164,0.20056804887560115
2026-07-20 06:45:00+02:00,-50.0,50.0,254909.40430204084,254934.40940408164,0.20056804887560115
2026-07-20 07:00:00+02:00,-50.0,50.0,254921.65430204084,254921.65430204084,0.20056804887560115
2026-07-20 07:15:00+02:00,-50.0,50.0,254908.8992,254933.90430204084,0.20056804887560115
2026-07-20 07:30:00+02:00,-50.0,50.0,254921.1492,254921.1492,0.20056804887560115
2026-07-20 07:45:00+02:00,-50.0,50.0,254908.3940979592,254933.3992,0.20056804887560115
2026-07-20 08:00:00+02:00,-50.0,50.0,254920.6440979592,254920.6440979592,0.20056804887560115
2026-07-20 08:15:00+02:00,-50.0,50.0,254907.8889959184,254932.8940979592,0.20056804887560115
2026-07-20 08:30:00+02:00,-50.0,50.0,254920.1389959184,254920.1389959184,0.20056804887560115
2026-07-20 08:45:00+02:00,-50.0,50.0,254907.38389387756,254932.3889959184,0.20056804887560115
2026-07-20 09:00:00+02:00,-50.0,50.0,254919.63389387756,254919.63389387756,0.20056804887560115
2026-07-20 09:15:00+02:00,-100.0,100.0,254906.87879183676,254931.88389387756,9.942302742753151
2026-07-20 09:30:00+02:00,-100.0,100.0,254906.37368979593,254931.37879183676,9.942302742753151
2026-07-20 09:45:00+02:00,-100.0,100.0,254921.8628979592,254930.87368979593,9.942302742753151
2026-07-20 10:00:00+02:00,-100.0,100.0,254921.3577959184,254946.3628979592,9.942302742753151
2026-07-20 10:15:00+02:00,-100.0,100.0,254945.8577959184,254945.8577959184,9.942302742753151
2026-07-20 10:30:00+02:00,-100.0,100.0,254945.35269387756,254970.3577959184,9.942302742753151
2026-07-20 10:45:00+02:00,-150.0,150.0,254969.85269387756,254969.85269387756,126.67699662030415
2026-07-20 11:00:00+02:00,-150.0,150.0,254981.59759183676,255006.60269387756,126.67699662030415
2026-07-20 11:15:00+02:00,-150.0,150.0,255018.34759183676,255018.34759183676,126.67699662030415
2026-07-20 11:30:00+02:00,-150.0,150.0,255030.09248979593,255055.09759183676,126.67699662030415
2026-07-20 11:45:00+02:00,-150.0,150.0,255066.84248979593,255066.84248979593,126.67699662030415
2026-07-20 12:00:00+02:00,-100.0,100.0,255088.05680000002,255103.59248979593,9.942302742753151
2026-07-20 12:15:00+02:00,-100.0,100.0,255112.55680000002,255112.55680000002,9.942302742753151
2026-07-20 12:30:00+02:00,-50.0,50.0,255137.05680000002,255137.05680000002,9.74173469387755
2026-07-20 12:45:00+02:00,-50.0,50.0,255149.30680000002,255149.30680000002,9.74173469387755
2026-07-20 13:00:00+02:00,-50.0,50.0,255161.55680000002,255161.55680000002,9.74173469387755
2026-07-20 13:15:00+02:00,-50.0,50.0,255173.80680000002,255173.80680000002,9.74173469387755
2026-07-20 13:30:00+02:00,-50.0,50.0,255186.05680000002,255186.05680000002,9.74173469387755
2026-07-20 13:45:00+02:00,-100.0,100.0,255198.30680000002,255198.30680000002,32.31692743764172
2026-07-20 14:00:00+02:00,-100.0,100.0,255222.80680000002,255222.80680000002,32.31692743764172
2026-07-20 14:15:00+02:00,-100.0,100.0,255247.30680000002,255247.30680000002,32.31692743764172
2026-07-20 14:30:00+02:00,-100.0,100.0,255271.80680000002,255271.80680000002,32.31692743764172
2026-07-20 14:45:00+02:00,-100.0,100.0,255296.30680000002,255296.30680000002,32.31692743764172
2026-07-20 15:00:00+02:00,-100.0,100.0,255320.80680000002,255320.80680000002,32.31692743764172
2026-07-20 15:15:00+02:00,-100.0,100.0,255345.30680000002,255345.30680000002,32.31692743764172
2026-07-20 15:30:00+02:00,-100.0,100.0,255369.80680000002,255369.80680000002,32.31692743764172
2026-07-20 15:45:00+02:00,-100.0,100.0,255394.30680000002,255394.30680000002,32.31692743764172
2026-07-20 16:00:00+02:00,-100.0,100.0,255418.80680000002,255418.80680000002,32.31692743764172
2026-07-20 16:15:00+02:00,-100.0,100.0,255443.30680000002,255443.30680000002,32.31692743764172
2026-07-20 16:30:00+02:00,-100.0,100.0,255467.80680000002,255467.80680000002,32.31692743764172
2026-07-20 16:45:00+02:00,-100.0,100.0,255492.30680000002,255492.30680000002,32.31692743764172
2026-07-20 17:00:00+02:00,-100.0,100.0,255516.80680000002,255516.80680000002,32.31692743764172
2026-07-20 17:15:00+02:00,-100.0,100.0,255541.30680000002,255541.30680000002,32.31692743764172
2026-07-20 17:30:00+02:00,-100.0,100.0,255565.80680000002,255565.80680000002,32.31692743764172
2026-07-20 17:45:00+02:00,-100.0,100.0,255590.30680000002,255590.30680000002,32.31692743764172
2026-07-20 18:00:00+02:00,-100.0,100.0,255614.80680000002,255614.80680000002,32.31692743764172
2026-07-20 18:15:00+02:00,-50.0,50.0,255639.30680000002,255639.30680000002,9.74173469387755
2026-07-20 18:30:00+02:00,-100.0,100.0,255651.55680000002,255651.55680000002,593.4152040816326
2026-07-20 18:45:00+02:00,-50.0,50.0,255676.05680000002,255676.05680000002,9.74173469387755
2026-07-20 19:00:00+02:00,-50.0,50.0,255688.30680000002,255688.30680000002,9.74173469387755
2026-07-20 19:15:00+02:00,-50.0,50.0,255700.55680000002,255700.55680000002,9.74173469387755
2026-07-20 19:30:00+02:00,-50.0,50.0,255712.80680000002,255712.80680000002,9.74173469387755
2026-07-20 19:45:00+02:00,-50.0,50.0,255725.05680000002,255725.05680000002,9.74173469387755
2026-07-20 20:00:00+02:00,-50.0,50.0,255737.30680000002,255737.30680000002,9.74173469387755
2026-07-20 20:15:00+02:00,-50.0,50.0,255749.55680000002,255749.55680000002,9.74173469387755
2026-07-20 20:30:00+02:00,-50.0,50.0,255761.80680000002,255761.80680000002,9.74173469387755
2026-07-20 20:45:00+02:00,-50.0,50.0,255774.05680000002,255774.05680000002,9.74173469387755
2026-07-20 21:00:00+02:00,-50.0,50.0,255786.30680000002,255786.30680000002,9.74173469387755
2026-07-20 21:15:00+02:00,-50.0,50.0,255798.55680000002,255798.55680000002,9.74173469387755
2026-07-20 21:30:00+02:00,-50.0,50.0,255810.80680000002,255810.80680000002,9.74173469387755
2026-07-20 21:45:00+02:00,-50.0,50.0,255823.05680000002,255823.05680000002,9.74173469387755
2026-07-20 22:00:00+02:00,-50.0,50.0,255835.30680000002,255835.30680000002,9.74173469387755
2026-07-20 22:15:00+02:00,0.0,0.0,255847.55680000002,255847.55680000002,0.0
2026-07-20 22:30:00+02:00,0.0,0.0,255847.55680000002,255847.55680000002,0.0
2026-07-20 22:45:00+02:00,-50.0,50.0,255847.55680000002,255847.55680000002,56.9665306122449
2026-07-20 23:00:00+02:00,-50.0,50.0,255859.80680000002,255859.80680000002,56.9665306122449
2026-07-20 23:15:00+02:00,-50.0,50.0,255872.05680000002,255872.05680000002,56.9665306122449
2026-07-20 23:30:00+02:00,-50.0,50.0,255884.30680000002,255884.30680000002,56.9665306122449
2026-07-20 23:45:00+02:00,-50.0,50.0,255896.55680000002,255896.55680000002,56.9665306122449
2026-07-21 00:00:00+02:00,-50.0,50.0,255908.80680000002,255908.80680000002,56.9665306122449
2026-07-21 00:15:00+02:00,0.0,0.0,255921.05680000002,255921.05680000002,0.0
2026-07-21 00:30:00+02:00,0.0,0.0,255921.05680000002,255921.05680000002,0.0
2026-07-21 00:45:00+02:00,0.0,0.0,255921.05680000002,255921.05680000002,0.0
2026-07-21 01:00:00+02:00,0.0,0.0,255921.05680000002,255921.05680000002,0.0
2026-07-21 01:15:00+02:00,0.0,0.0,255921.05680000002,255921.05680000002,0.0
2026-07-21 01:30:00+02:00,0.0,0.0,255921.05680000002,255921.05680000002,0.0
2026-07-21 01:45:00+02:00,-50.0,50.0,255921.05680000002,255921.05680000002,1.9826658163265307
2026-07-21 02:00:00+02:00,-50.0,50.0,255908.3016979592,255933.30680000002,1.9826658163265307
2026-07-21 02:15:00+02:00,-50.0,50.0,255920.5516979592,255920.5516979592,1.9826658163265307
2026-07-21 02:30:00+02:00,-50.0,50.0,255907.7965959184,255932.8016979592,1.9826658163265307
2026-07-21 02:45:00+02:00,-50.0,50.0,255920.0465959184,255920.0465959184,1.9826658163265307
2026-07-21 03:00:00+02:00,-50.0,50.0,255907.29149387756,255932.2965959184,1.9826658163265307
2026-07-21 03:15:00+02:00,-50.0,50.0,255919.54149387756,255919.54149387756,1.9826658163265307
2026-07-21 03:30:00+02:00,-150.0,150.0,255906.78639183677,255931.79149387756,157.57379960317462
2026-07-21 03:45:00+02:00,-150.0,150.0,255921.43159183676,255943.53639183677,157.57379960317462
2026-07-21 04:00:00+02:00,-100.0,100.0,255933.17648979594,255958.18159183676,11.976452664399092
2026-07-21 04:15:00+02:00,-100.0,100.0,255957.67648979594,255957.67648979594,11.976452664399092
2026-07-21 04:30:00+02:00,-100.0,100.0,255957.1713877551,255982.17648979594,11.976452664399092
2026-07-21 04:45:00+02:00,-100.0,100.0,255981.6713877551,255981.6713877551,11.976452664399092
2026-07-21 05:00:00+02:00,-100.0,100.0,255981.16628571428,256006.17138775508,11.976452664399092
2026-07-21 05:15:00+02:00,-100.0,100.0,256005.66628571428,256005.66628571428,11.976452664399092
2026-07-21 05:30:00+02:00,-100.0,100.0,256005.16118367345,256030.16628571428,11.976452664399092
2026-07-21 05:45:00+02:00,-50.0,50.0,256029.66118367345,256029.66118367345,1.9826658163265307
2026-07-21 06:00:00+02:00,-50.0,50.0,256016.90608163265,256041.91118367345,1.9826658163265307
2026-07-21 06:15:00+02:00,-50.0,50.0,256029.15608163265,256029.15608163265,1.9826658163265307
2026-07-21 06:30:00+02:00,-50.0,50.0,256016.40097959182,256041.40608163265,1.9826658163265307
2026-07-21 06:45:00+02:00,-50.0,50.0,256028.65097959182,256028.65097959182,1.9826658163265307
2026-07-21 07:00:00+02:00,-50.0,50.0,256015.895877551,256040.90097959182,1.9826658163265307
2026-07-21 07:15:00+02:00,-50.0,50.0,256028.145877551,256028.145877551,1.9826658163265307
2026-07-21 07:30:00+02:00,-50.0,50.0,256015.3907755102,256040.395877551,1.9826658163265307
2026-07-21 07:45:00+02:00,-50.0,50.0,256027.6407755102,256027.6407755102,1.9826658163265307
2026-07-21 08:00:00+02:00,-50.0,50.0,256014.88567346937,256039.8907755102,1.9826658163265307
2026-07-21 08:15:00+02:00,-50.0,50.0,256027.13567346937,256027.13567346937,1.9826658163265307
2026-07-21 08:30:00+02:00,-50.0,50.0,256034.6284,256039.38567346937,1.9826658163265307
2026-07-21 08:45:00+02:00,-50.0,50.0,256046.8784,256046.8784,1.9826658163265307
2026-07-21 09:00:00+02:00,-50.0,50.0,256059.1284,256059.1284,1.9826658163265307
2026-07-21 09:15:00+02:00,-50.0,50.0,256071.3784,256071.3784,1.9826658163265307
2026-07-21 09:30:00+02:00,-50.0,50.0,256083.6284,256083.6284,1.9826658163265307
2026-07-21 09:45:00+02:00,0.0,0.0,256095.8784,256095.8784,0.0
2026-07-21 10:00:00+02:00,-50.0,50.0,256095.8784,256095.8784,264.5208163265306
2026-07-21 10:15:00+02:00,0.0,0.0,256108.1284,256108.1284,0.0
2026-07-21 10:30:00+02:00,0.0,0.0,256108.1284,256108.1284,0.0
2026-07-21 10:45:00+02:00,-50.0,50.0,256108.1284,256108.1284,38.91156462585034
2026-07-21 11:00:00+02:00,-50.0,50.0,256120.3784,256120.3784,38.91156462585034
2026-07-21 11:15:00+02:00,-50.0,50.0,256132.6284,256132.6284,38.91156462585034
2026-07-21 11:30:00+02:00,-50.0,50.0,256144.8784,256144.8784,38.91156462585034
2026-07-21 11:45:00+02:00,-50.0,50.0,256157.1284,256157.1284,38.91156462585034
2026-07-21 12:00:00+02:00,-50.0,50.0,256169.3784,256169.3784,38.91156462585034
2026-07-21 12:15:00+02:00,-50.0,50.0,256181.6284,256181.6284,38.91156462585034
2026-07-21 12:30:00+02:00,-50.0,50.0,256193.8784,256193.8784,38.91156462585034
2026-07-21 12:45:00+02:00,-50.0,50.0,256206.1284,256206.1284,38.91156462585034
2026-07-21 13:00:00+02:00,-50.0,50.0,256218.3784,256218.3784,38.91156462585034
2026-07-21 13:15:00+02:00,-50.0,50.0,256230.6284,256230.6284,38.91156462585034
2026-07-21 13:30:00+02:00,-50.0,50.0,256242.8784,256242.8784,38.91156462585034
2026-07-21 13:45:00+02:00,-50.0,50.0,256255.1284,256255.1284,38.91156462585034
2026-07-21 14:00:00+02:00,-50.0,50.0,256267.3784,256267.3784,38.91156462585034
2026-07-21 14:15:00+02:00,-50.0,50.0,256279.6284,256279.6284,38.91156462585034
2026-07-21 14:30:00+02:00,0.0,0.0,256291.8784,256291.8784,0.0
2026-07-21 14:45:00+02:00,0.0,0.0,256291.8784,256291.8784,0.0
2026-07-21 15:00:00+02:00,0.0,0.0,256291.8784,256291.8784,0.0
2026-07-21 15:15:00+02:00,0.0,0.0,256291.8784,256291.8784,0.0
2026-07-21 15:30:00+02:00,0.0,0.0,256291.8784,256291.8784,0.0
2026-07-21 15:45:00+02:00,0.0,0.0,256291.8784,256291.8784,0.0
2026-07-21 16:00:00+02:00,0.0,0.0,256291.8784,256291.8784,0.0
2026-07-21 16:15:00+02:00,0.0,0.0,256291.8784,256291.8784,0.0
2026-07-21 16:30:00+02:00,0.0,0.0,256291.8784,256291.8784,0.0
2026-07-21 16:45:00+02:00,0.0,0.0,256291.8784,256291.8784,0.0
2026-07-21 17:00:00+02:00,-50.0,50.0,256291.8784,256291.8784,16.715296404275996
2026-07-21 17:15:00+02:00,-50.0,50.0,256304.1284,256304.1284,16.715296404275996
2026-07-21 17:30:00+02:00,-50.0,50.0,256316.3784,256316.3784,16.715296404275996
2026-07-21 17:45:00+02:00,-50.0,50.0,256328.6284,256328.6284,16.715296404275996
2026-07-21 18:00:00+02:00,-100.0,100.0,256340.8784,256340.8784,89.67448007774539
2026-07-21 18:15:00+02:00,-100.0,100.0,256365.3784,256365.3784,89.67448007774539
2026-07-21 18:30:00+02:00,-100.0,100.0,256389.8784,256389.8784,89.67448007774539
2026-07-21 18:45:00+02:00,-100.0,100.0,256414.3784,256414.3784,89.67448007774539
2026-07-21 19:00:00+02:00,-100.0,100.0,256438.8784,256438.8784,89.67448007774539
2026-07-21 19:15:00+02:00,-100.0,100.0,256463.3784,256463.3784,89.67448007774539
2026-07-21 19:30:00+02:00,-100.0,100.0,256487.8784,256487.8784,89.67448007774539
2026-07-21 19:45:00+02:00,-100.0,100.0,256512.3784,256512.3784,89.67448007774539
2026-07-21 20:00:00+02:00,-50.0,50.0,256536.8784,256536.8784,16.715296404275996
2026-07-21 20:15:00+02:00,-50.0,50.0,256549.1284,256549.1284,16.715296404275996
2026-07-21 20:30:00+02:00,-50.0,50.0,256561.3784,256561.3784,16.715296404275996
2026-07-21 20:45:00+02:00,-50.0,50.0,256573.6284,256573.6284,16.715296404275996
2026-07-21 21:00:00+02:00,-100.0,100.0,256585.8784,256585.8784,90.49162293488823
2026-07-21 21:15:00+02:00,-50.0,50.0,256610.3784,256610.3784,16.715296404275996
2026-07-21 21:30:00+02:00,-50.0,50.0,256622.6284,256622.6284,16.715296404275996
2026-07-21 21:45:00+02:00,-50.0,50.0,256634.8784,256634.8784,16.715296404275996
2026-07-21 22:00:00+02:00,-50.0,50.0,256647.1284,256647.1284,16.715296404275996
2026-07-21 22:15:00+02:00,0.0,0.0,256659.3784,256659.3784,0.0
2026-07-21 22:30:00+02:00,0.0,0.0,256659.3784,256659.3784,0.0
2026-07-21 22:45:00+02:00,0.0,0.0,256659.3784,256659.3784,0.0
2026-07-21 23:00:00+02:00,0.0,0.0,256659.3784,256659.3784,0.0
2026-07-21 23:15:00+02:00,0.0,0.0,256659.3784,256659.3784,0.0
2026-07-21 23:30:00+02:00,0.0,0.0,256659.3784,256659.3784,0.0
2026-07-21 23:45:00+02:00,0.0,0.0,256659.3784,256659.3784,0.0
2026-07-22 00:00:00+02:00,0.0,0.0,256659.3784,256659.3784,0.0
2026-07-22 00:15:00+02:00,0.0,0.0,256659.3784,256659.3784,0.0
2026-07-22 00:30:00+02:00,0.0,0.0,256659.3784,256659.3784,0.0
2026-07-22 00:45:00+02:00,0.0,0.0,256659.3784,256659.3784,0.0
2026-07-22 01:00:00+02:00,0.0,0.0,256659.3784,256659.3784,0.0
2026-07-22 01:15:00+02:00,0.0,0.0,256659.3784,256659.3784,0.0
2026-07-22 01:30:00+02:00,0.0,0.0,256659.3784,256659.3784,0.0
2026-07-22 01:45:00+02:00,0.0,0.0,256659.3784,256659.3784,0.0
2026-07-22 02:00:00+02:00,0.0,0.0,256659.3784,256659.3784,0.0
2026-07-22 02:15:00+02:00,0.0,0.0,256659.3784,256659.3784,0.0
2026-07-22 02:30:00+02:00,0.0,0.0,256659.3784,256659.3784,0.0
2026-07-22 02:45:00+02:00,-50.0,50.0,256659.3784,256659.3784,174.46000000000006
2026-07-22 03:00:00+02:00,0.0,0.0,256671.6284,256671.6284,0.0
2026-07-22 03:15:00+02:00,0.0,0.0,256671.6284,256671.6284,0.0
2026-07-22 03:30:00+02:00,-50.0,50.0,256671.6284,256671.6284,150.93795918367346
2026-07-22 03:45:00+02:00,-50.0,50.0,256683.8784,256683.8784,150.93795918367346
2026-07-22 04:00:00+02:00,0.0,0.0,256696.1284,256696.1284,0.0
2026-07-22 04:15:00+02:00,0.0,0.0,256696.1284,256696.1284,0.0
2026-07-22 04:30:00+02:00,0.0,0.0,256696.1284,256696.1284,0.0
2026-07-22 04:45:00+02:00,0.0,0.0,256696.1284,256696.1284,0.0
2026-07-22 05:00:00+02:00,0.0,0.0,256696.1284,256696.1284,0.0
2026-07-22 05:15:00+02:00,0.0,0.0,256696.1284,256696.1284,0.0
2026-07-22 05:30:00+02:00,0.0,0.0,256696.1284,256696.1284,0.0
2026-07-22 05:45:00+02:00,-50.0,50.0,256696.1284,256696.1284,11.7530612244898
2026-07-22 06:00:00+02:00,-50.0,50.0,256700.3264,256708.3784,11.7530612244898
2026-07-22 06:15:00+02:00,-50.0,50.0,256712.5764,256712.5764,11.7530612244898
2026-07-22 06:30:00+02:00,-50.0,50.0,256724.8264,256724.8264,11.7530612244898
2026-07-22 06:45:00+02:00,-100.0,100.0,256737.0764,256737.0764,14.779281277728487
2026-07-22 07:00:00+02:00,-100.0,100.0,256736.57129795916,256761.5764,14.779281277728487
2026-07-22 07:15:00+02:00,-100.0,100.0,256761.07129795916,256761.07129795916,14.779281277728487
2026-07-22 07:30:00+02:00,-100.0,100.0,256760.56619591836,256785.57129795916,14.779281277728487
2026-07-22 07:45:00+02:00,-100.0,100.0,256785.06619591836,256785.06619591836,14.779281277728487
2026-07-22 08:00:00+02:00,-100.0,100.0,256784.56109387754,256809.56619591836,14.779281277728487
2026-07-22 08:15:00+02:00,-100.0,100.0,256809.06109387754,256809.06109387754,14.779281277728487
2026-07-22 08:30:00+02:00,-50.0,50.0,256808.55599183674,256833.56109387754,3.0262200532386867
2026-07-22 08:45:00+02:00,-50.0,50.0,256820.80599183674,256820.80599183674,3.0262200532386867
2026-07-22 09:00:00+02:00,-50.0,50.0,256808.0508897959,256833.05599183674,3.0262200532386867
2026-07-22 09:15:00+02:00,-50.0,50.0,256820.3008897959,256820.3008897959,3.0262200532386867
2026-07-22 09:30:00+02:00,-50.0,50.0,256807.54578775508,256832.5508897959,3.0262200532386867
2026-07-22 09:45:00+02:00,-100.0,100.0,256819.79578775508,256819.79578775508,5.9142363797692985
2026-07-22 10:00:00+02:00,-100.0,100.0,256794.28558367345,256844.29578775508,5.9142363797692985
2026-07-22 10:15:00+02:00,-100.0,100.0,256818.78558367345,256818.78558367345,5.9142363797692985
2026-07-22 10:30:00+02:00,-150.0,150.0,256793.27537959183,256843.28558367345,29.027705767524395
2026-07-22 10:45:00+02:00,-150.0,150.0,256830.02537959183,256830.02537959183,29.027705767524395
2026-07-22 11:00:00+02:00,-150.0,150.0,256816.7651755102,256866.77537959183,29.027705767524395
2026-07-22 11:15:00+02:00,-150.0,150.0,256853.5151755102,256853.5151755102,29.027705767524395
2026-07-22 11:30:00+02:00,-150.0,150.0,256840.25497142857,256890.2651755102,29.027705767524395
2026-07-22 11:45:00+02:00,-100.0,100.0,256877.00497142857,256877.00497142857,5.9142363797692985
2026-07-22 12:00:00+02:00,-100.0,100.0,256851.4947673469,256901.50497142857,5.9142363797692985
2026-07-22 12:15:00+02:00,-100.0,100.0,256875.9947673469,256875.9947673469,5.9142363797692985
2026-07-22 12:30:00+02:00,-100.0,100.0,256850.4845632653,256900.4947673469,5.9142363797692985
2026-07-22 12:45:00+02:00,-100.0,100.0,256874.9845632653,256874.9845632653,5.9142363797692985
2026-07-22 13:00:00+02:00,-100.0,100.0,256849.47435918366,256899.4845632653,5.9142363797692985
2026-07-22 13:15:00+02:00,-100.0,100.0,256873.97435918366,256873.97435918366,5.9142363797692985
2026-07-22 13:30:00+02:00,-100.0,100.0,256848.46415510203,256898.47435918366,5.9142363797692985
2026-07-22 13:45:00+02:00,-100.0,100.0,256872.96415510203,256872.96415510203,5.9142363797692985
2026-07-22 14:00:00+02:00,-150.0,150.0,256847.4539510204,256897.46415510203,20.385690461401957
2026-07-22 14:15:00+02:00,-150.0,150.0,256884.2039510204,256884.2039510204,20.385690461401957
2026-07-22 14:30:00+02:00,-150.0,150.0,256870.94374693878,256920.9539510204,20.385690461401957
2026-07-22 14:45:00+02:00,-150.0,150.0,256907.69374693878,256907.69374693878,20.385690461401957
2026-07-22 15:00:00+02:00,-150.0,150.0,256894.43354285712,256944.44374693878,20.385690461401957
2026-07-22 15:15:00+02:00,-150.0,150.0,256931.18354285712,256931.18354285712,20.385690461401957
2026-07-22 15:30:00+02:00,-150.0,150.0,256917.9233387755,256967.93354285712,20.385690461401957
2026-07-22 15:45:00+02:00,-150.0,150.0,256954.6733387755,256954.6733387755,20.385690461401957
2026-07-22 16:00:00+02:00,-150.0,150.0,256941.41313469387,256991.4233387755,20.385690461401957
2026-07-22 16:15:00+02:00,-150.0,150.0,256978.16313469387,256978.16313469387,20.385690461401957
2026-07-22 16:30:00+02:00,-150.0,150.0,256964.90293061224,257014.91313469387,20.385690461401957
2026-07-22 16:45:00+02:00,-150.0,150.0,257001.65293061224,257001.65293061224,20.385690461401957
2026-07-22 17:00:00+02:00,-150.0,150.0,256988.3927265306,257038.40293061224,20.385690461401957
2026-07-22 17:15:00+02:00,-150.0,150.0,257025.1427265306,257025.1427265306,20.385690461401957
2026-07-22 17:30:00+02:00,-150.0,150.0,257011.88252244898,257061.8927265306,20.385690461401957
2026-07-22 17:45:00+02:00,-150.0,150.0,257048.63252244898,257048.63252244898,20.385690461401957
2026-07-22 18:00:00+02:00,-100.0,100.0,257035.37231836733,257085.38252244898,5.9142363797692985
2026-07-22 18:15:00+02:00,-100.0,100.0,257059.87231836733,257059.87231836733,5.9142363797692985
2026-07-22 18:30:00+02:00,-100.0,100.0,257034.3621142857,257084.37231836733,5.9142363797692985
2026-07-22 18:45:00+02:00,-100.0,100.0,257058.8621142857,257058.8621142857,5.9142363797692985
2026-07-22 19:00:00+02:00,-100.0,100.0,257037.46164897957,257083.3621142857,5.9142363797692985
2026-07-22 19:15:00+02:00,-100.0,100.0,257061.96164897957,257061.96164897957,5.9142363797692985
2026-07-22 19:30:00+02:00,-100.0,100.0,257061.45654693877,257086.46164897957,5.9142363797692985
2026-07-22 19:45:00+02:00,-100.0,100.0,257085.95654693877,257085.95654693877,5.9142363797692985
2026-07-22 20:00:00+02:00,-100.0,100.0,257085.45144489795,257110.45654693877,5.9142363797692985
2026-07-22 20:15:00+02:00,-150.0,150.0,257109.95144489795,257109.95144489795,30.584168352558414
2026-07-22 20:30:00+02:00,-150.0,150.0,257121.69634285712,257146.70144489795,30.584168352558414
2026-07-22 20:45:00+02:00,-150.0,150.0,257158.44634285712,257158.44634285712,30.584168352558414
2026-07-22 21:00:00+02:00,-100.0,100.0,257170.19124081632,257195.19634285712,5.9142363797692985
2026-07-22 21:15:00+02:00,-100.0,100.0,257194.69124081632,257194.69124081632,5.9142363797692985
2026-07-22 21:30:00+02:00,-100.0,100.0,257194.1861387755,257219.19124081632,5.9142363797692985
2026-07-22 21:45:00+02:00,-100.0,100.0,257218.6861387755,257218.6861387755,5.9142363797692985
2026-07-22 22:00:00+02:00,-100.0,100.0,257218.1810367347,257243.1861387755,5.9142363797692985
2026-07-22 22:15:00+02:00,-50.0,50.0,257242.6810367347,257242.6810367347,3.0262200532386867
2026-07-22 22:30:00+02:00,-50.0,50.0,257229.92593469386,257254.9310367347,3.0262200532386867
2026-07-22 22:45:00+02:00,-100.0,100.0,257242.17593469386,257242.17593469386,19.193975155279496
2026-07-22 23:00:00+02:00,-100.0,100.0,257241.67083265304,257266.67593469386,19.193975155279496
2026-07-22 23:15:00+02:00,-100.0,100.0,257266.17083265304,257266.17083265304,19.193975155279496
2026-07-22 23:30:00+02:00,-100.0,100.0,257265.66573061224,257290.67083265304,19.193975155279496
2026-07-22 23:45:00+02:00,-100.0,100.0,257290.16573061224,257290.16573061224,19.193975155279496
2026-07-23 00:00:00+02:00,-50.0,50.0,257310.6832,257314.66573061224,3.0262200532386867
2026-07-23 00:15:00+02:00,-50.0,50.0,257322.9332,257322.9332,3.0262200532386867
2026-07-23 00:30:00+02:00,-50.0,50.0,257335.1832,257335.1832,3.0262200532386867
2026-07-23 00:45:00+02:00,-50.0,50.0,257347.4332,257347.4332,3.0262200532386867
2026-07-23 01:00:00+02:00,-50.0,50.0,257359.6832,257359.6832,3.0262200532386867
2026-07-23 01:15:00+02:00,-50.0,50.0,257371.9332,257371.9332,3.0262200532386867
2026-07-23 01:30:00+02:00,-50.0,50.0,257384.1832,257384.1832,3.0262200532386867
2026-07-23 01:45:00+02:00,-50.0,50.0,257396.4332,257396.4332,3.0262200532386867
2026-07-23 02:00:00+02:00,-50.0,50.0,257408.6832,257408.6832,3.0262200532386867
2026-07-23 02:15:00+02:00,-50.0,50.0,257420.9332,257420.9332,3.0262200532386867
2026-07-23 02:30:00+02:00,-50.0,50.0,257433.1832,257433.1832,3.0262200532386867
2026-07-23 02:45:00+02:00,-50.0,50.0,257445.4332,257445.4332,3.0262200532386867
2026-07-23 03:00:00+02:00,-50.0,50.0,257457.6832,257457.6832,3.0262200532386867
2026-07-23 03:15:00+02:00,-50.0,50.0,257469.9332,257469.9332,3.0262200532386867
2026-07-23 03:30:00+02:00,-100.0,100.0,257482.1832,257482.1832,156.53234250221828
2026-07-23 03:45:00+02:00,-100.0,100.0,257506.6832,257506.6832,156.53234250221828
2026-07-23 04:00:00+02:00,-50.0,50.0,257531.1832,257531.1832,3.0262200532386867
2026-07-23 04:15:00+02:00,-50.0,50.0,257543.4332,257543.4332,3.0262200532386867
2026-07-23 04:30:00+02:00,-50.0,50.0,257555.6832,257555.6832,3.0262200532386867
2026-07-23 04:45:00+02:00,-50.0,50.0,257567.9332,257567.9332,3.0262200532386867
2026-07-23 05:00:00+02:00,-50.0,50.0,257580.1832,257580.1832,3.0262200532386867
2026-07-23 05:15:00+02:00,-50.0,50.0,257592.4332,257592.4332,3.0262200532386867
2026-07-23 05:30:00+02:00,-50.0,50.0,257604.6832,257604.6832,3.0262200532386867
2026-07-23 05:45:00+02:00,0.0,0.0,257616.9332,257616.9332,0.0
2026-07-23 06:00:00+02:00,0.0,0.0,257616.9332,257616.9332,0.0
2026-07-23 06:15:00+02:00,0.0,0.0,257616.9332,257616.9332,0.0
2026-07-23 06:30:00+02:00,0.0,0.0,257616.9332,257616.9332,0.0
2026-07-23 06:45:00+02:00,0.0,0.0,257616.9332,257616.9332,0.0
2026-07-23 07:00:00+02:00,0.0,0.0,257616.9332,257616.9332,0.0
2026-07-23 07:15:00+02:00,0.0,0.0,257616.9332,257616.9332,0.0
2026-07-23 07:30:00+02:00,0.0,0.0,257616.9332,257616.9332,0.0
2026-07-23 07:45:00+02:00,0.0,0.0,257616.9332,257616.9332,0.0
2026-07-23 08:00:00+02:00,0.0,0.0,257616.9332,257616.9332,0.0
2026-07-23 08:15:00+02:00,0.0,0.0,257616.9332,257616.9332,0.0
2026-07-23 08:30:00+02:00,0.0,0.0,257616.9332,257616.9332,0.0
2026-07-23 08:45:00+02:00,-50.0,50.0,257616.9332,257616.9332,209.5387755102041
2026-07-23 09:00:00+02:00,0.0,0.0,257629.1832,257629.1832,0.0
2026-07-23 09:15:00+02:00,0.0,0.0,257629.1832,257629.1832,0.0
2026-07-23 09:30:00+02:00,0.0,0.0,257629.1832,257629.1832,0.0
2026-07-23 09:45:00+02:00,0.0,0.0,257629.1832,257629.1832,0.0
2026-07-23 10:00:00+02:00,0.0,0.0,257629.1832,257629.1832,0.0
2026-07-23 10:15:00+02:00,0.0,0.0,257629.1832,257629.1832,0.0
2026-07-23 10:30:00+02:00,0.0,0.0,257629.1832,257629.1832,0.0
2026-07-23 10:45:00+02:00,-50.0,50.0,257629.1832,257629.1832,4.2861934338952965
2026-07-23 11:00:00+02:00,-50.0,50.0,257616.42809795917,257641.4332,4.2861934338952965
2026-07-23 11:15:00+02:00,-100.0,100.0,257628.67809795917,257628.67809795917,23.088817340600833
2026-07-23 11:30:00+02:00,-100.0,100.0,257628.17299591837,257653.17809795917,23.088817340600833
2026-07-23 11:45:00+02:00,-100.0,100.0,257652.67299591837,257652.67299591837,23.088817340600833
2026-07-23 12:00:00+02:00,-100.0,100.0,257652.16789387754,257677.17299591837,23.088817340600833
2026-07-23 12:15:00+02:00,-100.0,100.0,257676.66789387754,257676.66789387754,23.088817340600833
2026-07-23 12:30:00+02:00,-100.0,100.0,257676.16279183674,257701.16789387754,23.088817340600833
2026-07-23 12:45:00+02:00,-100.0,100.0,257700.66279183674,257700.66279183674,23.088817340600833
2026-07-23 13:00:00+02:00,-100.0,100.0,257700.15768979592,257725.16279183674,23.088817340600833
2026-07-23 13:15:00+02:00,-100.0,100.0,257724.65768979592,257724.65768979592,23.088817340600833
2026-07-23 13:30:00+02:00,-100.0,100.0,257724.1525877551,257749.15768979592,23.088817340600833
2026-07-23 13:45:00+02:00,-100.0,100.0,257748.6525877551,257748.6525877551,23.088817340600833
2026-07-23 14:00:00+02:00,-100.0,100.0,257748.1474857143,257773.1525877551,23.088817340600833
2026-07-23 14:15:00+02:00,-100.0,100.0,257772.6474857143,257772.6474857143,23.088817340600833
2026-07-23 14:30:00+02:00,-100.0,100.0,257772.14238367346,257797.1474857143,23.088817340600833
2026-07-23 14:45:00+02:00,-50.0,50.0,257796.64238367346,257796.64238367346,4.2861934338952965
2026-07-23 15:00:00+02:00,-50.0,50.0,257783.88728163266,257808.89238367346,4.2861934338952965
2026-07-23 15:15:00+02:00,-50.0,50.0,257796.13728163266,257796.13728163266,4.2861934338952965
2026-07-23 15:30:00+02:00,-50.0,50.0,257783.38217959183,257808.38728163266,4.2861934338952965
2026-07-23 15:45:00+02:00,-50.0,50.0,257795.63217959183,257795.63217959183,4.2861934338952965
2026-07-23 16:00:00+02:00,-50.0,50.0,257782.877077551,257807.88217959183,4.2861934338952965
2026-07-23 16:15:00+02:00,-50.0,50.0,257795.127077551,257795.127077551,4.2861934338952965
2026-07-23 16:30:00+02:00,-50.0,50.0,257782.3719755102,257807.377077551,4.2861934338952965
2026-07-23 16:45:00+02:00,-50.0,50.0,257794.6219755102,257794.6219755102,4.2861934338952965
2026-07-23 17:00:00+02:00,-100.0,100.0,257781.86687346938,257806.8719755102,127.5288464951198
2026-07-23 17:15:00+02:00,-100.0,100.0,257806.36687346938,257806.36687346938,127.5288464951198
2026-07-23 17:30:00+02:00,-50.0,50.0,257805.86177142858,257830.86687346938,4.2861934338952965
2026-07-23 17:45:00+02:00,-50.0,50.0,257818.11177142858,257818.11177142858,4.2861934338952965
2026-07-23 18:00:00+02:00,-50.0,50.0,257810.1548,257830.36177142858,4.2861934338952965
2026-07-23 18:15:00+02:00,-50.0,50.0,257822.4048,257822.4048,4.2861934338952965
2026-07-23 18:30:00+02:00,-50.0,50.0,257834.6548,257834.6548,4.2861934338952965
2026-07-23 18:45:00+02:00,-50.0,50.0,257846.9048,257846.9048,4.2861934338952965
2026-07-23 19:00:00+02:00,-50.0,50.0,257859.1548,257859.1548,4.2861934338952965
2026-07-23 19:15:00+02:00,-50.0,50.0,257871.4048,257871.4048,4.2861934338952965
2026-07-23 19:30:00+02:00,-50.0,50.0,257883.6548,257883.6548,4.2861934338952965
2026-07-23 19:45:00+02:00,-50.0,50.0,257895.9048,257895.9048,4.2861934338952965
2026-07-23 20:00:00+02:00,-50.0,50.0,257908.1548,257908.1548,4.2861934338952965
2026-07-23 20:15:00+02:00,-100.0,100.0,257920.4048,257920.4048,22.5989485359361
2026-07-23 20:30:00+02:00,-100.0,100.0,257944.9048,257944.9048,22.5989485359361
2026-07-23 20:45:00+02:00,-100.0,100.0,257969.4048,257969.4048,22.5989485359361
2026-07-23 21:00:00+02:00,-100.0,100.0,257993.9048,257993.9048,22.5989485359361
2026-07-23 21:15:00+02:00,-50.0,50.0,258018.4048,258018.4048,4.2861934338952965
2026-07-23 21:30:00+02:00,-50.0,50.0,258030.6548,258030.6548,4.2861934338952965
2026-07-23 21:45:00+02:00,-50.0,50.0,258042.9048,258042.9048,4.2861934338952965
2026-07-23 22:00:00+02:00,-50.0,50.0,258055.1548,258055.1548,4.2861934338952965
2026-07-23 22:15:00+02:00,0.0,0.0,258067.4048,258067.4048,0.0
2026-07-23 22:30:00+02:00,0.0,0.0,258067.4048,258067.4048,0.0
2026-07-23 22:45:00+02:00,0.0,0.0,258067.4048,258067.4048,0.0
2026-07-23 23:00:00+02:00,0.0,0.0,258067.4048,258067.4048,0.0
2026-07-23 23:15:00+02:00,0.0,0.0,258067.4048,258067.4048,0.0
2026-07-23 23:30:00+02:00,-50.0,50.0,258067.4048,258067.4048,25.817823129251703
2026-07-23 23:45:00+02:00,-50.0,50.0,258079.6548,258079.6548,25.817823129251703
2026-07-24 00:00:00+02:00,-50.0,50.0,258091.9048,258091.9048,25.817823129251703
2026-07-24 00:15:00+02:00,0.0,0.0,258104.1548,258104.1548,0.0
2026-07-24 00:30:00+02:00,0.0,0.0,258104.1548,258104.1548,0.0
2026-07-24 00:45:00+02:00,0.0,0.0,258104.1548,258104.1548,0.0
2026-07-24 01:00:00+02:00,0.0,0.0,258104.1548,258104.1548,0.0
2026-07-24 01:15:00+02:00,0.0,0.0,258104.1548,258104.1548,0.0
2026-07-24 01:30:00+02:00,0.0,0.0,258104.1548,258104.1548,0.0
2026-07-24 01:45:00+02:00,0.0,0.0,258104.1548,258104.1548,0.0
2026-07-24 02:00:00+02:00,0.0,0.0,258104.1548,258104.1548,0.0
2026-07-24 02:15:00+02:00,0.0,0.0,258104.1548,258104.1548,0.0
2026-07-24 02:30:00+02:00,0.0,0.0,258104.1548,258104.1548,0.0
2026-07-24 02:45:00+02:00,0.0,0.0,258104.1548,258104.1548,0.0
2026-07-24 03:00:00+02:00,0.0,0.0,258104.1548,258104.1548,0.0
2026-07-24 03:15:00+02:00,0.0,0.0,258104.1548,258104.1548,0.0
2026-07-24 03:30:00+02:00,-50.0,50.0,258104.1548,258104.1548,133.99197278911564
2026-07-24 03:45:00+02:00,-50.0,50.0,258116.4048,258116.4048,133.99197278911564
2026-07-24 04:00:00+02:00,-50.0,50.0,258128.6548,258128.6548,133.99197278911564
2026-07-24 04:15:00+02:00,0.0,0.0,258140.9048,258140.9048,0.0
2026-07-24 04:30:00+02:00,0.0,0.0,258140.9048,258140.9048,0.0
2026-07-24 04:45:00+02:00,0.0,0.0,258140.9048,258140.9048,0.0
2026-07-24 05:00:00+02:00,0.0,0.0,258140.9048,258140.9048,0.0
2026-07-24 05:15:00+02:00,0.0,0.0,258140.9048,258140.9048,0.0
2026-07-24 05:30:00+02:00,0.0,0.0,258140.9048,258140.9048,0.0
2026-07-24 05:45:00+02:00,0.0,0.0,258140.9048,258140.9048,0.0
2026-07-24 06:00:00+02:00,0.0,0.0,258140.9048,258140.9048,0.0
2026-07-24 06:15:00+02:00,0.0,0.0,258140.9048,258140.9048,0.0
2026-07-24 06:30:00+02:00,0.0,0.0,258140.9048,258140.9048,0.0
2026-07-24 06:45:00+02:00,0.0,0.0,258140.9048,258140.9048,0.0
2026-07-24 07:00:00+02:00,0.0,0.0,258140.9048,258140.9048,0.0
2026-07-24 07:15:00+02:00,0.0,0.0,258140.9048,258140.9048,0.0
2026-07-24 07:30:00+02:00,0.0,0.0,258140.9048,258140.9048,0.0
2026-07-24 07:45:00+02:00,-50.0,50.0,258140.9048,258140.9048,0.2503019185202172
2026-07-24 08:00:00+02:00,-50.0,50.0,258128.14969795916,258153.1548,0.2503019185202172
2026-07-24 08:15:00+02:00,-100.0,100.0,258140.39969795916,258140.39969795916,78.48589375525492
2026-07-24 08:30:00+02:00,-100.0,100.0,258139.89459591836,258164.89969795916,78.48589375525492
2026-07-24 08:45:00+02:00,-100.0,100.0,258164.39459591836,258164.39459591836,78.48589375525492
2026-07-24 09:00:00+02:00,-150.0,150.0,258163.88949387753,258188.89459591836,80.66368108071141
2026-07-24 09:15:00+02:00,-150.0,150.0,258175.6343918367,258200.63949387753,80.66368108071141
2026-07-24 09:30:00+02:00,-100.0,100.0,258187.3792897959,258212.3843918367,2.4280892439767157
2026-07-24 09:45:00+02:00,-100.0,100.0,258186.8741877551,258211.8792897959,2.4280892439767157
2026-07-24 10:00:00+02:00,-100.0,100.0,258186.36908571428,258211.3741877551,2.4280892439767157
2026-07-24 10:15:00+02:00,-100.0,100.0,258185.86398367345,258210.86908571428,2.4280892439767157
2026-07-24 10:30:00+02:00,-100.0,100.0,258185.35888163262,258210.36398367345,2.4280892439767157
2026-07-24 10:45:00+02:00,-150.0,150.0,258184.85377959182,258209.85888163262,25.79448380179985
2026-07-24 11:00:00+02:00,-150.0,150.0,258196.59867755102,258221.60377959182,25.79448380179985
2026-07-24 11:15:00+02:00,-150.0,150.0,258208.3435755102,258233.34867755102,25.79448380179985
2026-07-24 11:30:00+02:00,-100.0,100.0,258220.08847346937,258245.0935755102,2.4280892439767157
2026-07-24 11:45:00+02:00,-100.0,100.0,258219.58337142854,258244.58847346937,2.4280892439767157
2026-07-24 12:00:00+02:00,-100.0,100.0,258219.07826938774,258244.08337142854,2.4280892439767157
2026-07-24 12:15:00+02:00,-100.0,100.0,258218.57316734694,258243.57826938774,2.4280892439767157
2026-07-24 12:30:00+02:00,-100.0,100.0,258218.0680653061,258243.07316734694,2.4280892439767157
2026-07-24 12:45:00+02:00,-100.0,100.0,258217.56296326529,258242.5680653061,2.4280892439767157
2026-07-24 13:00:00+02:00,-100.0,100.0,258217.05786122446,258242.06296326529,2.4280892439767157
2026-07-24 13:15:00+02:00,-100.0,100.0,258216.55275918366,258241.55786122446,2.4280892439767157
2026-07-24 13:30:00+02:00,-100.0,100.0,258216.04765714286,258241.05275918366,2.4280892439767157
2026-07-24 13:45:00+02:00,-100.0,100.0,258215.54255510203,258240.54765714286,2.4280892439767157
2026-07-24 14:00:00+02:00,-100.0,100.0,258215.0374530612,258240.04255510203,2.4280892439767157
2026-07-24 14:15:00+02:00,-100.0,100.0,258214.53235102037,258239.5374530612,2.4280892439767157
2026-07-24 14:30:00+02:00,-100.0,100.0,258214.02724897958,258239.03235102037,2.4280892439767157
2026-07-24 14:45:00+02:00,-100.0,100.0,258213.52214693878,258238.52724897958,2.4280892439767157
2026-07-24 15:00:00+02:00,-100.0,100.0,258213.01704489795,258238.02214693878,2.4280892439767157
2026-07-24 15:15:00+02:00,-100.0,100.0,258212.51194285712,258237.51704489795,2.4280892439767157
2026-07-24 15:30:00+02:00,-100.0,100.0,258212.00684081632,258237.01194285712,2.4280892439767157
2026-07-24 15:45:00+02:00,-100.0,100.0,258211.50173877552,258236.50684081632,2.4280892439767157
2026-07-24 16:00:00+02:00,-100.0,100.0,258210.9966367347,258236.00173877552,2.4280892439767157
2026-07-24 16:15:00+02:00,-100.0,100.0,258210.49153469387,258235.4966367347,2.4280892439767157
2026-07-24 16:30:00+02:00,-100.0,100.0,258209.98643265304,258234.99153469387,2.4280892439767157
2026-07-24 16:45:00+02:00,-100.0,100.0,258209.48133061224,258234.48643265304,2.4280892439767157
2026-07-24 17:00:00+02:00,-100.0,100.0,258208.97622857144,258233.98133061224,2.4280892439767157
2026-07-24 17:15:00+02:00,-100.0,100.0,258208.4711265306,258233.47622857144,2.4280892439767157
2026-07-24 17:30:00+02:00,-100.0,100.0,258207.96602448978,258232.9711265306,2.4280892439767157
2026-07-24 17:45:00+02:00,-100.0,100.0,258207.46092244895,258232.46602448978,2.4280892439767157
2026-07-24 18:00:00+02:00,-100.0,100.0,258206.95582040815,258231.96092244895,2.4280892439767157
2026-07-24 18:15:00+02:00,-100.0,100.0,258206.45071836736,258231.45582040815,2.4280892439767157
2026-07-24 18:30:00+02:00,-100.0,100.0,258205.94561632653,258230.95071836736,2.4280892439767157
2026-07-24 18:45:00+02:00,-100.0,100.0,258205.4405142857,258230.44561632653,2.4280892439767157
2026-07-24 19:00:00+02:00,-100.0,100.0,258204.93541224487,258229.9405142857,2.4280892439767157
2026-07-24 19:15:00+02:00,-100.0,100.0,258204.43031020407,258229.43541224487,2.4280892439767157
2026-07-24 19:30:00+02:00,-100.0,100.0,258203.92520816327,258228.93031020407,2.4280892439767157
2026-07-24 19:45:00+02:00,-100.0,100.0,258203.42010612244,258228.42520816327,2.4280892439767157
2026-07-24 20:00:00+02:00,-100.0,100.0,258202.91500408162,258227.92010612244,2.4280892439767157
2026-07-24 20:15:00+02:00,-150.0,150.0,258202.4099020408,258227.41500408162,7.756194200244939
2026-07-24 20:30:00+02:00,-150.0,150.0,258189.14969795916,258239.1599020408,7.756194200244939
2026-07-24 20:45:00+02:00,-150.0,150.0,258200.89459591836,258225.89969795916,7.756194200244939
2026-07-24 21:00:00+02:00,-150.0,150.0,258187.63439183673,258237.64459591836,7.756194200244939
2026-07-24 21:15:00+02:00,-150.0,150.0,258199.3792897959,258224.38439183673,7.756194200244939
2026-07-24 21:30:00+02:00,-150.0,150.0,258186.11908571425,258236.1292897959,7.756194200244939
2026-07-24 21:45:00+02:00,-150.0,150.0,258197.86398367345,258222.86908571425,7.756194200244939
2026-07-24 22:00:00+02:00,-150.0,150.0,258186.2257877551,258234.61398367345,7.756194200244939
2026-07-24 22:15:00+02:00,-150.0,150.0,258197.97068571427,258222.9757877551,7.756194200244939
2026-07-24 22:30:00+02:00,-150.0,150.0,258209.71558367345,258234.72068571427,7.756194200244939
2026-07-24 22:45:00+02:00,-150.0,150.0,258221.46048163262,258246.46558367345,7.756194200244939
2026-07-24 23:00:00+02:00,-150.0,150.0,258233.20537959182,258258.21048163262,7.756194200244939
2026-07-24 23:15:00+02:00,-150.0,150.0,258244.95027755102,258269.95537959182,7.756194200244939
2026-07-24 23:30:00+02:00,-150.0,150.0,258256.6951755102,258281.70027755102,7.756194200244939
2026-07-24 23:45:00+02:00,-100.0,100.0,258268.44007346936,258293.4451755102,2.4280892439767157
2026-07-25 00:00:00+02:00,-100.0,100.0,258267.93497142853,258292.94007346936,2.4280892439767157
2026-07-25 00:15:00+02:00,-100.0,100.0,258267.42986938774,258292.43497142853,2.4280892439767157
2026-07-25 00:30:00+02:00,-100.0,100.0,258266.92476734694,258291.92986938774,2.4280892439767157
2026-07-25 00:45:00+02:00,-100.0,100.0,258266.4196653061,258291.42476734694,2.4280892439767157
2026-07-25 01:00:00+02:00,-100.0,100.0,258265.91456326528,258290.9196653061,2.4280892439767157
2026-07-25 01:15:00+02:00,-100.0,100.0,258265.40946122445,258290.41456326528,2.4280892439767157
2026-07-25 01:30:00+02:00,-100.0,100.0,258264.90435918365,258289.90946122445,2.4280892439767157
2026-07-25 01:45:00+02:00,-100.0,100.0,258264.39925714285,258289.40435918365,2.4280892439767157
2026-07-25 02:00:00+02:00,-100.0,100.0,258263.89415510203,258288.89925714285,2.4280892439767157
2026-07-25 02:15:00+02:00,-100.0,100.0,258263.3890530612,258288.39415510203,2.4280892439767157
2026-07-25 02:30:00+02:00,-100.0,100.0,258262.8839510204,258287.8890530612,2.4280892439767157
2026-07-25 02:45:00+02:00,-100.0,100.0,258262.3788489796,258287.3839510204,2.4280892439767157
2026-07-25 03:00:00+02:00,-100.0,100.0,258261.87374693877,258286.8788489796,2.4280892439767157
2026-07-25 03:15:00+02:00,-100.0,100.0,258261.36864489794,258286.37374693877,2.4280892439767157
2026-07-25 03:30:00+02:00,-100.0,100.0,258260.8635428571,258285.86864489794,2.4280892439767157
2026-07-25 03:45:00+02:00,-100.0,100.0,258260.35844081632,258285.3635428571,2.4280892439767157
2026-07-25 04:00:00+02:00,-100.0,100.0,258259.85333877552,258284.85844081632,2.4280892439767157
2026-07-25 04:15:00+02:00,-100.0,100.0,258259.3482367347,258284.35333877552,2.4280892439767157
2026-07-25 04:30:00+02:00,-100.0,100.0,258258.84313469386,258283.8482367347,2.4280892439767157
2026-07-25 04:45:00+02:00,-100.0,100.0,258258.33803265303,258283.34313469386,2.4280892439767157
2026-07-25 05:00:00+02:00,-100.0,100.0,258257.83293061223,258282.83803265303,2.4280892439767157
2026-07-25 05:15:00+02:00,-100.0,100.0,258257.32782857143,258282.33293061223,2.4280892439767157
2026-07-25 05:30:00+02:00,-100.0,100.0,258256.8227265306,258281.82782857143,2.4280892439767157
2026-07-25 05:45:00+02:00,-100.0,100.0,258256.31762448978,258281.3227265306,2.4280892439767157
2026-07-25 06:00:00+02:00,-100.0,100.0,258255.81252244895,258280.81762448978,2.4280892439767157
2026-07-25 06:15:00+02:00,-100.0,100.0,258255.30742040815,258280.31252244895,2.4280892439767157
2026-07-25 06:30:00+02:00,-100.0,100.0,258254.80231836735,258279.80742040815,2.4280892439767157
2026-07-25 06:45:00+02:00,-100.0,100.0,258254.29721632652,258279.30231836735,2.4280892439767157
2026-07-25 07:00:00+02:00,-100.0,100.0,258253.7921142857,258278.79721632652,2.4280892439767157
2026-07-25 07:15:00+02:00,-100.0,100.0,258253.28701224487,258278.2921142857,2.4280892439767157
2026-07-25 07:30:00+02:00,-100.0,100.0,258252.78191020407,258277.78701224487,2.4280892439767157
2026-07-25 07:45:00+02:00,-100.0,100.0,258252.27680816327,258277.28191020407,2.4280892439767157
2026-07-25 08:00:00+02:00,-100.0,100.0,258251.77170612244,258276.77680816327,2.4280892439767157
2026-07-25 08:15:00+02:00,-100.0,100.0,258251.2666040816,258276.27170612244,2.4280892439767157
2026-07-25 08:30:00+02:00,-100.0,100.0,258250.76150204078,258275.7666040816,2.4280892439767157
2026-07-25 08:45:00+02:00,-100.0,100.0,258250.25639999998,258275.26150204078,2.4280892439767157
2026-07-25 09:00:00+02:00,-150.0,150.0,258249.75129795918,258274.75639999998,47.682238903840656
2026-07-25 09:15:00+02:00,-150.0,150.0,258261.49619591836,258286.50129795918,47.682238903840656
2026-07-25 09:30:00+02:00,-150.0,150.0,258273.24109387753,258298.24619591836,47.682238903840656
2026-07-25 09:45:00+02:00,-150.0,150.0,258284.9859918367,258309.99109387753,47.682238903840656
2026-07-25 10:00:00+02:00,-150.0,150.0,258296.7308897959,258321.7359918367,47.682238903840656
2026-07-25 10:15:00+02:00,-150.0,150.0,258308.4757877551,258333.4808897959,47.682238903840656
2026-07-25 10:30:00+02:00,-150.0,150.0,258320.22068571427,258345.2257877551,47.682238903840656
2026-07-25 10:45:00+02:00,-150.0,150.0,258331.96558367345,258356.97068571427,47.682238903840656
2026-07-25 11:00:00+02:00,-150.0,150.0,258343.71048163262,258368.71558367345,47.682238903840656
2026-07-25 11:15:00+02:00,-100.0,100.0,258355.45537959182,258380.46048163262,2.4280892439767157
2026-07-25 11:30:00+02:00,-100.0,100.0,258354.95027755102,258379.95537959182,2.4280892439767157
2026-07-25 11:45:00+02:00,-100.0,100.0,258354.4451755102,258379.45027755102,2.4280892439767157
2026-07-25 12:00:00+02:00,-100.0,100.0,258353.94007346936,258378.9451755102,2.4280892439767157
2026-07-25 12:15:00+02:00,-100.0,100.0,258353.43497142853,258378.44007346936,2.4280892439767157
2026-07-25 12:30:00+02:00,-100.0,100.0,258352.92986938774,258377.93497142853,2.4280892439767157
2026-07-25 12:45:00+02:00,-100.0,100.0,258352.42476734694,258377.42986938774,2.4280892439767157
2026-07-25 13:00:00+02:00,-100.0,100.0,258351.9196653061,258376.92476734694,2.4280892439767157
2026-07-25 13:15:00+02:00,-100.0,100.0,258351.41456326528,258376.4196653061,2.4280892439767157
2026-07-25 13:30:00+02:00,-100.0,100.0,258350.90946122445,258375.91456326528,2.4280892439767157
2026-07-25 13:45:00+02:00,-100.0,100.0,258350.40435918365,258375.40946122445,2.4280892439767157
2026-07-25 14:00:00+02:00,-100.0,100.0,258349.89925714285,258374.90435918365,2.4280892439767157
2026-07-25 14:15:00+02:00,-100.0,100.0,258349.39415510203,258374.39925714285,2.4280892439767157
2026-07-25 14:30:00+02:00,-100.0,100.0,258348.8890530612,258373.89415510203,2.4280892439767157
2026-07-25 14:45:00+02:00,-100.0,100.0,258348.38395102037,258373.3890530612,2.4280892439767157
2026-07-25 15:00:00+02:00,-100.0,100.0,258347.87884897957,258372.88395102037,2.4280892439767157
2026-07-25 15:15:00+02:00,-100.0,100.0,258347.37374693877,258372.37884897957,2.4280892439767157
2026-07-25 15:30:00+02:00,-100.0,100.0,258346.86864489794,258371.87374693877,2.4280892439767157
2026-07-25 15:45:00+02:00,-100.0,100.0,258346.3635428571,258371.36864489794,2.4280892439767157
2026-07-25 16:00:00+02:00,-100.0,100.0,258345.85844081632,258370.8635428571,2.4280892439767157
2026-07-25 16:15:00+02:00,-100.0,100.0,258345.35333877552,258370.35844081632,2.4280892439767157
2026-07-25 16:30:00+02:00,-100.0,100.0,258344.8482367347,258369.85333877552,2.4280892439767157
2026-07-25 16:45:00+02:00,-100.0,100.0,258344.34313469386,258369.3482367347,2.4280892439767157
2026-07-25 17:00:00+02:00,-150.0,150.0,258343.83803265303,258368.84313469386,7.832473219789263
2026-07-25 17:15:00+02:00,-150.0,150.0,258343.5697632653,258380.58803265303,7.832473219789263
2026-07-25 17:30:00+02:00,-150.0,150.0,258342.82782857143,258380.3197632653,7.832473219789263
2026-07-25 17:45:00+02:00,-150.0,150.0,258343.0646612245,258379.57782857143,7.832473219789263
2026-07-25 18:00:00+02:00,-150.0,150.0,258341.81762448978,258379.8146612245,7.832473219789263
2026-07-25 18:15:00+02:00,-150.0,150.0,258342.55955918366,258378.56762448978,7.832473219789263
2026-07-25 18:30:00+02:00,-150.0,150.0,258340.80742040815,258379.30955918366,7.832473219789263
2026-07-25 18:45:00+02:00,-150.0,150.0,258342.05445714286,258377.55742040815,7.832473219789263
2026-07-25 19:00:00+02:00,-150.0,150.0,258339.79721632652,258378.80445714286,7.832473219789263
2026-07-25 19:15:00+02:00,-150.0,150.0,258341.54935510203,258376.54721632652,7.832473219789263
2026-07-25 19:30:00+02:00,-150.0,150.0,258338.78701224487,258378.29935510203,7.832473219789263
2026-07-25 19:45:00+02:00,-150.0,150.0,258341.0442530612,258375.53701224487,7.832473219789263
2026-07-25 20:00:00+02:00,-150.0,150.0,258337.77680816327,258377.7942530612,7.832473219789263
2026-07-25 20:15:00+02:00,-150.0,150.0,258340.5391510204,258374.52680816327,7.832473219789263
2026-07-25 20:30:00+02:00,-150.0,150.0,258336.7666040816,258377.2891510204,7.832473219789263
2026-07-25 20:45:00+02:00,-150.0,150.0,258340.03404897958,258373.5166040816,7.832473219789263
2026-07-25 21:00:00+02:00,-150.0,150.0,258335.75639999998,258376.78404897958,7.832473219789263
2026-07-25 21:15:00+02:00,-150.0,150.0,258339.52894693878,258372.50639999998,7.832473219789263
2026-07-25 21:30:00+02:00,-150.0,150.0,258334.74619591836,258376.27894693878,7.832473219789263
2026-07-25 21:45:00+02:00,-150.0,150.0,258339.02384489795,258371.49619591836,7.832473219789263
2026-07-25 22:00:00+02:00,-150.0,150.0,258333.7359918367,258375.77384489795,7.832473219789263
2026-07-25 22:15:00+02:00,-150.0,150.0,258338.51874285712,258370.4859918367,7.832473219789263
2026-07-25 22:30:00+02:00,-150.0,150.0,258332.7257877551,258375.26874285712,7.832473219789263
2026-07-25 22:45:00+02:00,-150.0,150.0,258338.01364081632,258369.4757877551,7.832473219789263
2026-07-25 23:00:00+02:00,-150.0,150.0,258331.71558367345,258374.76364081632,7.832473219789263
2026-07-25 23:15:00+02:00,-150.0,150.0,258337.5085387755,258368.46558367345,7.832473219789263
2026-07-25 23:30:00+02:00,-150.0,150.0,258330.70537959182,258374.2585387755,7.832473219789263
2026-07-25 23:45:00+02:00,-150.0,150.0,258337.0034367347,258367.45537959182,7.832473219789263
2026-07-26 00:00:00+02:00,-150.0,150.0,258329.6951755102,258373.7534367347,7.832473219789263
2026-07-26 00:15:00+02:00,-150.0,150.0,258336.49833469387,258366.4451755102,7.832473219789263
2026-07-26 00:30:00+02:00,-150.0,150.0,258328.68497142853,258373.24833469387,7.832473219789263
2026-07-26 00:45:00+02:00,-150.0,150.0,258335.99323265304,258365.43497142853,7.832473219789263
2026-07-26 01:00:00+02:00,-150.0,150.0,258327.67476734694,258372.74323265304,7.832473219789263
2026-07-26 01:15:00+02:00,-150.0,150.0,258335.48813061224,258364.42476734694,7.832473219789263
2026-07-26 01:30:00+02:00,-150.0,150.0,258326.66456326528,258372.23813061224,7.832473219789263
2026-07-26 01:45:00+02:00,-150.0,150.0,258334.9830285714,258363.41456326528,7.832473219789263
2026-07-26 02:00:00+02:00,-150.0,150.0,258325.65435918365,258371.7330285714,7.832473219789263
2026-07-26 02:15:00+02:00,-150.0,150.0,258334.4779265306,258362.40435918365,7.832473219789263
2026-07-26 02:30:00+02:00,-150.0,150.0,258324.64415510203,258371.2279265306,7.832473219789263
2026-07-26 02:45:00+02:00,-150.0,150.0,258333.97282448979,258361.39415510203,7.832473219789263
2026-07-26 03:00:00+02:00,-150.0,150.0,258323.6339510204,258370.72282448979,7.832473219789263
2026-07-26 03:15:00+02:00,-150.0,150.0,258333.467722449,258360.3839510204,7.832473219789263
2026-07-26 03:30:00+02:00,-150.0,150.0,258322.62374693877,258370.217722449,7.832473219789263
2026-07-26 03:45:00+02:00,-150.0,150.0,258332.96262040816,258359.37374693877,7.832473219789263
2026-07-26 04:00:00+02:00,-150.0,150.0,258321.6135428571,258369.71262040816,7.832473219789263
2026-07-26 04:15:00+02:00,-150.0,150.0,258332.45751836733,258358.3635428571,7.832473219789263
2026-07-26 04:30:00+02:00,-150.0,150.0,258320.60333877552,258369.20751836733,7.832473219789263
2026-07-26 04:45:00+02:00,-150.0,150.0,258331.95241632653,258357.35333877552,7.832473219789263
2026-07-26 05:00:00+02:00,-150.0,150.0,258319.59313469386,258368.70241632653,7.832473219789263
2026-07-26 05:15:00+02:00,-150.0,150.0,258331.4473142857,258356.34313469386,7.832473219789263
2026-07-26 05:30:00+02:00,-150.0,150.0,258318.6922122449,258368.1973142857,7.832473219789263
2026-07-26 05:45:00+02:00,-150.0,150.0,258330.9422122449,258355.4422122449,7.832473219789263
2026-07-26 06:00:00+02:00,-150.0,150.0,258318.18711020407,258367.6922122449,7.832473219789263
2026-07-26 06:15:00+02:00,-150.0,150.0,258330.43711020407,258354.93711020407,7.832473219789263
2026-07-26 06:30:00+02:00,-150.0,150.0,258317.68200816325,258367.18711020407,7.832473219789263
2026-07-26 06:45:00+02:00,-150.0,150.0,258329.93200816325,258354.43200816325,7.832473219789263
2026-07-26 07:00:00+02:00,-150.0,150.0,258317.17690612245,258366.68200816325,7.832473219789263
2026-07-26 07:15:00+02:00,-150.0,150.0,258329.42690612245,258353.92690612245,7.832473219789263
2026-07-26 07:30:00+02:00,-150.0,150.0,258316.67180408162,258366.17690612245,7.832473219789263
2026-07-26 07:45:00+02:00,-150.0,150.0,258328.92180408162,258353.42180408162,7.832473219789263
2026-07-26 08:00:00+02:00,-150.0,150.0,258316.16670204082,258365.67180408162,7.832473219789263
2026-07-26 08:15:00+02:00,-150.0,150.0,258328.41670204082,258352.91670204082,7.832473219789263
2026-07-26 08:30:00+02:00,-150.0,150.0,258324.1616,258365.16670204082,7.832473219789263
2026-07-26 08:45:00+02:00,-150.0,150.0,258348.6616,258360.9116,7.832473219789263
2026-07-26 09:00:00+02:00,-150.0,150.0,258348.15649795916,258385.4116,7.832473219789263
2026-07-26 09:15:00+02:00,-150.0,150.0,258372.65649795916,258384.90649795916,7.832473219789263
2026-07-26 09:30:00+02:00,-150.0,150.0,258372.15139591836,258409.40649795916,7.832473219789263
2026-07-26 09:45:00+02:00,-150.0,150.0,258396.65139591836,258408.90139591836,7.832473219789263
2026-07-26 10:00:00+02:00,-150.0,150.0,258396.14629387754,258433.40139591836,7.832473219789263
2026-07-26 10:15:00+02:00,-150.0,150.0,258420.64629387754,258432.89629387754,7.832473219789263
2026-07-26 10:30:00+02:00,-150.0,150.0,258420.14119183674,258457.39629387754,7.832473219789263
2026-07-26 10:45:00+02:00,-150.0,150.0,258444.64119183674,258456.89119183674,7.832473219789263
2026-07-26 11:00:00+02:00,-150.0,150.0,258444.1360897959,258481.39119183674,7.832473219789263
2026-07-26 11:15:00+02:00,-150.0,150.0,258477.1360897959,258480.8860897959,7.832473219789263
2026-07-26 11:30:00+02:00,-150.0,150.0,258488.88098775508,258513.8860897959,7.832473219789263
2026-07-26 11:45:00+02:00,-150.0,150.0,258525.63098775508,258525.63098775508,7.832473219789263
2026-07-26 12:00:00+02:00,-150.0,150.0,258537.37588571428,258562.38098775508,7.832473219789263
2026-07-26 12:15:00+02:00,-150.0,150.0,258574.12588571428,258574.12588571428,7.832473219789263
2026-07-26 12:30:00+02:00,-150.0,150.0,258585.87078367345,258610.87588571428,7.832473219789263
2026-07-26 12:45:00+02:00,-150.0,150.0,258622.62078367345,258622.62078367345,7.832473219789263
2026-07-26 13:00:00+02:00,-150.0,150.0,258634.36568163265,258659.37078367345,7.832473219789263
2026-07-26 13:15:00+02:00,-150.0,150.0,258671.11568163265,258671.11568163265,7.832473219789263
2026-07-26 13:30:00+02:00,-150.0,150.0,258682.86057959183,258707.86568163265,7.832473219789263
2026-07-26 13:45:00+02:00,-150.0,150.0,258719.61057959183,258719.61057959183,7.832473219789263
2026-07-26 14:00:00+02:00,-150.0,150.0,258731.355477551,258756.36057959183,7.832473219789263
2026-07-26 14:15:00+02:00,-150.0,150.0,258768.105477551,258768.105477551,7.832473219789263
2026-07-26 14:30:00+02:00,-150.0,150.0,258779.8503755102,258804.855477551,7.832473219789263
2026-07-26 14:45:00+02:00,-150.0,150.0,258816.6003755102,258816.6003755102,7.832473219789263
2026-07-26 15:00:00+02:00,-150.0,150.0,258828.34527346937,258853.3503755102,7.832473219789263
2026-07-26 15:15:00+02:00,-150.0,150.0,258865.09527346937,258865.09527346937,7.832473219789263
2026-07-26 15:30:00+02:00,-150.0,150.0,258876.84017142857,258901.84527346937,7.832473219789263
2026-07-26 15:45:00+02:00,-150.0,150.0,258913.59017142857,258913.59017142857,7.832473219789263
2026-07-26 16:00:00+02:00,-150.0,150.0,258925.33506938774,258950.34017142857,7.832473219789263
2026-07-26 16:15:00+02:00,-150.0,150.0,258962.08506938774,258962.08506938774,7.832473219789263
2026-07-26 16:30:00+02:00,-150.0,150.0,258973.82996734694,258998.83506938774,7.832473219789263
2026-07-26 16:45:00+02:00,-150.0,150.0,259010.57996734694,259010.57996734694,7.832473219789263
2026-07-26 17:00:00+02:00,-150.0,150.0,259022.32486530612,259047.32996734694,7.832473219789263
2026-07-26 17:15:00+02:00,-150.0,150.0,259059.07486530612,259059.07486530612,7.832473219789263
2026-07-26 17:30:00+02:00,-150.0,150.0,259070.8197632653,259095.82486530612,7.832473219789263
2026-07-26 17:45:00+02:00,-150.0,150.0,259107.5697632653,259107.5697632653,7.832473219789263
2026-07-26 18:00:00+02:00,-150.0,150.0,259119.3146612245,259144.3197632653,7.832473219789263
2026-07-26 18:15:00+02:00,-150.0,150.0,259156.0646612245,259156.0646612245,7.832473219789263
2026-07-26 18:30:00+02:00,-150.0,150.0,259167.80955918366,259192.8146612245,7.832473219789263
2026-07-26 18:45:00+02:00,-150.0,150.0,259204.55955918366,259204.55955918366,7.832473219789263
2026-07-26 19:00:00+02:00,-150.0,150.0,259216.30445714286,259241.30955918366,7.832473219789263
2026-07-26 19:15:00+02:00,-150.0,150.0,259253.05445714286,259253.05445714286,7.832473219789263
2026-07-26 19:30:00+02:00,-150.0,150.0,259264.79935510203,259289.80445714286,7.832473219789263
2026-07-26 19:45:00+02:00,-150.0,150.0,259301.54935510203,259301.54935510203,7.832473219789263
2026-07-26 20:00:00+02:00,-100.0,100.0,259313.2942530612,259338.29935510203,2.4280892439767157
2026-07-26 20:15:00+02:00,-100.0,100.0,259337.7942530612,259337.7942530612,2.4280892439767157
2026-07-26 20:30:00+02:00,-100.0,100.0,259337.2891510204,259362.2942530612,2.4280892439767157
2026-07-26 20:45:00+02:00,-150.0,150.0,259361.7891510204,259361.7891510204,9.161558631731817
2026-07-26 21:00:00+02:00,-150.0,150.0,259348.52894693875,259398.5391510204,9.161558631731817
2026-07-26 21:15:00+02:00,-150.0,150.0,259385.27894693875,259385.27894693875,9.161558631731817
2026-07-26 21:30:00+02:00,-150.0,150.0,259372.01874285715,259422.02894693875,9.161558631731817
2026-07-26 21:45:00+02:00,-150.0,150.0,259408.76874285715,259408.76874285715,9.161558631731817
2026-07-26 22:00:00+02:00,-150.0,150.0,259408.36064489794,259445.51874285715,9.161558631731817
2026-07-26 22:15:00+02:00,-150.0,150.0,259445.11064489794,259445.11064489794,9.161558631731817
2026-07-26 22:30:00+02:00,-150.0,150.0,259456.8555428571,259481.86064489794,9.161558631731817
2026-07-26 22:45:00+02:00,-100.0,100.0,259493.6055428571,259493.6055428571,6.983771306275319
2026-07-26 23:00:00+02:00,-100.0,100.0,259493.1004408163,259518.1055428571,6.983771306275319
2026-07-26 23:15:00+02:00,-100.0,100.0,259517.6004408163,259517.6004408163,6.983771306275319
2026-07-26 23:30:00+02:00,-50.0,50.0,259517.09533877549,259542.1004408163,0.2503019185202172
2026-07-26 23:45:00+02:00,-50.0,50.0,259529.34533877549,259529.34533877549,0.2503019185202172
2026-07-27 00:00:00+02:00,-50.0,50.0,259536.9924,259541.59533877549,0.2503019185202172
2026-07-27 00:15:00+02:00,-50.0,50.0,259549.2424,259549.2424,0.2503019185202172
2026-07-27 00:30:00+02:00,-50.0,50.0,259561.4924,259561.4924,0.2503019185202172
2026-07-27 00:45:00+02:00,-50.0,50.0,259573.7424,259573.7424,0.2503019185202172
2026-07-27 01:00:00+02:00,-50.0,50.0,259585.9924,259585.9924,0.2503019185202172
2026-07-27 01:15:00+02:00,-50.0,50.0,259598.2424,259598.2424,0.2503019185202172
2026-07-27 01:30:00+02:00,-50.0,50.0,259610.4924,259610.4924,0.2503019185202172
2026-07-27 01:45:00+02:00,-50.0,50.0,259622.7424,259622.7424,0.2503019185202172
2026-07-27 02:00:00+02:00,-50.0,50.0,259634.9924,259634.9924,0.2503019185202172
2026-07-27 02:15:00+02:00,-50.0,50.0,259647.2424,259647.2424,0.2503019185202172
2026-07-27 02:30:00+02:00,0.0,0.0,259659.4924,259659.4924,0.0
2026-07-27 02:45:00+02:00,-50.0,50.0,259659.4924,259659.4924,15.359828141783028
2026-07-27 03:00:00+02:00,-100.0,100.0,259671.7424,259671.7424,17.273182733619763
2026-07-27 03:15:00+02:00,-100.0,100.0,259671.23729795916,259696.2424,17.273182733619763
2026-07-27 03:30:00+02:00,-150.0,150.0,259695.73729795916,259695.73729795916,46.74869293770139
2026-07-27 03:45:00+02:00,-150.0,150.0,259707.48219591836,259732.48729795916,46.74869293770139
2026-07-27 04:00:00+02:00,-150.0,150.0,259744.23219591836,259744.23219591836,46.74869293770139
2026-07-27 04:15:00+02:00,-150.0,150.0,259755.97709387753,259780.98219591836,46.74869293770139
2026-07-27 04:30:00+02:00,-100.0,100.0,259792.72709387753,259792.72709387753,17.273182733619763
2026-07-27 04:45:00+02:00,-100.0,100.0,259792.22199183673,259817.22709387753,17.273182733619763
2026-07-27 05:00:00+02:00,-100.0,100.0,259816.72199183673,259816.72199183673,17.273182733619763
2026-07-27 05:15:00+02:00,-100.0,100.0,259816.2168897959,259841.22199183673,17.273182733619763
2026-07-27 05:30:00+02:00,-100.0,100.0,259840.7168897959,259840.7168897959,17.273182733619763
2026-07-27 05:45:00+02:00,-100.0,100.0,259840.21178775508,259865.2168897959,17.273182733619763
2026-07-27 06:00:00+02:00,-100.0,100.0,259864.71178775508,259864.71178775508,17.273182733619763
2026-07-27 06:15:00+02:00,-100.0,100.0,259864.20668571428,259889.21178775508,17.273182733619763
2026-07-27 06:30:00+02:00,-100.0,100.0,259888.70668571428,259888.70668571428,17.273182733619763
2026-07-27 06:45:00+02:00,-100.0,100.0,259888.20158367345,259913.20668571428,17.273182733619763
2026-07-27 07:00:00+02:00,-100.0,100.0,259912.70158367345,259912.70158367345,17.273182733619763
2026-07-27 07:15:00+02:00,-100.0,100.0,259912.19648163265,259937.20158367345,17.273182733619763
2026-07-27 07:30:00+02:00,-100.0,100.0,259936.69648163265,259936.69648163265,17.273182733619763
2026-07-27 07:45:00+02:00,-100.0,100.0,259936.19137959182,259961.19648163265,17.273182733619763
2026-07-27 08:00:00+02:00,-100.0,100.0,259960.69137959182,259960.69137959182,17.273182733619763
2026-07-27 08:15:00+02:00,-100.0,100.0,259960.186277551,259985.19137959182,17.273182733619763
2026-07-27 08:30:00+02:00,-100.0,100.0,259984.68627755102,259984.68627755102,17.273182733619763
2026-07-27 08:45:00+02:00,-100.0,100.0,259984.18117551022,260009.18627755102,17.273182733619763
2026-07-27 09:00:00+02:00,-100.0,100.0,260008.68117551022,260008.68117551022,17.273182733619763
2026-07-27 09:15:00+02:00,-150.0,150.0,260008.1760734694,260033.18117551022,22.181546229961693
2026-07-27 09:30:00+02:00,-150.0,150.0,260019.92097142857,260044.9260734694,22.181546229961693
2026-07-27 09:45:00+02:00,-150.0,150.0,260049.74009795918,260056.67097142857,22.181546229961693
2026-07-27 10:00:00+02:00,-150.0,150.0,260061.48499591838,260086.49009795918,22.181546229961693
2026-07-27 10:15:00+02:00,-150.0,150.0,260098.23499591838,260098.23499591838,22.181546229961693
2026-07-27 10:30:00+02:00,-150.0,150.0,260109.97989387755,260134.98499591838,22.181546229961693
2026-07-27 10:45:00+02:00,-150.0,150.0,260146.72989387755,260146.72989387755,22.181546229961693
2026-07-27 11:00:00+02:00,-100.0,100.0,260158.47479183675,260183.47989387755,20.26819163812496
2026-07-27 11:15:00+02:00,-150.0,150.0,260182.97479183675,260182.97479183675,108.85036850887326
2026-07-27 11:30:00+02:00,-150.0,150.0,260194.71968979592,260219.72479183675,108.85036850887326
2026-07-27 11:45:00+02:00,-150.0,150.0,260231.46968979592,260231.46968979592,108.85036850887326
2026-07-27 12:00:00+02:00,-100.0,100.0,260243.2145877551,260268.21968979592,20.26819163812496
2026-07-27 12:15:00+02:00,-50.0,50.0,260267.7145877551,260267.7145877551,4.908363496341933
2026-07-27 12:30:00+02:00,-50.0,50.0,260254.9594857143,260279.9645877551,4.908363496341933
2026-07-27 12:45:00+02:00,-50.0,50.0,260267.2094857143,260267.2094857143,4.908363496341933
2026-07-27 13:00:00+02:00,-50.0,50.0,260254.45438367347,260279.4594857143,4.908363496341933
2026-07-27 13:15:00+02:00,-50.0,50.0,260266.70438367347,260266.70438367347,4.908363496341933
2026-07-27 13:30:00+02:00,-50.0,50.0,260253.94928163267,260278.95438367347,4.908363496341933
2026-07-27 13:45:00+02:00,-50.0,50.0,260266.19928163267,260266.19928163267,4.908363496341933
2026-07-27 14:00:00+02:00,-50.0,50.0,260253.44417959184,260278.44928163267,4.908363496341933
2026-07-27 14:15:00+02:00,-50.0,50.0,260265.69417959184,260265.69417959184,4.908363496341933
2026-07-27 14:30:00+02:00,-50.0,50.0,260252.939077551,260277.94417959184,4.908363496341933
2026-07-27 14:45:00+02:00,-50.0,50.0,260265.189077551,260265.189077551,4.908363496341933
2026-07-27 15:00:00+02:00,-50.0,50.0,260252.4339755102,260277.439077551,4.908363496341933
2026-07-27 15:15:00+02:00,-50.0,50.0,260264.6839755102,260264.6839755102,4.908363496341933
2026-07-27 15:30:00+02:00,-50.0,50.0,260251.92887346938,260276.9339755102,4.908363496341933
2026-07-27 15:45:00+02:00,-50.0,50.0,260264.17887346938,260264.17887346938,4.908363496341933
2026-07-27 16:00:00+02:00,-50.0,50.0,260251.42377142858,260276.42887346938,4.908363496341933
2026-07-27 16:15:00+02:00,-50.0,50.0,260263.67377142858,260263.67377142858,4.908363496341933
2026-07-27 16:30:00+02:00,-50.0,50.0,260250.91866938776,260275.92377142858,4.908363496341933
2026-07-27 16:45:00+02:00,-50.0,50.0,260263.16866938776,260263.16866938776,4.908363496341933
2026-07-27 17:00:00+02:00,-50.0,50.0,260256.1856,260275.41866938776,4.908363496341933
2026-07-27 17:15:00+02:00,-50.0,50.0,260268.4356,260268.4356,4.908363496341933
2026-07-27 17:30:00+02:00,-50.0,50.0,260280.6856,260280.6856,4.908363496341933
2026-07-27 17:45:00+02:00,-50.0,50.0,260292.9356,260292.9356,4.908363496341933
2026-07-27 18:00:00+02:00,-50.0,50.0,260305.1856,260305.1856,4.908363496341933
2026-07-27 18:15:00+02:00,-50.0,50.0,260317.4356,260317.4356,4.908363496341933
2026-07-27 18:30:00+02:00,-100.0,100.0,260329.6856,260329.6856,587.8814247208318
2026-07-27 18:45:00+02:00,-50.0,50.0,260354.1856,260354.1856,4.908363496341933
2026-07-27 19:00:00+02:00,-50.0,50.0,260366.4356,260366.4356,4.908363496341933
2026-07-27 19:15:00+02:00,-50.0,50.0,260378.6856,260378.6856,4.908363496341933
2026-07-27 19:30:00+02:00,-50.0,50.0,260390.9356,260390.9356,4.908363496341933
2026-07-27 19:45:00+02:00,-50.0,50.0,260403.1856,260403.1856,4.908363496341933
2026-07-27 20:00:00+02:00,-50.0,50.0,260415.4356,260415.4356,4.908363496341933
2026-07-27 20:15:00+02:00,-50.0,50.0,260427.6856,260427.6856,4.908363496341933
2026-07-27 20:30:00+02:00,-50.0,50.0,260439.9356,260439.9356,4.908363496341933
2026-07-27 20:45:00+02:00,-50.0,50.0,260452.1856,260452.1856,4.908363496341933
2026-07-27 21:00:00+02:00,-100.0,100.0,260464.4356,260464.4356,263.18387370042353
2026-07-27 21:15:00+02:00,-50.0,50.0,260488.9356,260488.9356,4.908363496341933
2026-07-27 21:30:00+02:00,-50.0,50.0,260501.1856,260501.1856,4.908363496341933
2026-07-27 21:45:00+02:00,-50.0,50.0,260513.4356,260513.4356,4.908363496341933
2026-07-27 22:00:00+02:00,-50.0,50.0,260525.6856,260525.6856,4.908363496341933
2026-07-27 22:15:00+02:00,-50.0,50.0,260537.9356,260537.9356,4.908363496341933
2026-07-27 22:30:00+02:00,0.0,0.0,260550.1856,260550.1856,0.0
2026-07-27 22:45:00+02:00,0.0,0.0,260550.1856,260550.1856,0.0
2026-07-27 23:00:00+02:00,0.0,0.0,260550.1856,260550.1856,0.0
2026-07-27 23:15:00+02:00,0.0,0.0,260550.1856,260550.1856,0.0
2026-07-27 23:30:00+02:00,0.0,0.0,260550.1856,260550.1856,0.0
2026-07-27 23:45:00+02:00,0.0,0.0,260550.1856,260550.1856,0.0
2026-07-28 00:00:00+02:00,0.0,0.0,260550.1856,260550.1856,0.0
2026-07-28 00:15:00+02:00,0.0,0.0,260550.1856,260550.1856,0.0
2026-07-28 00:30:00+02:00,0.0,0.0,260550.1856,260550.1856,0.0
2026-07-28 00:45:00+02:00,0.0,0.0,260550.1856,260550.1856,0.0
2026-07-28 01:00:00+02:00,0.0,0.0,260550.1856,260550.1856,0.0
2026-07-28 01:15:00+02:00,0.0,0.0,260550.1856,260550.1856,0.0
2026-07-28 01:30:00+02:00,0.0,0.0,260550.1856,260550.1856,0.0
2026-07-28 01:45:00+02:00,0.0,0.0,260550.1856,260550.1856,0.0
2026-07-28 02:00:00+02:00,0.0,0.0,260550.1856,260550.1856,0.0
2026-07-28 02:15:00+02:00,0.0,0.0,260550.1856,260550.1856,0.0
2026-07-28 02:30:00+02:00,0.0,0.0,260550.1856,260550.1856,0.0
2026-07-28 02:45:00+02:00,0.0,0.0,260550.1856,260550.1856,0.0
2026-07-28 03:00:00+02:00,0.0,0.0,260550.1856,260550.1856,0.0
2026-07-28 03:15:00+02:00,0.0,0.0,260550.1856,260550.1856,0.0
2026-07-28 03:30:00+02:00,0.0,0.0,260550.1856,260550.1856,0.0
2026-07-28 03:45:00+02:00,0.0,0.0,260550.1856,260550.1856,0.0
2026-07-28 04:00:00+02:00,-50.0,50.0,260550.1856,260550.1856,67.53102040816326
2026-07-28 04:15:00+02:00,-50.0,50.0,260562.4356,260562.4356,67.53102040816326
2026-07-28 04:30:00+02:00,-50.0,50.0,260574.6856,260574.6856,67.53102040816326
2026-07-28 04:45:00+02:00,-50.0,50.0,260586.9356,260586.9356,67.53102040816326
2026-07-28 05:00:00+02:00,0.0,0.0,260599.1856,260599.1856,0.0
2026-07-28 05:15:00+02:00,0.0,0.0,260599.1856,260599.1856,0.0
2026-07-28 05:30:00+02:00,0.0,0.0,260599.1856,260599.1856,0.0
2026-07-28 05:45:00+02:00,0.0,0.0,260599.1856,260599.1856,0.0
2026-07-28 06:00:00+02:00,0.0,0.0,260599.1856,260599.1856,0.0
2026-07-28 06:15:00+02:00,0.0,0.0,260599.1856,260599.1856,0.0
2026-07-28 06:30:00+02:00,0.0,0.0,260599.1856,260599.1856,0.0
2026-07-28 06:45:00+02:00,0.0,0.0,260599.1856,260599.1856,0.0
2026-07-28 07:00:00+02:00,0.0,0.0,260599.1856,260599.1856,0.0
2026-07-28 07:15:00+02:00,0.0,0.0,260599.1856,260599.1856,0.0
2026-07-28 07:30:00+02:00,0.0,0.0,260599.1856,260599.1856,0.0
2026-07-28 07:45:00+02:00,0.0,0.0,260599.1856,260599.1856,0.0
2026-07-28 08:00:00+02:00,0.0,0.0,260599.1856,260599.1856,0.0
2026-07-28 08:15:00+02:00,0.0,0.0,260599.1856,260599.1856,0.0
2026-07-28 08:30:00+02:00,-50.0,50.0,260599.1856,260599.1856,583.6734693877551
2026-07-28 08:45:00+02:00,0.0,0.0,260611.4356,260611.4356,0.0
2026-07-28 09:00:00+02:00,0.0,0.0,260611.4356,260611.4356,0.0
2026-07-28 09:15:00+02:00,0.0,0.0,260611.4356,260611.4356,0.0
2026-07-28 09:30:00+02:00,0.0,0.0,260611.4356,260611.4356,0.0
2026-07-28 09:45:00+02:00,-50.0,50.0,260611.4356,260611.4356,2.4767577974586055
2026-07-28 10:00:00+02:00,-50.0,50.0,260598.68049795917,260623.6856,2.4767577974586055
2026-07-28 10:15:00+02:00,-50.0,50.0,260610.93049795917,260610.93049795917,2.4767577974586055
2026-07-28 10:30:00+02:00,-50.0,50.0,260598.17539591837,260623.18049795917,2.4767577974586055
2026-07-28 10:45:00+02:00,-50.0,50.0,260610.42539591837,260610.42539591837,2.4767577974586055
2026-07-28 11:00:00+02:00,-50.0,50.0,260597.67029387754,260622.67539591837,2.4767577974586055
2026-07-28 11:15:00+02:00,-50.0,50.0,260609.92029387754,260609.92029387754,2.4767577974586055
2026-07-28 11:30:00+02:00,-50.0,50.0,260597.16519183674,260622.17029387754,2.4767577974586055
2026-07-28 11:45:00+02:00,-50.0,50.0,260609.41519183674,260609.41519183674,2.4767577974586055
2026-07-28 12:00:00+02:00,-50.0,50.0,260596.6600897959,260621.66519183674,2.4767577974586055
2026-07-28 12:15:00+02:00,-50.0,50.0,260608.9100897959,260608.9100897959,2.4767577974586055
2026-07-28 12:30:00+02:00,-50.0,50.0,260596.1549877551,260621.1600897959,2.4767577974586055
2026-07-28 12:45:00+02:00,-50.0,50.0,260608.4049877551,260608.4049877551,2.4767577974586055
2026-07-28 13:00:00+02:00,-50.0,50.0,260595.6498857143,260620.6549877551,2.4767577974586055
2026-07-28 13:15:00+02:00,-50.0,50.0,260607.8998857143,260607.8998857143,2.4767577974586055
2026-07-28 13:30:00+02:00,-50.0,50.0,260595.14478367346,260620.1498857143,2.4767577974586055
2026-07-28 13:45:00+02:00,-50.0,50.0,260607.39478367346,260607.39478367346,2.4767577974586055
2026-07-28 14:00:00+02:00,-50.0,50.0,260594.63968163266,260619.64478367346,2.4767577974586055
2026-07-28 14:15:00+02:00,-50.0,50.0,260606.88968163266,260606.88968163266,2.4767577974586055
2026-07-28 14:30:00+02:00,-50.0,50.0,260594.13457959183,260619.13968163266,2.4767577974586055
2026-07-28 14:45:00+02:00,-50.0,50.0,260606.38457959183,260606.38457959183,2.4767577974586055
2026-07-28 15:00:00+02:00,-50.0,50.0,260593.629477551,260618.63457959183,2.4767577974586055
2026-07-28 15:15:00+02:00,-50.0,50.0,260605.879477551,260605.879477551,2.4767577974586055
2026-07-28 15:30:00+02:00,-50.0,50.0,260593.1243755102,260618.129477551,2.4767577974586055
2026-07-28 15:45:00+02:00,-50.0,50.0,260605.3743755102,260605.3743755102,2.4767577974586055
2026-07-28 16:00:00+02:00,-50.0,50.0,260592.61927346938,260617.6243755102,2.4767577974586055
2026-07-28 16:15:00+02:00,-50.0,50.0,260604.86927346938,260604.86927346938,2.4767577974586055
2026-07-28 16:30:00+02:00,-50.0,50.0,260592.11417142858,260617.11927346938,2.4767577974586055
2026-07-28 16:45:00+02:00,-50.0,50.0,260604.36417142858,260604.36417142858,2.4767577974586055
2026-07-28 17:00:00+02:00,-50.0,50.0,260591.60906938775,260616.61417142858,2.4767577974586055
2026-07-28 17:15:00+02:00,-50.0,50.0,260603.85906938775,260603.85906938775,2.4767577974586055
2026-07-28 17:30:00+02:00,-50.0,50.0,260591.10396734695,260616.10906938775,2.4767577974586055
2026-07-28 17:45:00+02:00,-50.0,50.0,260603.35396734695,260603.35396734695,2.4767577974586055
2026-07-28 18:00:00+02:00,-50.0,50.0,260590.59886530612,260615.60396734695,2.4767577974586055
2026-07-28 18:15:00+02:00,-50.0,50.0,260602.84886530612,260602.84886530612,2.4767577974586055
2026-07-28 18:30:00+02:00,-50.0,50.0,260590.0937632653,260615.09886530612,2.4767577974586055
2026-07-28 18:45:00+02:00,-50.0,50.0,260602.3437632653,260602.3437632653,2.4767577974586055
2026-07-28 19:00:00+02:00,-50.0,50.0,260589.5886612245,260614.5937632653,2.4767577974586055
2026-07-28 19:15:00+02:00,-50.0,50.0,260601.8386612245,260601.8386612245,2.4767577974586055
2026-07-28 19:30:00+02:00,-50.0,50.0,260589.08355918367,260614.0886612245,2.4767577974586055
2026-07-28 19:45:00+02:00,-50.0,50.0,260601.33355918367,260601.33355918367,2.4767577974586055
2026-07-28 20:00:00+02:00,-100.0,100.0,260593.0784,260613.58355918367,12.501349634193296
2026-07-28 20:15:00+02:00,-100.0,100.0,260592.57329795917,260617.5784,12.501349634193296
2026-07-28 20:30:00+02:00,-100.0,100.0,260617.07329795917,260617.07329795917,12.501349634193296
2026-07-28 20:45:00+02:00,-150.0,150.0,260637.46759999997,260641.57329795917,596.1748190219483
2026-07-28 21:00:00+02:00,-100.0,100.0,260674.21759999997,260674.21759999997,12.501349634193296
2026-07-28 21:15:00+02:00,-100.0,100.0,260698.71759999997,260698.71759999997,12.501349634193296
2026-07-28 21:30:00+02:00,-100.0,100.0,260723.21759999997,260723.21759999997,12.501349634193296
2026-07-28 21:45:00+02:00,-100.0,100.0,260747.71759999997,260747.71759999997,12.501349634193296
2026-07-28 22:00:00+02:00,-100.0,100.0,260772.21759999997,260772.21759999997,12.501349634193296
2026-07-28 22:15:00+02:00,-100.0,100.0,260796.71759999997,260796.71759999997,12.501349634193296
2026-07-28 22:30:00+02:00,-100.0,100.0,260821.21759999997,260821.21759999997,12.501349634193296
2026-07-28 22:45:00+02:00,-100.0,100.0,260845.71759999997,260845.71759999997,12.501349634193296
2026-07-28 23:00:00+02:00,-50.0,50.0,260870.21759999997,260870.21759999997,291.83673469387753
2026-07-28 23:15:00+02:00,-50.0,50.0,260882.46759999997,260882.46759999997,291.83673469387753
2026-07-28 23:30:00+02:00,0.0,0.0,260894.71759999997,260894.71759999997,0.0
2026-07-28 23:45:00+02:00,0.0,0.0,260894.71759999997,260894.71759999997,0.0
2026-07-29 00:00:00+02:00,0.0,0.0,260894.71759999997,260894.71759999997,0.0
2026-07-29 00:15:00+02:00,0.0,0.0,260894.71759999997,260894.71759999997,0.0
2026-07-29 00:30:00+02:00,0.0,0.0,260894.71759999997,260894.71759999997,0.0
2026-07-29 00:45:00+02:00,0.0,0.0,260894.71759999997,260894.71759999997,0.0
2026-07-29 01:00:00+02:00,0.0,0.0,260894.71759999997,260894.71759999997,0.0
2026-07-29 01:15:00+02:00,0.0,0.0,260894.71759999997,260894.71759999997,0.0
2026-07-29 01:30:00+02:00,0.0,0.0,260894.71759999997,260894.71759999997,0.0
2026-07-29 01:45:00+02:00,0.0,0.0,260894.71759999997,260894.71759999997,0.0
2026-07-29 02:00:00+02:00,0.0,0.0,260894.71759999997,260894.71759999997,0.0
2026-07-29 02:15:00+02:00,0.0,0.0,260894.71759999997,260894.71759999997,0.0
2026-07-29 02:30:00+02:00,0.0,0.0,260894.71759999997,260894.71759999997,0.0
2026-07-29 02:45:00+02:00,0.0,0.0,260894.71759999997,260894.71759999997,0.0
2026-07-29 03:00:00+02:00,-50.0,50.0,260894.71759999997,260894.71759999997,0.6838265306122451
2026-07-29 03:15:00+02:00,-50.0,50.0,260881.96249795915,260906.96759999997,0.6838265306122451
2026-07-29 03:30:00+02:00,-100.0,100.0,260894.21249795915,260894.21249795915,29.60160430839002
2026-07-29 03:45:00+02:00,-100.0,100.0,260893.70739591835,260918.71249795915,29.60160430839002
2026-07-29 04:00:00+02:00,-150.0,150.0,260918.20739591838,260918.20739591838,174.44017573696146
2026-07-29 04:15:00+02:00,-150.0,150.0,260929.95229387755,260954.95739591838,174.44017573696146
2026-07-29 04:30:00+02:00,-100.0,100.0,260966.70229387755,260966.70229387755,29.60160430839002
2026-07-29 04:45:00+02:00,-100.0,100.0,260966.19719183675,260991.20229387755,29.60160430839002
2026-07-29 05:00:00+02:00,-100.0,100.0,260990.69719183675,260990.69719183675,29.60160430839002
2026-07-29 05:15:00+02:00,-100.0,100.0,260990.19208979592,261015.19719183675,29.60160430839002
2026-07-29 05:30:00+02:00,-100.0,100.0,261014.69208979592,261014.69208979592,29.60160430839002
2026-07-29 05:45:00+02:00,-50.0,50.0,261014.1869877551,261039.19208979592,0.6838265306122451
2026-07-29 06:00:00+02:00,-50.0,50.0,261026.4369877551,261026.4369877551,0.6838265306122451
2026-07-29 06:15:00+02:00,-50.0,50.0,261013.6818857143,261038.6869877551,0.6838265306122451
2026-07-29 06:30:00+02:00,-50.0,50.0,261025.9318857143,261025.9318857143,0.6838265306122451
2026-07-29 06:45:00+02:00,-50.0,50.0,261013.17678367347,261038.1818857143,0.6838265306122451
2026-07-29 07:00:00+02:00,-50.0,50.0,261025.42678367347,261025.42678367347,0.6838265306122451
2026-07-29 07:15:00+02:00,-50.0,50.0,261012.67168163267,261037.67678367347,0.6838265306122451
2026-07-29 07:30:00+02:00,-50.0,50.0,261024.92168163267,261024.92168163267,0.6838265306122451
2026-07-29 07:45:00+02:00,-50.0,50.0,261012.16657959184,261037.17168163267,0.6838265306122451
2026-07-29 08:00:00+02:00,-50.0,50.0,261024.41657959184,261024.41657959184,0.6838265306122451
2026-07-29 08:15:00+02:00,-50.0,50.0,261011.661477551,261036.66657959184,0.6838265306122451
2026-07-29 08:30:00+02:00,-50.0,50.0,261023.911477551,261023.911477551,0.6838265306122451
2026-07-29 08:45:00+02:00,-50.0,50.0,261011.1563755102,261036.161477551,0.6838265306122451
2026-07-29 09:00:00+02:00,-50.0,50.0,261023.4063755102,261023.4063755102,0.6838265306122451
2026-07-29 09:15:00+02:00,-100.0,100.0,261010.65127346938,261035.6563755102,4.0064417989417995
2026-07-29 09:30:00+02:00,-150.0,150.0,261010.14617142855,261035.15127346938,92.60807445200304
2026-07-29 09:45:00+02:00,-150.0,150.0,261021.89106938776,261046.89617142855,92.60807445200304
2026-07-29 10:00:00+02:00,-100.0,100.0,261033.63596734696,261058.64106938776,4.0064417989417995
2026-07-29 10:15:00+02:00,-100.0,100.0,261033.13086530613,261058.13596734696,4.0064417989417995
2026-07-29 10:30:00+02:00,-100.0,100.0,261032.6257632653,261057.63086530613,4.0064417989417995
2026-07-29 10:45:00+02:00,-100.0,100.0,261032.1206612245,261057.1257632653,4.0064417989417995
2026-07-29 11:00:00+02:00,-100.0,100.0,261031.6155591837,261056.6206612245,4.0064417989417995
2026-07-29 11:15:00+02:00,-100.0,100.0,261031.11045714287,261056.1155591837,4.0064417989417995
2026-07-29 11:30:00+02:00,-100.0,100.0,261030.60535510204,261055.61045714287,4.0064417989417995
2026-07-29 11:45:00+02:00,-150.0,150.0,261030.10025306122,261055.10535510204,19.781400431043284
2026-07-29 12:00:00+02:00,-150.0,150.0,261041.8451510204,261066.85025306122,19.781400431043284
2026-07-29 12:15:00+02:00,-150.0,150.0,261053.5900489796,261078.5951510204,19.781400431043284
2026-07-29 12:30:00+02:00,-150.0,150.0,261065.3349469388,261090.3400489796,19.781400431043284
2026-07-29 12:45:00+02:00,-150.0,150.0,261077.07984489796,261102.0849469388,19.781400431043284
2026-07-29 13:00:00+02:00,-150.0,150.0,261088.82474285713,261113.82984489796,19.781400431043284
2026-07-29 13:15:00+02:00,-150.0,150.0,261100.56964081633,261125.57474285713,19.781400431043284
2026-07-29 13:30:00+02:00,-150.0,150.0,261112.31453877554,261137.31964081633,19.781400431043284
2026-07-29 13:45:00+02:00,-150.0,150.0,261124.0594367347,261149.06453877554,19.781400431043284
2026-07-29 14:00:00+02:00,-150.0,150.0,261135.80433469388,261160.8094367347,19.781400431043284
2026-07-29 14:15:00+02:00,-150.0,150.0,261147.54923265305,261172.55433469388,19.781400431043284
2026-07-29 14:30:00+02:00,-150.0,150.0,261159.29413061222,261184.29923265305,19.781400431043284
2026-07-29 14:45:00+02:00,-150.0,150.0,261171.03902857142,261196.04413061222,19.781400431043284
2026-07-29 15:00:00+02:00,-150.0,150.0,261182.78392653062,261207.78902857142,19.781400431043284
2026-07-29 15:15:00+02:00,-150.0,150.0,261194.5288244898,261219.53392653062,19.781400431043284
2026-07-29 15:30:00+02:00,-150.0,150.0,261206.27372244897,261231.2788244898,19.781400431043284
2026-07-29 15:45:00+02:00,-150.0,150.0,261218.01862040817,261243.02372244897,19.781400431043284
2026-07-29 16:00:00+02:00,-150.0,150.0,261229.76351836737,261254.76862040817,19.781400431043284
2026-07-29 16:15:00+02:00,-150.0,150.0,261241.50841632654,261266.51351836737,19.781400431043284
2026-07-29 16:30:00+02:00,-150.0,150.0,261253.2533142857,261278.25841632654,19.781400431043284
2026-07-29 16:45:00+02:00,-150.0,150.0,261264.9982122449,261290.0033142857,19.781400431043284
2026-07-29 17:00:00+02:00,-150.0,150.0,261276.7431102041,261301.7482122449,19.781400431043284
2026-07-29 17:15:00+02:00,-150.0,150.0,261288.4880081633,261313.4931102041,19.781400431043284
2026-07-29 17:30:00+02:00,-200.0,200.0,261300.23290612246,261325.2380081633,32.08523716573717
2026-07-29 17:45:00+02:00,-200.0,200.0,261323.26660408164,261349.23290612246,32.08523716573717
2026-07-29 18:00:00+02:00,-200.0,200.0,261347.2615020408,261372.26660408164,32.08523716573717
2026-07-29 18:15:00+02:00,-200.0,200.0,261371.2564,261396.2615020408,32.08523716573717
2026-07-29 18:30:00+02:00,-200.0,200.0,261395.2512979592,261420.2564,32.08523716573717
2026-07-29 18:45:00+02:00,-150.0,150.0,261419.2461959184,261444.2512979592,19.781400431043284
2026-07-29 19:00:00+02:00,-150.0,150.0,261445.4259346939,261455.9961959184,19.781400431043284
2026-07-29 19:15:00+02:00,-150.0,150.0,261457.17083265306,261482.1759346939,19.781400431043284
2026-07-29 19:30:00+02:00,-150.0,150.0,261493.92083265306,261493.92083265306,19.781400431043284
2026-07-29 19:45:00+02:00,-150.0,150.0,261505.66573061227,261530.67083265306,19.781400431043284
2026-07-29 20:00:00+02:00,-150.0,150.0,261542.41573061227,261542.41573061227,19.781400431043284
2026-07-29 20:15:00+02:00,-150.0,150.0,261554.16062857144,261579.16573061227,19.781400431043284
2026-07-29 20:30:00+02:00,-150.0,150.0,261590.91062857144,261590.91062857144,19.781400431043284
2026-07-29 20:45:00+02:00,-150.0,150.0,261602.65552653064,261627.66062857144,19.781400431043284
2026-07-29 21:00:00+02:00,-100.0,100.0,261639.40552653064,261639.40552653064,4.0064417989417995
2026-07-29 21:15:00+02:00,-100.0,100.0,261638.9004244898,261663.90552653064,4.0064417989417995
2026-07-29 21:30:00+02:00,-100.0,100.0,261663.4004244898,261663.4004244898,4.0064417989417995
2026-07-29 21:45:00+02:00,-100.0,100.0,261662.895322449,261687.9004244898,4.0064417989417995
2026-07-29 22:00:00+02:00,-100.0,100.0,261687.395322449,261687.395322449,4.0064417989417995
2026-07-29 22:15:00+02:00,-150.0,150.0,261686.89022040818,261711.895322449,198.56426492819347
2026-07-29 22:30:00+02:00,-150.0,150.0,261723.64022040818,261723.64022040818,198.56426492819347
2026-07-29 22:45:00+02:00,-100.0,100.0,261735.38511836735,261760.39022040818,195.24164965986392
2026-07-29 23:00:00+02:00,-50.0,50.0,261759.88511836735,261759.88511836735,0.6838265306122451
2026-07-29 23:15:00+02:00,-50.0,50.0,261753.31240000002,261772.13511836735,0.6838265306122451
2026-07-29 23:30:00+02:00,-50.0,50.0,261765.56240000002,261765.56240000002,0.6838265306122451
2026-07-29 23:45:00+02:00,-50.0,50.0,261777.81240000002,261777.81240000002,0.6838265306122451
2026-07-30 00:00:00+02:00,-50.0,50.0,261790.06240000002,261790.06240000002,0.6838265306122451
2026-07-30 00:15:00+02:00,-50.0,50.0,261802.31240000002,261802.31240000002,0.6838265306122451
2026-07-30 00:30:00+02:00,-50.0,50.0,261814.56240000002,261814.56240000002,0.6838265306122451
2026-07-30 00:45:00+02:00,-50.0,50.0,261826.81240000002,261826.81240000002,0.6838265306122451
2026-07-30 01:00:00+02:00,0.0,0.0,261839.06240000002,261839.06240000002,0.0
2026-07-30 01:15:00+02:00,-50.0,50.0,261839.06240000002,261839.06240000002,0.14686413454270597
2026-07-30 01:30:00+02:00,-50.0,50.0,261826.3072979592,261851.31240000002,0.14686413454270597
2026-07-30 01:45:00+02:00,-50.0,50.0,261838.5572979592,261838.5572979592,0.14686413454270597
2026-07-30 02:00:00+02:00,-50.0,50.0,261825.8021959184,261850.8072979592,0.14686413454270597
2026-07-30 02:15:00+02:00,-50.0,50.0,261838.0521959184,261838.0521959184,0.14686413454270597
2026-07-30 02:30:00+02:00,-50.0,50.0,261825.29709387757,261850.3021959184,0.14686413454270597
2026-07-30 02:45:00+02:00,-50.0,50.0,261837.54709387757,261837.54709387757,0.14686413454270597
2026-07-30 03:00:00+02:00,-50.0,50.0,261824.79199183677,261849.79709387757,0.14686413454270597
2026-07-30 03:15:00+02:00,-50.0,50.0,261837.04199183677,261837.04199183677,0.14686413454270597
2026-07-30 03:30:00+02:00,-50.0,50.0,261824.28688979594,261849.29199183677,0.14686413454270597
2026-07-30 03:45:00+02:00,-100.0,100.0,261836.53688979594,261836.53688979594,135.7147552910053
2026-07-30 04:00:00+02:00,-100.0,100.0,261836.0317877551,261861.03688979594,135.7147552910053
2026-07-30 04:15:00+02:00,-100.0,100.0,261860.5317877551,261860.5317877551,135.7147552910053
2026-07-30 04:30:00+02:00,-50.0,50.0,261860.0266857143,261885.0317877551,0.14686413454270597
2026-07-30 04:45:00+02:00,-50.0,50.0,261872.2766857143,261872.2766857143,0.14686413454270597
2026-07-30 05:00:00+02:00,-50.0,50.0,261859.5215836735,261884.5266857143,0.14686413454270597
2026-07-30 05:15:00+02:00,-50.0,50.0,261871.7715836735,261871.7715836735,0.14686413454270597
2026-07-30 05:30:00+02:00,-50.0,50.0,261859.0164816327,261884.0215836735,0.14686413454270597
2026-07-30 05:45:00+02:00,-50.0,50.0,261871.2664816327,261871.2664816327,0.14686413454270597
2026-07-30 06:00:00+02:00,-50.0,50.0,261858.51137959186,261883.5164816327,0.14686413454270597
2026-07-30 06:15:00+02:00,-50.0,50.0,261870.76137959186,261870.76137959186,0.14686413454270597
2026-07-30 06:30:00+02:00,-50.0,50.0,261858.00627755103,261883.01137959186,0.14686413454270597
2026-07-30 06:45:00+02:00,-50.0,50.0,261870.25627755103,261870.25627755103,0.14686413454270597
2026-07-30 07:00:00+02:00,-50.0,50.0,261857.50117551023,261882.50627755103,0.14686413454270597
2026-07-30 07:15:00+02:00,-50.0,50.0,261869.75117551023,261869.75117551023,0.14686413454270597
2026-07-30 07:30:00+02:00,-50.0,50.0,261856.9960734694,261882.00117551023,0.14686413454270597
2026-07-30 07:45:00+02:00,-50.0,50.0,261869.2460734694,261869.2460734694,0.14686413454270597
2026-07-30 08:00:00+02:00,-50.0,50.0,261856.4909714286,261881.4960734694,0.14686413454270597
2026-07-30 08:15:00+02:00,-50.0,50.0,261868.7409714286,261868.7409714286,0.14686413454270597
2026-07-30 08:30:00+02:00,-50.0,50.0,261855.98586938778,261880.9909714286,0.14686413454270597
2026-07-30 08:45:00+02:00,-50.0,50.0,261868.23586938778,261868.23586938778,0.14686413454270597
2026-07-30 09:00:00+02:00,-50.0,50.0,261855.48076734698,261880.48586938778,0.14686413454270597
2026-07-30 09:15:00+02:00,-100.0,100.0,261867.73076734698,261867.73076734698,291.9835988284202
2026-07-30 09:30:00+02:00,-100.0,100.0,261867.22566530615,261892.23076734698,291.9835988284202
2026-07-30 09:45:00+02:00,-100.0,100.0,261891.72566530615,261891.72566530615,10.59910903250189
2026-07-30 10:00:00+02:00,-100.0,100.0,261866.2154612245,261916.22566530615,10.59910903250189
2026-07-30 10:15:00+02:00,-100.0,100.0,261890.7154612245,261890.7154612245,10.59910903250189
2026-07-30 10:30:00+02:00,-100.0,100.0,261865.2052571429,261915.2154612245,10.59910903250189
2026-07-30 10:45:00+02:00,-100.0,100.0,261889.7052571429,261889.7052571429,10.59910903250189
2026-07-30 11:00:00+02:00,-100.0,100.0,261864.19505306124,261914.2052571429,10.59910903250189
2026-07-30 11:15:00+02:00,-100.0,100.0,261888.69505306124,261888.69505306124,10.59910903250189
2026-07-30 11:30:00+02:00,-100.0,100.0,261863.18484897964,261913.19505306124,10.59910903250189
2026-07-30 11:45:00+02:00,-150.0,150.0,261887.68484897964,261887.68484897964,42.72838794406651
2026-07-30 12:00:00+02:00,-150.0,150.0,261895.09655510206,261924.43484897964,42.72838794406651
2026-07-30 12:15:00+02:00,-150.0,150.0,261931.84655510206,261931.84655510206,42.72838794406651
2026-07-30 12:30:00+02:00,-150.0,150.0,261943.59145306124,261968.59655510206,42.72838794406651
2026-07-30 12:45:00+02:00,-150.0,150.0,261980.34145306124,261980.34145306124,42.72838794406651
2026-07-30 13:00:00+02:00,-150.0,150.0,261992.08635102044,262017.09145306124,42.72838794406651
2026-07-30 13:15:00+02:00,-150.0,150.0,262028.83635102044,262028.83635102044,42.72838794406651
2026-07-30 13:30:00+02:00,-150.0,150.0,262040.5812489796,262065.58635102044,42.72838794406651
2026-07-30 13:45:00+02:00,-150.0,150.0,262077.3312489796,262077.3312489796,42.72838794406651
2026-07-30 14:00:00+02:00,-150.0,150.0,262089.0761469388,262114.0812489796,42.72838794406651
2026-07-30 14:15:00+02:00,-150.0,150.0,262125.8261469388,262125.8261469388,42.72838794406651
2026-07-30 14:30:00+02:00,-150.0,150.0,262137.57104489798,262162.5761469388,42.72838794406651
2026-07-30 14:45:00+02:00,-150.0,150.0,262174.321044898,262174.321044898,42.72838794406651
2026-07-30 15:00:00+02:00,-150.0,150.0,262186.0659428572,262211.071044898,42.72838794406651
2026-07-30 15:15:00+02:00,-150.0,150.0,262222.8159428572,262222.8159428572,42.72838794406651
2026-07-30 15:30:00+02:00,-100.0,100.0,262234.56084081635,262259.5659428572,10.59910903250189
2026-07-30 15:45:00+02:00,-100.0,100.0,262259.06084081635,262259.06084081635,10.59910903250189
2026-07-30 16:00:00+02:00,-100.0,100.0,262258.5557387755,262283.56084081635,10.59910903250189
2026-07-30 16:15:00+02:00,-100.0,100.0,262283.0557387755,262283.0557387755,10.59910903250189
2026-07-30 16:30:00+02:00,-150.0,150.0,262282.5506367347,262307.5557387755,131.6821702569917
2026-07-30 16:45:00+02:00,-150.0,150.0,262319.3006367347,262319.3006367347,131.6821702569917
2026-07-30 17:00:00+02:00,-100.0,100.0,262331.0455346939,262356.0506367347,10.59910903250189
2026-07-30 17:15:00+02:00,-100.0,100.0,262355.5455346939,262355.5455346939,10.59910903250189
2026-07-30 17:30:00+02:00,-100.0,100.0,262355.0404326531,262380.0455346939,10.59910903250189
2026-07-30 17:45:00+02:00,-100.0,100.0,262379.5404326531,262379.5404326531,10.59910903250189
2026-07-30 18:00:00+02:00,-100.0,100.0,262379.03533061227,262404.0404326531,10.59910903250189
2026-07-30 18:15:00+02:00,-100.0,100.0,262403.53533061227,262403.53533061227,10.59910903250189
2026-07-30 18:30:00+02:00,-100.0,100.0,262403.03022857144,262428.03533061227,10.59910903250189
2026-07-30 18:45:00+02:00,-100.0,100.0,262427.53022857144,262427.53022857144,10.59910903250189
2026-07-30 19:00:00+02:00,-100.0,100.0,262427.0251265306,262452.03022857144,10.59910903250189
2026-07-30 19:15:00+02:00,-100.0,100.0,262451.5251265306,262451.5251265306,10.59910903250189
2026-07-30 19:30:00+02:00,-100.0,100.0,262451.02002448984,262476.0251265306,10.59910903250189
2026-07-30 19:45:00+02:00,-100.0,100.0,262475.52002448984,262475.52002448984,10.59910903250189
2026-07-30 20:00:00+02:00,-100.0,100.0,262475.014922449,262500.02002448984,10.59910903250189
2026-07-30 20:15:00+02:00,-100.0,100.0,262499.514922449,262499.514922449,10.59910903250189
2026-07-30 20:30:00+02:00,-100.0,100.0,262499.0098204082,262524.014922449,10.59910903250189
2026-07-30 20:45:00+02:00,-100.0,100.0,262523.5098204082,262523.5098204082,10.59910903250189
2026-07-30 21:00:00+02:00,-150.0,150.0,262523.00471836736,262548.0098204082,84.55053760393045
2026-07-30 21:15:00+02:00,-100.0,100.0,262559.75471836736,262559.75471836736,10.59910903250189
2026-07-30 21:30:00+02:00,-100.0,100.0,262559.24961632653,262584.25471836736,10.59910903250189
2026-07-30 21:45:00+02:00,-100.0,100.0,262583.74961632653,262583.74961632653,10.59910903250189
2026-07-30 22:00:00+02:00,-100.0,100.0,262583.24451428576,262608.24961632653,10.59910903250189
2026-07-30 22:15:00+02:00,-100.0,100.0,262607.74451428576,262607.74451428576,10.59910903250189
2026-07-30 22:30:00+02:00,-100.0,100.0,262607.23941224493,262632.24451428576,10.59910903250189
2026-07-30 22:45:00+02:00,-50.0,50.0,262631.73941224493,262631.73941224493,0.14686413454270597
2026-07-30 23:00:00+02:00,-50.0,50.0,262618.9843102041,262643.98941224493,0.14686413454270597
2026-07-30 23:15:00+02:00,-50.0,50.0,262631.2343102041,262631.2343102041,0.14686413454270597
2026-07-30 23:30:00+02:00,-100.0,100.0,262618.4792081633,262643.4843102041,5.727680461073314
2026-07-30 23:45:00+02:00,-100.0,100.0,262617.97410612245,262642.9792081633,5.727680461073314
2026-07-31 00:00:00+02:00,-100.0,100.0,262617.4690040816,262642.47410612245,5.727680461073314
2026-07-31 00:15:00+02:00,-100.0,100.0,262616.96390204085,262641.9690040816,5.727680461073314
2026-07-31 00:30:00+02:00,-100.0,100.0,262616.4588000001,262641.46390204085,5.727680461073314
2026-07-31 00:45:00+02:00,-100.0,100.0,262615.95369795925,262640.9588,5.727680461073314
2026-07-31 01:00:00+02:00,-100.0,100.0,262615.4485959184,262640.45369795925,5.727680461073314
2026-07-31 01:15:00+02:00,-100.0,100.0,262626.81350204087,262639.94859591837,5.727680461073314
2026-07-31 01:30:00+02:00,-100.0,100.0,262626.30840000004,262651.31350204087,5.727680461073314
2026-07-31 01:45:00+02:00,-100.0,100.0,262650.8084,262650.8084,5.727680461073314
2026-07-31 02:00:00+02:00,-100.0,100.0,262650.30329795915,262675.3084,5.727680461073314
2026-07-31 02:15:00+02:00,-100.0,100.0,262674.80329795915,262674.80329795915,5.727680461073314
2026-07-31 02:30:00+02:00,-100.0,100.0,262674.2981959183,262699.30329795915,5.727680461073314
2026-07-31 02:45:00+02:00,-50.0,50.0,262698.7981959183,262698.7981959183,0.14686413454270597
2026-07-31 03:00:00+02:00,-50.0,50.0,262686.04309387755,262711.0481959183,0.14686413454270597
2026-07-31 03:15:00+02:00,-50.0,50.0,262698.29309387755,262698.29309387755,0.14686413454270597
2026-07-31 03:30:00+02:00,-50.0,50.0,262685.5379918367,262710.54309387755,0.14686413454270597
2026-07-31 03:45:00+02:00,-100.0,100.0,262697.7879918367,262697.7879918367,65.49883692365835
2026-07-31 04:00:00+02:00,-100.0,100.0,262697.2828897959,262722.2879918367,65.49883692365835
2026-07-31 04:15:00+02:00,-100.0,100.0,262721.7828897959,262721.7828897959,65.49883692365835
2026-07-31 04:30:00+02:00,-50.0,50.0,262721.27778775507,262746.2828897959,0.14686413454270597
2026-07-31 04:45:00+02:00,-50.0,50.0,262733.52778775507,262733.52778775507,0.14686413454270597
2026-07-31 05:00:00+02:00,-50.0,50.0,262720.77268571424,262745.77778775507,0.14686413454270597
2026-07-31 05:15:00+02:00,-50.0,50.0,262733.02268571424,262733.02268571424,0.14686413454270597
2026-07-31 05:30:00+02:00,-50.0,50.0,262720.26758367347,262745.27268571424,0.14686413454270597
2026-07-31 05:45:00+02:00,-50.0,50.0,262732.51758367347,262732.51758367347,0.14686413454270597
2026-07-31 06:00:00+02:00,-50.0,50.0,262719.76248163264,262744.76758367347,0.14686413454270597
2026-07-31 06:15:00+02:00,-50.0,50.0,262732.01248163264,262732.01248163264,0.14686413454270597
2026-07-31 06:30:00+02:00,-50.0,50.0,262719.2573795918,262744.26248163264,0.14686413454270597
2026-07-31 06:45:00+02:00,-50.0,50.0,262731.5073795918,262731.5073795918,0.14686413454270597
2026-07-31 07:00:00+02:00,-50.0,50.0,262718.752277551,262743.7573795918,0.14686413454270597
2026-07-31 07:15:00+02:00,-50.0,50.0,262731.002277551,262731.002277551,0.14686413454270597
2026-07-31 07:30:00+02:00,-50.0,50.0,262718.24717551016,262743.252277551,0.14686413454270597
2026-07-31 07:45:00+02:00,-50.0,50.0,262730.49717551016,262730.49717551016,0.14686413454270597
2026-07-31 08:00:00+02:00,-50.0,50.0,262717.7420734694,262742.74717551016,0.14686413454270597
2026-07-31 08:15:00+02:00,-100.0,100.0,262729.9920734694,262729.9920734694,80.40196617535904
2026-07-31 08:30:00+02:00,-100.0,100.0,262729.48697142856,262754.4920734694,80.40196617535904
2026-07-31 08:45:00+02:00,-100.0,100.0,262753.98697142856,262753.98697142856,80.40196617535904
2026-07-31 09:00:00+02:00,-50.0,50.0,262753.48186938773,262778.48697142856,0.14686413454270597
2026-07-31 09:15:00+02:00,-50.0,50.0,262765.73186938773,262765.73186938773,0.14686413454270597
2026-07-31 09:30:00+02:00,-50.0,50.0,262752.9767673469,262777.98186938773,0.14686413454270597
2026-07-31 09:45:00+02:00,-50.0,50.0,262765.2267673469,262765.2267673469,0.14686413454270597
2026-07-31 10:00:00+02:00,-50.0,50.0,262752.4716653061,262777.4767673469,0.14686413454270597
2026-07-31 10:15:00+02:00,-50.0,50.0,262764.7216653061,262764.7216653061,0.14686413454270597
2026-07-31 10:30:00+02:00,-50.0,50.0,262751.9665632653,262776.9716653061,0.14686413454270597
2026-07-31 10:45:00+02:00,-50.0,50.0,262764.2165632653,262764.2165632653,0.14686413454270597
2026-07-31 11:00:00+02:00,-50.0,50.0,262751.4614612245,262776.4665632653,0.14686413454270597
2026-07-31 11:15:00+02:00,-50.0,50.0,262763.7114612245,262763.7114612245,0.14686413454270597
2026-07-31 11:30:00+02:00,-100.0,100.0,262750.95635918365,262775.9614612245,111.62849678760395
2026-07-31 11:45:00+02:00,-100.0,100.0,262775.45635918365,262775.45635918365,111.62849678760395
2026-07-31 12:00:00+02:00,-50.0,50.0,262774.9512571428,262799.95635918365,0.14686413454270597
2026-07-31 12:15:00+02:00,-50.0,50.0,262787.2012571428,262787.2012571428,0.14686413454270597
2026-07-31 12:30:00+02:00,-50.0,50.0,262774.446155102,262799.4512571428,0.14686413454270597
2026-07-31 12:45:00+02:00,-50.0,50.0,262786.696155102,262786.696155102,0.14686413454270597
2026-07-31 13:00:00+02:00,-50.0,50.0,262773.9410530612,262798.946155102,0.14686413454270597
2026-07-31 13:15:00+02:00,-50.0,50.0,262786.1910530612,262786.1910530612,0.14686413454270597
2026-07-31 13:30:00+02:00,-50.0,50.0,262773.4359510204,262798.4410530612,0.14686413454270597
2026-07-31 13:45:00+02:00,-50.0,50.0,262785.6859510204,262785.6859510204,0.14686413454270597
2026-07-31 14:00:00+02:00,-50.0,50.0,262772.93084897957,262797.9359510204,0.14686413454270597
2026-07-31 14:15:00+02:00,-50.0,50.0,262785.18084897957,262785.18084897957,0.14686413454270597
2026-07-31 14:30:00+02:00,-50.0,50.0,262772.42574693874,262797.43084897957,0.14686413454270597
2026-07-31 14:45:00+02:00,-50.0,50.0,262784.67574693874,262784.67574693874,0.14686413454270597
2026-07-31 15:00:00+02:00,-100.0,100.0,262771.92064489797,262796.92574693874,0.451846668096668
2026-07-31 15:15:00+02:00,-100.0,100.0,262771.41554285714,262796.42064489797,0.451846668096668
2026-07-31 15:30:00+02:00,-100.0,100.0,262770.9104408163,262795.91554285714,0.451846668096668
2026-07-31 15:45:00+02:00,-100.0,100.0,262770.40533877554,262795.4104408163,0.451846668096668
2026-07-31 16:00:00+02:00,-100.0,100.0,262769.9002367347,262794.90533877554,0.451846668096668
2026-07-31 16:15:00+02:00,-100.0,100.0,262769.3951346939,262794.4002367347,0.451846668096668
2026-07-31 16:30:00+02:00,-100.0,100.0,262768.89003265306,262793.8951346939,0.451846668096668
2026-07-31 16:45:00+02:00,-150.0,150.0,262768.3849306122,262793.39003265306,47.233275239525234
2026-07-31 17:00:00+02:00,-150.0,150.0,262780.1298285714,262805.1349306122,47.233275239525234
2026-07-31 17:15:00+02:00,-150.0,150.0,262791.8747265306,262816.87982857146,47.233275239525234
2026-07-31 17:30:00+02:00,-150.0,150.0,262803.61962448986,262828.62472653063,47.233275239525234
2026-07-31 17:45:00+02:00,-100.0,100.0,262815.36452244903,262840.36962448986,0.451846668096668
2026-07-31 18:00:00+02:00,-100.0,100.0,262814.8594204082,262839.86452244903,0.451846668096668
2026-07-31 18:15:00+02:00,-100.0,100.0,262814.3543183674,262839.3594204082,0.451846668096668
2026-07-31 18:30:00+02:00,-100.0,100.0,262813.84921632655,262838.8543183674,0.451846668096668
2026-07-31 18:45:00+02:00,-100.0,100.0,262813.3441142857,262838.34921632655,0.451846668096668
2026-07-31 19:00:00+02:00,-100.0,100.0,262812.8390122449,262837.8441142857,0.451846668096668
2026-07-31 19:15:00+02:00,-100.0,100.0,262812.3339102041,262837.3390122449,0.451846668096668
2026-07-31 19:30:00+02:00,-100.0,100.0,262811.8288081633,262836.8339102041,0.451846668096668
2026-07-31 19:45:00+02:00,-100.0,100.0,262811.32370612246,262836.3288081633,0.451846668096668
2026-07-31 20:00:00+02:00,-100.0,100.0,262810.8186040817,262835.82370612246,0.451846668096668
2026-07-31 20:15:00+02:00,-100.0,100.0,262810.31350204087,262835.3186040817,0.451846668096668
2026-07-31 20:30:00+02:00,-100.0,100.0,262809.80840000004,262834.81350204087,0.451846668096668
2026-07-31 20:45:00+02:00,-150.0,150.0,262809.3032979592,262834.30840000004,9.287203810953814
2026-07-31 21:00:00+02:00,-150.0,150.0,262796.04309387755,262846.0532979592,9.287203810953814
2026-07-31 21:15:00+02:00,-150.0,150.0,262807.7879918367,262832.79309387755,9.287203810953814
2026-07-31 21:30:00+02:00,-150.0,150.0,262815.80719183676,262844.5379918367,9.287203810953814
2026-07-31 21:45:00+02:00,-150.0,150.0,262827.55208979594,262852.55719183676,9.287203810953814
2026-07-31 22:00:00+02:00,-150.0,150.0,262839.2969877551,262864.30208979594,9.287203810953814
2026-07-31 22:15:00+02:00,-150.0,150.0,262851.0418857143,262876.04698775517,9.287203810953814
2026-07-31 22:30:00+02:00,-150.0,150.0,262862.78678367357,262887.79188571434,9.287203810953814
2026-07-31 22:45:00+02:00,-100.0,100.0,262874.53168163274,262899.53678367357,0.451846668096668
2026-07-31 23:00:00+02:00,-150.0,150.0,262874.0265795919,262899.03168163274,4.737677571886755
2026-07-31 23:15:00+02:00,-150.0,150.0,262860.76637551025,262910.7765795919,4.737677571886755
2026-07-31 23:30:00+02:00,-150.0,150.0,262872.5112734694,262897.51637551025,4.737677571886755
2026-07-31 23:45:00+02:00,-150.0,150.0,262859.25106938777,262909.2612734694,4.737677571886755
2026-08-01 00:00:00+02:00,-150.0,150.0,262870.995967347,262896.0010693878,4.737677571886755
2026-08-01 00:15:00+02:00,-150.0,150.0,262857.73576326534,262907.745967347,4.737677571886755
2026-08-01 00:30:00+02:00,-150.0,150.0,262869.4806612245,262894.48576326534,4.737677571886755
2026-08-01 00:45:00+02:00,-150.0,150.0,262856.22045714286,262906.2306612245,4.737677571886755
2026-08-01 01:00:00+02:00,-150.0,150.0,262867.96535510215,262892.9704571429,4.737677571886755
2026-08-01 01:15:00+02:00,-150.0,150.0,262867.0322612246,262904.71535510215,4.737677571886755
2026-08-01 01:30:00+02:00,-150.0,150.0,262878.77715918375,262903.7822612246,4.737677571886755
2026-08-01 01:45:00+02:00,-150.0,150.0,262890.5220571429,262915.52715918375,4.737677571886755
2026-08-01 02:00:00+02:00,-150.0,150.0,262902.2669551021,262927.2720571429,4.737677571886755
2026-08-01 02:15:00+02:00,-150.0,150.0,262914.01185306127,262939.0169551021,4.737677571886755
2026-08-01 02:30:00+02:00,-100.0,100.0,262925.75675102044,262950.76185306127,0.451846668096668
2026-08-01 02:45:00+02:00,-100.0,100.0,262925.2516489796,262950.25675102044,0.451846668096668
2026-08-01 03:00:00+02:00,-100.0,100.0,262924.7465469388,262949.7516489796,0.451846668096668
2026-08-01 03:15:00+02:00,-100.0,100.0,262924.241444898,262949.2465469388,0.451846668096668
2026-08-01 03:30:00+02:00,-100.0,100.0,262923.7363428572,262948.74144489795,0.451846668096668
2026-08-01 03:45:00+02:00,-100.0,100.0,262923.2312408164,262948.2363428572,0.451846668096668
2026-08-01 04:00:00+02:00,-100.0,100.0,262922.7261387756,262947.7312408164,0.451846668096668
2026-08-01 04:15:00+02:00,-100.0,100.0,262922.22103673476,262947.2261387756,0.451846668096668
2026-08-01 04:30:00+02:00,-100.0,100.0,262921.71593469393,262946.72103673476,0.451846668096668
2026-08-01 04:45:00+02:00,-100.0,100.0,262921.2108326531,262946.21593469393,0.451846668096668
2026-08-01 05:00:00+02:00,-100.0,100.0,262920.7057306123,262945.7108326531,0.451846668096668
2026-08-01 05:15:00+02:00,-100.0,100.0,262920.2006285715,262945.2057306123,0.451846668096668
2026-08-01 05:30:00+02:00,-100.0,100.0,262919.6955265306,262944.70062857145,0.451846668096668
2026-08-01 05:45:00+02:00,-100.0,100.0,262919.19042448985,262944.1955265306,0.451846668096668
2026-08-01 06:00:00+02:00,-100.0,100.0,262918.685322449,262943.6904244898,0.451846668096668
2026-08-01 06:15:00+02:00,-100.0,100.0,262918.18022040825,262943.185322449,0.451846668096668
2026-08-01 06:30:00+02:00,-100.0,100.0,262917.6751183674,262942.68022040825,0.451846668096668
2026-08-01 06:45:00+02:00,-100.0,100.0,262917.1700163266,262942.1751183674,0.451846668096668
2026-08-01 07:00:00+02:00,-100.0,100.0,262916.66491428576,262941.6700163266,0.451846668096668
2026-08-01 07:15:00+02:00,-100.0,100.0,262916.15981224494,262941.16491428576,0.451846668096668
2026-08-01 07:30:00+02:00,-100.0,100.0,262915.6547102041,262940.65981224494,0.451846668096668
2026-08-01 07:45:00+02:00,-100.0,100.0,262915.14960816334,262940.1547102041,0.451846668096668
2026-08-01 08:00:00+02:00,-100.0,100.0,262914.64450612245,262939.6496081633,0.451846668096668
2026-08-01 08:15:00+02:00,-100.0,100.0,262914.1394040817,262939.14450612245,0.451846668096668
2026-08-01 08:30:00+02:00,-100.0,100.0,262913.63430204085,262938.6394040816,0.451846668096668
2026-08-01 08:45:00+02:00,-100.0,100.0,262913.1292000001,262938.13430204085,0.451846668096668
2026-08-01 09:00:00+02:00,-100.0,100.0,262912.62409795925,262937.6292000001,0.451846668096668
2026-08-01 09:15:00+02:00,-100.0,100.0,262912.1189959184,262937.12409795925,0.451846668096668
2026-08-01 09:30:00+02:00,-150.0,150.0,262911.6138938776,262936.6189959184,453.79103034156606
2026-08-01 09:45:00+02:00,-100.0,100.0,262923.35879183677,262948.3638938776,0.451846668096668
2026-08-01 10:00:00+02:00,-150.0,150.0,262922.85368979594,262947.85879183677,217.11143850483137
2026-08-01 10:15:00+02:00,-150.0,150.0,262934.5985877551,262959.60368979594,217.11143850483137
2026-08-01 10:30:00+02:00,-100.0,100.0,262946.3434857143,262971.3485877551,0.451846668096668
2026-08-01 10:45:00+02:00,-100.0,100.0,262945.83838367346,262970.8434857143,0.451846668096668
2026-08-01 11:00:00+02:00,-100.0,100.0,262945.3332816327,262970.33838367346,0.451846668096668
2026-08-01 11:15:00+02:00,-100.0,100.0,262944.8281795919,262969.8332816327,0.451846668096668
2026-08-01 11:30:00+02:00,-100.0,100.0,262944.3230775511,262969.3281795919,0.451846668096668
2026-08-01 11:45:00+02:00,-100.0,100.0,262943.81797551026,262968.8230775511,0.451846668096668
2026-08-01 12:00:00+02:00,-100.0,100.0,262943.31287346943,262968.31797551026,0.451846668096668
2026-08-01 12:15:00+02:00,-100.0,100.0,262942.8077714286,262967.81287346943,0.451846668096668
2026-08-01 12:30:00+02:00,-100.0,100.0,262942.3026693878,262967.3077714286,0.451846668096668
2026-08-01 12:45:00+02:00,-100.0,100.0,262941.79756734695,262966.8026693878,0.451846668096668
2026-08-01 13:00:00+02:00,-100.0,100.0,262941.2924653061,262966.29756734695,0.451846668096668
2026-08-01 13:15:00+02:00,-100.0,100.0,262940.7873632653,262965.7924653061,0.451846668096668
2026-08-01 13:30:00+02:00,-100.0,100.0,262940.2822612245,262965.2873632653,0.451846668096668
2026-08-01 13:45:00+02:00,-100.0,100.0,262939.77715918375,262964.7822612245,0.451846668096668
2026-08-01 14:00:00+02:00,-100.0,100.0,262939.2720571429,262964.27715918375,0.451846668096668
2026-08-01 14:15:00+02:00,-100.0,100.0,262938.7669551021,262963.7720571429,0.451846668096668
2026-08-01 14:30:00+02:00,-100.0,100.0,262938.26185306127,262963.2669551021,0.451846668096668
2026-08-01 14:45:00+02:00,-100.0,100.0,262937.75675102044,262962.76185306127,0.451846668096668
2026-08-01 15:00:00+02:00,-100.0,100.0,262937.2516489796,262962.25675102044,0.451846668096668
2026-08-01 15:15:00+02:00,-100.0,100.0,262936.7465469388,262961.7516489796,0.451846668096668
2026-08-01 15:30:00+02:00,-100.0,100.0,262936.241444898,262961.2465469388,0.451846668096668
2026-08-01 15:45:00+02:00,-100.0,100.0,262935.7363428572,262960.741444898,0.451846668096668
2026-08-01 16:00:00+02:00,-100.0,100.0,262935.23124081636,262960.2363428572,0.451846668096668
2026-08-01 16:15:00+02:00,-100.0,100.0,262934.7261387756,262959.73124081636,0.451846668096668
2026-08-01 16:30:00+02:00,-100.0,100.0,262934.22103673476,262959.2261387756,0.451846668096668
2026-08-01 16:45:00+02:00,-100.0,100.0,262933.71593469393,262958.72103673476,0.451846668096668
2026-08-01 17:00:00+02:00,-100.0,100.0,262933.2108326531,262958.21593469393,0.451846668096668
2026-08-01 17:15:00+02:00,-100.0,100.0,262932.7057306123,262957.7108326531,0.451846668096668
2026-08-01 17:30:00+02:00,-100.0,100.0,262932.20062857145,262957.2057306123,0.451846668096668
2026-08-01 17:45:00+02:00,-100.0,100.0,262931.6955265306,262956.70062857145,0.451846668096668
2026-08-01 18:00:00+02:00,-100.0,100.0,262931.19042448985,262956.1955265306,0.451846668096668
2026-08-01 18:15:00+02:00,-100.0,100.0,262930.685322449,262955.69042448985,0.451846668096668
2026-08-01 18:30:00+02:00,-100.0,100.0,262930.1802204082,262955.185322449,0.451846668096668
2026-08-01 18:45:00+02:00,-100.0,100.0,262929.6751183674,262954.6802204082,0.451846668096668
2026-08-01 19:00:00+02:00,-100.0,100.0,262929.1700163266,262954.1751183674,0.451846668096668
2026-08-01 19:15:00+02:00,-100.0,100.0,262928.66491428576,262953.6700163266,0.451846668096668
2026-08-01 19:30:00+02:00,-100.0,100.0,262928.15981224494,262953.16491428576,0.451846668096668
2026-08-01 19:45:00+02:00,-100.0,100.0,262927.6547102041,262952.65981224494,0.451846668096668
2026-08-01 20:00:00+02:00,-100.0,100.0,262927.1496081633,262952.1547102041,0.451846668096668
2026-08-01 20:15:00+02:00,-100.0,100.0,262926.64450612245,262951.6496081633,0.451846668096668
2026-08-01 20:30:00+02:00,-100.0,100.0,262926.1394040817,262951.14450612245,0.451846668096668
2026-08-01 20:45:00+02:00,-100.0,100.0,262925.63430204085,262950.6394040817,0.451846668096668
2026-08-01 21:00:00+02:00,-100.0,100.0,262925.1292,262950.13430204085,0.451846668096668
2026-08-01 21:15:00+02:00,-100.0,100.0,262924.62409795925,262949.6292,0.451846668096668
2026-08-01 21:30:00+02:00,-100.0,100.0,262924.1189959184,262949.12409795925,0.451846668096668
2026-08-01 21:45:00+02:00,-100.0,100.0,262923.6138938776,262948.6189959184,0.451846668096668
2026-08-01 22:00:00+02:00,-100.0,100.0,262923.10879183677,262948.1138938776,0.451846668096668
2026-08-01 22:15:00+02:00,-100.0,100.0,262922.60368979594,262947.60879183677,0.451846668096668
2026-08-01 22:30:00+02:00,-100.0,100.0,262922.0985877551,262947.10368979594,0.451846668096668
2026-08-01 22:45:00+02:00,-100.0,100.0,262921.5934857143,262946.5985877551,0.451846668096668
2026-08-01 23:00:00+02:00,-100.0,100.0,262921.0883836735,262946.0934857143,0.451846668096668
2026-08-01 23:15:00+02:00,-100.0,100.0,262920.58328163275,262945.5883836735,0.451846668096668
2026-08-01 23:30:00+02:00,-100.0,100.0,262920.0781795919,262945.08328163275,0.451846668096668
2026-08-01 23:45:00+02:00,-100.0,100.0,262919.5730775511,262944.5781795919,0.451846668096668
2026-08-02 00:00:00+02:00,-100.0,100.0,262919.06797551026,262944.0730775511,0.451846668096668
2026-08-02 00:15:00+02:00,-100.0,100.0,262918.56287346943,262943.56797551026,0.451846668096668
2026-08-02 00:30:00+02:00,-100.0,100.0,262918.0577714286,262943.06287346943,0.451846668096668
2026-08-02 00:45:00+02:00,-100.0,100.0,262917.5526693878,262942.5577714286,0.451846668096668
2026-08-02 01:00:00+02:00,-100.0,100.0,262917.04756734695,262942.0526693878,0.451846668096668
2026-08-02 01:15:00+02:00,-100.0,100.0,262916.5424653061,262941.54756734695,0.451846668096668
2026-08-02 01:30:00+02:00,-100.0,100.0,262916.03736326535,262941.0424653061,0.451846668096668
2026-08-02 01:45:00+02:00,-100.0,100.0,262915.5322612246,262940.53736326535,0.451846668096668
2026-08-02 02:00:00+02:00,-100.0,100.0,262915.02715918375,262940.0322612246,0.451846668096668
2026-08-02 02:15:00+02:00,-100.0,100.0,262914.5220571429,262939.52715918375,0.451846668096668
2026-08-02 02:30:00+02:00,-100.0,100.0,262914.0169551021,262939.0220571429,0.451846668096668
2026-08-02 02:45:00+02:00,-100.0,100.0,262913.51185306127,262938.5169551021,0.451846668096668
2026-08-02 03:00:00+02:00,-100.0,100.0,262913.00675102044,262938.01185306127,0.451846668096668
2026-08-02 03:15:00+02:00,-100.0,100.0,262912.5016489796,262937.50675102044,0.451846668096668
2026-08-02 03:30:00+02:00,-100.0,100.0,262911.9965469388,262937.0016489796,0.451846668096668
2026-08-02 03:45:00+02:00,-100.0,100.0,262911.49144489795,262936.4965469388,0.451846668096668
2026-08-02 04:00:00+02:00,-100.0,100.0,262910.9863428572,262935.99144489795,0.451846668096668
2026-08-02 04:15:00+02:00,-100.0,100.0,262910.4812408164,262935.4863428572,0.451846668096668
2026-08-02 04:30:00+02:00,-100.0,100.0,262909.9761387756,262934.9812408164,0.451846668096668
2026-08-02 04:45:00+02:00,-100.0,100.0,262909.47103673476,262934.4761387756,0.451846668096668
2026-08-02 05:00:00+02:00,-100.0,100.0,262908.96593469393,262933.97103673476,0.451846668096668
2026-08-02 05:15:00+02:00,-100.0,100.0,262908.4608326531,262933.46593469393,0.451846668096668
2026-08-02 05:30:00+02:00,-100.0,100.0,262907.9557306123,262932.9608326531,0.451846668096668
2026-08-02 05:45:00+02:00,-100.0,100.0,262907.45062857145,262932.4557306123,0.451846668096668
2026-08-02 06:00:00+02:00,-100.0,100.0,262906.9455265306,262931.95062857145,0.451846668096668
2026-08-02 06:15:00+02:00,-100.0,100.0,262906.4404244898,262931.4455265306,0.451846668096668
2026-08-02 06:30:00+02:00,-100.0,100.0,262905.935322449,262930.9404244898,0.451846668096668
2026-08-02 06:45:00+02:00,-100.0,100.0,262905.43022040825,262930.435322449,0.451846668096668
2026-08-02 07:00:00+02:00,-100.0,100.0,262904.9251183674,262929.93022040825,0.451846668096668
2026-08-02 07:15:00+02:00,-100.0,100.0,262904.4200163266,262929.4251183674,0.451846668096668
2026-08-02 07:30:00+02:00,-100.0,100.0,262903.91491428576,262928.9200163266,0.451846668096668
2026-08-02 07:45:00+02:00,-100.0,100.0,262903.40981224494,262928.41491428576,0.451846668096668
2026-08-02 08:00:00+02:00,-100.0,100.0,262902.9047102041,262927.90981224494,0.451846668096668
2026-08-02 08:15:00+02:00,-100.0,100.0,262902.3996081633,262927.4047102041,0.451846668096668
2026-08-02 08:30:00+02:00,-100.0,100.0,262901.89450612245,262926.8996081633,0.451846668096668
2026-08-02 08:45:00+02:00,-100.0,100.0,262901.3894040816,262926.39450612245,0.451846668096668
2026-08-02 09:00:00+02:00,-100.0,100.0,262900.88430204085,262925.8894040816,0.451846668096668
2026-08-02 09:15:00+02:00,-100.0,100.0,262900.3792000001,262925.38430204085,0.451846668096668
2026-08-02 09:30:00+02:00,-100.0,100.0,262899.87409795925,262924.8792000001,0.451846668096668
2026-08-02 09:45:00+02:00,-100.0,100.0,262899.3689959184,262924.37409795925,0.451846668096668
2026-08-02 10:00:00+02:00,-100.0,100.0,262898.8638938776,262923.8689959184,0.451846668096668
2026-08-02 10:15:00+02:00,-100.0,100.0,262898.35879183677,262923.3638938776,0.451846668096668
2026-08-02 10:30:00+02:00,-100.0,100.0,262897.85368979594,262922.85879183677,0.451846668096668
2026-08-02 10:45:00+02:00,-100.0,100.0,262897.3485877551,262922.35368979594,0.451846668096668
2026-08-02 11:00:00+02:00,-100.0,100.0,262896.8434857143,262921.8485877551,0.451846668096668
2026-08-02 11:15:00+02:00,-100.0,100.0,262896.33838367346,262921.3434857143,0.451846668096668
2026-08-02 11:30:00+02:00,-100.0,100.0,262895.8332816327,262920.83838367346,0.451846668096668
2026-08-02 11:45:00+02:00,-100.0,100.0,262895.3281795919,262920.3332816327,0.451846668096668
2026-08-02 12:00:00+02:00,-100.0,100.0,262894.8230775511,262919.8281795919,0.451846668096668
2026-08-02 12:15:00+02:00,-100.0,100.0,262894.31797551026,262919.3230775511,0.451846668096668
2026-08-02 12:30:00+02:00,-100.0,100.0,262893.81287346943,262918.81797551026,0.451846668096668
2026-08-02 12:45:00+02:00,-100.0,100.0,262893.3077714286,262918.31287346943,0.451846668096668
2026-08-02 13:00:00+02:00,-100.0,100.0,262892.8026693878,262917.8077714286,0.451846668096668
2026-08-02 13:15:00+02:00,-100.0,100.0,262892.29756734695,262917.3026693878,0.451846668096668
2026-08-02 13:30:00+02:00,-100.0,100.0,262891.7924653061,262916.79756734695,0.451846668096668
2026-08-02 13:45:00+02:00,-100.0,100.0,262891.2873632653,262916.2924653061,0.451846668096668
2026-08-02 14:00:00+02:00,-100.0,100.0,262890.7822612245,262915.7873632653,0.451846668096668
2026-08-02 14:15:00+02:00,-100.0,100.0,262890.27715918375,262915.2822612245,0.451846668096668
2026-08-02 14:30:00+02:00,-100.0,100.0,262889.7720571429,262914.77715918375,0.451846668096668
2026-08-02 14:45:00+02:00,-100.0,100.0,262889.2669551021,262914.2720571429,0.451846668096668
2026-08-02 15:00:00+02:00,-100.0,100.0,262888.76185306127,262913.7669551021,0.451846668096668
2026-08-02 15:15:00+02:00,-100.0,100.0,262888.25675102044,262913.26185306127,0.451846668096668
2026-08-02 15:30:00+02:00,-100.0,100.0,262887.7516489796,262912.75675102044,0.451846668096668
2026-08-02 15:45:00+02:00,-100.0,100.0,262887.24654693884,262912.2516489796,0.451846668096668
2026-08-02 16:00:00+02:00,-100.0,100.0,262886.741444898,262911.7465469388,0.451846668096668
2026-08-02 16:15:00+02:00,-100.0,100.0,262886.23634285724,262911.241444898,0.451846668096668
2026-08-02 16:30:00+02:00,-100.0,100.0,262885.73124081636,262910.7363428572,0.451846668096668
2026-08-02 16:45:00+02:00,-100.0,100.0,262885.2261387756,262910.23124081636,0.451846668096668
2026-08-02 17:00:00+02:00,-100.0,100.0,262884.72103673476,262909.7261387756,0.451846668096668
2026-08-02 17:15:00+02:00,-100.0,100.0,262884.21593469393,262909.22103673476,0.451846668096668
2026-08-02 17:30:00+02:00,-100.0,100.0,262883.7108326531,262908.71593469393,0.451846668096668
2026-08-02 17:45:00+02:00,-100.0,100.0,262883.20573061233,262908.2108326531,0.451846668096668
2026-08-02 18:00:00+02:00,-100.0,100.0,262882.70062857145,262907.7057306123,0.451846668096668
2026-08-02 18:15:00+02:00,-100.0,100.0,262882.1955265307,262907.20062857145,0.451846668096668
2026-08-02 18:30:00+02:00,-100.0,100.0,262881.69042448985,262906.6955265306,0.451846668096668
2026-08-02 18:45:00+02:00,-100.0,100.0,262881.1853224491,262906.19042448985,0.451846668096668
2026-08-02 19:00:00+02:00,-100.0,100.0,262880.6802204082,262905.685322449,0.451846668096668
2026-08-02 19:15:00+02:00,-150.0,150.0,262880.1751183674,262905.1802204082,25.141234423198703
2026-08-02 19:30:00+02:00,-150.0,150.0,262891.9200163266,262916.9251183674,25.141234423198703
2026-08-02 19:45:00+02:00,-150.0,150.0,262903.66491428576,262928.6700163266,25.141234423198703
2026-08-02 20:00:00+02:00,-100.0,100.0,262915.40981224494,262940.41491428576,0.451846668096668
2026-08-02 20:15:00+02:00,-150.0,150.0,262937.30262857146,262939.90981224494,20.31620040959327
2026-08-02 20:30:00+02:00,-150.0,150.0,262949.0475265307,262974.0526285715,20.31620040959327
2026-08-02 20:45:00+02:00,-150.0,150.0,262985.7975265307,262985.7975265307,20.31620040959327
2026-08-02 21:00:00+02:00,-100.0,100.0,262997.5424244899,263022.5475265307,0.451846668096668
2026-08-02 21:15:00+02:00,-100.0,100.0,263022.04242448986,263022.04242448986,0.451846668096668
2026-08-02 21:30:00+02:00,-100.0,100.0,263021.53732244903,263046.54242448986,0.451846668096668
2026-08-02 21:45:00+02:00,-100.0,100.0,263046.03732244903,263046.03732244903,0.451846668096668
2026-08-02 22:00:00+02:00,-100.0,100.0,263045.5322204082,263070.53732244903,0.451846668096668
2026-08-02 22:15:00+02:00,-100.0,100.0,263070.0322204082,263070.0322204082,0.451846668096668
2026-08-02 22:30:00+02:00,-50.0,50.0,263069.5271183674,263094.5322204082,0.14686413454270597
2026-08-02 22:45:00+02:00,-50.0,50.0,263081.7771183674,263081.7771183674,0.14686413454270597
2026-08-02 23:00:00+02:00,-50.0,50.0,263069.02201632655,263094.0271183674,0.14686413454270597
2026-08-02 23:15:00+02:00,-50.0,50.0,263081.27201632655,263081.27201632655,0.14686413454270597
2026-08-02 23:30:00+02:00,-50.0,50.0,263068.5169142858,263093.52201632655,0.14686413454270597
2026-08-02 23:45:00+02:00,-50.0,50.0,263080.7669142858,263080.7669142858,0.14686413454270597
2026-08-03 00:00:00+02:00,-50.0,50.0,263068.01181224495,263093.0169142858,0.14686413454270597
2026-08-03 00:15:00+02:00,-50.0,50.0,263080.26181224495,263080.26181224495,0.14686413454270597
2026-08-03 00:30:00+02:00,-50.0,50.0,263067.5067102041,263092.51181224495,0.14686413454270597
2026-08-03 00:45:00+02:00,-50.0,50.0,263079.7567102041,263079.7567102041,0.14686413454270597
2026-08-03 01:00:00+02:00,-50.0,50.0,263067.0016081633,263092.0067102041,0.14686413454270597
2026-08-03 01:15:00+02:00,-50.0,50.0,263079.2516081633,263079.2516081633,0.14686413454270597
2026-08-03 01:30:00+02:00,-50.0,50.0,263066.49650612246,263091.5016081633,0.14686413454270597
2026-08-03 01:45:00+02:00,-50.0,50.0,263078.74650612246,263078.74650612246,0.14686413454270597
2026-08-03 02:00:00+02:00,-50.0,50.0,263065.9914040817,263090.99650612246,0.14686413454270597
2026-08-03 02:15:00+02:00,-50.0,50.0,263078.2414040817,263078.2414040817,0.14686413454270597
2026-08-03 02:30:00+02:00,-50.0,50.0,263065.48630204087,263090.4914040817,0.14686413454270597
2026-08-03 02:45:00+02:00,-50.0,50.0,263077.73630204087,263077.73630204087,0.14686413454270597
2026-08-03 03:00:00+02:00,-50.0,50.0,263064.98120000004,263089.98630204087,0.14686413454270597
2026-08-03 03:15:00+02:00,-50.0,50.0,263077.23120000004,263077.23120000004,0.14686413454270597
2026-08-03 03:30:00+02:00,-100.0,100.0,263064.4760979592,263089.48120000004,89.39053760393047
2026-08-03 03:45:00+02:00,-100.0,100.0,263088.9760979592,263088.9760979592,89.39053760393047
2026-08-03 04:00:00+02:00,-50.0,50.0,263088.4709959184,263113.4760979592,0.14686413454270597
2026-08-03 04:15:00+02:00,-50.0,50.0,263100.7209959184,263100.7209959184,0.14686413454270597
2026-08-03 04:30:00+02:00,-50.0,50.0,263087.9658938776,263112.9709959184,0.14686413454270597
2026-08-03 04:45:00+02:00,-50.0,50.0,263100.2158938776,263100.2158938776,0.14686413454270597
2026-08-03 05:00:00+02:00,-50.0,50.0,263087.4607918368,263112.4658938776,0.14686413454270597
2026-08-03 05:15:00+02:00,-50.0,50.0,263099.7107918368,263099.7107918368,0.14686413454270597
2026-08-03 05:30:00+02:00,-50.0,50.0,263086.95568979596,263111.9607918368,0.14686413454270597
2026-08-03 05:45:00+02:00,-100.0,100.0,263099.20568979596,263099.20568979596,17.800741685563114
2026-08-03 06:00:00+02:00,-100.0,100.0,263098.7005877551,263123.70568979596,17.800741685563114
2026-08-03 06:15:00+02:00,-100.0,100.0,263123.2005877551,263123.2005877551,17.800741685563114
2026-08-03 06:30:00+02:00,-100.0,100.0,263122.6954857143,263147.7005877551,17.800741685563114
2026-08-03 06:45:00+02:00,-100.0,100.0,263147.1954857143,263147.1954857143,17.800741685563114
2026-08-03 07:00:00+02:00,-100.0,100.0,263146.69038367353,263171.6954857143,17.800741685563114
2026-08-03 07:15:00+02:00,-100.0,100.0,263171.19038367353,263171.19038367353,17.800741685563114
2026-08-03 07:30:00+02:00,-100.0,100.0,263170.6852816327,263195.69038367353,17.800741685563114
2026-08-03 07:45:00+02:00,-100.0,100.0,263195.1852816327,263195.1852816327,17.800741685563114
2026-08-03 08:00:00+02:00,-100.0,100.0,263194.6801795919,263219.6852816327,17.800741685563114
2026-08-03 08:15:00+02:00,-100.0,100.0,263219.1801795919,263219.1801795919,17.800741685563114
2026-08-03 08:30:00+02:00,-150.0,150.0,263218.67507755104,263243.6801795919,139.43829270597126
2026-08-03 08:45:00+02:00,-150.0,150.0,263255.42507755104,263255.42507755104,139.43829270597126
2026-08-03 09:00:00+02:00,-50.0,50.0,263267.16997551016,263292.175077551,0.14686413454270597
2026-08-03 09:15:00+02:00,-50.0,50.0,263279.41997551016,263279.41997551016,0.14686413454270597
2026-08-03 09:30:00+02:00,-50.0,50.0,263266.6648734694,263291.66997551016,0.14686413454270597
2026-08-03 09:45:00+02:00,-50.0,50.0,263278.9148734694,263278.9148734694,0.14686413454270597
2026-08-03 10:00:00+02:00,-50.0,50.0,263287.4076,263291.1648734694,0.14686413454270597
2026-08-03 10:15:00+02:00,-100.0,100.0,263299.6576,263299.6576,3.7477720895614475
2026-08-03 10:30:00+02:00,-100.0,100.0,263299.15249795915,263324.1576,3.7477720895614475
2026-08-03 10:45:00+02:00,-150.0,150.0,263323.65249795915,263323.65249795915,26.826221069153288
2026-08-03 11:00:00+02:00,-150.0,150.0,263335.3973959184,263360.40249795915,26.826221069153288
2026-08-03 11:15:00+02:00,-150.0,150.0,263372.1473959184,263372.1473959184,26.826221069153288
2026-08-03 11:30:00+02:00,-150.0,150.0,263383.89229387755,263408.8973959184,26.826221069153288
2026-08-03 11:45:00+02:00,-150.0,150.0,263420.64229387755,263420.64229387755,26.826221069153288
2026-08-03 12:00:00+02:00,-100.0,100.0,263432.3871918367,263457.39229387755,3.7477720895614475
2026-08-03 12:15:00+02:00,-100.0,100.0,263456.8871918367,263456.8871918367,3.7477720895614475
2026-08-03 12:30:00+02:00,-100.0,100.0,263456.3820897959,263481.3871918367,3.7477720895614475
2026-08-03 12:45:00+02:00,-100.0,100.0,263480.8820897959,263480.8820897959,3.7477720895614475
2026-08-03 13:00:00+02:00,-100.0,100.0,263480.37698775507,263505.3820897959,3.7477720895614475
2026-08-03 13:15:00+02:00,-50.0,50.0,263504.87698775507,263504.87698775507,3.6009079550187417
2026-08-03 13:30:00+02:00,-50.0,50.0,263492.1218857143,263517.12698775507,3.6009079550187417
2026-08-03 13:45:00+02:00,-50.0,50.0,263504.3718857143,263504.3718857143,3.6009079550187417
2026-08-03 14:00:00+02:00,-50.0,50.0,263491.61678367347,263516.6218857143,3.6009079550187417
2026-08-03 14:15:00+02:00,-50.0,50.0,263503.86678367347,263503.86678367347,3.6009079550187417
2026-08-03 14:30:00+02:00,-50.0,50.0,263491.11168163264,263516.11678367347,3.6009079550187417
2026-08-03 14:45:00+02:00,-50.0,50.0,263503.36168163264,263503.36168163264,3.6009079550187417
2026-08-03 15:00:00+02:00,-50.0,50.0,263490.6065795918,263515.61168163264,3.6009079550187417
2026-08-03 15:15:00+02:00,-50.0,50.0,263502.8565795918,263502.8565795918,3.6009079550187417
2026-08-03 15:30:00+02:00,-50.0,50.0,263490.101477551,263515.1065795918,3.6009079550187417
2026-08-03 15:45:00+02:00,-50.0,50.0,263502.351477551,263502.351477551,3.6009079550187417
2026-08-03 16:00:00+02:00,-50.0,50.0,263489.5963755102,263514.601477551,3.6009079550187417
2026-08-03 16:15:00+02:00,-50.0,50.0,263501.8463755102,263501.8463755102,3.6009079550187417
2026-08-03 16:30:00+02:00,-50.0,50.0,263489.0912734694,263514.0963755102,3.6009079550187417
2026-08-03 16:45:00+02:00,-50.0,50.0,263501.3412734694,263501.3412734694,3.6009079550187417
2026-08-03 17:00:00+02:00,-50.0,50.0,263488.58617142856,263513.5912734694,3.6009079550187417
2026-08-03 17:15:00+02:00,-50.0,50.0,263500.83617142856,263500.83617142856,3.6009079550187417
2026-08-03 17:30:00+02:00,-100.0,100.0,263488.0810693877,263513.08617142856,125.56920727474665
2026-08-03 17:45:00+02:00,-100.0,100.0,263512.5810693877,263512.5810693877,125.56920727474665
2026-08-03 18:00:00+02:00,-100.0,100.0,263512.07596734696,263537.0810693877,125.56920727474665
2026-08-03 18:15:00+02:00,-50.0,50.0,263536.57596734696,263536.57596734696,3.6009079550187417
2026-08-03 18:30:00+02:00,-50.0,50.0,263523.82086530613,263548.82596734696,3.6009079550187417
2026-08-03 18:45:00+02:00,-50.0,50.0,263536.07086530613,263536.07086530613,3.6009079550187417
2026-08-03 19:00:00+02:00,-50.0,50.0,263546.0732,263548.32086530613,3.6009079550187417
2026-08-03 19:15:00+02:00,-50.0,50.0,263558.3232,263558.3232,3.6009079550187417
2026-08-03 19:30:00+02:00,-50.0,50.0,263570.5732,263570.5732,3.6009079550187417
2026-08-03 19:45:00+02:00,-50.0,50.0,263582.8232,263582.8232,3.6009079550187417
2026-08-03 20:00:00+02:00,-50.0,50.0,263595.0732,263595.0732,3.6009079550187417
2026-08-03 20:15:00+02:00,-50.0,50.0,263607.3232,263607.3232,3.6009079550187417
2026-08-03 20:30:00+02:00,-50.0,50.0,263619.5732,263619.5732,3.6009079550187417
2026-08-03 20:45:00+02:00,-50.0,50.0,263631.8232,263631.8232,3.6009079550187417
2026-08-03 21:00:00+02:00,-50.0,50.0,263644.0732,263644.0732,3.6009079550187417
2026-08-03 21:15:00+02:00,-50.0,50.0,263656.3232,263656.3232,3.6009079550187417
2026-08-03 21:30:00+02:00,-50.0,50.0,263668.5732,263668.5732,3.6009079550187417
2026-08-03 21:45:00+02:00,-50.0,50.0,263680.8232,263680.8232,3.6009079550187417
2026-08-03 22:00:00+02:00,-50.0,50.0,263693.0732,263693.0732,3.6009079550187417
2026-08-03 22:15:00+02:00,-50.0,50.0,263705.3232,263705.3232,3.6009079550187417
2026-08-03 22:30:00+02:00,0.0,0.0,263717.5732,263717.5732,0.0
2026-08-03 22:45:00+02:00,0.0,0.0,263717.5732,263717.5732,0.0
2026-08-03 23:00:00+02:00,0.0,0.0,263717.5732,263717.5732,0.0
2026-08-03 23:15:00+02:00,0.0,0.0,263717.5732,263717.5732,0.0
2026-08-03 23:30:00+02:00,0.0,0.0,263717.5732,263717.5732,0.0
2026-08-03 23:45:00+02:00,0.0,0.0,263717.5732,263717.5732,0.0
2026-08-04 00:00:00+02:00,0.0,0.0,263717.5732,263717.5732,0.0
2026-08-04 00:15:00+02:00,0.0,0.0,263717.5732,263717.5732,0.0
2026-08-04 00:30:00+02:00,0.0,0.0,263717.5732,263717.5732,0.0
2026-08-04 00:45:00+02:00,0.0,0.0,263717.5732,263717.5732,0.0
2026-08-04 01:00:00+02:00,0.0,0.0,263717.5732,263717.5732,0.0
2026-08-04 01:15:00+02:00,0.0,0.0,263717.5732,263717.5732,0.0
2026-08-04 01:30:00+02:00,0.0,0.0,263717.5732,263717.5732,0.0
2026-08-04 01:45:00+02:00,0.0,0.0,263717.5732,263717.5732,0.0
2026-08-04 02:00:00+02:00,0.0,0.0,263717.5732,263717.5732,0.0
2026-08-04 02:15:00+02:00,0.0,0.0,263717.5732,263717.5732,0.0
2026-08-04 02:30:00+02:00,0.0,0.0,263717.5732,263717.5732,0.0
2026-08-04 02:45:00+02:00,0.0,0.0,263717.5732,263717.5732,0.0
2026-08-04 03:00:00+02:00,0.0,0.0,263717.5732,263717.5732,0.0
2026-08-04 03:15:00+02:00,0.0,0.0,263717.5732,263717.5732,0.0
2026-08-04 03:30:00+02:00,0.0,0.0,263717.5732,263717.5732,0.0
2026-08-04 03:45:00+02:00,-50.0,50.0,263717.5732,263717.5732,80.97496598639455
2026-08-04 04:00:00+02:00,-50.0,50.0,263729.8232,263729.8232,80.97496598639455
2026-08-04 04:15:00+02:00,-50.0,50.0,263742.0732,263742.0732,80.97496598639455
2026-08-04 04:30:00+02:00,0.0,0.0,263754.3232,263754.3232,0.0
2026-08-04 04:45:00+02:00,0.0,0.0,263754.3232,263754.3232,0.0
